2013-10-03,39.5,39.82,39.47,39.49,500
2013-10-04,37.0,37.0,34.3,35.33,7147
2013-10-07,33.99,36.26,33.06,35.2,11907
2013-10-08,35.02,35.54,31.13,31.13,8800
2013-10-09,30.9,30.9,28.08,29.75,28917
2013-10-10,29.52,30.61,28.58,28.8,9455
2013-10-11,27.8,27.8,25.79,26.07,11223
2013-10-14,27.06,27.31,25.8,26.29,12136
2013-10-15,25.86,28.0,25.75,28.0,14018
2013-10-16,27.19,27.8499,26.09,26.75,16439
2013-10-17,30.45,32.65,30.19,31.44,47896
2013-10-18,31.0001,32.128,29.77,30.08,16500
2013-10-21,31.0,33.74,31.0,33.36,46135
2013-10-22,36.47,40.21,36.42,39.79,73432
2013-10-23,38.94,39.23,36.5,36.5,48947
2013-10-24,39.24,41.74,38.41,40.82,44548
2013-10-25,39.59,42.19,38.908,41.6845,64960
2013-10-28,41.6,42.98,40.5,40.8036,25307
2013-10-29,39.83,40.5,35.56,35.7,47348
2013-10-30,37.86,38.92,32.22,36.12,58414
2013-10-31,32.35,33.76,30.52,30.91,61624
2013-11-01,29.92,30.27,27.51,28.02,53646
2013-11-04,28.54,29.69,27.7,29.6,37120
2013-11-05,29.42,29.42,27.5,28.26,19739
2013-11-06,29.52,29.75,29.01,29.28,10682
2013-11-07,27.62,28.03,25.85,26.23,70172
2013-11-08,24.95,26.86,23.08,26.55,69201
2013-11-11,25.86,26.558,24.45,26.44,33207
2013-11-12,25.6,26.61,23.8,24.4,71368
2013-11-13,24.8,25.68,24.688,25.14,41242
2013-11-14,26.73,27.9,26.11,27.39,58593
2013-11-15,28.0,28.0,26.2441,26.33,41859
2013-11-18,25.25,25.9,24.2201,24.979,35824
2013-11-19,24.84,25.209,24.09,24.25,31383
2013-11-20,22.99,24.0,20.3218,20.85,85513
2013-11-21,20.61,20.72,19.01,20.41,65450
2013-11-22,20.63,21.3263,19.152,19.2,60391
2013-11-25,18.38,19.44,17.3599,18.68,93400
2013-11-26,18.39,18.42,17.45,17.56,40086
2013-11-27,18.08,18.18,17.2,17.3375,76755
2013-11-29,18.14,19.64,18.0,19.45,42839
2013-12-02,17.54,17.74,15.01,15.35,121665
2013-12-03,14.81,15.3,13.59,13.59,222265
2013-12-04,14.29,15.5,13.4901,14.95,225611
2013-12-05,13.6,14.48,13.36,13.41,120282
2013-12-06,14.0,14.52,13.1,13.15,99106
2013-12-09,13.44,14.149,13.35,13.96,92741
2013-12-10,15.79,16.38,15.65,15.82,194666
2013-12-11,15.97,15.97,14.4,14.65,97123
2013-12-12,13.11,14.3999,12.97,14.3999,105724
2013-12-13,14.79,15.17,14.3301,14.91,100364
2013-12-16,15.08,16.1799,14.53,15.29,65118
2013-12-17,14.85,15.42,14.24,14.42,54104
2013-12-18,14.69,16.12,13.9,13.95,160184
2013-12-19,13.36,13.57,12.86,13.05,125744
2013-12-20,13.2501,13.55,13.009,13.43,84350
2013-12-23,13.3,13.55,12.8,12.88,67681
2013-12-24,13.06,14.29,12.928,14.12,67274
2013-12-26,14.84,15.1,14.01,14.2264,78892
2013-12-27,14.53,15.24,14.31,15.24,72451
2013-12-30,15.01,15.3,14.34,14.47,77513
2013-12-31,14.05,15.8212,13.91,15.6,125647
2014-01-02,17.26,18.32,17.18,18.25,206348
2014-01-03,18.77,19.1,17.98,18.23,141087
2014-01-06,18.5,19.43,18.1007,18.34,89494
2014-01-07,17.6,17.98,16.8,17.94,134069
2014-01-08,16.74,17.22,16.47,16.67,106615
2014-01-09,16.67,16.699,15.63,15.74,198206
2014-01-10,16.5,18.05,16.5,17.94,175263
2014-01-13,18.06,21.35,18.05,21.26,239965
2014-01-14,20.65,21.934,19.315,19.6,279559
2014-01-15,18.82,20.43,18.73,20.33,133008
2014-01-16,20.85,21.41,20.54,21.12,166305
2014-01-17,22.42,25.0,22.38,24.64,361297
2014-01-21,22.96,27.98,22.96,27.6,402086
2014-01-22,27.32,27.34,23.59,23.83,392188
2014-01-23,26.01,27.81,25.3,25.43,404606
2014-01-24,26.68,27.13,21.62,23.86,507522
2014-01-27,23.69,23.69,19.911,20.17,560962
2014-01-28,20.53,21.69,19.924,21.49,327117
2014-01-29,22.7,24.56,21.51,24.36,523167
2014-01-30,22.09,22.75,21.3242,21.91,358664
2014-01-31,23.18,23.18,20.57,21.6,262153
2014-02-03,22.17,24.11,21.51,21.65,431507
2014-02-04,21.4,24.09,21.4,23.8,322849
2014-02-05,25.0,25.25,22.71,22.73,338198
2014-02-06,23.64,24.349,22.79,23.48,233968
2014-02-07,24.21,27.32,23.8,27.17,463134
2014-02-10,29.83,31.368,29.1,30.74,549704
2014-02-11,32.16,35.37,31.6,34.7701,700752
2014-02-12,34.89,34.946,29.85,30.55,605133
2014-02-13,30.9,36.3325,30.424,36.06,655568
2014-02-14,39.2,41.383,38.07,39.91,915034
2014-02-18,40.0,40.58,37.11,38.28,584145
2014-02-19,37.01,38.92,30.382,30.8,720202
2014-02-20,31.62,37.24,31.33,35.89,616048
2014-02-21,36.54,37.3,33.68,36.07,621942
2014-02-24,37.96,39.1697,37.48,37.96,523694
2014-02-25,37.18,37.36,34.55,35.0,480632
2014-02-26,33.3,33.99,30.2152,31.52,814294
2014-02-27,32.0,34.39,30.45,31.43,642360
2014-02-28,31.83,32.639,30.6,31.77,454569
2014-03-03,36.69,37.02,33.11,33.46,731456
2014-03-04,30.96,33.76,30.88,33.26,444508
2014-03-05,33.68,35.9,32.8,35.14,493020
2014-03-06,36.65,37.42,35.88,37.17,592383
2014-03-07,33.84,34.9,33.4,34.51,588657
2014-03-10,34.01,34.0201,31.4,32.03,657456
2014-03-11,33.6,34.15,31.52,32.11,516973
2014-03-12,35.07,36.1,34.0101,35.89,807190
2014-03-13,36.0,40.68,35.59,39.8299,883419
2014-03-14,42.78,43.14,38.4522,39.26,983790
2014-03-17,38.99,39.8,34.1905,34.29,838481
2014-03-18,32.0,34.61,30.85,32.1,1003629
2014-03-19,31.0,31.5335,27.03,27.03,1504766
2014-03-20,25.8,29.49,25.54,27.65,1280674
2014-03-21,29.51,30.46,27.0,27.56,770441
2014-03-24,25.66,25.66,21.5,21.88,1705931
2014-03-25,22.82,23.87,22.51,23.26,859779
2014-03-26,23.78,24.03,19.6101,19.73,1553135
2014-03-27,19.65,21.75,19.21,21.36,1368948
2014-03-28,21.16,23.0,20.5,21.811,1217349
2014-03-31,21.59,22.26,19.75,19.88,1151136
2014-04-01,20.38,21.34,19.3001,19.5,982779
2014-04-02,21.34,22.78,21.12,22.48,1437994
2014-04-03,21.3,21.4299,20.33,20.85,1005487
2014-04-04,22.93,23.25,21.46,21.95,1290237
2014-04-07,21.18,22.88,20.35,20.46,1152396
2014-04-08,22.16,23.0,21.12,22.88,993652
2014-04-09,22.1,24.42,21.6,23.5,945147
2014-04-10,24.51,24.75,21.78,21.935,1228737
2014-04-11,21.96,22.7299,19.81,20.29,1187118
2014-04-14,21.28,22.0,20.5,21.05,947091
2014-04-15,18.15,18.869,17.6,18.55,1991180
2014-04-16,18.71,19.15,17.8101,18.39,676954
2014-04-17,18.2,18.63,16.8,16.9,1054622
2014-04-21,16.81,17.48,15.72,17.32,1557992
2014-04-22,17.35,18.7,16.53,18.7,1237596
2014-04-23,18.79,20.8,18.2,20.38,1684901
2014-04-24,19.0,21.18,18.579,18.71,1408143
2014-04-25,19.8,21.1699,19.2,21.12,1611777
2014-04-28,20.99,21.01,18.75,19.17,1969089
2014-04-29,19.05,20.75,19.0,20.36,1161475
2014-04-30,19.56,20.4,19.1001,19.45,1293721
2014-05-01,18.37,19.1695,17.7,18.15,1723369
2014-05-02,18.32,19.87,18.3,19.42,1846382
2014-05-05,20.78,20.8999,19.84,20.08,1300331
2014-05-06,20.23,20.34,19.62,19.71,722024
2014-05-07,19.31,19.47,17.24,17.55,2247241
2014-05-08,17.8,18.4,17.27,17.4,1152426
2014-05-09,17.87,17.91,16.33,17.12,1390687
2014-05-12,17.98,18.07,17.3199,17.61,766255
2014-05-13,17.83,18.33,17.1001,17.23,1244253
2014-05-14,18.2,18.46,17.7,18.13,1542549
2014-05-15,17.75,17.94,16.57,17.1,1503985
2014-05-16,16.9,17.27,16.511,17.02,1161670
2014-05-19,17.68,17.68,16.5,16.95,1066422
2014-05-20,16.54,17.15,16.35,16.68,926653
2014-05-21,16.41,17.15,16.11,17.12,1254592
2014-05-22,17.65,17.72,16.9501,17.28,988000
2014-05-23,17.11,17.28,16.63,16.84,676058
2014-05-27,15.8,15.9,14.15,14.35,3256799
2014-05-28,14.25,14.44,13.32,14.09,2886632
2014-05-29,14.0,15.08,14.0,14.41,2024514
2014-05-30,14.57,15.53,13.67,15.25,1807664
2014-06-02,14.9,15.7,14.23,14.47,1255901
2014-06-03,14.61,14.95,13.79,14.8,1422584
2014-06-04,14.93,15.08,14.5,14.59,1068504
2014-06-05,15.08,15.98,15.01,15.74,2002778
2014-06-06,16.0,16.5,15.25,16.468,1227030
2014-06-09,16.69,16.92,16.31,16.34,1243023
2014-06-10,16.98,18.58,16.76,18.58,1741615
2014-06-11,18.82,20.2,18.25,20.2,2361331
2014-06-12,20.54,23.83,20.49,23.74,3341810
2014-06-13,23.18,23.73,21.25,23.4,2809726
2014-06-16,23.84,23.9,21.93,22.16,1761963
2014-06-17,21.05,22.8,20.7,21.72,2234922
2014-06-18,21.96,24.91,21.6001,24.62,2730755
2014-06-19,26.81,30.63,26.63,30.0,4489298
2014-06-20,28.7,29.46,25.05,26.45,4920371
2014-06-23,26.75,28.49,26.0,27.38,2672564
2014-06-24,28.33,29.15,24.065,24.1,4020147
2014-06-25,24.1,26.24,24.06,25.51,3369139
2014-06-26,25.0,26.12,24.3785,25.75,1841547
2014-06-27,26.14,26.54,24.09,24.57,2526021
2014-06-30,24.0,27.8,23.33,27.65,3412773
2014-07-01,27.8,28.5,25.75,25.75,2373077
2014-07-02,26.13,28.1,26.05,26.09,2435068
2014-07-03,25.14,28.6,24.5,28.5,1940298
2014-07-07,26.78,28.25,26.31,27.09,1945483
2014-07-08,27.97,29.348,26.95,28.18,3183330
2014-07-09,29.03,33.25,29.0,32.81,3621091
2014-07-10,36.0,36.0,29.7,30.14,3551798
2014-07-11,30.39,33.7299,30.0,33.58,2757754
2014-07-14,29.01,30.86,28.25,28.89,4321392
2014-07-15,29.37,30.31,25.0,25.1,5472306
2014-07-16,25.86,27.3,24.76,25.17,2861319
2014-07-17,26.13,30.88,25.6,30.7699,5151763
2014-07-18,27.99,29.02,26.52,29.02,3543972
2014-07-21,29.63,30.2,27.818,29.58,2818153
2014-07-22,29.18,29.67,27.031,27.38,3155602
2014-07-23,27.35,28.63,25.25,26.18,3511791
2014-07-24,24.96,24.99,22.68,23.82,4004167
2014-07-25,24.04,27.1,23.7,26.74,3451182
2014-07-28,26.03,29.3,26.01,28.05,3212396
2014-07-29,28.94,28.94,26.1,26.35,2968880
2014-07-30,26.15,27.0,24.74,26.82,2934004
2014-07-31,24.96,25.93,24.25,24.42,3121552
2014-08-01,25.8,26.57,24.75,25.42,2765793
2014-08-04,25.13,25.3999,22.7101,22.9299,3162206
2014-08-05,22.85,23.9,21.15,23.7,4022934
2014-08-06,25.83,26.28,24.4,25.47,3262451
2014-08-07,25.4,26.53,24.3,25.66,2290555
2014-08-08,25.79,26.25,24.31,24.68,2204912
2014-08-11,24.6,26.2,24.3,25.76,1872139
2014-08-12,26.4,27.34,25.75,26.0399,2653616
2014-08-13,26.37,27.05,25.44,25.75,1880254
2014-08-14,26.33,26.65,24.85,25.04,1706414
2014-08-15,23.65,25.9278,23.5,25.36,2810406
2014-08-18,24.64,25.83,24.5,25.42,1232089
2014-08-19,25.84,25.86,24.51,24.59,1527096
2014-08-20,24.91,25.45,24.0571,24.11,1749737
2014-08-21,22.77,23.6,22.4,23.56,2854022
2014-08-22,23.49,24.0,22.92,23.03,1503588
2014-08-25,22.86,22.8699,21.85,21.86,1981422
2014-08-26,22.9,23.5,22.12,23.21,2089206
2014-08-27,23.49,23.71,22.86,23.0,998417
2014-08-28,24.0,24.59,23.59,24.12,1769374
2014-08-29,24.0,25.0,23.863,24.91,1414879
2014-09-02,22.9,23.45,21.865,21.8699,3030649
2014-09-03,21.9,22.39,21.67,21.81,1292336
2014-09-04,22.32,22.42,17.7,18.587,4201422
2014-09-05,18.74,20.2,17.7601,19.81,2870714
2014-09-08,19.1,19.1,16.6001,16.88,4278181
2014-09-09,16.83,18.74,16.11,18.34,4460329
2014-09-10,17.44,18.1801,16.6,17.13,3850128
2014-09-11,16.59,18.74,16.06,18.21,5093245
2014-09-12,17.24,17.94,16.83,16.91,3554788
2014-09-15,17.35,18.44,17.0501,18.23,3906584
2014-09-16,18.4,19.85,17.3899,19.06,4381264
2014-09-17,19.14,19.84,16.48,17.05,5154672
2014-09-18,16.75,17.46,16.51,17.0401,3586327
2014-09-19,16.97,16.97,15.0229,15.14,5544043
2014-09-22,14.89,14.8901,12.6,13.0027,9780586
2014-09-23,13.95,14.74,13.2,14.0,6726078
2014-09-24,13.64,14.39,13.03,13.44,5060511
2014-09-25,12.78,14.4,12.54,14.22,7428060
2014-09-26,13.81,14.07,13.02,13.19,4983855
2014-09-29,13.42,13.5199,12.96,13.0,3693270
2014-09-30,12.6,13.19,11.71,11.82,6726307
2014-10-01,12.14,12.78,11.97,11.97,5036699
2014-10-02,12.31,12.39,11.59,11.8,3724214
2014-10-03,11.0,11.2,9.35,9.4,10485693
2014-10-06,9.74,11.0,9.44,10.67,6986671
2014-10-07,10.75,11.03,9.21,9.35,8034249
2014-10-08,9.94,12.35,8.43,11.91,17369626
2014-10-09,11.81,11.87,9.2701,10.55,13748974
2014-10-10,10.19,11.27,9.5,9.99,8848389
2014-10-13,10.5,11.5542,10.4,10.65,7877201
2014-10-14,10.6,11.227,10.27,10.56,7575865
2014-10-15,10.76,11.51,10.082,10.66,8665443
2014-10-16,10.3,11.25,10.228,10.75,6086376
2014-10-17,10.78,10.79,9.81,9.96,5862279
2014-10-20,10.3,10.45,10.02,10.31,4462440
2014-10-21,10.72,10.85,10.12,10.29,5353375
2014-10-22,9.98,10.049,8.6601,8.67,8074275
2014-10-23,8.38,9.12,7.61,9.12,11966589
2014-10-24,9.05,9.1,8.38,8.48,5501917
2014-10-27,8.2,8.24,7.65,7.6799,6380683
2014-10-28,8.0,8.41,7.531,8.22,9073738
2014-10-29,7.82,8.38,6.46,6.629,14488499
2014-10-30,6.31,6.32,4.8701,4.95,18681176
2014-10-31,3.975,4.51,3.64,3.94,29421549
2014-11-03,4.04,4.78,3.86,4.55,18988988
2014-11-04,4.51,4.7,3.8,3.9,18256507
2014-11-05,3.33,3.73,2.8401,3.1,30533205
2014-11-06,3.2800000000000002,3.75,3.17,3.4,24180390
2014-11-07,3.62,4.44,3.59,4.34,32744673
2014-11-10,4.05,4.13,3.21,3.5,27008540
2014-11-11,3.71,4.4,3.65,4.05,28084859
2014-11-12,4.25,4.57,3.65,3.91,28404024
2014-11-13,4.27,4.3,3.55,3.63,29613150
2014-11-14,3.37,4.4,3.25,4.26,43976636
2014-11-17,4.19,4.96,4.0,4.94,29706422
2014-11-18,5.32,6.09,5.29,5.93,33443558
2014-11-19,5.85,5.95,4.6,4.65,46790717
2014-11-20,5.16,5.5,4.861,5.2,30548874
2014-11-21,5.84,5.93,5.18,5.4,37216221
2014-11-24,5.37,5.69,5.23,5.23,21574814
2014-11-25,5.33,5.69,5.26,5.69,21501715
2014-11-26,5.62,5.75,5.3,5.3,14144915
2014-11-28,4.43,4.45,3.34,3.4,30650922
2014-12-01,3.79,4.47,3.65,4.34,43496982
2014-12-02,3.8200000000000003,4.1,3.31,3.5,40562664
2014-12-03,3.74,4.05,3.65,3.7,28275432
2014-12-04,3.8,3.88,3.37,3.42,33747735
2014-12-05,3.09,3.3,2.98,3.05,31090009
2014-12-08,3.22,3.34,2.58,3.18,48621531
2014-12-09,3.55,3.8,3.47,3.5301,36309494
2014-12-10,3.52,3.76,3.18,3.23,31948255
2014-12-11,2.9,3.22,2.84,2.86,30744862
2014-12-12,2.8,2.8901,2.6,2.66,28714449
2014-12-15,2.47,2.62,1.99,2.02,33082830
2014-12-16,2.24,2.29,1.82,1.8599999999999999,35214236
2014-12-17,1.9,2.2800000000000002,1.8399999999999999,2.19,32638287
2014-12-18,2.36,2.7800000000000002,2.25,2.68,32092704
2014-12-19,2.65,2.7199999999999998,2.41,2.54,20549184
2014-12-22,2.43,2.508,1.92,2.02,25057648
2014-12-23,20.4,22.73,18.15,18.86,3376052
2014-12-24,18.55,21.7299,18.37,20.87,1898763
2014-12-26,23.42,23.65,22.0212,22.82,2806887
2014-12-29,22.63,22.7,20.92,21.5,3472884
2014-12-30,22.9,25.11,22.692,24.78,3522434
2014-12-31,23.92,25.49,22.5611,24.34,2295398
2015-01-02,22.6,27.5,22.26,27.24,3809890
2015-01-05,28.95,31.9205,27.2401,31.74,3084679
2015-01-06,32.52,38.14,32.05,36.99,5113190
2015-01-07,33.98,38.47,32.37,34.1,4161410
2015-01-08,34.49,36.5,29.93,31.28,3627217
2015-01-09,34.14,36.18,33.25,35.6,3424174
2015-01-12,36.98,42.47,36.4,41.25,3973204
2015-01-13,44.27,44.3,34.789,36.92,5995224
2015-01-14,39.34,39.76,31.4002,34.25,5283311
2015-01-15,38.66,40.64,37.94,38.83,3452729
2015-01-16,40.23,42.95,39.2935,40.43,3325436
2015-01-20,43.74,46.0,42.7701,45.55,2694188
2015-01-21,47.88,48.5,40.4,43.79,3155181
2015-01-22,45.46,45.75,40.78,41.32,2767457
2015-01-23,39.68,40.49,34.69,35.21,3684974
2015-01-26,33.13,37.75,31.97,37.74,3048656
2015-01-27,38.47,42.1,37.7,41.67,2917062
2015-01-28,39.36,40.65,33.39,34.54,3213293
2015-01-29,31.7,32.99,28.05,30.42,4384436
2015-01-30,31.5,34.54,30.0,34.1,3570392
2015-02-02,31.5,36.0,31.13,33.54,3488159
2015-02-03,32.77,34.03,30.15,30.931,4117257
2015-02-04,32.48,34.3,31.44,33.36,2371957
2015-02-05,32.64,36.152,32.2,35.27,2881840
2015-02-06,30.85,33.27,30.0,30.01,4204641
2015-02-09,31.3,32.5,31.1401,31.97,1954910
2015-02-10,31.06,31.25,29.83,30.11,2319849
2015-02-11,30.61,30.89,28.18,28.87,2592223
2015-02-12,29.94,30.7,29.2201,29.76,2169479
2015-02-13,31.01,32.0,30.84,30.8977,1943976
2015-02-17,28.8,29.465,27.85,28.18,2363770
2015-02-18,28.24,30.66,26.85,30.28,3169944
2015-02-19,30.16,30.91,28.071,28.37,2162887
2015-02-20,28.84,29.7067,26.932,27.09,2574201
2015-02-23,26.0,28.39,26.0,26.73,2430718
2015-02-24,26.07,27.45,25.41,26.89,2182952
2015-02-25,27.9,28.88,27.49,28.0,2672489
2015-02-26,29.82,29.9,28.06,28.57,1834531
2015-02-27,29.45,30.2,28.74,29.19,1752949
2015-03-02,29.7,30.05,27.33,27.95,1798485
2015-03-03,28.08,29.0,26.38,27.0,2301984
2015-03-04,26.8,27.21,24.88,25.0,2508760
2015-03-05,25.54,26.5,24.56,25.09,1800174
2015-03-06,22.21,22.7,19.35,19.5899,5825867
2015-03-09,20.0,20.04,16.45,16.5,6474696
2015-03-10,16.44,16.93,13.16,14.61,9357782
2015-03-11,14.43,16.79,13.25,16.67,10299843
2015-03-12,17.3,17.6,15.57,15.81,7021352
2015-03-13,16.49,16.76,14.85,16.76,6202033
2015-03-16,16.55,16.968,15.5,15.99,4170000
2015-03-17,14.96,16.64,14.72,14.96,5004542
2015-03-18,15.01,18.3,14.53,18.22,6803571
2015-03-19,17.34,18.88,16.92,18.3,4006249
2015-03-20,18.95,20.99,18.7772,20.45,4365967
2015-03-23,21.12,22.22,20.75,22.21,3838933
2015-03-24,22.44,22.5,21.39,22.4,2789932
2015-03-25,22.85,23.31,21.366,21.48,2965989
2015-03-26,22.54,22.99,19.52,20.0,4422061
2015-03-27,19.7,20.09,18.41,19.02,3849122
2015-03-30,17.77,18.14,16.85,17.1,3663443
2015-03-31,17.49,17.88,16.24,16.96,3222769
2015-04-01,17.55,19.98,17.41,19.87,5583322
2015-04-02,19.54,20.07,18.18,19.04,3775926
2015-04-06,21.5,22.07,20.96,21.81,3862416
2015-04-07,21.25,21.563,20.0,20.2,3045653
2015-04-08,20.35,20.76,18.856,19.33,3568572
2015-04-09,18.96,18.96,18.19,18.65,2778816
2015-04-10,19.82,20.54,19.8,20.39,4129903
2015-04-13,20.17,20.5,18.89,19.2,3039849
2015-04-14,19.25,20.18,18.95,19.28,3032893
2015-04-15,19.8,22.0,19.5546,21.83,3534455
2015-04-16,22.05,22.65,20.3223,21.28,3159938
2015-04-17,21.26,21.93,20.68,20.888,2133098
2015-04-20,20.17,21.2999,19.8,21.25,2291098
2015-04-21,21.08,22.35,20.81,21.8601,2479189
2015-04-22,21.5,21.91,19.8,19.83,3329273
2015-04-23,20.07,21.63,19.8294,21.24,3521966
2015-04-24,20.71,21.46,19.6,19.69,3502369
2015-04-27,20.21,22.1,20.06,21.43,3886212
2015-04-28,21.81,23.877,21.73,23.85,3773614
2015-04-29,23.91,25.23,22.85,23.53,3983588
2015-04-30,21.87,21.87,20.7,21.5,3562227
2015-05-01,20.64,21.57,20.25,21.55,2027836
2015-05-04,22.8,23.4,22.28,23.16,2740147
2015-05-05,23.74,24.16,21.75,22.4,3089786
2015-05-06,22.79,22.88,20.88,21.34,3958058
2015-05-07,20.69,21.5,19.8601,21.5,3184544
2015-05-08,21.96,22.48,20.9401,22.07,3542625
2015-05-11,22.4,22.9853,21.35,22.44,2622280
2015-05-12,22.82,23.77,22.6801,23.6,2530804
2015-05-13,24.9,26.09,24.48,25.58,3389537
2015-05-14,26.36,27.6,25.23,25.39,3609295
2015-05-15,25.23,26.7299,24.59,25.86,2762544
2015-05-18,26.64,26.85,25.5,25.82,2114183
2015-05-19,24.68,25.07,23.35,23.51,3879725
2015-05-20,23.89,24.9799,23.74,24.52,2420845
2015-05-21,24.11,24.68,23.69,23.78,1613609
2015-05-22,23.87,24.54,23.5,23.9,1634654
2015-05-26,22.31,22.69,21.69,21.84,2289652
2015-05-27,21.85,22.48,21.401,22.36,1662708
2015-05-28,21.81,23.0899,21.27,22.99,2000086
2015-05-29,22.87,23.56,22.48,22.83,1529674
2015-06-01,23.65,24.07,22.35,22.52,2013323
2015-06-02,23.04,24.0,22.8001,23.72,1691076
2015-06-03,23.28,23.95,22.52,22.98,2194606
2015-06-04,22.09,22.335,21.5,21.62,2078957
2015-06-05,20.72,21.4,20.3502,20.89,2221699
2015-06-08,21.3,22.1,20.84,21.92,1414877
2015-06-09,22.5,22.6,21.1084,21.35,1554615
2015-06-10,22.3,22.58,21.8378,22.2,1398297
2015-06-11,21.7,21.79,20.88,21.15,1607961
2015-06-12,20.76,21.23,20.17,20.48,1547109
2015-06-15,20.48,21.45,20.05,20.5,1696969
2015-06-16,20.12,20.6896,19.83,20.22,957460
2015-06-17,20.12,22.24,19.99,22.09,2448402
2015-06-18,23.19,23.39,22.66,23.13,2406470
2015-06-19,22.8,22.95,21.61,22.29,1386383
2015-06-22,21.25,21.9321,20.95,21.09,1609915
2015-06-23,20.65,21.5299,20.61,20.89,1509723
2015-06-24,20.57,21.1799,20.45,20.84,1568524
2015-06-25,20.88,21.1399,20.45,20.55,1217615
2015-06-26,20.46,20.66,20.15,20.42,1183167
2015-06-29,20.72,20.78,19.32,19.56,2566061
2015-06-30,18.96,19.7099,18.5,18.67,2549851
2015-07-01,18.6,18.63,16.4,16.71,2773973
2015-07-02,16.63,17.88,16.63,17.78,1952733
2015-07-06,17.08,18.172,16.76,17.59,2462736
2015-07-07,16.39,16.46,14.62,14.95,3439247
2015-07-08,15.3,15.32,13.86,13.91,2537734
2015-07-09,15.06,15.32,14.2335,14.34,2349321
2015-07-10,14.6,14.7286,14.01,14.36,1527430
2015-07-13,13.93,15.54,13.46,15.42,2419246
2015-07-14,15.28,15.6799,14.76,14.91,2791819
2015-07-15,14.45,14.55,13.78,14.12,2946375
2015-07-16,13.85,14.271,13.61,13.93,2578542
2015-07-17,13.57,13.6699,11.8,12.16,4906544
2015-07-20,10.23,10.76,7.53,7.96,9034151
2015-07-21,8.29,9.2,8.2858,8.7,7848581
2015-07-22,8.02,8.87,7.76,8.46,4794110
2015-07-23,8.75,8.8633,7.5,7.59,7755835
2015-07-24,7.31,9.03,6.91,8.88,11223542
2015-07-27,8.93,9.81,7.77,7.95,10281223
2015-07-28,8.26,8.617,8.14,8.5,4670132
2015-07-29,8.36,9.2,8.0201,9.02,7196899
2015-07-30,8.54,8.85,7.92,8.11,4886790
2015-07-31,8.68,8.85,8.3,8.57,4705918
2015-08-03,8.31,8.44,7.61,7.8,5716631
2015-08-04,7.95,8.27,7.71,8.02,4046576
2015-08-05,8.13,8.2903,7.34,7.46,5664386
2015-08-06,7.6,8.24,7.5,8.02,7742347
2015-08-07,7.99,8.75,7.75,7.88,6629175
2015-08-10,8.08,9.26,7.84,9.25,6429758
2015-08-11,9.5,10.18,8.9,10.13,6861119
2015-08-12,10.78,12.6,10.64,12.6,9093577
2015-08-13,11.21,11.81,9.93,10.35,8156993
2015-08-14,10.79,11.0,9.66,10.28,6886162
2015-08-17,10.74,11.24,10.53,11.04,5516627
2015-08-18,10.25,10.68,9.78,10.22,6983713
2015-08-19,10.6,11.39,10.55,11.28,7878093
2015-08-20,12.41,13.01,12.11,12.46,8347892
2015-08-21,13.0,13.03,10.6,11.06,7610784
2015-08-24,10.5,11.65,8.1122,8.45,7869545
2015-08-25,9.19,9.19,7.5666,7.77,9017902
2015-08-26,7.44,7.5,6.48,6.55,10393868
2015-08-27,6.74,7.97,6.55,7.82,10746416
2015-08-28,7.89,9.2363,7.89,8.99,10996666
2015-08-31,8.47,8.92,7.82,8.81,6553472
2015-09-01,9.2,9.38,8.0,8.0,8242838
2015-09-02,8.24,8.57,7.5,7.87,9137357
2015-09-03,7.42,8.47,7.38,7.45,8876418
2015-09-04,7.26,7.74,7.01,7.67,8376661
2015-09-08,7.92,8.17,7.541,8.03,7222409
2015-09-09,7.52,7.84,6.97,7.16,8210366
2015-09-10,7.47,7.48,7.0,7.08,4985355
2015-09-11,6.86,7.49,6.44,7.35,10765859
2015-09-14,7.17,7.75,7.009,7.52,7227417
2015-09-15,7.47,7.773,7.3,7.47,4118195
2015-09-16,7.9,8.79,7.88,8.75,9729751
2015-09-17,8.52,9.78,8.28,9.68,10623320
2015-09-18,10.12,10.4,9.1379,9.58,7847721
2015-09-21,9.16,9.36,8.57,8.67,5429013
2015-09-22,8.1,8.28,7.6,7.75,7782767
2015-09-23,8.14,8.21,7.53,7.61,5354149
2015-09-24,8.1,9.08,8.0,8.78,8415072
2015-09-25,8.32,8.66,8.0,8.19,5555779
2015-09-28,7.55,7.86,7.02,7.15,6934726
2015-09-29,7.3,7.66,7.01,7.19,4632006
2015-09-30,6.91,7.549,6.88,7.52,5513687
2015-10-01,37.73,39.78,34.401,35.28,1169458
2015-10-02,38.73,42.4,38.68,42.18,1618188
2015-10-05,42.92,45.3632,42.4117,44.41,1428820
2015-10-06,47.46,49.68,45.94,47.95,1352375
2015-10-07,48.83,49.07,45.09,48.02,855604
2015-10-08,45.34,51.3083,44.61,45.22,833036
2015-10-09,49.65,52.6,48.22,51.93,774025
2015-10-12,55.75,55.92,48.2,50.32,563718
2015-10-13,49.37,52.83,47.95,49.22,544699
2015-10-14,52.35,60.95,52.06,60.07,1035708
2015-10-15,56.79,62.89,55.3701,60.9,824232
2015-10-16,60.28,61.63,54.5541,54.84,622713
2015-10-19,53.6,54.33,45.5,47.39,956541
2015-10-20,48.83,54.83,48.5786,52.79,994385
2015-10-21,51.6,51.79,47.2301,48.83,636423
2015-10-22,47.89,52.185,47.75,49.72,464522
2015-10-23,51.45,55.25,48.33,54.1,754236
2015-10-26,54.26,54.26,49.5,50.07,423668
2015-10-27,48.12,50.77,46.77,49.28,502122
2015-10-28,52.28,55.5299,45.0,47.21,1033308
2015-10-29,45.07,46.0365,39.8,40.6,1130076
2015-10-30,40.11,42.5,39.41,39.83,917874
2015-11-02,39.01,41.19,37.071,39.93,833538
2015-11-03,38.17,40.42,37.0,39.62,1010670
2015-11-04,40.68,42.0,37.23,37.8,1315674
2015-11-05,37.92,37.92,34.6355,35.5,1126232
2015-11-06,32.24,32.4495,30.58,31.19,1484977
2015-11-09,30.88,33.49,30.3,33.38,1161161
2015-11-10,32.0,33.07,30.75,31.51,1212669
2015-11-11,31.51,33.37,31.09,32.71,1207123
2015-11-12,31.12,33.642,30.5,32.01,1232053
2015-11-13,31.43,33.71,31.01,32.78,1045213
2015-11-16,33.2,34.41,33.01,33.45,942091
2015-11-17,32.6,32.94,28.5,29.38,1933384
2015-11-18,29.55,31.23,27.58,30.93,1576442
2015-11-19,32.15,34.3,31.39,33.57,1532082
2015-11-20,33.81,33.946,29.02,30.18,1353793
2015-11-23,29.49,30.25,29.0,29.48,611663
2015-11-24,30.71,32.77,30.3,31.56,1188233
2015-11-25,30.73,32.58,30.08,31.73,546211
2015-11-27,29.13,30.5,28.75,29.82,720870
2015-11-30,29.5,31.07,29.45,30.65,929377
2015-12-01,31.32,33.13,30.6286,32.73,814533
2015-12-02,30.54,31.51,29.5,30.59,1014828
2015-12-03,31.43,32.95,30.27,32.65,1082577
2015-12-04,33.7,36.95,33.7,36.5,1255658
2015-12-07,35.3,35.4,30.47,32.57,1233815
2015-12-08,33.2,33.7876,30.99,32.0,606102
2015-12-09,33.75,34.75,32.32,33.28,1045533
2015-12-10,32.55,33.8196,31.78,32.81,567698
2015-12-11,31.4,34.19,31.4,33.52,645581
2015-12-14,33.13,33.3783,29.52,29.96,903047
2015-12-15,30.63,31.15,29.53,30.33,422913
2015-12-16,32.12,34.6,31.2711,34.47,1029971
2015-12-17,31.03,31.1999,28.75,29.06,1089020
2015-12-18,30.64,31.82,30.1548,31.19,881307
2015-12-21,32.68,32.98,31.68,32.39,547855
2015-12-22,31.77,33.1,31.18,32.06,366910
2015-12-23,31.6,33.65,31.56,33.17,390854
2015-12-24,33.95,35.97,33.9001,35.79,434011
2015-12-28,34.18,34.18,31.5,32.26,625635
2015-12-29,33.53,34.07,32.5,33.38,446933
2015-12-30,31.4,31.75,30.52,30.94,619734
2015-12-31,30.92,31.77,30.43,31.05,656551
2016-01-04,33.5,35.13,32.53,33.92,963820
2016-01-05,34.25,34.81,33.41,34.24,358950
2016-01-06,35.5,36.1985,34.89,35.93,681401
2016-01-07,37.95,39.88,36.38,38.4,1024821
2016-01-08,35.8,36.37,33.03,35.21,914032
2016-01-11,35.3,35.63,30.54,31.3,878761
2016-01-12,30.2,30.2,26.9356,28.8,1513207
2016-01-13,28.15,30.36,27.39,28.46,995378
2016-01-14,27.61,28.146,25.0,25.47,1087567
2016-01-15,27.8,27.889,24.6803,24.96,1262874
2016-01-19,25.29,25.54,21.2,21.4,1281521
2016-01-20,22.3,22.74,20.52,22.63,773787
2016-01-21,21.76,23.24,20.75,22.81,836181
2016-01-22,22.0,24.563,21.9601,23.55,730208
2016-01-25,24.75,25.2,23.82,24.67,628518
2016-01-26,25.19,28.18,25.19,28.0,1091873
2016-01-27,27.67,29.88,27.001,29.54,968936
2016-01-28,28.3,29.44,27.64,27.71,496550
2016-01-29,27.62,29.47,26.82,29.35,510035
2016-02-01,29.9,32.07,29.82,31.91,737671
2016-02-02,31.0,32.0,28.46,29.76,495421
2016-02-03,30.47,34.77,30.3729,34.02,916220
2016-02-04,37.18,39.7,36.8524,37.34,920129
2016-02-05,35.66,42.861,34.4789,42.833,1028130
2016-02-08,46.86,51.0,46.43,48.3,1209469
2016-02-09,50.67,50.96,41.818,42.14,771285
2016-02-10,42.36,44.0,38.46,43.87,942261
2016-02-11,53.0,57.07,50.155,55.35,1229796
2016-02-12,51.29,61.5399,50.37,61.46,711868
2016-02-16,53.0,56.815,45.642,45.81,783766
2016-02-17,48.65,52.8,48.11,51.56,641847
2016-02-18,49.36,63.4,49.23,63.06,1113483
2016-02-19,60.4,61.5,56.18,57.33,610086
2016-02-22,51.16,57.12,50.5,54.76,430261
2016-02-23,58.19,59.75,54.9,56.73,481464
2016-02-24,62.84,67.0,57.5701,60.48,1022530
2016-02-25,59.44,64.71,59.16,64.5,380222
2016-02-26,60.46,63.6625,56.8501,58.18,450882
2016-02-29,60.48,65.5,59.98,65.2,521974
2016-03-01,66.95,67.38,57.9,58.38,544926
2016-03-02,58.84,63.5576,58.38,63.06,455411
2016-03-03,63.3,76.39,63.3,75.08,847680
2016-03-04,76.11,88.0999,72.6,73.55,1177502
2016-03-07,76.58,85.8094,76.3124,83.19,743178
2016-03-08,86.75,87.2299,71.081,71.4,671684
2016-03-09,66.0,72.85,62.195,70.4,813687
2016-03-10,73.94,79.81,73.7338,78.85,663429
2016-03-11,76.86,80.669,70.7416,71.61,663580
2016-03-14,72.41,73.67,63.7501,64.21,545965
2016-03-15,63.21,66.8199,58.48,66.02,637276
2016-03-16,63.15,83.4474,61.03,81.71,908867
2016-03-17,86.79,89.75,75.0,75.52,895084
2016-03-18,76.14,83.29,76.14,79.91,609816
2016-03-21,79.25,85.58,77.4716,80.84,400250
2016-03-22,85.5,86.89,78.9,82.6,441126
2016-03-23,73.24,76.39,65.83,66.18,856904
2016-03-24,67.96,69.81,64.57,67.26,435016
2016-03-28,69.39,69.95,62.6006,66.64,388205
2016-03-29,68.89,79.93,66.32,79.27,948559
2016-03-30,77.25,80.74,71.8,75.29,508007
2016-03-31,79.76,80.11,72.0917,73.59,437242
2016-04-01,67.17,77.5,66.0,76.68,658030
2016-04-04,75.67,75.71,70.05,70.73,424317
2016-04-05,76.1,76.88,70.4,76.44,696939
2016-04-06,73.27,78.61,73.0062,77.39,489158
2016-04-07,81.33,84.86,81.0,83.54,588961
2016-04-08,83.57,94.22,83.0017,93.27,695768
2016-04-11,100.18,114.3,99.09,112.68,917939
2016-04-12,115.0,119.32,105.74,117.05,758637
2016-04-13,112.67,118.7,107.7199,109.23,450677
2016-04-14,108.08,110.36,93.5,99.06,771690
2016-04-15,102.42,113.1599,97.643,111.54,589945
2016-04-18,116.79,116.79,108.51,113.0,507269
2016-04-19,127.94,140.0,126.2828,137.92,781567
2016-04-20,138.0,147.94,121.0,122.84,902897
2016-04-21,139.04,140.69,126.39,132.84,807905
2016-04-22,127.5,137.5752,115.6816,121.46,819495
2016-04-25,123.47,128.47,115.2,118.1,768926
2016-04-26,121.84,132.0,116.31,131.26,605703
2016-04-27,134.16,138.9715,123.16,134.3,712007
2016-04-28,140.68,154.5,136.25,152.1,913171
2016-04-29,161.93,179.06,161.0,178.91,1073610
2016-05-02,185.04,185.04,165.0,170.86,848486
2016-05-03,173.99,175.05,152.55,155.67,674073
2016-05-04,148.57,157.62,125.5073,128.19,1038299
2016-05-05,135.06,144.0,132.0,140.18,739984
2016-05-06,150.6,167.45,147.974,162.74,1037736
2016-05-09,142.0,142.93,126.16,126.16,813482
2016-05-10,129.41,141.91,121.5501,139.98,964073
2016-05-11,152.4,159.44,135.8401,154.49,1223906
2016-05-12,155.01,163.9,145.0,148.75,867606
2016-05-13,148.11,158.57,144.63,151.9,553751
2016-05-16,165.0,171.9378,157.9401,162.53,959116
2016-05-17,163.59,183.6,160.13,177.42,984106
2016-05-18,164.83,174.73,134.22,134.68,1155373
2016-05-19,123.08,144.99,117.0201,139.12,1244829
2016-05-20,146.01,146.76,126.85,143.93,1014113
2016-05-23,132.9,144.86,130.02,136.33,734196
2016-05-24,126.9,129.5,105.2801,106.46,1320318
2016-05-25,104.25,120.0,98.36,118.01,1661186
2016-05-26,125.76,127.19,112.11,115.48,1092009
2016-05-27,112.64,113.98,97.17,99.12,1408392
2016-05-31,98.17,112.898,96.06,107.85,1383129
2016-06-01,109.22,114.0,99.79,106.33,1314698
2016-06-02,105.55,111.36,102.81,106.71,827812
2016-06-03,128.5,146.17,128.12,146.17,1972390
2016-06-06,145.59,154.289,136.51,153.65,1081337
2016-06-07,146.44,155.37,144.69,147.4,935790
2016-06-08,167.0,175.0,162.56,167.39,1372513
2016-06-09,166.6,179.33,162.75,177.38,1049790
2016-06-10,181.4,187.42,165.0,167.91,1425005
2016-06-13,182.0,182.64,160.5,170.15,900169
2016-06-14,169.67,171.09,152.0,159.98,897871
2016-06-15,158.94,185.4,156.4001,180.97,1127349
2016-06-16,197.31,197.6,158.2744,164.07,1226321
2016-06-17,172.81,175.75,160.0,171.35,919486
2016-06-20,156.5,179.8299,154.1,176.14,1019234
2016-06-21,164.38,168.998,158.48,160.03,857199
2016-06-22,160.0,164.86,152.045,163.5,618612
2016-06-23,161.14,171.217,159.65,163.48,579386
2016-06-24,209.68,212.24,181.69,187.55,1373504
2016-06-27,188.4,197.99,175.0,188.46,816668
2016-06-28,172.0,183.77,172.0,177.59,770890
2016-06-29,186.89,199.68,185.4301,191.83,915529
2016-06-30,194.76,200.0,187.42,199.1,621501
2016-07-01,214.08,240.99,213.84,238.04,752251
2016-07-05,245.0,263.9,235.0,259.25,741902
2016-07-06,272.87,295.66,270.1,293.87,1012501
2016-07-07,279.42,280.0,257.0,263.62,651180
2016-07-08,265.48,301.7,258.3759,300.91,819802
2016-07-11,288.41,315.04,285.01,306.02,744105
2016-07-12,298.01,307.9,265.4619,268.03,867845
2016-07-13,283.88,312.7199,278.0,303.85,771091
2016-07-14,273.74,302.28,271.51,301.54,676127
2016-07-15,284.15,300.441,282.0,285.28,529477
2016-07-18,283.83,289.609,272.0,284.75,654740
2016-07-19,280.0,282.99,265.0,266.06,478940
2016-07-20,243.36,243.36,200.37,205.86,1063287
2016-07-21,212.4,239.25,208.6902,236.28,837652
2016-07-22,226.01,234.5176,221.0274,228.92,523306
2016-07-25,217.92,217.92,194.37,197.8,836044
2016-07-26,211.94,227.1799,206.0211,219.12,689021
2016-07-27,230.2,262.11,210.0,255.13,1290519
2016-07-28,263.89,267.7248,243.5711,259.92,854914
2016-07-29,280.0,299.53,272.06,291.66,1208372
2016-08-01,291.75,308.86,283.11,306.58,776299
2016-08-02,318.71,323.32,301.93,305.0,789506
2016-08-03,295.5,302.065,284.3346,298.34,636622
2016-08-04,306.61,319.29,304.02,310.53,659340
2016-08-05,280.93,287.5292,270.011,278.37,829824
2016-08-08,279.0,302.61,276.5201,292.53,671772
2016-08-09,294.68,309.0,291.0,300.73,587688
2016-08-10,326.56,329.88,305.0,315.97,739462
2016-08-11,314.9,332.88,306.0,306.21,723978
2016-08-12,329.61,329.61,300.35,307.07,726629
2016-08-15,310.28,317.39,301.1,306.1,461062
2016-08-16,311.32,317.0,305.0,309.93,547941
2016-08-17,302.01,311.999,279.1801,299.54,1039578
2016-08-18,310.1,317.17,301.0,316.81,642433
2016-08-19,297.0,302.729,285.68,287.37,769499
2016-08-22,273.5,277.0,263.0004,268.0,643294
2016-08-23,279.99,280.5,249.29,250.42,696091
2016-08-24,237.72,238.0999,189.4982,190.89,1549054
2016-08-25,19.3,22.17,18.27,20.99,13567882
2016-08-26,22.3,23.99,19.58,20.46,18337739
2016-08-29,19.47,21.33,19.25,20.6,6960060
2016-08-30,19.78,20.3768,16.55,17.28,13221000
2016-08-31,16.5,16.89,15.4,15.97,12517578
2016-09-01,15.57,18.4,15.2,18.17,17882869
2016-09-02,20.5,21.42,19.05,21.37,19332369
2016-09-06,23.09,25.64,22.35,25.64,15905214
2016-09-07,25.02,25.18,21.95,24.73,14958169
2016-09-08,24.11,24.88,22.52,23.33,12801721
2016-09-09,22.0,22.5,17.95,18.43,22112275
2016-09-12,17.18,21.47,16.95,20.9,25291663
2016-09-13,19.75,20.51,17.21,18.22,18663698
2016-09-14,19.05,20.239,18.23,18.43,18595528
2016-09-15,18.15,19.819,17.33,18.6,17293068
2016-09-16,17.7,19.0,17.0,17.35,15503267
2016-09-19,18.58,18.76,17.65,17.99,13163671
2016-09-20,17.8,18.47,17.4,18.06,10817658
2016-09-21,19.27,22.5,18.94,22.18,27108185
2016-09-22,23.18,23.72,20.58,21.09,19532150
2016-09-23,20.75,21.2,18.25,18.89,14315199
2016-09-26,19.44,19.99,18.0,18.2,10959435
2016-09-27,17.49,17.8199,16.2,16.99,14554339
2016-09-28,17.03,19.12,15.75,18.46,22773118
2016-09-29,17.74,18.55,17.22,18.0,14632413
2016-09-30,19.1,19.28,17.1,17.43,15208117
2016-10-03,17.18,17.67,15.74,16.52,16949280
2016-10-04,14.85,14.85,11.21,11.38,36196984
2016-10-05,11.85,12.07,10.02,11.35,31764885
2016-10-06,10.05,10.63,9.5,9.93,28982393
2016-10-07,11.14,11.48,9.6214,10.41,39819084
2016-10-10,10.82,11.09,10.45,10.83,15772902
2016-10-11,10.38,10.66,9.72,9.78,21725456
2016-10-12,9.85,10.76,9.77,10.47,20408235
2016-10-13,10.6,12.1069,10.35,11.21,27369318
2016-10-14,10.55,11.56,10.2,10.35,28837419
2016-10-17,10.58,11.03,10.2,10.79,17147861
2016-10-18,11.47,12.4,11.08,12.36,27881289
2016-10-19,13.18,13.83,12.6501,13.61,33142863
2016-10-20,13.67,13.82,12.56,13.42,23239709
2016-10-21,13.12,13.48,12.93,13.44,17266537
2016-10-24,13.92,13.97,11.89,12.42,26040470
2016-10-25,12.81,13.88,12.44,13.47,20103263
2016-10-26,13.48,13.71,12.12,12.47,23574104
2016-10-27,12.6,12.67,11.195,11.38,20798082
2016-10-28,11.34,12.295,10.83,11.32,32031212
2016-10-31,11.35,12.25,11.0501,12.16,22835891
2016-11-01,13.31,14.0,12.8128,13.43,30789160
2016-11-02,14.45,14.9149,12.37,12.72,37643040
2016-11-03,12.48,13.86,12.48,13.7,22682228
2016-11-04,13.74,13.74,12.35,12.99,20306504
2016-11-07,11.74,11.95,10.83,11.39,19828703
2016-11-08,11.65,12.3,10.4285,10.93,24298136
2016-11-09,13.19,13.23,10.68,11.64,37198718
2016-11-10,11.18,11.28,9.0,9.11,35054358
2016-11-11,9.15,9.15,6.52,6.9,66246820
2016-11-14,6.38,7.9,6.06,7.28,50139435
2016-11-15,7.41,8.64,7.13,8.4,34887186
2016-11-16,8.27,8.4,7.31,7.61,32216829
2016-11-17,7.7,8.24,6.5,6.96,41573022
2016-11-18,6.75,7.0,6.4,6.9,31425366
2016-11-21,7.36,7.65,7.04,7.31,32801248
2016-11-22,7.5,7.69,6.82,7.65,31632189
2016-11-23,6.69,6.78,6.19,6.43,39814120
2016-11-25,6.7,6.85,6.28,6.4,15710483
2016-11-28,6.65,7.29,6.42,7.18,34234171
2016-11-29,6.625,7.22,6.46,7.07,26742382
2016-11-30,6.88,6.94,6.5,6.69,26183776
2016-12-01,6.6,7.22,6.2,6.6,43290018
2016-12-02,6.87,7.39,6.87,7.31,34413428
2016-12-05,6.94,7.7,6.5601,7.4,36154402
2016-12-06,7.43,7.88,7.18,7.32,24307579
2016-12-07,7.75,7.969,7.4,7.63,30364972
2016-12-08,7.54,7.6799,7.28,7.65,22332507
2016-12-09,7.36,7.48,6.36,6.5,44101258
2016-12-12,6.73,7.01,6.44,6.51,25959135
2016-12-13,6.53,6.7,6.26,6.61,25481106
2016-12-14,6.88,7.035,5.35,5.39,54912588
2016-12-15,4.86,4.95,4.24,4.42,60987818
2016-12-16,4.65,4.78,4.05,4.22,54815488
2016-12-19,4.43,4.445,4.11,4.24,38139331
2016-12-20,3.92,4.32,3.77,4.28,44442896
2016-12-21,4.34,4.38,4.1,4.13,21342611
2016-12-22,4.13,4.44,4.05,4.14,29709589
2016-12-23,4.16,4.33,4.11,4.3,19830319
2016-12-27,4.49,4.79,4.41,4.78,27991022
2016-12-28,4.68,5.28,4.53,5.24,40642188
2016-12-29,5.42,6.72,5.31,6.68,69791352
2016-12-30,6.75,7.2,5.58,5.58,76344248
2017-01-03,5.7,6.66,5.68,6.62,57840961
2017-01-04,6.97,7.0,6.42,6.94,53928786
2017-01-05,7.59,8.98,7.53,8.74,77103948
2017-01-06,8.1,8.82,6.68,7.57,91534849
2017-01-09,8.18,8.79,7.69,7.92,75360626
2017-01-10,8.36,8.94,7.88,8.44,72971274
2017-01-11,8.01,8.85,7.54,8.48,73670263
2017-01-12,9.15,9.21,8.0,8.29,54110859
2017-01-13,7.91,8.44,7.58,8.37,54936159
2017-01-17,9.21,9.34,8.88,9.2,54566174
2017-01-18,9.04,9.3,8.05,8.35,51755733
2017-01-19,8.0,8.6,7.65,8.28,67410253
2017-01-20,8.3,9.09,8.01,8.56,67334120
2017-01-23,8.93,9.21,8.69,9.17,50609755
2017-01-24,9.06,9.64,8.55,8.9,61344916
2017-01-25,8.33,8.69,8.1416,8.68,51241252
2017-01-26,8.06,8.29,7.87,7.92,50215588
2017-01-27,8.0,8.41,7.95,8.37,45404175
2017-01-30,8.54,8.89,8.26,8.31,46255319
2017-01-31,8.86,9.0,8.66,8.93,43909612
2017-02-01,8.57,9.33,8.45,9.16,48802097
2017-02-02,9.91,10.03,9.53,9.77,35697542
2017-02-03,9.74,10.1,9.67,10.07,33189371
2017-02-06,10.64,12.4,10.4,12.34,55773139
2017-02-07,11.92,12.89,11.6,12.07,65256668
2017-02-08,12.7,13.03,11.84,12.35,59629139
2017-02-09,12.46,12.49,11.12,11.19,54550046
2017-02-10,10.8,12.1,10.65,11.94,54923808
2017-02-13,11.53,11.86,11.28,11.47,34940579
2017-02-14,12.0,12.1,10.97,11.86,51609894
2017-02-15,11.4,11.87,11.15,11.67,35242222
2017-02-16,11.96,12.38,11.8,12.16,42889731
2017-02-17,12.2,12.39,11.33,11.44,36226978
2017-02-21,10.87,11.5,10.21,11.02,41164063
2017-02-22,11.02,11.27,9.98,10.98,42427408
2017-02-23,11.63,11.73,11.1,11.12,36163709
2017-02-24,11.67,11.68,10.35,10.46,46068997
2017-02-27,10.39,10.9,7.4,7.47,84577830
2017-02-28,8.09,8.4,7.48,7.85,68463782
2017-03-01,7.15,8.31,7.07,8.29,71630615
2017-03-02,7.61,7.89,6.15,6.26,94020400
2017-03-03,6.24,7.0,5.73,6.72,121075850
2017-03-06,6.49,6.55,5.28,5.59,103051625
2017-03-07,5.32,6.1,5.2,5.72,82319499
2017-03-08,5.42,5.89,5.39,5.5600000000000005,63711524
2017-03-09,5.61,5.79,5.3,5.36,56467394
2017-03-10,5.5,6.27,5.36,6.16,78774572
2017-03-13,6.31,7.07,6.18,6.96,96974924
2017-03-14,6.9,7.03,5.61,5.72,95745354
2017-03-15,5.95,7.8,5.71,7.61,137259597
2017-03-16,8.08,8.09,7.12,7.41,83630813
2017-03-17,7.43,7.58,6.36,6.72,84782814
2017-03-20,6.84,7.27,6.61,7.08,52155512
2017-03-21,7.35,7.78,7.21,7.37,83039011
2017-03-22,7.63,7.64,7.04,7.11,56756115
2017-03-23,7.27,7.33,6.35,6.68,81722552
2017-03-24,6.64,6.94,6.46,6.61,48576456
2017-03-27,7.15,7.19,6.72,7.01,57537853
2017-03-28,6.95,7.02,6.02,6.4,73455615
2017-03-29,6.32,6.74,6.23,6.6,44224518
2017-03-30,6.3,6.52,6.2,6.29,43262792
2017-03-31,6.38,6.87,6.28,6.46,56471447
2017-04-03,6.5,6.9,6.47,6.8100000000000005,42624729
2017-04-04,7.0,7.05,6.75,7.02,39677893
2017-04-05,6.7,7.08,6.35,6.96,76431855
2017-04-06,6.83,6.96,6.63,6.84,35532858
2017-04-07,7.23,7.3,6.48,6.74,76422233
2017-04-10,6.67,6.92,6.5,6.87,43128240
2017-04-11,7.1,7.4,6.92,7.29,62192251
2017-04-12,7.25,7.6,7.05,7.59,51236676
2017-04-13,7.24,7.32,6.8,6.8,73123788
2017-04-17,6.82,6.94,6.29,6.57,52988378
2017-04-18,6.5,6.68,6.27,6.41,36217920
2017-04-19,6.25,6.34,5.61,5.9,74852225
2017-04-20,5.82,6.09,5.71,5.75,40040763
2017-04-21,5.72,5.83,5.57,5.61,35106659
2017-04-24,5.29,5.42,5.2,5.25,36849043
2017-04-25,5.0,5.0,4.26,4.55,76223353
2017-04-26,4.52,4.8100000000000005,4.14,4.58,69032773
2017-04-27,4.55,4.59,4.21,4.37,54584930
2017-04-28,4.36,4.79,4.34,4.5,54608791
2017-05-01,17.51,18.0,15.82,16.61,19866445
2017-05-02,16.3,17.23,16.11,16.43,11941029
2017-05-03,16.35,17.65,15.73,15.88,23032378
2017-05-04,15.01,15.29,13.72,14.13,28163587
2017-05-05,14.25,15.57,14.2,14.99,17675473
2017-05-08,15.25,15.27,14.23,15.11,18884772
2017-05-09,14.58,15.1,14.28,15.0,18283123
2017-05-10,15.54,16.42,15.54,15.95,18996611
2017-05-11,16.27,17.75,16.26,17.65,23563526
2017-05-12,18.58,19.2,18.08,18.48,25706424
2017-05-15,19.67,19.74,17.53,18.75,22504553
2017-05-16,18.93,19.48,18.65,19.2,17759091
2017-05-17,20.5,21.2,19.61,20.39,24525378
2017-05-18,19.97,19.97,18.14,18.38,20398496
2017-05-19,18.88,18.98,18.18,18.44,11826377
2017-05-22,18.86,19.61,18.76,19.18,11776914
2017-05-23,19.4,19.53,17.11,17.24,19903042
2017-05-24,16.83,17.97,15.68,17.67,26116063
2017-05-25,17.13,17.47,16.41,16.95,19332869
2017-05-26,17.94,17.95,17.24,17.28,14666407
2017-05-30,16.64,17.02,16.54,16.66,15851630
2017-05-31,16.67,17.02,15.86,16.44,21881269
2017-06-01,15.99,16.71,15.91,16.4,17578910
2017-06-02,16.94,17.33,16.6,17.06,17846832
2017-06-05,17.42,17.53,16.43,17.35,20338135
2017-06-06,18.17,20.55,18.13,20.4,31159474
2017-06-07,19.79,20.69,19.32,20.3,27977553
2017-06-08,19.7,19.83,18.43,19.23,24327113
2017-06-09,18.12,19.08,18.11,18.25,20502132
2017-06-12,17.9,19.79,17.85,19.24,21294394
2017-06-13,19.02,21.09,19.0,20.52,22308200
2017-06-14,21.69,21.8,16.76,17.72,36453538
2017-06-15,17.11,18.48,17.01,17.72,16277292
2017-06-16,17.81,18.35,17.36,18.02,16534145
2017-06-19,17.49,18.2,17.21,17.28,14746810
2017-06-20,17.34,17.36,16.72,17.15,13292492
2017-06-21,17.05,18.08,17.02,17.95,15827938
2017-06-22,18.55,19.25,18.38,18.98,16820837
2017-06-23,19.74,20.05,19.3,20.0,12197015
2017-06-26,18.85,19.97,18.82,19.35,11078787
2017-06-27,19.73,19.99,18.85,18.89,13554811
2017-06-28,19.22,19.73,18.66,19.69,11672145
2017-06-29,19.1,19.24,18.0,18.44,16233529
2017-06-30,18.22,18.89,18.21,18.62,8855231
2017-07-03,17.67,17.75,16.75,16.83,11808687
2017-07-05,16.84,17.39,16.28,17.18,14543804
2017-07-06,16.96,16.98,16.17,16.41,13738573
2017-07-07,16.0,16.02,14.82,15.32,17753640
2017-07-10,14.95,16.42,14.84,16.35,14206533
2017-07-11,16.16,16.65,15.45,16.55,15229312
2017-07-12,17.1,17.42,16.7,16.76,14074409
2017-07-13,16.75,16.96,15.91,16.08,12905242
2017-07-14,16.87,17.2,16.64,16.78,13539974
2017-07-17,17.22,17.7,17.2,17.37,9874701
2017-07-18,17.88,18.03,17.48,17.69,9700246
2017-07-19,17.55,17.91,17.12,17.56,8329980
2017-07-20,17.34,18.02,17.24,17.71,9273832
2017-07-21,18.16,18.23,17.74,18.02,8427304
2017-07-24,18.1,18.18,16.76,16.99,11696386
2017-07-25,16.95,17.47,16.63,16.71,8626859
2017-07-26,16.7,18.96,16.62,18.48,21283793
2017-07-27,18.51,18.66,17.33,17.65,16301495
2017-07-28,17.81,18.78,17.8,18.66,12316810
2017-07-31,18.49,19.1,18.28,18.63,8635331
2017-08-01,18.34,19.24,18.2,18.52,8929191
2017-08-02,18.27,18.77,17.86,17.96,9505789
2017-08-03,17.99,18.27,17.65,17.8,7741206
2017-08-04,17.3,17.39,16.24,16.59,15476592
2017-08-07,16.32,16.71,16.18,16.31,8002341
2017-08-08,16.56,16.69,15.71,16.42,13715601
2017-08-09,17.19,17.45,16.71,17.15,13302138
2017-08-10,17.83,18.07,17.59,17.97,12203110
2017-08-11,17.87,18.48,17.53,18.45,10285472
2017-08-14,17.81,18.15,17.45,17.59,8396045
2017-08-15,16.67,17.05,16.52,16.85,10170517
2017-08-16,16.76,18.24,16.65,17.97,12608353
2017-08-17,18.25,18.55,17.68,18.05,9228310
2017-08-18,18.67,18.95,17.71,18.02,12636477
2017-08-21,18.23,18.8,18.23,18.8,7829995
2017-08-22,18.51,18.82,18.19,18.22,6112268
2017-08-23,18.54,18.68,18.08,18.62,6393071
2017-08-24,18.4,19.03,18.29,18.75,6915932
2017-08-25,19.0,19.27,18.15,18.93,8768328
2017-08-28,19.3,21.12,19.3,21.08,15305446
2017-08-29,22.39,22.74,20.54,21.46,13292053
2017-08-30,21.35,21.4,20.31,20.55,8285762
2017-08-31,20.64,22.64,20.64,22.55,13442408
2017-09-01,23.12,23.19,21.82,22.93,13184393
2017-09-05,23.47,25.08,23.45,25.04,12957392
2017-09-06,24.61,25.39,23.31,23.98,12929143
2017-09-07,25.0,25.76,24.51,25.53,13703146
2017-09-08,25.5,25.56,23.61,24.17,14952711
2017-09-11,22.79,23.92,21.93,22.14,13199465
2017-09-12,22.07,23.19,21.8,22.89,10402926
2017-09-13,22.68,22.68,21.07,21.42,11858943
2017-09-14,21.25,22.17,20.96,21.99,10869733
2017-09-15,21.98,22.1,20.78,21.0,10956141
2017-09-18,20.01,20.32,19.17,19.48,13777711
2017-09-19,19.64,20.02,19.4,19.85,10351509
2017-09-20,20.05,20.82,18.06,18.82,19469269
2017-09-21,18.0,19.12,17.97,18.29,12108529
2017-09-22,18.84,19.35,18.6,19.07,10521911
2017-09-25,18.79,20.4,18.74,20.07,13250851
2017-09-26,19.3,19.79,18.42,18.78,14536838
2017-09-27,18.15,18.57,17.81,17.87,14159687
2017-09-28,18.08,18.77,17.87,18.32,11290646
2017-09-29,18.5,18.55,17.87,17.93,8393616
