2008-11-11,25.2,25.2,25.2,25.2,100
2008-11-12,23.84,23.84,23.84,23.84,100
2008-11-13,23.84,23.84,23.84,23.84,0
2008-11-14,23.01,23.1499,23.01,23.01,2000
2008-11-17,23.01,23.04,23.01,23.01,1300
2008-11-18,22.64,22.64,21.83,21.83,2800
2008-11-19,23.86,23.86,19.48,20.06,19400
2008-11-20,22.18,22.18,19.3,20.65,13900
2008-11-21,20.36,20.36,20.36,20.36,1400
2008-11-24,18.64,22.51,18.64,22.51,10700
2008-11-25,25.5,25.5,21.904,22.46,9100
2008-11-26,22.3,23.31,22.3,23.29,14100
2008-11-28,23.1001,23.1001,23.1001,23.1001,100
2008-12-01,22.55,22.55,22.0,22.0,2200
2008-12-02,23.5,23.5,21.84,22.5799,9000
2008-12-03,22.5,22.59,22.1399,22.45,10100
2008-12-04,22.99,24.77,22.0,22.02,373200
2008-12-05,21.77,23.97,21.6,22.83,330800
2008-12-08,23.6,23.93,22.99,23.64,33200
2008-12-09,24.0,24.05,22.25,23.8399,54500
2008-12-10,23.79,24.4,23.3501,24.05,29400
2008-12-11,25.75,25.75,23.2,23.2,6000
2008-12-12,22.92,23.5,22.92,23.226,10000
2008-12-15,23.1999,23.1999,23.1999,23.1999,100
2008-12-16,23.2,24.894,23.2,24.685,40600
2008-12-17,25.99,25.99,24.0,24.8,73700
2008-12-18,24.39,24.62,23.9,24.18,93900
2008-12-19,23.9526,25.1,23.76,23.96,202600
2008-12-22,25.93,25.93,23.25,23.26,9300
2008-12-23,23.53,23.54,23.42,23.42,3800
2008-12-24,25.37,25.37,23.34,23.57,5100
2008-12-26,23.4,24.065,23.4,23.55,10600
2008-12-29,24.99,24.99,23.3386,23.45,9000
2008-12-30,23.73,23.79,23.68,23.7,32500
2008-12-31,23.84,25.15,23.8,24.38,81100
2009-01-02,24.3,24.8,24.3,24.76,600
2009-01-05,24.79,25.315,24.0,24.865,13500
2009-01-06,24.1,24.98,24.1,24.84,7400
2009-01-07,24.6285,24.68,24.39,24.39,5400
2009-01-08,25.68,25.68,24.04,24.44,8700
2009-01-09,24.25,24.25,23.99,24.1,4300
2009-01-12,25.31,25.31,23.5,23.509900000000002,8400
2009-01-13,23.85,23.85,23.448,23.4499,1200
2009-01-14,23.65,23.65,22.5,22.95,5500
2009-01-15,22.5,22.99,21.37,22.25,15300
2009-01-16,22.86,22.86,22.35,22.85,2700
2009-01-20,23.18,23.18,22.074,22.074,5000
2009-01-21,22.0,22.0,21.658,21.86,16100
2009-01-22,21.93,22.65,20.86,22.6499,24400
2009-01-23,22.38,22.38,21.4417,21.87,7800
2009-01-26,22.3,22.57,21.83,22.57,7600
2009-01-27,22.07,22.55,20.12,22.41,61000
2009-01-28,22.96,23.12,22.0,23.0,36400
2009-01-29,22.73,22.77,22.68,22.77,2000
2009-01-30,22.3501,22.69,22.3,22.31,3600
2009-02-02,22.0,22.01,21.61,22.0,5100
2009-02-03,22.514,22.5199,22.514,22.5199,1300
2009-02-04,23.0,23.0,22.2,22.21,6600
2009-02-05,22.618,22.62,22.566,22.566,500
2009-02-06,22.9999,23.0,22.9999,23.0,500
2009-02-09,24.05,24.05,23.0,23.02,11500
2009-02-10,22.37,22.85,22.37,22.52,4600
2009-02-11,22.6,22.6,22.1114,22.32,9100
2009-02-12,22.0,22.54,22.0,22.24,500
2009-02-13,22.49,22.49,22.1101,22.34,299800
2009-02-17,21.65,21.74,21.36,21.5,58100
2009-02-18,21.57,21.57,21.4199,21.4201,7600
2009-02-19,21.6,21.6,20.99,21.27,21200
2009-02-20,20.9961,21.04,20.31,20.8401,5100
2009-02-23,20.65,20.65,20.64,20.64,400
2009-02-24,20.47,21.03,19.85,21.03,4700
2009-02-25,22.4261,22.4261,20.05,20.78,13900
2009-02-26,20.94,20.94,20.16,20.498,11000
2009-02-27,20.13,20.548000000000002,19.62,20.29,58800
2009-03-02,19.96,19.96,19.47,19.47,3700
2009-03-03,19.03,19.6,19.03,19.394,2400
2009-03-04,20.13,21.06,19.13,19.71,63400
2009-03-05,19.49,19.49,19.12,19.12,1800
2009-03-06,19.34,19.49,19.0,19.0,4200
2009-03-09,18.46,19.21,18.46,18.92,5200
2009-03-10,19.65,19.82,19.65,19.82,4700
2009-03-11,20.165,20.165,19.9,19.93,2700
2009-03-12,20.17,20.59,20.17,20.59,5500
2009-03-13,21.56,22.47,20.15,20.7,10200
2009-03-16,20.8994,21.0962,20.66,20.66,22600
2009-03-17,20.69,21.14,20.63,21.14,15600
2009-03-18,21.0294,21.72,20.63,21.69,33400
2009-03-19,21.81,21.94,21.4008,21.59,11500
2009-03-20,21.588,21.69,21.1,21.22,29800
2009-03-23,21.9,22.41,21.57,22.41,15100
2009-03-24,22.0868,22.4,21.9,21.95,21900
2009-03-25,22.3699,22.42,21.83,22.21,2900
2009-03-26,22.2832,22.54,22.2832,22.4561,2500
2009-03-27,22.25,22.27,22.0984,22.0999,6800
2009-03-30,21.5,21.5,21.3401,21.404,3600
2009-03-31,21.63,22.08,21.57,21.79,10200
2009-04-01,21.68,22.1,21.52,22.1,5800
2009-04-02,22.73,23.1159,22.708,22.82,34700
2009-04-03,22.748,22.9,22.65,22.89,14100
2009-04-06,22.8,22.8,22.48,22.74,4700
2009-04-07,22.3199,22.5,22.3199,22.3474,2800
2009-04-08,22.4261,22.51,22.3899,22.49,6100
2009-04-09,23.0694,23.25,23.01,23.25,5500
2009-04-13,23.03,23.41,22.9994,23.37,11300
2009-04-14,23.26,23.5799,23.0,23.0,21600
2009-04-15,23.19,24.46,22.1,23.26,53600
2009-04-16,23.26,23.658,23.17,23.57,4300
2009-04-17,23.38,23.5261,23.38,23.5261,2000
2009-04-20,24.0,24.0,22.7694,22.77,7500
2009-04-21,22.738,23.2,22.738,23.2,2400
2009-04-22,23.58,23.58,23.01,23.4102,1100
2009-04-23,23.18,23.18,23.025,23.18,3200
2009-04-24,23.486,23.8,23.486,23.63,4200
2009-04-27,23.45,23.7068,22.95,23.38,2900
2009-04-28,23.32,23.63,23.32,23.63,3200
2009-04-29,23.8,24.03,23.8,23.86,21200
2009-04-30,24.25,24.25,23.9174,23.9268,5200
2009-05-01,24.18,24.18,23.836100000000002,24.05,7000
2009-05-04,24.15,24.86,24.15,24.86,2000
2009-05-05,24.76,25.39,24.57,24.63,11700
2009-05-06,24.61,24.95,24.61,24.92,4500
2009-05-07,25.27,25.49,24.5399,24.64,14400
2009-05-08,24.961,25.26,24.961,25.255,6100
2009-05-11,25.29,25.29,24.8299,24.834,6500
2009-05-12,24.7464,24.88,24.52,24.81,1800
2009-05-13,24.7,24.7,24.08,24.11,10800
2009-05-14,24.07,24.421,24.0,24.35,2700
2009-05-15,24.3599,24.3599,24.0806,24.17,1000
2009-05-18,26.29,26.29,24.44,24.85,13500
2009-05-19,24.97,25.01,24.97,24.976,1600
2009-05-20,25.33,25.33,24.9,24.92,10800
2009-05-21,24.99,25.49,24.4,24.55,16100
2009-05-22,24.65,24.7,24.54,24.57,13000
2009-05-26,24.581,25.17,24.57,25.12,8600
2009-05-27,25.03,25.27,24.75,24.77,11600
2009-05-28,24.81,24.9,24.7299,24.7299,3100
2009-05-29,25.1,25.35,25.1,25.35,6300
2009-06-01,25.57,26.04,25.57,25.97,8000
2009-06-02,26.0299,26.59,25.94,26.02,5100
2009-06-03,25.65,25.72,25.5,25.68,7800
2009-06-04,25.85,26.1899,25.6791,25.96,12100
2009-06-05,26.1,26.1,25.6814,25.79,3300
2009-06-08,25.91,25.91,25.4199,25.65,9100
2009-06-09,25.79,25.878,25.79,25.85,1300
2009-06-10,25.7968,25.7968,25.56,25.79,4800
2009-06-11,25.91,26.17,25.91,26.01,7300
2009-06-12,25.78,25.97,25.71,25.97,7300
2009-06-15,26.03,26.03,25.25,25.27,4800
2009-06-16,25.5,25.5,25.08,25.09,4600
2009-06-17,25.06,25.17,24.85,25.02,6200
2009-06-18,25.17,25.21,25.09,25.15,6500
2009-06-19,25.57,25.99,25.28,25.32,21500
2009-06-22,25.0,25.0,24.64,24.64,11400
2009-06-23,24.64,24.72,24.5,24.68,14200
2009-06-24,25.02,25.08,24.769,24.82,8600
2009-06-25,24.68,25.08,24.68,25.08,8000
2009-06-26,25.15,25.15,24.66,25.13,9000
2009-06-29,25.35,25.41,25.19,25.3,14400
2009-06-30,25.32,25.33,25.0,25.14,6600
2009-07-01,25.33,25.5252,25.33,25.35,20000
2009-07-02,24.78,24.84,24.71,24.76,4300
2009-07-06,24.547,24.5599,24.4,24.5,2200
2009-07-07,24.4,24.5,24.22,24.22,8600
2009-07-08,24.23,24.23,24.01,24.03,7200
2009-07-09,24.46,24.46,24.3,24.3,5900
2009-07-10,24.22,24.25,24.05,24.25,9900
2009-07-13,24.2994,24.67,24.2994,24.66,3700
2009-07-14,24.65,24.78,24.586100000000002,24.78,4400
2009-07-15,25.1,25.7768,25.1,25.44,9200
2009-07-16,25.66,25.75,25.6097,25.66,2500
2009-07-17,25.5,25.63,25.5,25.62,4100
2009-07-20,25.78,26.46,25.0,25.99,31200
2009-07-21,26.23,26.23,25.843,26.05,5400
2009-07-22,26.24,26.24,25.9999,26.1,4100
2009-07-23,26.53,26.6683,26.11,26.6,16200
2009-07-24,26.51,26.71,26.402,26.71,16400
2009-07-27,26.74,26.74,26.533,26.64,7700
2009-07-28,26.79,26.79,26.4861,26.72,7800
2009-07-29,26.57,26.6061,26.404,26.59,7600
2009-07-30,27.0,27.3266,26.8439,26.9,10000
2009-07-31,26.8,27.59,26.8,27.04,13600
2009-08-03,27.5,34.74,26.874,27.32,130100
2009-08-04,27.3,27.52,27.28,27.51,8400
2009-08-05,27.47,27.47,27.2,27.44,11100
2009-08-06,27.42,27.5,27.13,27.244,9400
2009-08-07,27.61,27.71,27.3699,27.59,21400
2009-08-10,27.4401,28.04,27.395,27.47,39200
2009-08-11,27.3,27.3,27.17,27.23,6600
2009-08-12,27.33,27.61,27.33,27.55,3600
2009-08-13,27.86,27.86,27.444,27.72,11700
2009-08-14,27.88,27.88,27.3273,27.47,10500
2009-08-17,27.04,27.04,26.62,26.8945,6100
2009-08-18,27.16,27.16,27.0361,27.11,7200
2009-08-19,27.0,27.3,27.0,27.3,4100
2009-08-20,27.3956,27.56,27.38,27.56,3300
2009-08-21,27.9994,27.9994,27.79,27.98,6200
2009-08-24,28.01,28.15,27.9001,27.99,10500
2009-08-25,28.37,28.37,28.02,28.02,13700
2009-08-26,27.94,28.06,27.93,28.06,1600
2009-08-27,27.87,28.14,27.8194,28.09,17600
2009-08-28,28.54,28.54,28.09,28.15,14100
2009-08-31,28.0,28.0,27.82,27.91,7700
2009-09-01,27.8,27.984,26.0,27.33,43100
2009-09-02,27.3596,27.42,27.27,27.42,10500
2009-09-03,27.43,27.54,27.32,27.54,5500
2009-09-04,27.5995,27.84,27.5995,27.84,900
2009-09-08,28.44,28.44,28.1,28.17,6000
2009-09-09,28.37,28.4894,28.335,28.44,7100
2009-09-10,28.4118,28.4118,28.4118,28.4118,200
2009-09-11,28.54,28.85,28.54,28.6645,2300
2009-09-14,28.74,28.82,28.68,28.68,2900
2009-09-15,28.83,28.98,28.78,28.98,3300
2009-09-16,29.33,29.42,29.2161,29.42,11200
2009-09-17,29.495,29.51,29.348,29.364,8600
2009-09-18,29.3,29.44,29.29,29.41,3800
2009-09-21,29.17,29.29,29.13,29.26,4800
2009-09-22,29.4499,29.54,29.44,29.47,35300
2009-09-23,29.66,30.05,29.21,29.21,8600
2009-09-24,29.17,29.18,28.66,28.7139,47800
2009-09-25,28.74,28.77,28.54,28.54,20000
2009-09-28,28.72,29.09,28.72,29.06,8600
2009-09-29,28.97,29.1,28.88,29.03,60400
2009-09-30,29.1,29.11,28.6911,29.004,13100
2009-10-01,28.93,28.93,28.31,28.32,17500
2009-10-02,28.0,28.18,28.0,28.11,1600
2009-10-05,28.38,28.54,28.34,28.51,5900
2009-10-06,28.84,29.04,28.821,28.89,15100
2009-10-07,28.95,28.95,28.75,28.87,5000
2009-10-08,29.27,29.34,29.172,29.2392,11500
2009-10-09,29.3,29.31,29.175,29.31,3400
2009-10-12,29.45,29.53,29.45,29.53,3700
2009-10-13,29.4,29.4,29.22,29.35,5800
2009-10-14,29.83,29.8492,29.72,29.8492,5900
2009-10-15,29.8,29.91,29.7301,29.91,6300
2009-10-16,29.65,29.68,29.53,29.68,9000
2009-10-19,29.87,29.987,29.732,29.96,5400
2009-10-20,29.95,30.0,29.6855,29.74,5900
2009-10-21,29.8,29.99,29.55,29.55,18200
2009-10-22,29.87,29.87,29.43,29.79,8100
2009-10-23,29.98,29.98,29.42,29.5,21000
2009-10-26,29.48,29.7001,29.1,29.1,10100
2009-10-27,29.14,29.16,28.9322,28.9322,13300
2009-10-28,28.85,28.85,28.24,28.33,18400
2009-10-29,28.7097,28.91,28.6676,28.91,5800
2009-10-30,28.73,28.73,28.18,28.19,7500
2009-11-02,28.25,28.41,28.07,28.32,8100
2009-11-03,28.1928,28.412,28.09,28.412,1000
2009-11-04,28.62,28.77,28.62,28.63,9700
2009-11-05,28.68,28.9175,28.6107,28.9175,5600
2009-11-06,28.89,28.99,28.84,28.9101,1300
2009-11-09,29.39,29.54,29.39,29.53,7900
2009-11-10,29.63,29.63,29.46,29.55,7300
2009-11-11,29.75,29.85,29.55,29.68,5600
2009-11-12,29.66,29.68,29.35,29.35,8800
2009-11-13,29.43,29.634,29.38,29.59,2800
2009-11-16,29.92,30.08,29.92,30.03,9700
2009-11-17,29.93,30.0,29.834,30.0,9400
2009-11-18,29.8193,29.861,29.78,29.86,13400
2009-11-19,29.67,29.67,29.33,29.41,2900
2009-11-20,29.2,29.3,29.19,29.3,27500
2009-11-23,29.4,30.08,29.4,29.7,7500
2009-11-24,29.63,29.66,29.5999,29.65,50600
2009-11-25,29.8,29.85,29.67,29.8151,8800
2009-11-27,28.89,29.39,28.89,29.347,8300
2009-11-30,29.28,29.34,29.11,29.34,8400
2009-12-01,29.4,29.87,29.4,29.8,9000
2009-12-02,29.88,29.89,29.81,29.89,32600
2009-12-03,29.9332,29.9332,29.62,29.67,3100
2009-12-04,29.85,29.85,29.6699,29.81,2200
2009-12-07,30.075,30.075,29.69,29.76,1700
2009-12-08,29.64,29.64,29.45,29.47,11500
2009-12-09,29.39,29.54,29.33,29.54,7000
2009-12-10,29.6,29.6695,29.5727,29.62,1600
2009-12-11,29.7255,29.73,29.6775,29.73,5800
2009-12-14,29.84,29.99,29.84,29.97,2100
2009-12-15,29.939,29.94,29.8,29.8,3100
2009-12-16,30.0968,30.11,29.965,29.965,7500
2009-12-17,29.66,29.81,29.5996,29.66,13500
2009-12-18,29.7888,29.7888,29.5318,29.75,7100
2009-12-21,29.91,30.0,29.91,29.97,5000
2009-12-22,30.0744,30.14,30.05,30.14,4600
2009-12-23,30.13,30.32,30.1,30.32,17200
2009-12-24,30.38,30.68,30.38,30.39,32600
2009-12-28,30.35,30.35,30.1699,30.23,19900
2009-12-29,30.32,30.34,30.24,30.24,9500
2009-12-30,30.12,30.21,30.1199,30.21,6500
2009-12-31,30.34,30.34,29.97,29.97,39600
2010-01-04,30.28,30.49,30.28,30.45,57700
2010-01-05,30.37,30.56,30.37,30.54,9400
2010-01-06,30.56,30.61,30.54,30.6,11100
2010-01-07,30.59,30.67,30.458,30.66,21000
2010-01-08,30.65,30.82,30.61,30.82,40100
2010-01-11,31.0,31.0,30.751,30.85,7700
2010-01-12,30.68,30.71,30.5199,30.59,6400
2010-01-13,30.69,30.82,30.45,30.82,10500
2010-01-14,30.83,30.94,30.8125,30.91,17900
2010-01-15,30.83,30.83,30.5,30.6,19000
2010-01-19,30.6,30.89,30.6,30.89,2700
2010-01-20,30.68,30.68,30.3499,30.55,27800
2010-01-21,30.55,30.57,29.96,30.0508,22800
2010-01-22,30.01,30.01,29.43,29.43,19300
2010-01-25,29.72,29.83,29.575,29.68,29900
2010-01-26,29.57,29.77,29.49,29.54,7700
2010-01-27,29.48,29.5,29.3101,29.4799,12400
2010-01-28,29.66,29.66,29.136,29.2,4200
2010-01-29,29.39,29.44,28.86,28.92,10100
2010-02-01,29.16,29.35,29.16,29.34,11700
2010-02-02,29.42,29.75,29.42,29.75,4900
2010-02-03,29.86,29.86,29.498,29.532,14900
2010-02-04,29.28,29.28,28.57,28.57,27600
2010-02-05,28.64,28.64,28.0,28.5699,26500
2010-02-08,28.55,28.66,28.33,28.33,9100
2010-02-09,28.75,28.89,28.695,28.81,6100
2010-02-10,28.73,28.83,28.565,28.75,8800
2010-02-11,28.67,29.1,28.67,29.07,7900
2010-02-12,28.73,29.04,28.7299,29.04,9100
2010-02-16,29.25,29.56,29.1601,29.48,17800
2010-02-17,29.59,29.6799,29.5645,29.65,13700
2010-02-18,29.62,29.79,29.5901,29.7501,21100
2010-02-19,29.6799,29.85,29.5999,29.74,11200
2010-02-22,29.9599,29.9599,29.76,29.76,12800
2010-02-23,29.76,29.76,29.3852,29.44,18300
2010-02-24,29.59,29.75,29.5199,29.65,15600
2010-02-25,29.17,29.51,29.16,29.474,14100
2010-02-26,29.64,29.76,29.571,29.7048,5800
2010-03-01,29.86,30.07,29.86,30.06,13500
2010-03-02,30.12,30.32,30.12,30.24,7300
2010-03-03,30.34,30.52,30.309,30.35,8900
2010-03-04,30.4,30.43,30.2252,30.3399,12400
2010-03-05,30.56,30.82,30.25,30.77,38300
2010-03-08,30.92,30.92,30.77,30.79,9000
2010-03-09,30.65,31.0,30.65,30.949,11300
2010-03-10,30.93,31.07,30.911,31.06,8200
2010-03-11,30.98,31.16,30.905,31.16,11800
2010-03-12,31.36,31.36,31.1048,31.2,11600
2010-03-15,31.18,31.18,30.91,31.13,14200
2010-03-16,31.13,31.43,31.13,31.43,10600
2010-03-17,31.56,31.73,31.4601,31.64,18200
2010-03-18,31.58,31.65,31.415,31.52,12500
2010-03-19,31.49,31.49,31.1999,31.25,8900
2010-03-22,30.94,31.47,30.94,31.4699,13300
2010-03-23,31.51,31.67,31.3878,31.6485,14600
2010-03-24,31.47,31.47,31.22,31.36,22600
2010-03-25,31.49,31.65,31.25,31.25,15300
2010-03-26,31.39,31.41,31.17,31.22,10700
2010-03-29,31.44,31.51,31.4167,31.51,19300
2010-03-30,31.63,31.63,31.399,31.538,5900
2010-03-31,31.37,31.61,31.37,31.4799,25300
2010-04-01,31.74,31.83,31.64,31.83,21600
2010-04-05,31.93,32.08,31.83,32.023,19500
2010-04-06,31.96,32.19,31.9485,32.16,13800
2010-04-07,32.08,32.1,31.78,31.97,8900
2010-04-08,31.88,32.0199,31.778,32.0199,8400
2010-04-09,32.02,32.25,32.02,32.25,6800
2010-04-12,32.3,32.34,32.2448,32.28,12800
2010-04-13,32.27,33.06,32.083,32.33,16700
2010-04-14,32.42,32.73,32.42,32.72,28200
2010-04-15,32.65,32.7699,32.5801,32.72,18600
2010-04-16,32.61,32.61,32.11,32.19,22100
2010-04-19,32.03,32.139,31.79,32.0901,7300
2010-04-20,32.37,32.46,32.27,32.46,11400
2010-04-21,32.54,32.74,32.337,32.45,5500
2010-04-22,32.08,32.54,32.08,32.54,8900
2010-04-23,32.51,32.69,32.454,32.69,5700
2010-04-26,32.74,33.09,32.65,32.68,29500
2010-04-27,32.45,32.61,31.81,31.81,51900
2010-04-28,32.05,32.05,31.65,31.9495,9900
2010-04-29,32.21,32.39,32.179,32.39,8700
2010-04-30,32.447,32.447,31.9856,32.048,3600
2010-05-03,32.03,32.277,32.0,32.156,20400
2010-05-04,31.5484,31.63,31.21,31.318,17400
2010-05-05,31.05,31.222,30.75,30.97,13900
2010-05-06,30.75,45.69,0.15,29.92,100500
2010-05-07,29.97,30.15,29.24,29.5,45500
2010-05-10,30.95,31.11,30.71,30.7901,23900
2010-05-11,30.65,31.15,30.53,30.9299,14000
2010-05-12,31.0891,31.35,31.0891,31.32,5500
2010-05-13,31.32,31.94,31.04,31.04,23100
2010-05-14,30.43,30.589,30.15,30.42,83700
2010-05-17,30.56,30.56,29.957,30.41,34700
2010-05-18,30.73,30.73,29.8501,29.8501,24200
2010-05-19,29.75,29.82,29.38,29.82,14400
2010-05-20,29.15,29.255,28.68,28.72,18800
2010-05-21,28.26,29.24,28.25,29.11,28000
2010-05-24,29.07,29.2055,28.76,28.76,15300
2010-05-25,28.17,28.435,27.91,28.435,19100
2010-05-26,28.89,29.14,28.59,28.59,3700
2010-05-27,29.27,29.74,29.24,29.74,19300
2010-05-28,29.62,29.6699,29.39,29.39,6200
2010-06-01,29.07,29.495,29.07,29.208,2900
2010-06-02,29.05,29.6,28.9699,29.6,4800
2010-06-03,29.5701,29.6001,29.4746,29.4746,800
2010-06-04,29.11,29.239,28.558,28.56,7900
2010-06-07,28.66,28.73,28.23,28.23,26200
2010-06-08,28.3,28.49,28.1016,28.42,15300
2010-06-09,28.56,28.8495,28.356,28.356,9300
2010-06-10,29.07,29.2299,28.9,29.2299,1400
2010-06-11,29.02,29.41,29.02,29.41,18400
2010-06-14,29.76,29.76,29.541,29.63,2000
2010-06-15,29.71,30.15,29.71,30.15,4100
2010-06-16,30.02,30.196,29.96,30.09,3300
2010-06-17,30.28,30.28,30.015,30.12,5100
2010-06-18,30.165,30.2,30.13,30.2,1500
2010-06-21,30.61,30.61,30.1054,30.1054,7000
2010-06-22,30.17,30.19,29.64,29.67,3500
2010-06-23,29.64,29.7,29.486,29.6545,8700
2010-06-24,29.445,29.4701,29.17,29.17,15900
2010-06-25,29.07,29.212,28.9544,29.2,2100
2010-06-28,29.22,29.238,29.1105,29.238,1100
2010-06-29,28.67,28.67,28.0646,28.2046,9600
2010-06-30,28.21,28.46,27.9501,27.9501,6400
2010-07-01,28.09,28.606,27.54,27.99,11300
2010-07-02,28.13,28.13,27.77,27.99,12200
2010-07-06,28.39,28.5,28.18,28.23,6200
2010-07-07,28.25,28.3699,28.15,28.33,11600
2010-07-08,29.06,29.11,28.8,28.98,11200
2010-07-09,29.167,29.3,29.118,29.3,2900
2010-07-12,29.23,29.23,29.1246,29.19,1200
2010-07-13,29.49,29.82,29.49,29.74,5600
2010-07-14,29.64,29.81,29.53,29.6005,8000
2010-07-15,29.78,29.78,29.3984,29.56,41700
2010-07-16,29.25,29.25,28.94,28.95,12500
2010-07-19,28.84,29.028,28.84,29.008,24000
2010-07-20,28.75,29.318,28.702,29.318,4800
2010-07-21,29.48,29.48,28.9599,29.02,16900
2010-07-22,29.74,29.84,29.7,29.7601,9100
2010-07-23,29.75,30.0364,29.75,30.0264,8200
2010-07-26,30.11,30.4,30.02,30.4,3000
2010-07-27,30.6,30.61,30.2901,30.37,9700
2010-07-28,30.28,30.39,30.2105,30.2105,7600
2010-07-29,30.41,30.41,29.948,30.11,1500
2010-07-30,29.76,30.16,29.76,30.16,4100
2010-08-02,30.55,30.77,30.55,30.77,55700
2010-08-03,30.64,30.75,30.6,30.64,10300
2010-08-04,30.65,30.76,30.64,30.69,7600
2010-08-05,30.62,30.76,30.62,30.68,11900
2010-08-06,30.59,30.68,30.3399,30.6599,21300
2010-08-09,30.77,30.88,30.7655,30.86,50100
2010-08-10,30.53,30.6136,30.3899,30.6136,6100
2010-08-11,30.01,30.01,29.586,29.63,21300
2010-08-12,29.18,29.57,29.18,29.54,9700
2010-08-13,29.48,29.53,29.44,29.44,2000
2010-08-16,29.33,29.5501,29.25,29.4877,22300
2010-08-17,29.81,30.01,29.78,29.9,15600
2010-08-18,29.88,30.03,29.772,30.0299,9600
2010-08-19,29.84,29.84,29.3995,29.47,16900
2010-08-20,29.25,29.3199,29.12,29.3199,17800
2010-08-23,29.5,29.547,29.23,29.23,2200
2010-08-24,28.83,28.9636,28.69,28.82,7500
2010-08-25,28.64,28.83,28.44,28.83,7700
2010-08-26,29.05,29.05,28.8,28.8,1900
2010-08-27,29.04,29.31,28.85,29.31,25200
2010-08-30,29.18,29.214,28.86,28.86,4900
2010-08-31,28.72,29.051,28.72,28.8,22700
2010-09-01,29.34,29.75,29.34,29.74,29400
2010-09-02,29.81,29.97,29.7377,29.97,21800
2010-09-03,30.25,30.37,30.2,30.298,13700
2010-09-07,30.23,30.23,30.0,30.0,7600
2010-09-08,30.15,30.28,30.11,30.18,26600
2010-09-09,30.48,30.5,30.226,30.226,8300
2010-09-10,30.2725,30.4156,30.27,30.4156,6100
2010-09-13,30.7,30.9,30.7,30.9,9900
2010-09-14,31.0,31.0384,30.97,30.97,1500
2010-09-15,30.83,31.02,30.83,31.02,12600
2010-09-16,30.82,30.94,30.82,30.92,9600
2010-09-17,30.81,30.92,30.81,30.895,5200
2010-09-20,30.98,31.4,30.98,31.3504,6400
2010-09-21,31.35,31.4499,31.19,31.27,9500
2010-09-22,31.33,31.3576,31.07,31.17,6100
2010-09-23,30.97,31.1899,30.9,30.94,7500
2010-09-24,31.34,31.5616,31.34,31.5616,4300
2010-09-27,31.5,31.5101,31.37,31.4,28200
2010-09-28,31.44,31.57,31.36,31.4436,4500
2010-09-29,31.56,31.6955,31.506,31.5599,4000
2010-09-30,31.78,31.98,31.47,31.61,7700
2010-10-01,31.8,31.8,31.56,31.72,8400
2010-10-04,31.64,31.75,31.3892,31.3892,6600
2010-10-05,31.73,32.1244,31.73,32.1244,5500
2010-10-06,32.14,32.1784,32.0,32.0301,2700
2010-10-07,32.26,32.26,31.8701,32.0195,3200
2010-10-08,32.08,32.32,31.966,32.26,8900
2010-10-11,32.28,32.34,32.25,32.26,4800
2010-10-12,31.92,32.3436,31.92,32.3395,5200
2010-10-13,32.53,32.73,32.4799,32.65,6000
2010-10-14,32.6,32.68,32.5505,32.5505,5800
2010-10-15,32.8,32.8,32.4901,32.52,3500
2010-10-18,32.52,32.756,32.52,32.756,9300
2010-10-19,32.31,32.44,32.016,32.14,28200
2010-10-20,32.28,32.64,32.28,32.4901,8000
2010-10-21,32.79,32.79,32.466,32.5,3700
2010-10-22,32.6,32.6,32.538,32.6,6200
2010-10-25,32.86,32.957,32.7501,32.756,6700
2010-10-26,32.65,32.67,32.62,32.62,2000
2010-10-27,32.51,32.51,32.2499,32.46,6400
2010-10-28,32.74,32.75,32.4201,32.619,3800
2010-10-29,32.56,32.66,32.5599,32.66,10500
2010-11-01,32.8,32.91,32.431,32.6299,9700
2010-11-02,32.94,32.974,32.879,32.96,14900
2010-11-03,33.05,33.08,32.81,33.03,7600
2010-11-04,33.58,33.75,33.55,33.75,16600
2010-11-05,33.72,33.84,33.72,33.82,5800
2010-11-08,33.64,33.75,33.62,33.7101,7700
2010-11-09,33.86,33.87,33.3,33.41,12300
2010-11-10,33.3999,33.53,33.21,33.53,5900
2010-11-11,33.32,33.46,33.25,33.4394,7200
2010-11-12,33.25,33.31,32.93,32.99,12800
2010-11-15,33.17,33.2,33.0099,33.0099,3000
2010-11-16,32.76,32.8099,32.255,32.33,15500
2010-11-17,32.43,32.59,32.43,32.5,10600
2010-11-18,32.9401,33.12,32.9401,33.018,16900
2010-11-19,32.95,33.1076,32.85,33.1076,4100
2010-11-22,33.08,33.11,32.86,33.11,3900
2010-11-23,32.64,32.64,32.495,32.53,7100
2010-11-24,32.82,33.02,32.82,33.02,16800
2010-11-26,32.73,32.8499,32.73,32.7899,3100
2010-11-29,32.55,32.7,32.394,32.7,8900
2010-11-30,32.29,32.6,32.26,32.489,7800
2010-12-01,32.97,33.14,32.96,33.1136,9000
2010-12-02,33.23,33.58,33.23,33.57,4700
2010-12-03,33.45,33.8,33.45,33.8,12100
2010-12-06,33.66,33.74,33.66,33.74,3600
2010-12-07,34.09,34.09,33.75,33.768,12200
2010-12-08,33.84,33.84,33.5701,33.74,10500
2010-12-09,33.91,33.91,33.6699,33.8,4600
2010-12-10,33.84,34.03,33.81,34.03,12600
2010-12-13,34.16,34.25,34.1,34.106,12700
2010-12-14,34.18,34.23,34.05,34.05,23300
2010-12-15,34.01,34.166,33.82,33.82,26000
2010-12-16,33.84,34.07,33.8,34.0278,21200
2010-12-17,34.0,34.18,33.96,34.09,10100
2010-12-20,34.21,34.21,34.027,34.15,15700
2010-12-21,34.32,34.4,34.296,34.386,13900
2010-12-22,34.44,34.51,34.4,34.45,18900
2010-12-23,34.45,34.49,34.38,34.4236,9400
2010-12-27,34.11,34.2299,34.0401,34.2236,5000
2010-12-28,34.32,34.32,34.16,34.22,17800
2010-12-29,34.34,34.44,34.29,34.39,20000
2010-12-30,34.38,34.45,34.335,34.38,16900
2010-12-31,34.34,34.48,34.3056,34.3713,16000
2011-01-03,34.61,34.83,34.61,34.69,16100
2011-01-04,34.84,34.84,34.35,34.5599,24600
2011-01-05,34.39,34.65,34.3899,34.6499,19000
2011-01-06,34.67,34.67,34.391,34.47,24200
2011-01-07,34.53,34.54,34.1599,34.37,14900
2011-01-10,34.19,34.41,34.0499,34.38,37600
2011-01-11,34.6,34.6,34.43,34.53,28800
2011-01-12,34.81,34.92,34.73,34.91,31000
2011-01-13,34.97,34.97,34.83,34.89,43500
2011-01-14,34.88,35.1,34.86,35.0899,25300
2011-01-18,35.15,35.23,35.0438,35.23,21600
2011-01-19,35.25,35.25,34.77,34.8,19400
2011-01-20,34.7,34.7094,34.4301,34.609,23000
2011-01-21,34.84,34.84,34.6,34.62,8300
2011-01-24,34.62,34.899,34.615,34.77,16100
2011-01-25,34.73,34.85,34.603,34.84,27000
2011-01-26,35.0,35.18,34.9,35.1,32000
2011-01-27,35.12,35.2,35.02,35.13,20900
2011-01-28,35.12,35.13,34.455,34.5073,26600
2011-01-31,34.69,34.778,34.5501,34.71,6100
2011-02-01,34.94,35.32,34.94,35.26,19300
2011-02-02,35.22,35.34,35.2,35.22,11500
2011-02-03,35.17,35.26,34.96,35.26,6900
2011-02-04,35.26,35.31,35.119,35.31,5400
2011-02-07,35.38,35.61,35.38,35.5,57200
2011-02-08,35.55,35.64,35.45,35.64,17600
2011-02-09,35.56,35.64,35.43,35.55,32900
2011-02-10,35.29,35.538,35.2882,35.4859,25900
2011-02-11,35.43,35.8,35.43,35.766,10400
2011-02-14,35.78,35.89,35.72,35.8799,26100
2011-02-15,35.75,35.84,35.73,35.73,13300
2011-02-16,35.88,36.03,35.8401,36.016,17200
2011-02-17,35.95,36.1799,35.95,36.157,12000
2011-02-18,36.16,36.24,36.1001,36.14,17800
2011-02-22,35.78,35.9501,35.4099,35.4399,18300
2011-02-23,35.51,35.52,35.0,35.24,17300
2011-02-24,35.19,35.35,34.94,35.25,25900
2011-02-25,35.35,35.66,35.35,35.66,5600
2011-02-28,35.92,35.946,35.7699,35.86,10800
2011-03-01,35.99,36.0,35.35,35.379,29100
2011-03-02,35.36,35.55,35.36,35.4872,11100
2011-03-03,35.78,36.0599,35.78,36.0317,6800
2011-03-04,36.05,36.05,35.64,35.6672,17400
2011-03-07,36.05,36.05,35.32,35.51,29600
2011-03-08,35.55,35.89,35.49,35.8786,15600
2011-03-09,35.78,35.8,35.63,35.79,5200
2011-03-10,35.39,35.39,35.092,35.13,11600
2011-03-11,34.96,35.349,34.94,35.29,31400
2011-03-14,34.93,35.11,34.8201,35.04,10100
2011-03-15,34.1,34.7699,34.01,34.7456,29600
2011-03-16,34.576,34.69,34.0,34.11,28600
2011-03-17,34.65,34.7,34.46,34.57,20000
2011-03-18,34.8764,34.94,34.696,34.696,8900
2011-03-21,35.21,35.3656,35.18,35.3299,30500
2011-03-22,35.29,35.2985,35.168,35.22,7800
2011-03-23,35.08,35.2992,34.9836,35.2796,10600
2011-03-24,35.46,35.582,35.3092,35.5599,7200
2011-03-25,35.63,35.84,35.59,35.68,3600
2011-03-28,35.5908,35.67,35.42,35.42,14900
2011-03-29,35.38,35.68,35.34,35.672,14200
2011-03-30,35.8,36.03,35.8,35.979,45100
2011-03-31,35.99,36.04,35.9673,36.02,8300
2011-04-01,36.2,36.2899,36.0899,36.1065,16900
2011-04-04,36.2656,36.29,36.17,36.24,6800
2011-04-05,36.18,36.4221,36.1303,36.292,9000
2011-04-06,36.46,36.48,36.25,36.384,13300
2011-04-07,36.36,36.45,36.2199,36.27,17800
2011-04-08,36.45,36.48,36.08,36.12,3300
2011-04-11,36.21,36.21,35.9,35.97,26500
2011-04-12,35.79,35.9,35.6699,35.79,9400
2011-04-13,35.83,35.85,35.67,35.84,4100
2011-04-14,35.55,35.8575,35.5,35.84,8000
2011-04-15,35.88,36.03,35.761,35.96,20800
2011-04-18,35.58,35.58,35.27,35.44,30900
2011-04-19,35.57,35.7,35.55,35.689,8900
2011-04-20,36.14,36.28,36.14,36.1854,7400
2011-04-21,36.46,36.46,36.3,36.449,29900
2011-04-25,36.45,36.45,36.3,36.3999,36600
2011-04-26,36.53,36.76,36.5,36.7252,8000
2011-04-27,36.78,36.98,36.65,36.93,27200
2011-04-28,36.9,37.06,36.9,37.03,17200
2011-04-29,37.1,37.19,37.04,37.1244,17000
2011-05-02,37.25,37.284,37.06,37.06,16000
2011-05-03,36.99,36.99,36.644800000000004,36.7999,18000
2011-05-04,36.87,36.87,36.45,36.5499,20000
2011-05-05,36.28,36.52,36.13,36.13,13000
2011-05-06,36.56,36.68,36.2799,36.419,12000
2011-05-09,36.38,36.6,36.32,36.584,11000
2011-05-10,36.8,36.9291,36.7564,36.9291,10500
2011-05-11,36.84,36.84,36.38,36.4256,19200
2011-05-12,36.37,36.69,36.2244,36.65,8800
2011-05-13,36.59,36.61,36.2078,36.2744,6400
2011-05-16,36.1,36.41,36.1,36.12,13100
2011-05-17,35.93,36.079,35.77,35.9624,33700
2011-05-18,36.01,36.3636,36.01,36.3636,9900
2011-05-19,36.5,36.5,36.292,36.45,9800
2011-05-20,36.2756,36.33,36.0744,36.18,5900
2011-05-23,35.63,35.77,35.55,35.674,15500
2011-05-24,35.76,35.7601,35.598,35.66,3800
2011-05-25,35.57,35.92,35.57,35.8336,11800
2011-05-26,35.7201,36.09,35.7201,36.0899,10800
2011-05-27,36.18,36.28,36.18,36.2599,4000
2011-05-31,36.58,36.64,36.46,36.5,5300
2011-06-01,36.59,36.59,35.95,35.95,6400
2011-06-02,35.99,35.9991,35.75,35.9,9600
2011-06-03,35.57,35.7904,35.52,35.66,18900
2011-06-06,35.5,35.5,35.23,35.23,13000
2011-06-07,35.3952,35.5,35.36,35.458,14300
2011-06-08,35.23,35.24,35.03,35.04,11900
2011-06-09,35.17,35.3756,35.14,35.3,4000
2011-06-10,35.08,35.08,34.7099,34.77,16300
2011-06-13,34.79,34.897,34.6724,34.7264,11400
2011-06-14,35.17,35.3,35.14,35.2,13900
2011-06-15,34.91,35.02,34.522,34.62,16100
2011-06-16,34.57,34.77,34.36,34.3644,6400
2011-06-17,34.8675,34.88,34.65,34.792,1900
2011-06-20,34.65,34.97,34.65,34.89,116800
2011-06-21,35.12,35.43,35.12,35.38,5800
2011-06-22,35.32,35.5,35.2278,35.2278,13400
2011-06-23,34.77,35.03,34.64,35.03,47500
2011-06-24,35.33,35.33,34.896,34.896,1800
2011-06-27,34.64,34.95,34.64,34.8301,8800
2011-06-28,35.0744,35.24,35.0744,35.24,5800
2011-06-29,35.31,35.58,35.31,35.5799,16800
2011-06-30,35.67,35.91,35.6499,35.9099,7300
2011-07-01,35.96,36.2999,35.85,36.2801,16200
2011-07-05,36.29,36.36,36.2,36.3,8500
2011-07-06,36.25,36.39,36.2,36.32,15400
2011-07-07,36.64,36.76,36.64,36.7,7000
2011-07-08,36.34,36.46,36.19,36.46,12100
2011-07-11,36.0044,36.0044,35.69,35.7,11800
2011-07-12,35.65,35.882,35.65,35.67,13400
2011-07-13,36.05,36.09,35.754,35.754,7900
2011-07-14,35.92,35.92,35.4699,35.4699,7500
2011-07-15,35.53,35.6348,35.4644,35.6348,5600
2011-07-18,35.45,35.49,35.11,35.223,8000
2011-07-19,35.58,35.85,35.54,35.82,41200
2011-07-20,36.0,36.0,35.7875,35.9201,6800
2011-07-21,36.1,36.36,36.1,36.3,6800
2011-07-22,36.33,36.3656,36.301,36.3499,4500
2011-07-25,36.0,36.3,36.0,36.12,12900
2011-07-26,36.12,36.1501,36.0,36.11,9600
2011-07-27,35.83,35.83,35.27,35.31,16000
2011-07-28,35.26,35.58,35.17,35.17,13500
2011-07-29,34.94,35.32,34.81,35.11,5900
2011-08-01,35.55,35.55,34.67,34.92,12700
2011-08-02,34.76,34.81,34.226,34.226,11300
2011-08-03,34.2,34.24,33.56,34.24,24900
2011-08-04,33.72,33.72,32.57,32.62,171100
2011-08-05,33.03,33.04,31.72,32.48,54600
2011-08-08,31.5,31.9,30.33,30.33,30200
2011-08-09,31.01,31.3,30.38,30.6908,12500
2011-08-10,31.24,31.53,30.61,30.61,45900
2011-08-11,30.84,32.1819,30.84,31.959,21200
2011-08-12,32.13,32.3092,31.86,32.11,16400
2011-08-15,32.45,32.7699,32.45,32.7699,29500
2011-08-16,32.43,32.7,32.2084,32.5317,9100
2011-08-17,32.73,32.828,32.308,32.48,5400
2011-08-18,31.59,31.59,30.95,31.09,25600
2011-08-19,31.04,31.05,30.6636,30.7699,3100
2011-08-22,31.28,31.28,30.668,30.73,3600
2011-08-23,30.8,31.548000000000002,30.75,31.512,9400
2011-08-24,31.47,31.93,31.461,31.8856,14800
2011-08-25,32.06,32.06,31.316,31.34,21300
2011-08-26,31.27,31.99,30.94,31.86,12000
2011-08-29,32.21,32.76,32.21,32.76,67000
2011-08-30,32.64,33.0,32.56,32.83,14000
2011-08-31,33.14,33.32,32.8,33.0845,26200
2011-09-01,33.01,33.01,32.65,32.67,4100
2011-09-02,32.13,32.26,31.8436,31.92,13700
2011-09-06,30.96,31.533,30.96,31.46,45900
2011-09-07,32.04,32.47,31.98,32.47,15400
2011-09-08,32.3,32.48,32.02,32.072,45400
2011-09-09,31.63,31.792,31.1,31.31,10800
2011-09-12,31.0104,31.19,30.83,31.19,6500
2011-09-13,31.53,31.734,31.35,31.688,5600
2011-09-14,31.68,32.278,31.51,32.1896,16500
2011-09-15,32.42,32.549,32.2025,32.54,2800
2011-09-16,32.68,32.7,32.44,32.59,14100
2011-09-19,31.98,32.2875,31.88,32.2875,30700
2011-09-20,32.32,32.534,32.32,32.35,1500
2011-09-21,32.09,32.11,31.23,31.24,8700
2011-09-22,30.39,30.431,29.98,30.28,24400
2011-09-23,30.15,30.55,30.1,30.49,7300
2011-09-26,30.75,30.99,30.2601,30.99,23600
2011-09-27,31.6,31.8199,31.28,31.36,13700
2011-09-28,31.2,31.21,30.75,30.75,4200
2011-09-29,31.0801,31.0801,30.5636,30.88,7400
2011-09-30,30.7,30.76,30.442,30.442,13600
2011-10-03,30.15,30.3,29.3,29.3,25800
2011-10-04,29.09,30.09,28.76,30.09,29000
2011-10-05,30.18,30.585,29.89,30.55,5300
2011-10-06,30.46,31.06,30.42,31.06,6100
2011-10-07,31.22,31.22,30.824,30.85,1300
2011-10-10,31.31,31.7156,31.31,31.7156,5400
2011-10-11,31.56,31.85,31.56,31.77,8700
2011-10-12,32.02,32.4193,32.02,32.3499,4500
2011-10-13,31.91,32.1284,31.81,32.1284,3300
2011-10-14,32.4,32.58,32.3664,32.5792,12900
2011-10-17,32.43,32.43,31.902,31.902,8400
2011-10-18,31.96,32.5848,31.858,32.5848,8300
2011-10-19,32.44,32.542,32.0589,32.0589,5300
2011-10-20,32.13,32.22,31.711,32.22,4300
2011-10-21,32.51,32.722,32.51,32.622,1600
2011-10-24,33.06,33.4108,33.011,33.3656,4700
2011-10-25,33.17,33.17,32.82,32.978,4500
2011-10-26,33.01,33.095,32.57,33.095,5100
2011-10-27,34.02,34.5,33.83,34.29,62600
2011-10-28,34.23,34.37,34.17,34.29,257800
2011-10-31,33.82,33.85,33.535,33.535,11400
2011-11-01,32.48,32.829,32.4596,32.829,7900
2011-11-02,32.95,33.139,32.79,32.97,11100
2011-11-03,33.35,33.6625,33.07,33.59,10600
2011-11-04,33.4,33.51,33.21,33.51,4500
2011-11-07,33.52,33.63,33.16,33.63,16200
2011-11-08,33.8,34.0,33.42,33.9999,3600
2011-11-09,33.12,33.23,32.6852,32.69,22600
2011-11-10,33.07,33.07,32.692,32.88,20900
2011-11-11,33.24,33.6,33.24,33.44,9600
2011-11-14,33.44,33.44,33.09,33.165,10700
2011-11-15,33.05,33.484,32.98,33.454,26900
2011-11-16,33.02,33.356,32.87,32.8999,14800
2011-11-17,32.82,32.85,32.2842,32.39,10900
2011-11-18,32.59,32.59,32.361,32.39,8200
2011-11-21,32.01,32.01,31.598,31.8,11300
2011-11-22,31.82,31.842,31.53,31.66,10600
2011-11-23,31.41,31.41,31.0,31.13,4200
2011-11-25,31.1703,31.2052,31.09,31.09,1600
2011-11-28,31.74,31.88,31.61,31.8,9600
2011-11-29,31.86,31.931,31.76,31.87,12300
2011-11-30,32.85,33.2,32.81,33.2,17200
2011-12-01,33.22,33.27,33.04,33.07,12300
2011-12-02,33.34,33.4499,33.1,33.1,11800
2011-12-05,33.56,33.705,33.3987,33.3987,6100
2011-12-06,33.46,33.5,33.3498,33.4098,5500
2011-12-07,33.26,33.406,33.0804,33.406,5000
2011-12-08,33.22,33.22,32.79,32.8292,7600
2011-12-09,33.04,33.328,33.03,33.328,4800
2011-12-12,32.76,32.84,32.6299,32.83,22000
2011-12-13,33.04,33.151,32.4,32.4,4700
2011-12-14,32.21,32.26,32.05,32.096,13000
2011-12-15,32.41,32.41,32.21,32.23,8400
2011-12-16,32.42,32.42,32.26,32.409,6300
2011-12-19,32.49,32.549,31.968,31.968,3900
2011-12-20,32.5,32.979,32.5,32.91,25600
2011-12-21,32.85,33.0,32.64,32.905,15500
2011-12-22,33.1,33.274,33.09,33.25,8800
2011-12-23,33.3,33.4,33.246,33.4,14500
2011-12-27,33.25,33.29,33.13,33.22,17000
2011-12-28,33.22,33.22,32.751,32.79,7700
2011-12-29,32.88,33.128,32.88,33.128,15900
2011-12-30,33.12,33.21,33.05,33.05,29200
2012-01-03,33.64,33.74,33.44,33.49,63200
2012-01-04,33.41,33.47,33.28,33.466,12400
2012-01-05,33.27,33.53,33.1,33.45,3700
2012-01-06,33.43,33.499,33.22,33.398,4700
2012-01-09,33.49,33.5,33.29,33.5,17500
2012-01-10,33.82,33.91,33.78,33.783,10500
2012-01-11,33.7,33.89,33.656,33.89,8500
2012-01-12,33.89,33.91,33.66,33.85,6100
2012-01-13,33.73,33.737,33.45,33.737,9000
2012-01-17,34.04,34.1,33.8784,33.9,25000
2012-01-18,33.95,34.274,33.93,34.274,7100
2012-01-19,34.46,34.57,34.46,34.54,11600
2012-01-20,34.48,34.5292,34.458,34.5292,8000
2012-01-23,34.55,34.769,34.47,34.53,4300
2012-01-24,34.31,34.61,34.31,34.61,4400
2012-01-25,34.56,34.97,34.44,34.93,7500
2012-01-26,35.12,35.12,34.64,34.76,16000
2012-01-27,34.67,34.88,34.67,34.8799,14200
2012-01-30,34.54,34.712,34.46,34.645,19500
2012-01-31,34.905,34.905,34.56,34.67,12100
2012-02-01,34.93,35.196,34.91,35.099,7900
2012-02-02,35.096,35.2036,35.07,35.104,14500
2012-02-03,35.36,35.57,35.35,35.56,20700
2012-02-06,35.4,35.502,35.36,35.502,8400
2012-02-07,35.47,35.6,35.47,35.6,14400
2012-02-08,35.64,35.68,35.5,35.646,17200
2012-02-09,35.74,35.74,35.568,35.67,32200
2012-02-10,35.33,35.43,35.26,35.33,28600
2012-02-13,35.58,35.68,35.52,35.64,16400
2012-02-14,35.55,35.564,35.3701,35.564,7200
2012-02-15,35.73,35.73,35.42,35.4938,11700
2012-02-16,35.46,35.82,35.46,35.82,63200
2012-02-17,35.93,35.93,35.784,35.91,9800
2012-02-21,35.98,36.034,35.81,35.85,16700
2012-02-22,35.84,35.889,35.71,35.7736,12500
2012-02-23,35.8,35.982,35.7,35.982,18200
2012-02-24,36.08,36.14,36.0,36.0,5100
2012-02-27,35.83,36.1296,35.73,36.071,12300
2012-02-28,36.0797,36.19,36.0571,36.178,13900
2012-02-29,36.23,36.31,35.9101,35.964,15700
2012-03-01,36.05,36.24,36.04,36.1,20000
2012-03-02,36.07,36.13,35.9568,36.0,7400
2012-03-05,35.94,35.97,35.75,35.84,15600
2012-03-06,35.46,35.46,35.17,35.22,18700
2012-03-07,35.4,35.535,35.33,35.535,15200
2012-03-08,35.78,35.965,35.668,35.89,6000
2012-03-09,35.9,36.09,35.9,35.97,10500
2012-03-12,35.95,35.9648,35.86,35.93,26500
2012-03-13,36.08,36.45,36.08,36.45,11800
2012-03-14,36.46,36.4892,36.255,36.2769,4400
2012-03-15,36.33,36.539,36.3,36.5044,8700
2012-03-16,36.61,36.63,36.53,36.58,10400
2012-03-19,36.54,36.7899,36.54,36.7,7900
2012-03-20,36.45,36.532,36.391,36.4999,6000
2012-03-21,36.51,36.53,36.3601,36.4606,4300
2012-03-22,36.19,36.22,36.1075,36.21,8400
2012-03-23,36.1354,36.37,36.1254,36.35,5300
2012-03-26,36.6,36.76,36.58,36.75,16400
2012-03-27,36.71,36.71,36.5892,36.59,7800
2012-03-28,36.52,36.5836,36.2301,36.321,6900
2012-03-29,36.15,36.29,36.051,36.29,6100
2012-03-30,36.51,36.52,36.388,36.454,19200
2012-04-02,36.39,36.76,36.35,36.69,30400
2012-04-03,36.62,36.68,36.36,36.4799,17500
2012-04-04,36.12,36.179,35.96,36.1099,18000
2012-04-05,35.96,36.1,35.93,36.04,10200
2012-04-09,35.75,35.83,35.6008,35.7799,7800
2012-04-10,35.67,35.747,35.14,35.2,17300
2012-04-11,35.52,35.56,35.4312,35.46,10800
2012-04-12,35.54,35.9599,35.54,35.9599,13000
2012-04-13,35.82,35.82,35.53,35.57,25100
2012-04-16,35.78,35.78,35.49,35.625,16500
2012-04-17,35.81,36.07,35.794,36.0598,20300
2012-04-18,35.86,35.927,35.8201,35.92,6100
2012-04-19,35.81,36.0,35.61,35.75,8700
2012-04-20,35.89,35.9879,35.84,35.8649,5300
2012-04-23,35.47,35.5,35.328,35.44,12500
2012-04-24,35.54,35.71,35.54,35.56,14300
2012-04-25,35.94,36.04,35.9,36.04,7200
2012-04-26,35.99,36.31,35.99,36.25,10600
2012-04-27,36.36,36.4,36.274,36.39,7900
2012-04-30,36.3,36.3,36.135,36.2,326900
2012-05-01,36.34,36.524,36.3306,36.4753,8700
2012-05-02,36.11,36.31,36.06,36.29,12000
2012-05-03,36.17,36.17,35.9401,36.01,4000
2012-05-04,35.86,35.86,35.5,35.56,16600
2012-05-07,35.47,35.69,35.454,35.6,9000
2012-05-08,35.42,35.42,35.09,35.4,10900
2012-05-09,35.0372,35.339,34.95,35.339,13200
2012-05-10,35.46,35.46,35.27,35.3,9300
2012-05-11,35.09,35.43,35.04,35.2205,9800
2012-05-14,34.85,35.01,34.85,34.85,13300
2012-05-15,34.8,34.9,34.634,34.634,4600
2012-05-16,34.72,34.816,34.41,34.4101,8600
2012-05-17,34.45,34.45,33.96,33.96,27600
2012-05-18,34.12,34.12,33.746,33.746,14000
2012-05-21,33.7901,34.29,33.7901,34.27,20200
2012-05-22,34.33,34.49,34.2638,34.2638,19500
2012-05-23,34.0662,34.26,33.7407,34.26,10000
2012-05-24,34.3,34.3352,34.0205,34.1,18900
2012-05-25,34.3,34.3,34.122,34.145,24800
2012-05-29,34.45,34.57,34.35,34.52,11100
2012-05-30,34.26,34.26,34.07,34.1,6900
2012-05-31,34.0,34.0752,33.801,34.0001,6300
2012-06-01,33.55,33.6108,33.3101,33.344,10800
2012-06-04,33.38,33.4034,33.1101,33.328,18700
2012-06-05,33.28,33.56,33.28,33.56,7100
2012-06-06,33.77,34.11,33.77,34.07,8800
2012-06-07,34.55,34.55,34.16,34.16,6100
2012-06-08,34.0,34.2685,34.0,34.2685,2900
2012-06-11,34.39,34.39,34.042,34.0754,4400
2012-06-12,34.09,34.26,33.96,34.26,16800
2012-06-13,34.16,34.32,34.0682,34.0682,4100
2012-06-14,34.11,34.3211,34.11,34.3211,4500
2012-06-15,34.47,34.64,34.47,34.64,2800
2012-06-18,34.54,34.74,34.5,34.72,5900
2012-06-19,34.86,35.1599,34.84,35.13,29400
2012-06-20,35.07,35.1126,34.9,35.0093,4600
2012-06-21,34.84,34.88,34.34,34.3527,9200
2012-06-22,34.45,34.6,34.4101,34.6,4000
2012-06-25,34.18,34.18,33.98,34.0918,5400
2012-06-26,33.89,34.02,33.7,33.98,21600
2012-06-27,34.05,34.241,34.05,34.241,7000
2012-06-28,34.01,34.08,33.856,34.06,15300
2012-06-29,34.8,34.92,34.76,34.92,15300
2012-07-02,35.08,35.1,34.9399,35.1,21200
2012-07-03,35.14,35.36,35.14,35.32,4900
2012-07-05,35.22,35.27,35.1418,35.27,3500
2012-07-06,35.01,35.01,34.78,34.94,5400
2012-07-09,34.87,34.87,34.78,34.78,8800
2012-07-10,35.03,35.03,34.5557,34.5557,5400
2012-07-11,34.67,34.68,34.54,34.542,4200
2012-07-12,34.3,34.5318,34.2418,34.5301,8100
2012-07-13,34.6,34.92,34.6,34.92,10800
2012-07-16,34.89,34.902,34.7097,34.89,11700
2012-07-17,34.77,35.03,34.77,35.03,6200
2012-07-18,34.9,35.24,34.9,35.2099,7300
2012-07-19,35.32,35.3599,35.2801,35.329,5300
2012-07-20,35.08,35.08,34.94,34.94,21100
2012-07-23,34.43,34.65,34.34,34.639,9500
2012-07-24,34.64,34.64,34.152,34.23,15400
2012-07-25,34.43,34.5,34.218,34.3725,17100
2012-07-26,34.84,34.93,34.76,34.87,11500
2012-07-27,35.06,35.48,35.06,35.48,10500
2012-07-30,35.35,35.5,35.35,35.3975,4100
2012-07-31,35.2,35.4498,35.2,35.2606,8700
2012-08-01,35.37,35.37,35.1775,35.2799,2000
2012-08-02,34.92,35.06,34.7545,34.93,6800
2012-08-03,35.38,35.618,35.38,35.52,8300
2012-08-06,35.62,35.8,35.62,35.7,17200
2012-08-07,35.83,35.9711,35.83,35.87,13400
2012-08-08,35.76,35.9,35.76,35.882,14800
2012-08-09,35.77,35.939,35.77,35.9,3400
2012-08-10,35.79,35.97,35.76,35.97,13900
2012-08-13,35.91,35.91,35.73,35.89,3100
2012-08-14,35.97,36.0,35.83,35.83,8200
2012-08-15,35.84,35.93,35.84,35.89,13700
2012-08-16,36.0,36.2,35.8911,36.18,15300
2012-08-17,36.1,36.2,36.1,36.162,13100
2012-08-20,36.0805,36.21,36.0805,36.21,4300
2012-08-21,36.32,36.4599,36.14,36.14,9700
2012-08-22,36.11,36.23,36.062,36.229,17300
2012-08-23,36.11,36.149,36.0,36.0,5100
2012-08-24,35.88,36.1699,35.88,36.1699,6500
2012-08-27,36.21,36.21,36.06,36.1,16400
2012-08-28,36.1299,36.19,36.08,36.15,5900
2012-08-29,36.07,36.1799,36.07,36.095,4200
2012-08-30,35.98,35.98,35.825,35.86,4400
2012-08-31,36.03,36.09,35.8885,36.05,6700
2012-09-04,35.9612,36.09,35.8208,36.075,4600
2012-09-05,36.03,36.06,35.958,36.01,22900
2012-09-06,36.25,36.614,36.25,36.61,12000
2012-09-07,36.6601,36.84,36.6601,36.8,10200
2012-09-10,36.79,36.82,36.64,36.64,4500
2012-09-11,36.7776,36.83,36.7617,36.7717,5200
2012-09-12,36.94,36.94,36.81,36.86,11300
2012-09-13,36.92,37.427,36.86,37.3983,9600
2012-09-14,37.51,37.76,37.51,37.5398,27400
2012-09-17,37.53,37.55,37.35,37.429,12700
2012-09-18,37.38,37.4,37.27,37.2917,6100
2012-09-19,37.36,37.48,37.33,37.46,7200
2012-09-20,37.17,37.29,37.08,37.26,11700
2012-09-21,37.48,37.48,37.3229,37.3229,6500
2012-09-24,37.16,37.3148,37.14,37.1917,7100
2012-09-25,37.28,37.3599,36.8901,36.8901,9500
2012-09-26,36.633,36.662,36.5,36.5783,20400
2012-09-27,36.67,36.9283,36.6301,36.87,4200
2012-09-28,36.6016,36.77,36.57,36.65,10700
2012-10-01,36.83,36.98,36.68,36.73,9500
2012-10-02,36.9,36.9,36.69,36.78,6400
2012-10-03,36.87,36.8962,36.75,36.82,1900
2012-10-04,36.8,37.11,36.8,37.09,26800
2012-10-05,37.23,37.274,37.03,37.03,3600
2012-10-08,36.96,37.0,36.9201,36.992,7000
2012-10-09,36.91,36.91,36.63,36.642,9500
2012-10-10,36.6,36.618,36.47,36.4799,2800
2012-10-11,36.72,36.79,36.59,36.6,6300
2012-10-12,36.62,36.6201,36.4,36.4501,8100
2012-10-15,36.59,36.72,36.5175,36.72,11000
2012-10-16,36.91,37.08,36.852,37.08,12600
2012-10-17,37.12,37.258,37.12,37.25,2800
2012-10-18,37.19,37.23,37.104,37.18,3600
2012-10-19,36.97,36.9799,36.65,36.7,5000
2012-10-22,36.7099,36.79,36.5636,36.75,13500
2012-10-23,36.36,36.39,36.1536,36.3112,10400
2012-10-24,36.45,36.45,36.23,36.2424,21300
2012-10-25,36.46,36.46,36.2001,36.3101,5700
2012-10-26,36.3099,36.3747,36.2499,36.3199,1700
2012-10-31,36.39,36.4246,36.28,36.4,3300
2012-11-01,36.47,36.76,36.47,36.76,7000
2012-11-02,36.6699,36.6899,36.45,36.45,11000
2012-11-05,36.42,36.519,36.362,36.4847,4400
2012-11-06,36.62,36.83,36.62,36.7599,9800
2012-11-07,36.52,36.52,35.98,36.14,28600
2012-11-08,36.2,36.2283,35.79,35.79,19100
2012-11-09,35.71,36.0199,35.6,35.91,8800
2012-11-12,35.92,35.939,35.7912,35.85,5500
2012-11-13,35.67,35.9899,35.67,35.7,13400
2012-11-14,35.82,35.82,35.4099,35.4099,7300
2012-11-15,35.36,35.4,35.1701,35.33,16000
2012-11-16,35.33,35.432,35.09,35.41,14700
2012-11-19,35.75,35.94,35.75,35.94,13000
2012-11-20,35.96,36.08,35.88,36.06,9000
2012-11-21,36.0,36.11,36.0,36.11,2300
2012-11-23,36.433,36.5,36.433,36.5,1800
2012-11-26,36.41,36.51,36.322,36.51,9500
2012-11-27,36.46,36.56,36.38,36.38,8400
2012-11-28,36.25,36.5199,36.25,36.5199,1700
2012-11-29,36.77,36.83,36.62,36.772,15300
2012-11-30,36.75,36.8344,36.7086,36.7896,5300
2012-12-03,36.97,36.97,36.71,36.71,5600
2012-12-04,36.68,36.77,36.6,36.73,7700
2012-12-05,36.79,36.91,36.6,36.75,16900
2012-12-06,36.76,36.88,36.75,36.8699,18800
2012-12-07,36.91,36.9499,36.831,36.932,9200
2012-12-10,36.91,37.02,36.91,37.0,27800
2012-12-11,37.08,37.25,37.08,37.139,9500
2012-12-12,37.27,37.4,37.156,37.156,20900
2012-12-13,37.14,37.2218,36.96,37.07,15300
2012-12-14,36.99,37.05,36.958,36.99,4300
2012-12-17,36.99,37.2,36.99,37.2,29500
2012-12-18,37.32,37.59,37.3161,37.58,27900
2012-12-19,37.68,37.68,37.482,37.482,44000
2012-12-20,37.58,37.66,37.5,37.65,39600
2012-12-21,37.29,37.49,37.26,37.44,35000
2012-12-24,37.41,37.41,37.31,37.33,5200
2012-12-26,38.0,38.0,36.92,36.98,38900
2012-12-27,36.98,37.01,36.674,36.8561,7200
2012-12-28,36.85,36.89,36.68,36.74,40500
2012-12-31,36.72,37.2,36.72,37.17,41400
2013-01-02,37.77,37.8799,37.64,37.76,61400
2013-01-03,37.84,37.942,37.706,37.79,30700
2013-01-04,37.81,37.97,37.7886,37.9301,10800
2013-01-07,37.79,37.862,37.716,37.83,27800
2013-01-08,37.78,37.8,37.6101,37.7129,22100
2013-01-09,37.81,37.9,37.786,37.85,17400
2013-01-10,38.01,38.08,37.8701,38.07,26900
2013-01-11,38.05,38.1,37.9816,38.1,35000
2013-01-14,38.08,38.13,37.998,38.09,34600
2013-01-15,37.97,38.146,37.9001,38.13,25300
2013-01-16,38.19,38.19,37.97,38.08,17500
2013-01-17,38.3,38.3699,38.207,38.32,38300
2013-01-18,38.2799,38.37,38.2028,38.37,13700
2013-01-22,38.34,38.49,38.2899,38.49,37400
2013-01-23,38.5,38.53,38.424,38.51,27000
2013-01-24,38.62,38.71,38.496,38.58,59800
2013-01-25,38.69,38.78,38.6268,38.76,13700
2013-01-28,38.78,38.78,38.61,38.71,34800
2013-01-29,38.71,38.86,38.6798,38.85,36500
2013-01-30,38.83,38.88,38.6933,38.72,12300
2013-01-31,38.66,38.77,38.66,38.73,11700
2013-02-01,38.87,39.02,38.85,38.96,55400
2013-02-04,38.76,38.77,38.53,38.54,33500
2013-02-05,38.7,38.852,38.69,38.78,14800
2013-02-06,38.69,38.83,38.68,38.83,16300
2013-02-07,38.76,38.8,38.543,38.67,15800
2013-02-08,38.78,38.9,38.78,38.86,20000
2013-02-11,38.95,38.95,38.8099,38.88,11200
2013-02-12,38.97,39.03,38.82,38.98,12100
2013-02-13,39.1,39.1,38.9599,39.03,10900
2013-02-14,38.9599,39.044,38.91,39.03,13200
2013-02-15,39.05,39.06,38.88,38.96,12800
2013-02-19,39.32,39.32,39.11,39.23,25400
2013-02-20,39.25,39.3099,38.8301,38.85,22300
2013-02-21,38.67,38.67,38.4156,38.52,28200
2013-02-22,38.67,38.83,38.6201,38.83,37800
2013-02-25,39.03,39.03,38.24,38.24,22200
2013-02-26,38.42,38.49,38.2222,38.4399,9800
2013-02-27,38.5,38.897,38.428,38.86,28100
2013-02-28,38.83,39.03,38.81,38.81,94800
2013-03-01,38.73,38.85,38.5,38.82,53500
2013-03-04,38.79,38.94,38.75,38.94,49800
2013-03-05,39.13,39.33,39.13,39.28,21700
2013-03-06,39.41,39.45,39.23,39.33,30300
2013-03-07,39.61,39.61,39.35,39.41,37400
2013-03-08,39.52,39.57,39.39,39.5399,54500
2013-03-11,39.52,39.62,39.46,39.62,20300
2013-03-12,39.79,39.79,39.4406,39.49,55200
2013-03-13,39.53,39.6,39.39,39.52,95100
2013-03-14,39.66,39.7953,39.66,39.7702,8700
2013-03-15,39.85,39.85,39.69,39.77,38400
2013-03-18,39.46,39.7,39.39,39.56,37500
2013-03-19,39.62,39.67,39.28,39.41,17700
2013-03-20,39.67,39.74,39.61,39.71,95700
2013-03-21,39.5,39.59,39.43,39.43,22700
2013-03-22,39.56,39.64,39.5385,39.63,16200
2013-03-25,39.72,39.78,39.364,39.52,46800
2013-03-26,39.6,39.69,39.544,39.69,22300
2013-03-27,39.46,39.65,39.41,39.649,47800
2013-03-28,39.69,39.8,39.6799,39.78,21800
2013-04-01,39.73,39.73,39.472,39.55,25300
2013-04-02,39.57,39.6696,39.5,39.55,44200
2013-04-03,39.58,39.63,39.18,39.22,65400
2013-04-04,39.29,39.42,39.25,39.42,13800
2013-04-05,39.05,39.33,39.0,39.31,89200
2013-04-08,39.31,39.5,39.246,39.5,12600
2013-04-09,39.55,39.6897,39.406,39.59,104900
2013-04-10,39.74,40.024,39.74,40.0001,37700
2013-04-11,40.09,40.27,40.05,40.16,88000
2013-04-12,40.09,40.09,39.89,40.03,83500
2013-04-15,39.87,39.87,39.2664,39.3,82100
2013-04-16,39.53,39.77,39.4888,39.72,35600
2013-04-17,39.48,39.48,39.0484,39.201,48500
2013-04-18,39.24,39.24,39.0,39.0599,19900
2013-04-19,39.25,39.37,39.1199,39.37,34500
2013-04-22,39.42,39.5299,39.299,39.47,18400
2013-04-23,39.7,39.88,39.66,39.88,92600
2013-04-24,39.92,40.06,39.902,39.99,35900
2013-04-25,40.09,40.29,40.07,40.16,51600
2013-04-26,40.18,40.18,40.01,40.07,3800
2013-04-29,40.26,40.45,40.21,40.38,48100
2013-04-30,40.41,40.52,40.3,40.52,31400
2013-05-01,40.49,40.49,40.143,40.143,8000
2013-05-02,40.24,40.47,40.2229,40.45,78100
2013-05-03,40.74,40.896,40.72,40.81,59900
2013-05-06,40.75,40.8834,40.75,40.87,16800
2013-05-07,40.9,41.05,40.8586,41.02,82400
2013-05-08,41.09,41.23,41.0599,41.23,63300
2013-05-09,41.2,41.22,40.971,41.01,62000
2013-05-10,41.08,41.15,41.0,41.15,46900
2013-05-13,41.12,41.162,41.0101,41.1,42700
2013-05-14,41.14,41.4,41.14,41.4,32900
2013-05-15,41.36,41.58,41.311,41.56,33900
2013-05-16,41.47,41.57,41.33,41.4,39200
2013-05-17,41.52,41.68,41.4439,41.68,31000
2013-05-20,41.69,41.81,41.6301,41.73,33800
2013-05-21,41.72,41.86,41.621,41.8,38600
2013-05-22,41.83,42.1001,41.2795,41.36,21900
2013-05-23,40.87,41.21,40.86,41.18,46400
2013-05-24,40.95,41.07,40.821,41.07,24400
2013-05-28,41.44,41.54,41.1597,41.19,54600
2013-05-29,41.01,41.03,40.7501,40.96,17900
2013-05-30,41.12,41.197,41.0551,41.13,52900
2013-05-31,41.16,41.16,40.56,40.56,27300
2013-06-03,40.66,40.72,40.44,40.72,28200
2013-06-04,40.8,40.86,40.439,40.631,13600
2013-06-05,40.43,40.43,40.0,40.05,63100
2013-06-06,40.0,40.32,39.92,40.32,13900
2013-06-07,40.49,40.72,40.37,40.72,7800
2013-06-10,40.8,40.8,40.64,40.72,17400
2013-06-11,40.32,40.54,40.2,40.31,30000
2013-06-12,40.57,40.57,40.079,40.08,27800
2013-06-13,40.06,40.65,40.031,40.64,37400
2013-06-14,40.59,40.687,40.32,40.42,37400
2013-06-17,40.75,40.85,40.53,40.66,51600
2013-06-18,40.75,41.0,40.7401,40.95,24400
2013-06-19,40.98,40.98,40.3981,40.43,35800
2013-06-20,39.9,39.9,39.32,39.41,58500
2013-06-21,39.64,39.64,39.11,39.41,21100
2013-06-24,38.95,39.161,38.624,39.049,64000
2013-06-25,39.29,39.42,39.0462,39.359,18900
2013-06-26,39.7,39.7,39.4701,39.64,88400
2013-06-27,39.86,40.032,39.86,39.97,15000
2013-06-28,39.85,39.992,39.8495,39.9699,30200
2013-07-01,40.05,40.279,40.05,40.1,48200
2013-07-02,39.76,39.9359,39.592,39.68,20400
2013-07-03,39.6,39.77,39.49,39.71,19700
2013-07-05,39.92,39.94,39.68,39.94,38500
2013-07-08,40.13,40.2124,40.08,40.14,25000
2013-07-09,40.5,40.5,40.191,40.4,13100
2013-07-10,40.39,40.5,40.33,40.42,20200
2013-07-11,40.93,41.04,40.8301,41.0333,47900
2013-07-12,41.0,41.05,40.926,41.04,36000
2013-07-15,41.05,41.19,41.03,41.179,21100
2013-07-16,41.2,41.501,41.0,41.07,28200
2013-07-17,41.44,41.44,41.18,41.21,9500
2013-07-18,41.33,41.45,41.33,41.4,42600
2013-07-19,41.35,41.45,41.29,41.45,24200
2013-07-22,41.52,41.599,41.494,41.57,22200
2013-07-23,41.67,41.67,41.526,41.55,32100
2013-07-24,41.63,41.67,41.301,41.39,20200
2013-07-25,41.3,41.49,41.22,41.49,12700
2013-07-26,41.28,41.4,41.13,41.4,10500
2013-07-29,41.22,41.3,41.161,41.21,19200
2013-07-30,41.33,41.33,41.1535,41.25,17700
2013-07-31,41.35,41.514,41.231,41.31,26200
2013-08-01,41.58,41.77,41.58,41.731,31900
2013-08-02,41.74,41.85,41.68,41.85,14200
2013-08-05,41.77,41.82,41.71,41.82,12200
2013-08-06,41.8,41.8,41.55,41.63,26200
2013-08-07,41.49,41.519,41.3401,41.44,28400
2013-08-08,41.628,41.7,41.44,41.66,19900
2013-08-09,41.61,41.7,41.511,41.63,31400
2013-08-12,41.47,41.64,41.47,41.58,19600
2013-08-13,41.7,42.28,41.5,41.71,61400
2013-08-14,41.64,41.6841,41.56,41.5604,22500
2013-08-15,41.25,41.25,40.9999,41.1,33000
2013-08-16,41.08,41.18,40.95,41.031,25000
2013-08-19,40.99,41.0,40.76,40.76,8800
2013-08-20,40.72,41.0,40.71,40.95,9100
2013-08-21,40.82,40.93,40.63,40.64,13600
2013-08-22,40.8099,41.0,40.7601,40.9301,6400
2013-08-23,41.11,41.16,40.959,41.16,15800
2013-08-26,41.07,41.23,41.05,41.05,11300
2013-08-27,40.68,40.72,40.41,40.4518,23400
2013-08-28,40.4356,40.602,40.4342,40.47,9000
2013-08-29,40.539,40.7,40.53,40.53,13300
2013-08-30,40.91,40.91,40.25,40.25,7100
2013-09-03,40.71,40.79,40.35,40.48,17600
2013-09-04,40.58,40.82,40.51,40.81,23300
2013-09-05,40.78,40.9,40.78,40.83,32100
2013-09-06,40.98,41.07,40.68,40.91,10500
2013-09-09,41.07,41.37,41.07,41.37,22800
2013-09-10,41.59,41.64,41.48,41.63,10000
2013-09-11,41.57,41.7501,41.56,41.729,10000
2013-09-12,41.69,41.7508,41.6101,41.63,19200
2013-09-13,41.57,41.7496,41.57,41.71,27000
2013-09-16,42.16,42.1658,41.91,41.97,12700
2013-09-17,41.99,42.11,41.99,42.09,14300
2013-09-18,42.12,42.81,42.0301,42.74,23300
2013-09-19,42.82,42.82,42.58,42.64,39300
2013-09-20,42.63,42.649,42.38,42.38,12500
2013-09-23,42.4,42.4,42.1299,42.27,13300
2013-09-24,42.22,42.41,42.1384,42.318,8000
2013-09-25,42.25,42.329,42.15,42.28,13600
2013-09-26,42.3799,42.3799,42.19,42.29,34900
2013-09-27,42.12,42.23,42.12,42.214,5600
2013-09-30,41.85,42.064,41.8,41.9899,18400
2013-10-01,42.13,42.38,42.13,42.38,11500
2013-10-02,42.02,42.17,41.8871,42.17,7000
2013-10-03,42.0801,42.11,41.78,41.9,44700
2013-10-04,41.9,42.1101,41.86,42.08,19300
2013-10-07,41.75,41.92,41.71,41.7828,23500
2013-10-08,41.77,41.7936,41.36,41.37,23600
2013-10-09,41.43,41.4896,41.2155,41.4147,14000
2013-10-10,41.81,42.14,41.8,42.14,31300
2013-10-11,41.86,42.36,41.86,42.36,55200
2013-10-14,42.19,42.5,42.12,42.4752,16900
2013-10-15,42.41,42.47,42.218,42.24,27200
2013-10-16,42.43,42.67,42.42,42.67,34000
2013-10-17,42.6,43.0,42.6,43.0,22200
2013-10-18,43.11,43.25,43.07,43.24,15800
2013-10-21,43.26,43.27,43.19,43.247,17200
2013-10-22,43.43,43.631,43.43,43.5,22900
2013-10-23,43.33,43.33,43.1401,43.31,12800
2013-10-24,43.39,43.45,43.28,43.43,42300
2013-10-25,43.44,43.49,43.359,43.49,18800
2013-10-28,43.48,43.55,43.4,43.44,15600
2013-10-29,43.57,43.65,43.5213,43.65,26900
2013-10-30,43.71,43.71,43.3604,43.46,10300
2013-10-31,43.44,43.55,43.2999,43.34,12900
2013-11-01,43.32,43.35,43.09,43.31,16600
2013-11-04,43.4,43.5,43.3501,43.4999,31500
2013-11-05,43.28,43.36,43.14,43.28,28600
2013-11-06,43.5,43.55,43.362,43.43,12900
2013-11-07,43.43,43.44,42.9,42.9,43800
2013-11-08,42.86,43.212,42.86,43.212,28100
2013-11-11,43.27,43.34,43.23,43.32,10200
2013-11-12,43.25,43.2701,43.1001,43.2299,13200
2013-11-13,43.04,43.47,43.0244,43.469,16200
2013-11-14,43.53,43.7,43.53,43.7,39100
2013-11-15,43.8,43.9,43.73,43.88,19400
2013-11-18,44.02,44.0399,43.741,43.77,77500
2013-11-19,43.75,43.81,43.63,43.63,6100
2013-11-20,43.72,43.82,43.42,43.42,53200
2013-11-21,43.59,43.84,43.59,43.84,9300
2013-11-22,43.82,43.97,43.79,43.97,16800
2013-11-25,43.99,43.99,43.8201,43.87,14200
2013-11-26,43.88,43.97,43.8296,43.9002,72700
2013-11-27,43.98,44.01,43.9101,44.009,9800
2013-11-29,44.05,44.1324,44.0,44.0,9900
2013-12-02,43.96,44.03,43.8,43.81,13000
2013-12-03,43.69,43.74,43.5301,43.66,11200
2013-12-04,43.41,43.659,43.3201,43.55,19500
2013-12-05,43.49,43.519,43.39,43.39,39100
2013-12-06,43.73,43.86,43.67,43.83,36900
2013-12-09,43.84,43.9042,43.83,43.84,30000
2013-12-10,43.96,43.96,43.76,43.79,23300
2013-12-11,43.85,43.85,43.33,43.33,13800
2013-12-12,43.22,43.3,43.08,43.15,91500
2013-12-13,43.26,43.26,43.1242,43.23,38500
2013-12-16,43.43,43.53,43.4299,43.48,45200
2013-12-17,43.46,43.46,43.27,43.39,65100
2013-12-18,43.45,43.93,43.298,43.93,37800
2013-12-19,43.81,43.85,43.7425,43.83,26100
2013-12-20,43.87,44.11,43.87,44.07,45800
2013-12-23,44.26,44.37,44.241,44.34,29700
2013-12-24,44.37,44.43,44.3,44.43,29900
2013-12-26,44.59,44.59,44.51,44.58,17400
2013-12-27,44.49,44.49,44.4,44.42,12800
2013-12-30,44.45,44.52,44.42,44.52,25000
2013-12-31,44.57,44.64,44.54,44.61,29800
2014-01-02,44.42,44.42,44.07,44.15,29200
2014-01-03,44.22,44.289,44.11,44.18,30800
2014-01-06,44.29,44.29,44.05,44.12,37000
2014-01-07,44.22,44.35,44.2,44.32,32400
2014-01-08,44.31,44.359,44.24,44.3,16600
2014-01-09,44.4,44.4,44.17,44.34,22000
2014-01-10,44.5,44.57,44.35,44.57,37500
2014-01-13,44.52,44.52,44.032,44.08,99900
2014-01-14,44.27,44.4999,44.1681,44.49,22700
2014-01-15,44.88,44.88,44.57,44.67,30700
2014-01-16,44.64,44.64,44.529,44.591,41700
2014-01-17,44.63,44.63,44.4518,44.47,37900
2014-01-21,44.66,44.73,44.432,44.61,125400
2014-01-22,44.72,44.72,44.56,44.7,86600
2014-01-23,44.55,44.55,44.23,44.352,41900
2014-01-24,44.02,44.02,43.52,43.54,41400
2014-01-27,43.58,43.5896,43.1,43.3,132900
2014-01-28,43.38,43.58,43.38,43.53,27900
2014-01-29,43.18,43.4399,43.12,43.18,22200
2014-01-30,43.4,43.598,43.3601,43.53,59100
2014-01-31,43.06,43.47,43.06,43.26,38700
2014-02-03,43.38,43.38,42.3,42.32,61900
2014-02-04,42.6,42.75,42.43,42.6725,21800
2014-02-05,42.53,42.7084,42.43,42.65,18400
2014-02-06,42.87,43.18,42.87,43.18,14000
2014-02-07,43.45,43.596,43.2632,43.594,21400
2014-02-10,43.6,43.6,43.4301,43.6,19000
2014-02-11,43.6668,44.1001,43.662,44.06,18900
2014-02-12,44.16,44.25,44.036,44.11,22100
2014-02-13,43.86,44.36,43.86,44.33,41400
2014-02-14,44.33,44.56,44.28,44.52,17800
2014-02-18,44.66,44.6999,44.4803,44.68,43000
2014-02-19,44.64,44.779,44.41,44.42,38600
2014-02-20,44.44,44.63,44.3336,44.62,15200
2014-02-21,44.75,44.78,44.6,44.6,32300
2014-02-24,44.76,45.1,44.76,44.87,50900
2014-02-25,44.91,44.94,44.7501,44.79,26700
2014-02-26,44.835,44.95,44.78,44.8,22500
2014-02-27,44.86,45.03,44.8,45.03,15400
2014-02-28,45.07,45.262,44.91,45.09,27100
2014-03-03,44.73,44.79,44.48,44.67,30400
2014-03-04,44.94,45.35,44.94,45.33,56400
2014-03-05,45.22,45.3299,45.2101,45.274,21600
2014-03-06,45.41,45.5396,45.4001,45.46,21400
2014-03-07,45.58,45.58,45.2055,45.3102,28500
2014-03-10,45.28,45.28,45.0207,45.18,12200
2014-03-11,45.27,45.304,44.9,44.96,23700
2014-03-12,44.8,44.97,44.69,44.97,12100
2014-03-13,45.1,45.1,44.3896,44.43,28200
2014-03-14,44.4,44.64,44.3997,44.48,29300
2014-03-17,44.64,44.87,44.64,44.81,14300
2014-03-18,44.79,45.1636,44.79,45.1,30300
2014-03-19,45.15,45.15,44.63,44.75,38300
2014-03-20,44.64,44.86,44.5096,44.84,45500
2014-03-21,45.06,45.16,44.8,44.8,10900
2014-03-24,45.03,45.03,44.5204,44.72,21200
2014-03-25,44.97,45.03,44.769,44.91,26800
2014-03-26,45.2,45.2,44.741,44.76,18400
2014-03-27,44.79,44.87,44.66,44.78,19100
2014-03-28,44.98,45.18,44.9503,45.0,19700
2014-03-31,45.29,45.39,45.22,45.36,15100
2014-04-01,45.52,45.65,45.45,45.51,32500
2014-04-02,45.67,45.67,45.4799,45.62,14500
2014-04-03,45.7,45.7,45.34,45.5058,20000
2014-04-04,45.77,45.77,45.11,45.16,23300
2014-04-07,45.13,45.13,44.726,44.83,35100
2014-04-08,44.84,45.04,44.6916,44.961,23700
2014-04-09,45.08,45.4,45.024,45.4,40500
2014-04-10,45.4,45.4,44.604,44.69,22000
2014-04-11,44.5,44.69,44.32,44.3799,33200
2014-04-14,44.65,44.7282,44.3,44.53,49600
2014-04-15,44.61,44.68,44.114,44.6,42800
2014-04-16,44.92,45.04,44.78,45.01,32800
2014-04-17,45.07,45.23,44.9601,45.17,75500
2014-04-21,45.23,45.24,45.077,45.21,48100
2014-04-22,45.33,45.47,45.23,45.41,34800
2014-04-23,45.31,45.3799,45.23,45.309,14200
2014-04-24,45.46,45.46,45.09,45.37,19800
2014-04-25,45.25,45.25,44.923,45.01,19700
2014-04-28,45.07,45.2399,44.73,45.07,31800
2014-04-29,45.28,45.334,45.23,45.28,16200
2014-04-30,45.26,45.4,45.1701,45.4,11300
2014-05-01,45.47,45.56,45.354,45.5,25000
2014-05-02,45.48,45.66,45.401,45.5,12700
2014-05-05,45.32,45.51,45.22,45.51,10500
2014-05-06,45.3,45.46,45.2401,45.28,16100
2014-05-07,45.37,45.47,45.11,45.47,24600
2014-05-08,45.5,45.696,45.342,45.39,13000
2014-05-09,45.2364,45.42,45.2364,45.42,13800
2014-05-12,45.54,45.8296,45.54,45.81,24200
2014-05-13,45.93,45.93,45.8,45.83,22600
2014-05-14,45.86,45.86,45.61,45.7,14400
2014-05-15,45.64,45.64,45.211,45.44,32400
2014-05-16,45.52,45.61,45.339,45.61,14300
2014-05-19,45.53,45.7299,45.53,45.71,19200
2014-05-20,45.65,45.65,45.2604,45.39,16500
2014-05-21,45.46,45.6201,45.46,45.6201,16800
2014-05-22,45.72,45.83,45.689,45.764,11300
2014-05-23,45.68,45.96,45.68,45.96,16100
2014-05-27,46.15,46.17,46.0501,46.12,23400
2014-05-28,46.06,46.18,46.03,46.17,43200
2014-05-29,46.4,46.4,46.125,46.2799,16000
2014-05-30,46.26,46.28,46.17,46.27,23100
2014-06-02,46.39,46.39,46.16,46.31,20600
2014-06-03,46.25,46.3,46.192,46.29,12400
2014-06-04,46.22,46.34,46.21,46.34,8900
2014-06-05,46.36,46.72,46.29,46.72,22100
2014-06-06,46.87,46.92,46.805,46.89,31700
2014-06-09,46.9,47.02,46.85,46.928,15600
2014-06-10,46.93,46.93,46.779,46.9,13300
2014-06-11,46.78,46.78,46.641,46.74,24700
2014-06-12,47.04,47.04,46.51,46.547,16200
2014-06-13,46.65,46.68,46.57,46.66,52800
2014-06-16,46.83,46.83,46.506,46.65,16400
2014-06-17,46.6,46.77,46.58,46.74,17500
2014-06-18,46.8,47.12,46.69,47.0788,23500
2014-06-19,47.31,47.31,47.02,47.13,43000
2014-06-20,47.39,47.39,47.09,47.19,30500
2014-06-23,47.2,47.2,47.04,47.13,25300
2014-06-24,47.28,47.28,46.87,46.89,21400
2014-06-25,46.85,47.06,46.85,47.05,27600
2014-06-26,47.1,47.1,46.81,47.01,34600
2014-06-27,46.97,47.15,46.9666,47.15,22300
2014-06-30,47.15,47.19,47.089,47.19,13800
2014-07-01,47.61,47.61,47.32,47.52,20900
2014-07-02,47.1,47.1,46.9753,47.0,19100
2014-07-03,47.01,47.23,47.01,47.23,22500
2014-07-07,47.23,47.23,46.91,46.944,24100
2014-07-08,46.91,46.93,46.594,46.69,23600
2014-07-09,46.77,46.85,46.63,46.85,28300
2014-07-10,46.35,46.66,46.2,46.53,29000
2014-07-11,46.5,46.61,46.43,46.59,13100
2014-07-14,46.91,46.91,46.77,46.79,25600
2014-07-15,46.87,46.87,46.5517,46.7,74700
2014-07-16,46.95,46.95,46.71,46.84,24300
2014-07-17,46.69,46.78,46.2682,46.33,40300
2014-07-18,46.41,46.77,46.41,46.77,14300
2014-07-21,46.66,46.69,46.48,46.62,42500
2014-07-22,46.89,46.95,46.84,46.89,26900
2014-07-23,47.0,47.0,46.8769,46.93,18400
2014-07-24,47.0,47.0299,46.9201,46.98,23400
2014-07-25,46.89,46.89,46.7,46.78,16000
2014-07-28,46.83,46.85,46.57,46.79,90000
2014-07-29,46.9,46.9,46.65,46.65,55000
2014-07-30,46.7456,46.77,46.47,46.61,15900
2014-07-31,46.3,46.3,45.81,45.84,60800
2014-08-01,45.8,45.9,45.5699,45.75,25300
2014-08-04,46.16,46.16,45.621,46.01,26900
2014-08-05,45.84,45.89,45.48,45.62,25000
2014-08-06,45.55,45.69,45.39,45.58,13600
2014-08-07,46.18,46.18,45.29,45.37,30000
2014-08-08,45.39,45.6799,45.37,45.6701,13100
2014-08-11,45.9,46.0712,45.87,45.95,26100
2014-08-12,45.92,45.97,45.76,45.85,25200
2014-08-13,45.98,46.19,45.98,46.16,54500
2014-08-14,46.3,46.31,46.2,46.31,14200
2014-08-15,46.5,46.5043,46.08,46.3,23600
2014-08-18,46.41,46.65,46.41,46.61,12400
2014-08-19,46.78,46.85,46.751,46.85,19200
2014-08-20,46.76,46.87,46.6922,46.86,25800
2014-08-21,46.84,46.97,46.8,46.9,14600
2014-08-22,46.95,46.95,46.694,46.83,18100
2014-08-25,47.03,47.08,46.9904,47.0,14500
2014-08-26,47.11,47.2,47.08,47.11,31100
2014-08-27,47.22,47.22,47.082,47.1,26300
2014-08-28,46.98,47.04,46.9217,47.03,9900
2014-08-29,47.13,47.13,46.98,47.12,12200
2014-09-02,47.18,47.2,47.0201,47.16,12500
2014-09-03,47.44,47.44,47.2,47.22,15100
2014-09-04,47.32,47.397,46.92,46.92,47100
2014-09-05,47.02,47.27,47.0,47.27,26600
2014-09-08,47.19,47.2,46.9703,47.08,25100
2014-09-09,47.13,47.13,46.73,46.76,39100
2014-09-10,46.68,46.85,46.6199,46.844,55200
2014-09-11,46.68,46.8299,46.6376,46.8299,22500
2014-09-12,46.82,46.82,46.42,46.54,22200
2014-09-15,46.54,46.54,46.334,46.41,23000
2014-09-16,46.29,46.78,46.29,46.67,21500
2014-09-17,46.68,46.83,46.58,46.8,27800
2014-09-18,46.8,46.8,46.68,46.78,28200
2014-09-19,46.84,46.88,46.56,46.65,25800
2014-09-22,46.59,46.59,46.2201,46.29,12979
2014-09-23,46.16,46.24,46.009,46.01,19990
2014-09-24,46.08,46.29,45.911,46.26,35588
2014-09-25,46.14,46.14,45.6186,45.7076,32546
2014-09-26,45.7,45.9599,45.67,45.93,29260
2014-09-29,45.54,45.7399,45.48,45.73,14493
2014-09-30,45.74,45.78,45.5099,45.57,28753
2014-10-01,45.79,45.79,45.02,45.11,65294
2014-10-02,44.91,45.0448,44.48,44.919,86463
2014-10-03,45.01,45.2,44.96,45.17,28643
2014-10-06,45.61,45.61,45.125,45.22,18182
2014-10-07,45.07,45.0899,44.662,44.662,33274
2014-10-08,44.72,45.3225,44.521,45.31,21003
2014-10-09,44.9,45.16,44.4599,44.4708,25748
2014-10-10,44.43,44.43,43.92,43.92,28559
2014-10-13,44.07,44.24,43.65,43.65,59611
2014-10-14,43.93,44.1684,43.72,43.81,38452
2014-10-15,43.52,43.75,42.91,43.66,62359
2014-10-16,42.94,43.82,42.94,43.65,28556
2014-10-17,44.05,44.23,43.9136,44.08,44932
2014-10-20,44.05,44.417,44.05,44.41,13147
2014-10-21,44.6,45.021,44.6,45.01,30436
2014-10-22,45.09,45.14,44.7187,44.72,45317
2014-10-23,45.01,45.33,45.01,45.11,75129
2014-10-24,45.13,45.35,45.13,45.35,27721
2014-10-27,45.28,45.28,45.0,45.27,41708
2014-10-28,45.4,45.79,45.4,45.77,32173
2014-10-29,45.85,45.91,45.51,45.7165,26690
2014-10-30,45.64,46.032,45.56,45.8954,59334
2014-10-31,46.35,46.46,46.26,46.46,44423
2014-11-03,46.45,46.48,46.31,46.33,63415
2014-11-04,46.16,46.2673,46.03,46.24,32928
2014-11-05,46.4,46.4,46.1955,46.34,21074
2014-11-06,46.34,46.347,46.2621,46.347,16861
2014-11-07,46.35,46.4087,46.22,46.39,45569
2014-11-10,46.46,46.5697,46.46,46.52,40897
2014-11-11,46.51,46.5899,46.45,46.5899,25647
2014-11-12,46.44,46.521,46.413,46.51,22046
2014-11-13,46.43,46.6695,46.39,46.52,51876
2014-11-14,46.49,46.55,46.4275,46.55,20628
2014-11-17,46.44,46.49,46.37,46.44,58146
2014-11-18,46.33,46.78,46.33,46.68,75182
2014-11-19,46.71,46.71,46.47,46.54,24358
2014-11-20,46.43,46.64,46.43,46.62,25187
2014-11-21,46.95,47.09,46.88,46.98,27634
2014-11-24,47.09,47.12,47.03,47.12,30694
2014-11-25,47.22,47.22,47.04,47.12,40433
2014-11-26,47.23,47.27,47.1301,47.27,20047
2014-11-28,47.08,47.14,47.04,47.05,12260
2014-12-01,46.95,46.95,46.6228,46.67,105094
2014-12-02,46.7,46.887,46.69,46.86,35471
2014-12-03,46.86,47.03,46.86,47.01,35987
2014-12-04,47.0,47.049,46.82,46.96,28231
2014-12-05,47.03,47.08,46.92,47.0,33379
2014-12-08,46.91,46.99,46.6,46.7,83749
2014-12-09,46.36,46.7,46.25,46.7,58449
2014-12-10,46.52,46.52,46.0,46.05,107672
2014-12-11,46.24,46.482,46.06,46.12,378750
2014-12-12,45.99,46.02,45.54,45.55,112791
2014-12-15,45.74,45.96,44.97,45.14,95936
2014-12-16,45.17,45.67,44.8702,45.0,59659
2014-12-17,45.29,45.88,45.2426,45.83,68049
2014-12-18,46.25,46.56,46.14,46.56,62325
2014-12-19,46.67,46.82,46.5001,46.6901,68435
2014-12-22,46.69,46.92,46.69,46.92,34182
2014-12-23,46.92,46.99,46.86,46.94,131396
2014-12-24,47.0,47.05,46.9516,47.0,48366
2014-12-26,46.72,46.93,46.72,46.81,57985
2014-12-29,46.8,46.9,46.76,46.77,32597
2014-12-30,46.78,46.78,46.6,46.65,65590
2014-12-31,46.78,46.78,46.28,46.28,59260
2015-01-02,46.48,46.5,46.03,46.23,58498
2015-01-05,45.95,45.95,45.45,45.5,129864
2015-01-06,45.61,45.6499,45.0,45.192,50892
2015-01-07,45.57,45.7,45.3901,45.6299,97075
2015-01-08,46.17,46.312,46.02,46.24,103303
2015-01-09,46.4,46.4,45.9599,46.082,46613
2015-01-12,46.15,46.16,45.72,45.85,199982
2015-01-13,46.21,46.38,45.56,45.83,30094
2015-01-14,45.56,45.7599,45.38,45.72,83369
2015-01-15,45.93,45.93,45.54,45.54,285564
2015-01-16,45.6,46.0268,45.54,46.0268,84677
2015-01-20,46.24,46.24,45.81,46.03,153719
2015-01-21,46.05,46.3438,45.95,46.3,45677
2015-01-22,46.53,46.899,46.27,46.84,52222
2015-01-23,46.88,46.88,46.63,46.63,134281
2015-01-26,46.8,46.95,46.66,46.94,69821
2015-01-27,46.65,46.82,46.5301,46.69,28847
2015-01-28,46.94,46.94,46.18,46.21,55440
2015-01-29,46.39,46.58,46.0799,46.549,38513
2015-01-30,46.25,46.384,45.936,45.96,46830
2015-02-02,46.31,46.33,45.77,46.33,40847
2015-02-03,46.39,46.73,46.28,46.7,81127
2015-02-04,46.6,46.78,46.51,46.5201,28903
2015-02-05,46.85,47.0,46.51,47.0,27716
2015-02-06,46.93,46.93,46.5664,46.65,36666
2015-02-09,46.5,46.596,46.3401,46.48,40665
2015-02-10,46.7,46.8,46.532,46.8,25996
2015-02-11,46.66,46.7465,46.5,46.67,34368
2015-02-12,46.82,47.1818,46.82,47.18,37994
2015-02-13,47.35,47.5,47.231,47.36,32341
2015-02-17,47.15,47.44,47.15,47.3401,31977
2015-02-18,47.22,47.52,47.22,47.48,21895
2015-02-19,47.39,47.63,47.36,47.5499,145833
2015-02-20,47.56,47.88,47.35,47.88,39236
2015-02-23,47.86,47.86,47.62,47.76,78704
2015-02-24,47.85,48.039,47.74,47.89,69433
2015-02-25,47.8,48.05,47.8,47.9485,31522
2015-02-26,48.0,48.02,47.75,47.82,25203
2015-02-27,47.97,47.9999,47.7949,47.88,49749
2015-03-02,48.03,48.03,47.79,47.86,66187
2015-03-03,48.0,48.0,47.62,47.75,29292
2015-03-04,47.75,47.75,47.31,47.6,35994
2015-03-05,47.84,47.84,47.52,47.67,48167
2015-03-06,47.6,47.6,47.0,47.0399,32157
2015-03-09,47.24,47.25,47.05,47.19,73033
2015-03-10,46.89,46.89,46.5,46.53,47830
2015-03-11,46.63,46.66,46.47,46.58,35373
2015-03-12,46.63,47.04,46.63,47.04,56330
2015-03-13,46.97,46.97,46.53,46.8,83940
2015-03-16,47.0,47.24,46.9938,47.24,29842
2015-03-17,47.11,47.23,46.97,47.2,25992
2015-03-18,47.14,47.9006,47.0601,47.78,24382
2015-03-19,47.58,47.7,47.4201,47.51,22495
2015-03-20,47.78,48.22,47.78,48.04,24938
2015-03-23,48.15,48.2899,48.09,48.21,70529
2015-03-24,48.22,48.26,48.07,48.11,41928
2015-03-25,48.29,48.29,47.63,47.67,57051
2015-03-26,47.52,47.52,47.2101,47.43,44847
2015-03-27,47.33,47.54,47.31,47.54,19635
2015-03-30,47.82,48.01,47.6742,47.81,60166
2015-03-31,47.69,47.7,47.3901,47.5,46403
2015-04-01,48.0,48.0,47.369,47.5299,22571
2015-04-02,47.54,47.73,47.54,47.69,20981
2015-04-06,47.58,48.17,47.58,48.01,56984
2015-04-07,48.11,48.1525,47.865,47.91,43485
2015-04-08,48.1,48.2399,47.959,48.12,26123
2015-04-09,48.19,48.2499,48.01,48.23,36861
2015-04-10,48.4,48.4,48.22,48.37,29866
2015-04-13,48.45,48.45,48.1201,48.17,54240
2015-04-14,48.19,48.3925,48.19,48.35,38396
2015-04-15,48.56,48.65,48.41,48.48,60307
2015-04-16,48.54,48.7098,48.42,48.61,29695
2015-04-17,48.44,48.51,47.944,48.13,52165
2015-04-20,48.41,48.41,48.15,48.32,45368
2015-04-21,48.43,48.669,48.37,48.37,37938
2015-04-22,48.44,48.58,48.3,48.46,26373
2015-04-23,48.5,48.83,48.432,48.75,25174
2015-04-24,48.89,48.9,48.75,48.79,21179
2015-04-27,49.07,49.07,48.87,48.87,50085
2015-04-28,48.94,48.96,48.66,48.87,53242
2015-04-29,48.65,48.7647,48.47,48.69,70937
2015-04-30,48.6,48.6,48.1168,48.16,52753
2015-05-01,48.47,48.55,48.266,48.54,36282
2015-05-04,48.74,48.75,48.57,48.59,113206
2015-05-05,48.64,48.65,48.07,48.07,20171
2015-05-06,48.13,48.363,47.8107,47.93,40713
2015-05-07,48.02,48.1,47.84,48.0,20582
2015-05-08,48.48,48.84,48.48,48.71,43352
2015-05-11,48.72,48.72,48.39,48.46,29569
2015-05-12,48.32,48.42,48.1101,48.39,14204
2015-05-13,48.51,48.7488,48.3908,48.49,17736
2015-05-14,48.78,48.9436,48.6965,48.91,24142
2015-05-15,49.0,49.049,48.832,49.0,16143
2015-05-18,49.02,49.1,48.88,49.01,32844
2015-05-19,48.93,48.95,48.77,48.84,24736
2015-05-20,49.04,49.04,48.81,48.88,22381
2015-05-21,48.9,49.072,48.9,49.03,27937
2015-05-22,49.05,49.05,48.86,48.935,41983
2015-05-26,48.9,48.9,48.3501,48.44,37526
2015-05-27,48.62,48.79,48.4799,48.79,23467
2015-05-28,49.65,49.94,48.39,48.67,46124
2015-05-29,48.72,48.72,48.2711,48.283,33492
2015-06-01,48.43,48.6162,48.14,48.35,87333
2015-06-02,48.21,48.4999,48.21,48.37,80773
2015-06-03,48.38,48.57,48.37,48.45,43095
2015-06-04,48.39,48.39,48.05,48.0593,31522
2015-06-05,47.94,47.94,47.63,47.83,55381
2015-06-08,47.88,47.88,47.6,47.71,31820
2015-06-09,47.69,47.69,47.3994,47.54,29620
2015-06-10,47.66,48.18,47.66,48.142,15848
2015-06-11,48.32,48.3206,48.1,48.28,35337
2015-06-12,48.19,48.19,47.939,48.04,33225
2015-06-15,48.77,48.77,47.5895,47.79,30759
2015-06-16,47.66,47.95,47.65,47.94,55506
2015-06-17,48.0,48.03,47.57,47.98,20878
2015-06-18,48.17,48.399,48.07,48.28,69204
2015-06-19,48.18,48.3499,48.1,48.11,55150
2015-06-22,48.5,48.7087,48.49,48.6,44959
2015-06-23,48.76,48.76,48.56,48.68,31805
2015-06-24,48.63,48.63,48.2701,48.37,41931
2015-06-25,48.55,48.55,48.19,48.31,23773
2015-06-26,48.27,48.35,48.1207,48.24,21800
2015-06-29,47.81,47.96,47.22,47.22,33852
2015-06-30,47.55,47.59,47.31,47.43,31346
2015-07-01,47.88,47.88,47.2,47.6,37301
2015-07-02,47.4,47.4,47.08,47.25,31755
2015-07-06,47.24,47.24,46.59,46.77,32819
2015-07-07,46.92,46.92,46.09,46.87,42586
2015-07-08,46.5,46.5,46.067,46.09,52250
2015-07-09,46.72,46.93,46.28,46.38,40787
2015-07-10,46.92,47.119,46.89,47.1,28726
2015-07-13,48.04,48.04,47.2401,47.43,45722
2015-07-14,47.5,47.622,47.429,47.51,19915
2015-07-15,47.7,47.7,47.4185,47.43,20713
2015-07-16,47.76,47.8575,47.7275,47.83,41183
2015-07-17,47.76,47.78,47.67,47.78,41658
2015-07-20,47.84,47.8888,47.66,47.83,20896
2015-07-21,47.7,47.86,47.6,47.72,41940
2015-07-22,47.59,47.59,47.319,47.51,17969
2015-07-23,47.58,47.58,47.28,47.36,23981
2015-07-24,47.28,47.28,46.8564,46.96,27580
2015-07-27,46.73,46.771,46.526,46.67,71333
2015-07-28,46.75,47.08,46.65,47.08,29282
2015-07-29,47.08,47.38,47.03,47.33,62555
2015-07-30,47.25,47.27,47.01,47.2404,158936
2015-07-31,47.43,47.53,47.35,47.42,30838
2015-08-03,47.34,47.34,47.0109,47.16,40911
2015-08-04,47.26,47.365,47.05,47.17,62595
2015-08-05,47.45,47.47,47.22,47.33,47220
2015-08-06,47.26,47.27,46.91,47.02,92118
2015-08-07,47.05,47.05,46.85,46.9392,50498
2015-08-10,47.17,47.51,47.17,47.51,29312
2015-08-11,47.24,47.24,46.83,47.005,26616
2015-08-12,46.67,46.9,46.42,46.85,38760
2015-08-13,46.97,46.99,46.7501,46.9,12865
2015-08-14,46.78,47.01,46.78,47.01,23857
2015-08-17,46.95,47.08,46.66,47.06,43853
2015-08-18,46.94,46.94,46.7301,46.85,21497
2015-08-19,46.77,46.77,46.35,46.589,61681
2015-08-20,46.16,46.2499,45.67,45.67,54661
2015-08-21,45.49,45.5399,44.69,44.76,173284
2015-08-24,43.22,44.211,30.89,43.47,239001
2015-08-25,44.33,45.46,43.15,43.15,55605
2015-08-26,44.36,44.36,43.3601,44.2,55958
2015-08-27,44.87,45.1,44.61,45.07,86227
2015-08-28,44.99,45.09,44.89,45.07,128279
2015-08-31,44.78,44.915,44.7,44.83,34833
2015-09-01,43.99,44.15,43.51,43.71,44330
2015-09-02,44.24,44.24,43.73,44.12,73243
2015-09-03,44.49,44.65,44.19,44.33,66805
2015-09-04,43.71,43.87,43.538,43.74,31464
2015-09-08,44.44,44.51,44.2501,44.51,46827
2015-09-09,45.0,45.0,44.17,44.18,55639
2015-09-10,44.24,44.59,44.1113,44.34,41446
2015-09-11,44.39,44.56,44.17,44.53,26582
2015-09-14,44.47,44.47,44.261,44.38,26227
2015-09-15,44.4,44.75,44.328,44.7,24417
2015-09-16,44.8,45.13,44.76,45.12,43847
2015-09-17,45.16,45.549,44.99,45.21,58974
2015-09-18,44.64,44.87,44.4,44.42,38340
2015-09-21,44.55,44.72,44.378,44.52,34989
2015-09-22,44.17,44.17,43.63,43.95,43890
2015-09-23,44.08,44.08,43.6644,43.81,34973
2015-09-24,43.45,43.7,43.31,43.6042,33482
2015-09-25,44.0768,44.0768,43.6164,43.78,23964
2015-09-28,43.58,43.58,42.92,43.03,52582
2015-09-29,43.04,43.0957,42.79,42.93,34474
2015-09-30,43.46,43.634,43.3331,43.634,95235
2015-10-01,43.72,43.75,43.4,43.68,42796
2015-10-02,43.24,44.2,43.24,44.2,43512
2015-10-05,44.5,44.85,44.5,44.85,85871
2015-10-06,44.91,44.93,44.7,44.83,78736
2015-10-07,45.2,45.29,44.925,45.22,45309
2015-10-08,45.22,45.515,45.0601,45.47,21214
2015-10-09,45.61,45.64,45.4,45.47,27374
2015-10-12,45.54,45.61,45.46,45.5,47182
2015-10-13,45.31,45.4514,45.13,45.22,19110
2015-10-14,45.17,45.35,45.11,45.11,34831
2015-10-15,45.35,45.76,45.3035,45.76,32749
2015-10-16,45.81,45.8699,45.601,45.75,64377
2015-10-19,45.65,45.76,45.55,45.76,39094
2015-10-20,45.61,45.7899,45.54,45.692,45560
2015-10-21,45.79,45.9,45.52,45.52,28179
2015-10-22,45.82,46.13,45.7768,45.96,67995
2015-10-23,46.34,46.45,46.2201,46.38,40743
2015-10-26,46.39,46.39,46.1601,46.27,46355
2015-10-27,46.08,46.12,45.9112,46.04,56710
2015-10-28,46.1,46.3799,45.97,46.34,32907
2015-10-29,46.16,46.18,45.669,46.11,85657
2015-10-30,46.11,46.2293,45.96,46.05,31598
2015-11-02,46.18,46.4299,46.1356,46.39,76528
2015-11-03,46.34,46.5885,46.2201,46.48,73695
2015-11-04,46.63,46.63,46.25,46.31,38284
2015-11-05,46.45,46.45,46.19,46.29,51231
2015-11-06,46.13,46.19,45.9065,46.11,80606
2015-11-09,46.0,46.0,45.5675,45.76,100356
2015-11-10,45.65,45.79,45.5801,45.72,46097
2015-11-11,45.92,45.9524,45.789,45.79,153034
2015-11-12,45.66,45.66,45.33,45.33,102872
2015-11-13,45.34,45.34,44.97,45.008,43791
2015-11-16,45.1,45.49,45.0105,45.49,97418
2015-11-17,45.5,45.71,45.43,45.51,53207
2015-11-18,45.620400000000004,46.0,45.5101,46.0,109012
2015-11-19,45.99,46.16,45.99,46.09,128138
2015-11-20,46.26,46.28,46.09,46.127,144876
2015-11-23,46.13,46.17,45.92,46.01,190230
2015-11-24,45.71,46.12,45.71,46.0,164222
2015-11-25,46.18,46.18,45.9801,46.08,79833
2015-11-27,46.13,46.13,46.0,46.05,10731
2015-11-30,46.05,46.0739,45.905,45.97,154105
2015-12-01,46.26,46.35,46.14,46.35,218025
2015-12-02,46.34,46.35,45.92,46.0,350731
2015-12-03,46.13,46.14,45.4136,45.55,323198
2015-12-04,45.55,46.1299,45.51,46.09,154041
2015-12-07,45.98,45.98,45.66,45.84,154493
2015-12-08,45.36,45.5599,45.2525,45.38,255376
2015-12-09,45.47,45.673,45.03,45.24,127056
2015-12-10,45.39,45.45,45.18,45.28,209794
2015-12-11,44.89,44.89,44.5,44.57,304893
2015-12-14,44.61,44.75,44.2901,44.6,241013
2015-12-15,45.11,45.11,44.9,44.9101,394162
2015-12-16,45.26,45.6,45.0701,45.5499,293591
2015-12-17,45.64,45.64,45.06,45.09,237620
2015-12-18,44.94,44.98,44.63,44.64,217053
2015-12-21,45.02,45.02,44.6,44.78,470291
2015-12-22,45.07,45.17,44.8101,45.12,262997
2015-12-23,45.36,45.6,45.2,45.6,156853
2015-12-24,45.55,45.634,45.41,45.52,61736
2015-12-28,45.17,45.72,44.99,45.17,434851
2015-12-29,45.45,45.566,45.3858,45.48,247233
2015-12-30,45.47,45.47,45.22,45.25,135447
2015-12-31,45.13,45.1895,44.84,44.84,101269
2016-01-04,44.4,44.8,43.91,44.32,850306
2016-01-05,44.35,44.4,44.15,44.38,67337
2016-01-06,43.9,43.992,43.67,43.8,69456
2016-01-07,43.19,43.5012,42.98,43.02,78088
2016-01-08,43.35,43.35,42.6,42.63,211049
2016-01-11,42.86,42.96,42.345,42.65,497083
2016-01-12,42.94,42.99,42.52,42.87,56640
2016-01-13,43.04,43.04,42.12,42.18,68704
2016-01-14,42.3,42.84,42.0668,42.63,119039
2016-01-15,41.7,41.9188,41.48,41.72,324615
2016-01-19,42.24,42.24,41.56,41.86,543407
2016-01-20,41.32,41.545,40.5901,41.34,129667
2016-01-21,41.37,41.73,41.0324,41.49,211383
2016-01-22,42.16,42.28,42.0,42.28,315428
2016-01-25,42.17,42.17,41.77,41.81,193356
2016-01-26,41.95,42.33,41.93,42.31,84296
2016-01-27,42.28,42.54,41.9172,41.99,58489
2016-01-28,42.29,42.3709,41.9301,42.24,269450
2016-01-29,42.4,42.98,42.362,42.98,307898
2016-02-01,42.74,43.0396,42.66,42.93,134423
2016-02-02,42.52,42.67,42.15,42.23,67111
2016-02-03,42.5,42.541,41.96,42.48,61326
2016-02-04,42.46,42.7394,42.3301,42.54,44994
2016-02-05,42.54,42.54,41.87,42.01,39646
2016-02-08,41.62,42.01,41.1799,41.53,135854
2016-02-09,41.03,41.4615,41.03,41.32,51541
2016-02-10,41.68,41.8491,41.324,41.35,33912
2016-02-11,40.83,41.29,40.6608,40.91,77429
2016-02-12,41.25,41.45,41.01,41.44,39539
2016-02-16,41.93,42.08,41.71,42.08,70425
2016-02-17,42.34,42.6699,42.25,42.64,77406
2016-02-18,42.84,42.84,42.5,42.52,35775
2016-02-19,42.37,42.5399,42.274,42.5,33950
2016-02-22,42.76,42.99,42.76,42.98,40582
2016-02-23,42.82,42.82,42.451,42.49,65523
2016-02-24,42.1,42.59,41.95,42.53,28546
2016-02-25,42.68,42.94,42.5,42.94,35185
2016-02-26,43.18,43.18,42.791,42.85,45678
2016-02-29,42.93,42.9902,42.68,42.68,75400
2016-03-01,43.08,43.52,42.98,43.52,26280
2016-03-02,43.47,43.75,43.43,43.75,43179
2016-03-03,43.7,44.0,43.7,43.98,41183
2016-03-04,44.09,44.39,44.0566,44.23,65202
2016-03-07,44.0,44.2965,43.9739,44.24,52200
2016-03-08,44.06,44.06,43.79,43.79,19914
2016-03-09,43.96,44.0499,43.89,43.98,60948
2016-03-10,44.21,44.3,43.6,43.93,39876
2016-03-11,44.35,44.73,44.35,44.73,34914
2016-03-14,44.56,44.72,44.55,44.6401,26345
2016-03-15,44.37,44.41,44.23,44.39,49602
2016-03-16,44.22,44.76,44.22,44.7,40014
2016-03-17,44.79,45.152,44.7455,45.11,50580
2016-03-18,45.19,45.24,45.1,45.18,67441
2016-03-21,45.22,45.22,44.99,45.2,57996
2016-03-22,45.14,45.2399,44.98,45.13,32615
2016-03-23,44.99,44.995,44.77,44.77,26461
2016-03-24,44.45,44.671,44.45,44.67,27678
2016-03-28,44.9,44.9033,44.69,44.75,52112
2016-03-29,44.76,45.242,44.63,45.2,66306
2016-03-30,45.45,45.61,45.3,45.44,44162
2016-03-31,45.51,45.51,45.2501,45.31,40935
2016-04-01,44.93,45.2785,44.7909,45.25,68636
2016-04-04,45.14,45.14,44.88,44.97,94321
2016-04-05,44.58,44.5999,44.4,44.4,46647
2016-04-06,44.52,44.9,44.45,44.88,60488
2016-04-07,44.71,44.7688,44.36,44.47,31262
2016-04-08,44.94,45.0,44.75,44.82,65490
2016-04-11,45.02,45.1899,44.8,44.83,26846
2016-04-12,44.99,45.29,44.83,45.25,28614
2016-04-13,45.51,45.78,45.51,45.7,58215
2016-04-14,45.87,45.907,45.68,45.7,30520
2016-04-15,45.8,45.8,45.64,45.71,97214
2016-04-18,45.57,45.98,45.57,45.98,42792
2016-04-19,46.08,46.38,46.08,46.3,44224
2016-04-20,46.41,46.4699,46.1901,46.28,28410
2016-04-21,46.35,46.35,46.0203,46.08,27929
2016-04-22,46.08,46.1299,45.91,46.08,28819
2016-04-25,45.94,46.008,45.82,45.92,36266
2016-04-26,45.98,46.0807,45.934,46.08,21965
2016-04-27,46.03,46.23,45.9139,46.17,25312
2016-04-28,45.88,46.1493,45.6676,45.7,70191
2016-04-29,45.7,45.7,45.37,45.59,48900
2016-05-02,45.8,45.891,45.6467,45.84,37699
2016-05-03,45.65,45.65,45.285,45.39,76429
2016-05-04,45.19,45.223,45.0075,45.05,38074
2016-05-05,45.19,45.19,44.9901,45.07,26901
2016-05-06,44.95,45.21,44.9245,45.18,27785
2016-05-09,45.17,45.28,45.01,45.13,33689
2016-05-10,45.39,45.66,45.39,45.66,18478
2016-05-11,45.56,45.56,45.29,45.31,17500
2016-05-12,45.5,45.5,45.1301,45.26,49790
2016-05-13,45.28,45.28,44.84,44.97,38881
2016-05-16,44.92,45.42,44.92,45.35,24088
2016-05-17,45.33,45.3599,44.9101,45.04,28103
2016-05-18,45.03,45.3299,44.8906,45.0,24975
2016-05-19,44.84,44.8599,44.6361,44.82,26851
2016-05-20,44.96,45.1616,44.96,45.06,40802
2016-05-23,45.14,45.14,44.9201,44.99,29153
2016-05-24,45.08,45.56,45.08,45.51,33882
2016-05-25,45.68,45.87,45.68,45.81,32307
2016-05-26,45.86,45.9199,45.77,45.8999,17190
2016-05-27,45.87,45.9626,45.7907,45.88,20370
2016-05-31,45.91,46.02,45.73,45.89,40642
2016-06-01,45.72,45.91,45.58,45.88,30135
2016-06-02,45.76,46.0,45.76,45.99,22547
2016-06-03,45.95,46.17,45.87,46.09,32417
2016-06-06,46.12,46.41,46.12,46.3,35708
2016-06-07,46.44,46.6099,46.44,46.48,63643
2016-06-08,46.61,46.683,46.5301,46.61,56303
2016-06-09,46.36,46.4599,46.275,46.44,29846
2016-06-10,45.92,45.99,45.65,45.77,24245
2016-06-13,45.62,45.69,45.28,45.28,41729
2016-06-14,45.24,45.24,44.9204,45.14,23737
2016-06-15,45.28,45.4399,45.2,45.23,12920
2016-06-16,44.88,45.26,44.6597,45.26,19923
2016-06-17,45.31,45.41,45.068,45.28,17186
2016-06-20,46.09,46.1,45.76,45.84,11904
2016-06-21,45.97,46.1499,45.8505,45.95,27325
2016-06-22,46.08,46.21,45.9,45.98,47291
2016-06-23,46.37,46.65,46.2001,46.65,19437
2016-06-24,44.42,45.338,44.1242,44.61,118947
2016-06-27,44.14,44.3999,43.7701,44.02,70606
2016-06-28,44.63,44.799,44.4101,44.78,39630
2016-06-29,45.3,45.4899,45.1872,45.3,45461
2016-06-30,45.5,45.9299,45.41,45.87,30874
2016-07-01,45.71,46.13,45.71,46.0101,21740
2016-07-05,45.97,45.97,45.4001,45.64,29356
2016-07-06,44.95,45.2899,44.756,45.27,25400
2016-07-07,45.53,45.53,45.034,45.2,25166
2016-07-08,45.42,45.8136,45.42,45.71,28865
2016-07-11,46.0,46.2,46.0,46.12,25346
2016-07-12,46.43,46.5899,46.3556,46.47,45465
2016-07-13,46.55,46.55,46.2729,46.44,41053
2016-07-14,46.62,46.75,46.5101,46.6501,29166
2016-07-15,46.6,46.6383,46.4446,46.55,17236
2016-07-18,46.51,46.7099,46.4687,46.55,34357
2016-07-19,46.58,46.58,46.3234,46.43,19103
2016-07-20,46.5,46.74,46.5,46.72,27428
2016-07-21,46.66,46.7299,46.4284,46.57,28360
2016-07-22,46.47,46.73,46.47,46.71,24859
2016-07-25,46.71,46.71,46.491,46.6,14173
2016-07-26,46.73,46.76,46.501,46.69,39467
2016-07-27,46.75,46.86,46.562,46.8,47667
2016-07-28,46.95,46.95,46.58,46.8176,21068
2016-07-29,46.82,47.13,46.8101,47.08,16824
2016-08-01,46.98,47.26,46.81,46.94,33227
2016-08-02,46.85,46.85,46.53,46.5801,38303
2016-08-03,46.56,46.69,46.511,46.69,60516
2016-08-04,46.78,46.899,46.7001,46.76,15390
2016-08-05,46.88,47.08,46.88,47.08,52572
2016-08-08,47.18,47.2099,47.021,47.12,24997
2016-08-09,47.26,47.418,47.162,47.29,30691
2016-08-10,47.39,47.42,47.26,47.2748,14718
2016-08-11,47.39,47.5942,47.3498,47.56,21364
2016-08-12,47.56,47.5799,47.3201,47.53,28621
2016-08-15,47.51,47.67,47.481,47.64,45473
2016-08-16,47.51,47.55,47.425,47.459,23119
2016-08-17,47.39,47.5041,47.233,47.42,17524
2016-08-18,47.38,47.6399,47.38,47.62,24694
2016-08-19,47.32,47.75,47.3101,47.5,25801
2016-08-22,47.38,47.5,47.3296,47.48,22071
2016-08-23,47.59,47.7599,47.5301,47.58,28869
2016-08-24,47.57,47.6005,47.35,47.35,17933
2016-08-25,47.36,47.4193,47.28,47.32,20512
2016-08-26,47.4999,47.7299,47.0192,47.18,19793
2016-08-29,47.1,47.4388,47.1,47.39,16167
2016-08-30,47.4,47.5,47.171,47.2701,29025
2016-08-31,47.26,47.272,47.0201,47.2,28118
2016-09-01,47.26,47.3399,47.0881,47.32,32025
2016-09-02,47.48,47.6999,47.48,47.63,26143
2016-09-06,47.71,47.85,47.6801,47.84,25088
2016-09-07,47.85,47.9799,47.7964,47.86,42765
2016-09-08,47.87,47.9111,47.735,47.78,33797
2016-09-09,47.46,47.46,46.75,46.75,62109
2016-09-12,46.51,47.32,46.5,47.26,31876
2016-09-13,46.9,46.9,46.41,46.53,61256
2016-09-14,46.48,46.7389,46.48,46.56,26203
2016-09-15,46.53,47.01,46.4801,46.94,39187
2016-09-16,46.64,46.73,46.5101,46.64,18882
2016-09-19,46.92,47.0,46.7101,46.79,21366
2016-09-20,46.96,47.0899,46.8013,46.83,25805
2016-09-21,47.05,47.49,47.01,47.45,28300
2016-09-22,47.65,47.94,47.65,47.79,47982
2016-09-23,47.55,47.6299,47.4401,47.48,42841
2016-09-26,47.35,47.35,47.1087,47.1258,29993
2016-09-27,47.07,47.41,47.07,47.4,27301
2016-09-28,47.58,47.64,47.26,47.64,21330
2016-09-29,47.59,47.63,47.13,47.23,39814
2016-09-30,47.33,47.5799,47.27,47.48,28354
2016-10-03,47.48,47.4946,47.2938,47.42,13702
2016-10-04,47.32,47.365,46.9826,47.1,30121
2016-10-05,47.33,47.38,47.1714,47.2994,27254
2016-10-06,47.15,47.268,47.06,47.24,17437
2016-10-07,47.17,47.17,46.841,47.11,22941
2016-10-10,47.16,47.3408,47.16,47.23,15378
2016-10-11,47.09,47.09,46.5546,46.72,54368
2016-10-12,46.68,46.75,46.56,46.72,45262
2016-10-13,46.38,46.6699,46.18,46.57,48498
2016-10-14,46.73,46.8175,46.5,46.58,13442
2016-10-17,46.48,46.5598,46.43,46.48,31389
2016-10-18,46.93,46.942,46.78,46.78,37979
2016-10-19,46.9,47.0,46.82,46.95,65768
2016-10-20,46.89,46.98,46.7546,46.94,25002
2016-10-21,46.65,46.91,46.65,46.91,20514
2016-10-24,47.06,47.0999,46.9,46.98,39222
2016-10-25,46.94,46.99,46.82,46.89,52218
2016-10-26,46.74,46.8699,46.603,46.75,28883
2016-10-27,46.94,46.94,46.57,46.59,66776
2016-10-28,46.6,46.68,46.4,46.5,26496
2016-10-31,46.64,46.64,46.455,46.57,21325
2016-11-01,46.83,46.83,46.1522,46.34,103968
2016-11-02,46.24,46.32,46.01,46.04,64207
2016-11-03,46.13,46.21,45.94,45.98,38545
2016-11-04,45.91,46.07,45.81,45.81,56849
2016-11-07,46.25,46.5338,46.25,46.5,62960
2016-11-08,46.49,46.79,46.38,46.58,61989
2016-11-09,46.3,46.82,46.138,46.73,72145
2016-11-10,46.93,46.93,46.2571,46.48,253190
2016-11-11,46.27,46.48,46.18,46.38,106574
2016-11-14,46.41,46.41,46.15,46.229,53813
2016-11-15,46.28,46.615,46.28,46.52,77385
2016-11-16,46.45,46.48,46.38,46.44,45655
2016-11-17,46.49,46.65,46.4485,46.57,101640
2016-11-18,46.7,46.7,46.2805,46.36,62008
2016-11-21,46.6,46.72,46.51,46.69,93121
2016-11-22,46.87,46.87,46.66,46.87,61198
2016-11-23,46.77,46.77,46.5302,46.73,99728
2016-11-25,46.91,46.91,46.7401,46.86,73132
2016-11-28,46.92,46.92,46.6708,46.69,64659
2016-11-29,46.79,46.97,46.7,46.92,154565
2016-11-30,47.08,47.08,46.75,46.8,209474
2016-12-01,46.88,46.9071,46.5018,46.62,196759
2016-12-02,46.57,46.73,46.565,46.69,144416
2016-12-05,46.95,46.9899,46.8301,46.9,238211
2016-12-06,46.94,47.1699,46.94,47.15,135730
2016-12-07,47.27,47.73,47.182,47.68,125258
2016-12-08,47.68,47.81,47.56,47.65,106286
2016-12-09,47.73,47.86,47.71,47.77,136055
2016-12-12,47.93,47.93,47.65,47.71,113015
2016-12-13,48.0,48.179,47.91,48.055,252411
2016-12-14,47.93,48.19,47.54,47.54,197848
2016-12-15,47.65,47.7193,47.5,47.6,171368
2016-12-16,47.73,47.73,47.4493,47.55,208764
2016-12-19,47.69,47.6915,47.5,47.56,110357
2016-12-20,47.8,47.8,47.61,47.74,130370
2016-12-21,47.78,47.78,47.62,47.68,138953
2016-12-22,47.61,47.6899,47.47,47.565,144513
2016-12-23,47.61,47.66,47.49,47.65,154686
2016-12-27,47.72,47.78,47.64,47.7,206550
2016-12-28,47.61,47.61,47.11,47.17,145650
2016-12-29,47.15,47.28,47.15,47.23,100614
2016-12-30,47.37,47.37,47.0831,47.22,107513
2017-01-03,47.36,47.505,47.26,47.44,527290
2017-01-04,47.48,47.82,47.48,47.82,130233
2017-01-05,47.89,48.0,47.832,48.0,144175
2017-01-06,47.95,48.0,47.8207,47.94,128720
2017-01-09,47.89,47.899,47.78,47.8,236507
2017-01-10,47.98,48.0,47.8352,47.85,49548
2017-01-11,47.99,48.06,47.8,48.06,51478
2017-01-12,48.06,48.06,47.8373,48.01,71235
2017-01-13,48.04,48.1191,48.03,48.1,127447
2017-01-17,47.94,48.074,47.9201,47.96,251621
2017-01-18,48.02,48.02,47.8634,47.94,78325
2017-01-19,47.92,47.98,47.6701,47.8149,57881
2017-01-20,47.88,47.9929,47.85,47.95,87574
2017-01-23,47.97,48.05,47.84,48.05,271132
2017-01-24,48.07,48.27,48.057,48.26,284896
2017-01-25,48.5,48.57,48.34,48.55,75980
2017-01-26,48.6,48.6,48.45,48.51,75976
2017-01-27,48.5,48.5,48.35,48.44,126358
2017-01-30,48.2,48.2,47.9734,48.19,160637
2017-01-31,48.15,48.2299,48.03,48.18,40976
2017-02-01,48.44,48.44,48.1689,48.32,67079
2017-02-02,48.31,48.3899,48.2154,48.27,44495
2017-02-03,48.53,48.59,48.37,48.59,93639
2017-02-06,48.38,48.44,48.3014,48.4,46114
2017-02-07,48.46,48.46,48.351,48.39,50405
2017-02-08,48.38,48.5,48.32,48.46,46012
2017-02-09,48.5,48.7072,48.5,48.62,53460
2017-02-10,48.75,48.8595,48.71,48.85,48394
2017-02-13,48.98,49.06,48.95,48.99,132796
2017-02-14,49.04,49.06,48.8,49.06,62808
2017-02-15,49.05,49.31,48.96,49.31,108529
2017-02-16,49.31,49.31,49.1547,49.19,56727
2017-02-17,49.17,49.3,49.0906,49.3,217208
2017-02-21,49.42,49.51,49.32,49.48,74531
2017-02-22,49.3,49.51,49.3,49.45,127204
2017-02-23,49.61,49.61,49.38,49.51,105210
2017-02-24,49.38,49.44,49.25,49.416,43502
2017-02-27,49.42,49.4704,49.3699,49.45,47115
2017-02-28,49.46,49.57,49.2809,49.35,71482
2017-03-01,49.71,49.88,49.64,49.8,45361
2017-03-02,49.78,49.78,49.4566,49.47,55231
2017-03-03,49.58,49.63,49.4349,49.62,37668
2017-03-06,49.58,49.58,49.36,49.49,35886
2017-03-07,49.46,49.5,49.3223,49.33,36153
2017-03-08,49.35,49.3685,49.18,49.2,76040
2017-03-09,49.24,49.27,49.0602,49.24,43404
2017-03-10,49.42,49.482,49.3,49.42,40891
2017-03-13,49.49,49.5897,49.49,49.56,64902
2017-03-14,49.53,49.53,49.29,49.38,24928
2017-03-15,49.45,49.9262,49.4438,49.84,31125
2017-03-16,50.01,50.0337,49.86,49.97,37645
2017-03-17,50.0,50.08,49.92,49.99,49879
2017-03-20,50.03,50.049,49.9,49.95,48114
2017-03-21,50.1,50.1814,49.545,49.58,60907
2017-03-22,49.51,49.68,49.4681,49.62,38359
2017-03-23,49.62,49.818,49.58,49.71,74721
2017-03-24,49.76,49.85,49.62,49.76,40075
2017-03-27,49.57,49.7899,49.5,49.73,47784
2017-03-28,49.77,50.02,49.72,49.96,35384
2017-03-29,49.92,50.048,49.874,50.03,32791
2017-03-30,49.99,50.09,49.96,50.02,39856
2017-03-31,49.91,50.045,49.8599,49.94,35067
2017-04-03,49.95,49.9766,49.6999,49.95,39946
2017-04-04,49.99,49.99,49.65,49.75,81810
2017-04-05,49.89,50.0,49.64,49.68,38100
2017-04-06,49.7,49.7799,49.61,49.72,42595
2017-04-07,49.71,49.77,49.62,49.67,65058
2017-04-10,49.65,49.73,49.59,49.66,49700
2017-04-11,49.71,49.77,49.4632,49.77,70605
2017-04-12,49.75,49.75,49.545,49.64,85534
2017-04-13,49.61,49.649,49.39,49.41,34226
2017-04-17,49.52,49.75,49.52,49.75,43952
2017-04-18,49.55,49.63,49.4315,49.61,81506
2017-04-19,49.68,49.6899,49.45,49.5,37236
2017-04-20,49.74,49.86,49.63,49.79,61638
2017-04-21,49.83,49.83,49.7,49.75,29848
2017-04-24,50.33,50.41,50.2701,50.35,38686
2017-04-25,50.55,50.69,50.47,50.66,38042
2017-04-26,50.62,50.7282,50.53,50.609,203872
2017-04-27,50.62,50.66,50.5104,50.65,45693
2017-04-28,50.65,50.65,50.508,50.59,44807
2017-05-01,50.83,50.83,50.61,50.71,151440
2017-05-02,50.71,50.81,50.69,50.77,48409
2017-05-03,50.74,50.74,50.6088,50.73,57838
2017-05-04,50.78,50.79,50.66,50.75,32522
2017-05-05,50.87,51.08,50.82,51.08,38639
2017-05-08,50.97,51.01,50.86,50.91,34004
2017-05-09,50.99,51.0099,50.85,50.96,44220
2017-05-10,50.93,51.01,50.9006,50.9987,39965
2017-05-11,50.93,50.9422,50.7311,50.936,61855
2017-05-12,50.98,51.03,50.8601,51.03,32311
2017-05-15,51.25,51.28,51.13,51.25,62460
2017-05-16,51.37,51.37,51.27,51.35,204454
2017-05-17,51.2,51.3,50.73,50.75,86330
2017-05-18,50.62,50.89,50.5,50.72,69402
2017-05-19,50.98,51.28,50.98,51.13,31232
2017-05-22,51.28,51.35,51.2,51.26,45406
2017-05-23,51.43,51.449,51.3,51.3,51499
2017-05-24,51.35,51.48,51.2946,51.48,39512
2017-05-25,51.53,51.64,51.44,51.57,44407
2017-05-26,51.51,51.6141,51.4113,51.48,102864
2017-05-30,51.47,51.5299,51.39,51.51,38792
2017-05-31,51.58,51.6,51.39,51.51,66019
2017-06-01,51.59,51.84,51.5526,51.84,46072
2017-06-02,52.03,52.16,51.9411,52.13,52983
2017-06-05,52.11,52.11,51.93,51.93,51975
2017-06-06,51.92,51.995,51.891,51.93,31995
2017-06-07,51.98,51.99,51.8161,51.9,77593
2017-06-08,51.94,52.0,51.832300000000004,51.98,47056
2017-06-09,51.89,52.0717,51.601,51.87,39295
2017-06-12,51.73,51.77,51.5901,51.77,79880
2017-06-13,51.94,52.05,51.89,52.02,83171
2017-06-14,52.18,52.18,51.8525,52.03,88682
2017-06-15,51.54,51.76,51.51,51.75,84825
2017-06-16,51.83,51.9,51.6901,51.9,26836
2017-06-19,52.04,52.185,52.04,52.15,29264
2017-06-20,52.08,52.08,51.76,51.76,52707
2017-06-21,51.85,51.8999,51.72,51.83,36211
2017-06-22,51.91,51.915,51.8,51.83,32907
2017-06-23,51.82,51.9651,51.75,51.92,37798
2017-06-26,52.13,52.2199,51.965,52.015,37487
2017-06-27,51.92,51.99,51.7,51.7,65480
2017-06-28,51.95,52.12,51.8501,52.05,28342
2017-06-29,52.01,52.04,51.55,51.62,42713
2017-06-30,51.86,51.87,51.6856,51.79,18290
2017-07-03,53.0,53.71,51.8,51.83,38219
2017-07-05,51.79,51.85,51.645,51.84,33318
2017-07-06,51.27,51.28,51.02,51.09,59876
2017-07-07,51.12,51.28,51.056,51.26,38057
2017-07-10,51.37,51.386,51.21,51.34,56878
2017-07-11,51.31,51.41,51.1459,51.39,40143
2017-07-12,51.68,51.81,51.66,51.77,39495
2017-07-13,51.77,51.9,51.74,51.87,51882
2017-07-14,52.08,52.18,51.95,52.14,58892
2017-07-17,52.13,52.1699,52.03,52.03,21423
2017-07-18,52.05,52.19,52.03,52.19,77687
2017-07-19,52.28,52.44,52.259,52.44,46566
2017-07-20,52.46,52.5451,52.3646,52.41,25133
2017-07-21,52.4,52.44,52.3,52.44,30045
2017-07-24,52.41,52.42,52.258,52.41,35435
2017-07-25,52.54,52.5969,52.41,52.41,39202
2017-07-26,52.52,52.6175,52.429,52.53,36639
2017-07-27,52.59,52.65,52.3,52.47,69553
2017-07-28,52.47,52.49,52.3393,52.49,48404
2017-07-31,52.54,52.54,52.43,52.49,45000
2017-08-01,52.66,52.72,52.63,52.63,35322
2017-08-02,52.63,52.7,52.55,52.7,26804
2017-08-03,52.67,52.68,52.57,52.66,37975
2017-08-04,52.68,52.73,52.59,52.73,38652
2017-08-07,52.72,52.78,52.67,52.71,40975
2017-08-08,52.71,52.88,52.55,52.62,69697
2017-08-09,52.46,52.529,52.34,52.5264,413272
2017-08-10,52.34,52.36,51.9075,51.92,33413
2017-08-11,51.89,52.019,51.84,51.95,41773
2017-08-14,52.23,52.37,52.2116,52.36,33908
2017-08-15,52.41,52.41,52.17,52.21,44259
2017-08-16,52.35,52.47,52.35,52.46,23670
2017-08-17,52.33,52.36,51.86,51.88,37677
2017-08-18,51.92,52.08,51.82,51.95,71187
2017-08-21,51.95,52.0,51.84,51.96,41343
2017-08-22,52.11,52.32,51.99,52.3,65934
2017-08-23,52.19,52.29,52.15,52.25,26733
2017-08-24,52.32,52.32,52.15,52.17,26439
2017-08-25,52.35,52.47,52.33,52.36,155540
2017-08-28,52.45,52.45,52.29,52.32,31345
2017-08-29,52.08,52.37,52.08,52.29,40505
2017-08-30,52.29,52.44,52.27,52.43,31787
2017-08-31,52.59,52.77,52.53,52.74,150666
2017-09-01,52.85,52.85,52.74,52.82,38162
2017-09-05,52.77,52.77,52.35,52.53,65476
2017-09-06,52.68,52.72,52.59,52.68,34298
2017-09-07,52.88,52.88,52.77,52.86,30686
2017-09-08,52.82,52.88,52.76,52.76,20700
2017-09-11,53.08,53.24,53.05,53.2,32256
2017-09-12,53.47,53.47,53.22,53.28,33422
2017-09-13,53.25,53.26,53.15,53.23,34041
2017-09-14,53.11,53.27,53.08,53.27,47944
2017-09-15,53.27,53.33,53.18,53.33,49551
2017-09-18,53.37,53.48,53.33,53.43,47911
2017-09-19,53.5,53.53,53.42,53.53,45506
2017-09-20,53.56,53.57,53.19,53.4,37626
2017-09-21,53.41,53.44,53.3,53.38,31922
2017-09-22,53.34,53.42,53.3,53.36,32390
2017-09-25,53.28,53.36,53.1,53.24,30191
2017-09-26,53.26,53.29,53.12,53.19,31812
2017-09-27,53.16,53.33,53.06,53.21,48241
2017-09-28,53.39,53.39,53.22,53.36,29623
2017-09-29,53.42,53.58,53.36,53.58,42608
