2008-11-11,23.98,23.98,23.98,23.98,100
2008-11-12,47.96,25.42,25.42,25.42,210
2008-11-13,25.42,25.42,25.42,25.42,0
2008-11-14,23.8,23.86,23.73,23.86,1220
2008-11-17,23.59,24.9,23.46,24.65,9050
2008-11-18,23.38,23.38,23.16,23.16,380
2008-11-19,23.11,23.11,23.11,23.11,200
2008-11-20,23.9,23.9,23.0,23.0,1900
2008-11-21,22.0,22.0,22.0,22.0,100
2008-11-24,22.0,22.0,22.0,22.0,0
2008-11-25,23.63,23.84,23.496,23.496,9600
2008-11-26,23.39,26.4,23.39,24.35,565400
2008-11-28,26.2,27.8,26.2,27.8,400
2008-12-01,26.99,26.99,23.185,23.29,20600
2008-12-02,23.1,26.8,23.05,23.79,43400
2008-12-03,23.97,24.85,23.26,23.78,62200
2008-12-04,23.99,25.5,23.26,23.3,34800
2008-12-05,23.14,24.4,23.0,24.245,28700
2008-12-08,24.49,28.0,24.1,24.5,250400
2008-12-09,24.4,25.05,24.25,24.61,56500
2008-12-10,24.47,25.37,24.31,24.616,6500
2008-12-11,24.4399,24.4772,24.07,24.1199,16100
2008-12-12,23.8,24.0,23.8,24.0,600
2008-12-15,24.04,24.04,24.04,24.04,100
2008-12-16,24.11,25.5,24.09,25.375,13100
2008-12-17,24.96,25.23,24.96,25.08,5600
2008-12-18,25.9,26.1,24.59,25.0,20400
2008-12-19,24.86,24.86,24.86,24.86,3300
2008-12-22,26.0,26.0,24.05,24.05,3200
2008-12-23,24.32,24.46,24.32,24.434,600
2008-12-24,25.89,25.89,24.41,24.52,11300
2008-12-26,24.3575,25.3,24.34,24.39,14300
2008-12-29,24.4473,25.05,24.2874,24.96,6400
2008-12-30,25.14,25.15,24.11,24.5892,3900
2008-12-31,24.72,24.97,24.72,24.87,6500
2009-01-02,24.95,25.2,24.95,25.2,1200
2009-01-05,27.45,27.45,24.85,25.14,453900
2009-01-06,25.12,25.17,24.11,25.1,2400
2009-01-07,25.5,25.5,24.84,24.87,5100
2009-01-08,24.83,24.93,24.772,24.93,45800
2009-01-09,24.11,24.75,24.11,24.47,7000
2009-01-12,23.76,24.4,23.76,24.12,13800
2009-01-13,24.3,24.3,24.3,24.3,400
2009-01-14,23.67,24.35,22.51,23.05,16300
2009-01-15,23.41,23.8,22.69,22.7,2300
2009-01-16,24.06,24.16,22.22,23.71,4900
2009-01-20,25.32,25.32,23.0784,23.0784,42000
2009-01-21,22.9401,23.16,22.9401,23.16,1700
2009-01-22,23.05,23.8,23.05,23.7,1800
2009-01-23,23.44,26.2,23.0,23.36,12700
2009-01-26,23.43,23.7,23.29,23.59,2300
2009-01-27,23.71,23.73,23.6,23.73,11100
2009-01-28,24.0,24.044,23.89,23.98,6600
2009-01-29,23.81,23.82,23.6,23.62,1700
2009-01-30,23.74,23.74,23.46,23.46,1200
2009-02-02,23.25,23.3,23.2,23.2,1500
2009-02-03,23.44,23.66,23.39,23.62,16500
2009-02-04,23.875,23.94,23.28,23.28,5000
2009-02-05,23.49,23.49,23.49,23.49,700
2009-02-06,23.85,23.85,23.85,23.85,200
2009-02-09,23.85,24.1,23.79,23.89,8100
2009-02-10,23.4975,23.6,22.28,23.6,7800
2009-02-11,23.1977,23.88,23.19,23.19,2100
2009-02-12,23.288,23.34,23.288,23.32,2300
2009-02-13,23.21,23.55,23.21,23.52,11900
2009-02-17,22.57,23.05,22.57,22.72,4800
2009-02-18,22.61,22.87,22.61,22.87,1600
2009-02-19,22.9,22.9,22.58,22.58,5600
2009-02-20,22.33,22.63,22.14,22.2401,18500
2009-02-23,22.2646,22.27,21.9868,22.02,1900
2009-02-24,22.23,22.45,22.08,22.45,2900
2009-02-25,22.19,22.322,22.19,22.322,900
2009-02-26,22.89,22.89,22.01,22.0106,2100
2009-02-27,21.82,22.047,21.82,21.9,9100
2009-03-02,21.34,21.38,21.2,21.2,900
2009-03-03,21.47,22.09,21.19,21.19,8200
2009-03-04,21.41,21.5,21.41,21.5,1100
2009-03-05,21.33,21.33,20.9994,21.05,1900
2009-03-06,21.24,21.24,20.958,20.958,300
2009-03-09,21.8,21.8,20.86,20.86,14500
2009-03-10,21.44,21.44,21.4346,21.4346,1200
2009-03-11,21.6794,21.68,21.61,21.61,9700
2009-03-12,24.74,24.74,21.76,21.9644,1200
2009-03-13,22.25,22.29,21.36,22.13,7000
2009-03-16,22.2,22.36,22.2,22.21,2000
2009-03-17,22.2,22.328,21.97,22.26,7200
2009-03-18,22.388,23.01,21.79,22.95,15000
2009-03-19,23.02,23.0794,22.9,22.9,3900
2009-03-20,22.8294,24.61,22.52,22.59,59100
2009-03-23,22.87,23.47,22.87,23.47,11500
2009-03-24,23.86,23.86,22.76,23.1101,104500
2009-03-25,23.53,23.53,23.26,23.29,3400
2009-03-26,23.3561,23.59,23.2961,23.54,5500
2009-03-27,23.364,23.364,23.22,23.22,500
2009-03-30,23.74,23.74,22.71,22.78,26800
2009-03-31,22.99,23.15,22.79,22.97,12900
2009-04-01,22.98,23.1868,22.98,23.1768,3000
2009-04-02,24.19,24.19,23.4,23.61,38700
2009-04-03,23.99,23.99,23.6061,23.84,10800
2009-04-06,23.5862,23.72,23.5,23.66,13800
2009-04-07,24.11,24.11,23.31,23.31,3100
2009-04-08,23.53,23.53,23.41,23.41,5500
2009-04-09,23.8694,24.03,23.838,24.03,18500
2009-04-13,23.9894,24.24,23.9502,24.13,6400
2009-04-14,24.14,24.81,23.88,23.88,16100
2009-04-15,23.91,24.05,23.85,24.05,9700
2009-04-16,24.07,24.3452,23.65,24.26,29200
2009-04-17,24.52,24.52,24.2168,24.29,3800
2009-04-20,24.59,24.59,23.36,23.67,37200
2009-04-21,23.834600000000002,23.97,23.37,23.97,2800
2009-04-22,23.740099999999998,24.15,23.26,24.14,3000
2009-04-23,24.17,24.17,23.8799,24.1,3300
2009-04-24,24.2499,24.42,24.2461,24.34,1500
2009-04-27,24.36,24.73,24.22,24.22,6500
2009-04-28,24.07,24.18,24.0,24.16,5600
2009-04-29,24.3572,24.61,24.35,24.432,6500
2009-04-30,24.85,25.29,24.5,24.5501,11400
2009-05-01,24.76,24.76,24.24,24.56,14600
2009-05-04,24.9,25.13,24.7,25.13,7100
2009-05-05,25.05,25.09,24.99,25.05,4200
2009-05-06,25.01,25.36,24.71,25.32,21800
2009-05-07,25.45,25.99,25.0,25.04,23500
2009-05-08,25.31,25.47,25.2,25.47,6700
2009-05-11,25.17,25.99,25.14,25.19,17900
2009-05-12,24.97,25.27,24.41,25.2,22000
2009-05-13,24.8686,24.9599,24.69,24.76,2800
2009-05-14,24.85,24.97,24.81,24.81,5300
2009-05-15,24.64,24.94,24.64,24.75,2200
2009-05-18,25.06,25.33,25.06,25.33,3100
2009-05-19,25.3032,25.4,24.7101,25.34,4300
2009-05-20,25.6444,25.6599,25.3872,25.39,2300
2009-05-21,25.0868,25.14,25.07,25.13,1900
2009-05-22,25.18,25.98,25.18,25.98,2300
2009-05-26,25.0499,25.5161,25.0499,25.45,3100
2009-05-27,25.4499,25.48,25.18,25.21,12800
2009-05-28,25.27,25.36,25.0,25.36,20400
2009-05-29,25.05,25.69,25.05,25.69,9700
2009-06-01,25.2,26.12,25.2,26.03,21400
2009-06-02,26.1,26.2,26.07,26.18,2500
2009-06-03,26.0,26.0,25.84,25.9,5000
2009-06-04,26.05,26.39,25.88,25.92,9800
2009-06-05,26.09,26.15,25.85,25.88,18400
2009-06-08,25.63,25.75,25.6,25.75,4700
2009-06-09,26.0,26.02,25.78,26.02,3500
2009-06-10,26.0456,26.0456,25.7399,25.9,3400
2009-06-11,26.12,26.18,26.01,26.06,4600
2009-06-12,25.91,26.06,25.91,26.06,12600
2009-06-15,25.75,25.75,25.45,25.63,9400
2009-06-16,25.43,25.4401,25.4099,25.41,1800
2009-06-17,25.35,25.52,25.35,25.44,1900
2009-06-18,25.5,25.5,25.42,25.46,2400
2009-06-19,25.6193,25.7,25.6,25.7,11400
2009-06-22,25.2895,25.29,25.0932,25.12,1900
2009-06-23,24.95,25.22,24.95,25.19,11300
2009-06-24,25.4695,25.4695,25.22,25.27,10200
2009-06-25,25.06,25.41,25.06,25.41,5100
2009-06-26,25.41,25.45,25.34,25.45,6400
2009-06-29,25.65,25.65,25.451,25.56,4400
2009-06-30,25.65,25.65,25.35,25.43,4800
2009-07-01,25.59,25.7025,25.59,25.61,8700
2009-07-02,25.54,25.54,25.2195,25.24,2400
2009-07-06,25.17,25.17,24.95,25.09,3500
2009-07-07,25.0799,25.0799,24.8,24.84,9900
2009-07-08,24.8,24.83,24.6794,24.83,6600
2009-07-09,25.1,25.1,24.86,24.89,1900
2009-07-10,24.74,24.74,24.74,24.74,200
2009-07-13,24.91,25.13,24.91,25.13,2300
2009-07-14,25.25,27.0,25.0894,25.2,12600
2009-07-15,25.5,25.65,25.45,25.65,7500
2009-07-16,25.69,25.83,25.6401,25.83,5100
2009-07-17,25.7494,25.8,25.7494,25.8,1600
2009-07-20,26.0,26.09,25.9099,26.09,46400
2009-07-21,26.31,26.31,26.0194,26.15,3600
2009-07-22,26.18,26.45,26.095,26.16,11800
2009-07-23,26.5094,26.52,26.4672,26.51,5000
2009-07-24,26.26,26.58,26.26,26.58,6700
2009-07-27,26.6,26.61,26.45,26.61,13400
2009-07-28,26.66,26.66,25.94,26.5,9500
2009-07-29,26.6266,26.6266,26.13,26.4294,3200
2009-07-30,26.8274,26.93,26.72,26.72,8900
2009-07-31,26.92,26.97,26.8395,26.8395,10100
2009-08-03,27.25,27.25,27.058,27.15,21400
2009-08-04,27.19,27.22,26.93,27.19,11500
2009-08-05,27.25,27.25,26.9739,27.13,11900
2009-08-06,27.06,27.0876,27.0,27.014,5800
2009-08-07,27.19,27.31,27.1432,27.1432,2100
2009-08-10,27.16,27.72,27.07,27.14,25100
2009-08-11,26.95,27.01,26.95,27.0,900
2009-08-12,27.09,27.26,27.09,27.1924,11800
2009-08-13,27.334600000000002,27.35,27.2761,27.35,6200
2009-08-14,27.25,27.25,27.08,27.084,3500
2009-08-17,26.96,26.96,26.72,26.76,3300
2009-08-18,27.16,27.16,26.7601,26.9764,10900
2009-08-19,26.92,27.12,26.92,27.094,20400
2009-08-20,27.22,27.29,27.0994,27.29,10300
2009-08-21,27.61,27.61,27.5439,27.59,4700
2009-08-24,27.7,27.7199,27.56,27.56,4700
2009-08-25,27.7594,27.76,27.636,27.69,11900
2009-08-26,27.71,27.71,27.566,27.69,4400
2009-08-27,27.76,28.49,27.472,27.75,14400
2009-08-28,28.06,28.06,27.69,27.75,26500
2009-08-31,27.46,27.5399,27.36,27.5399,2200
2009-09-01,27.54,27.54,26.94,27.23,58500
2009-09-02,27.16,27.1861,26.61,27.174,19600
2009-09-03,27.22,27.33,27.21,27.33,11300
2009-09-04,27.3894,27.54,27.3894,27.5394,9400
2009-09-08,28.05,28.05,27.73,27.79,4600
2009-09-09,27.53,28.05,27.53,27.99,5300
2009-09-10,28.2,28.2,27.78,28.18,4500
2009-09-11,28.41,30.16,28.16,28.22,19200
2009-09-14,28.04,28.24,28.0,28.2244,5200
2009-09-15,27.63,28.37,27.48,28.34,10700
2009-09-16,28.63,28.69,28.4744,28.69,12900
2009-09-17,28.76,28.76,28.5639,28.65,4800
2009-09-18,28.91,28.91,28.5668,28.67,5600
2009-09-21,28.48,28.75,28.4506,28.54,7100
2009-09-22,28.67,28.7199,28.6591,28.7061,3500
2009-09-23,28.8,28.8,28.51,28.53,18700
2009-09-24,28.55,28.55,28.0,28.17,16100
2009-09-25,28.22,28.22,28.04,28.06,7700
2009-09-28,28.15,28.47,28.15,28.3132,5900
2009-09-29,28.54,28.54,28.33,28.36,4700
2009-09-30,28.34,28.46,28.164,28.31,67100
2009-10-01,28.34,28.34,27.85,27.85,3200
2009-10-02,27.57,27.77,27.57,27.6708,5300
2009-10-05,27.93,28.01,27.8655,27.98,6400
2009-10-06,28.2,28.36,28.1999,28.24,28000
2009-10-07,28.28,28.31,28.2728,28.31,2700
2009-10-08,28.31,28.61,28.31,28.49,8700
2009-10-09,28.48,28.52,28.43,28.4704,6000
2009-10-12,28.77,28.77,28.5375,28.57,7800
2009-10-13,28.63,28.63,28.47,28.6,7000
2009-10-14,28.82,28.98,28.8,28.98,10700
2009-10-15,28.9,28.98,28.7916,28.98,16700
2009-10-16,28.83,28.83,28.6799,28.81,6600
2009-10-19,29.0,29.07,28.85,29.0,7000
2009-10-20,28.99,29.03,28.846,28.87,9600
2009-10-21,29.0,29.08,28.8,28.8,3400
2009-10-22,28.99,28.99,28.67,28.95,12600
2009-10-23,28.97,29.19,28.645,28.71,13400
2009-10-26,28.76,28.9,28.4,28.4,4600
2009-10-27,28.4296,28.44,28.34,28.3899,20600
2009-10-28,28.25,28.25,27.85,27.87,5200
2009-10-29,28.12,28.32,28.12,28.28,6400
2009-10-30,28.17,28.17,27.7324,27.82,8900
2009-11-02,27.86,28.0149,27.7,27.79,14600
2009-11-03,27.72,27.9192,27.72,27.91,5200
2009-11-04,28.14,28.23,28.01,28.01,11400
2009-11-05,28.2,28.36,28.13,28.36,14600
2009-11-06,28.35,28.41,28.3199,28.39,14200
2009-11-09,28.83,28.87,28.5701,28.87,19500
2009-11-10,28.64,28.87,28.64,28.82,51600
2009-11-11,28.98,29.06,28.845,28.91,13100
2009-11-12,28.91,28.95,28.6,28.65,16100
2009-11-13,28.78,28.9,28.7,28.86,11800
2009-11-16,29.13,29.31,29.12,29.21,8600
2009-11-17,29.12,29.16,29.04,29.16,15500
2009-11-18,29.2,29.2,29.03,29.12,12400
2009-11-19,28.95,28.95,28.671,28.79,13900
2009-11-20,28.67,28.73,28.6,28.73,45900
2009-11-23,28.84,29.1179,28.84,28.98,20600
2009-11-24,29.08,29.08,28.8273,28.96,30200
2009-11-25,29.08,29.11,29.034,29.11,10800
2009-11-27,28.54,28.8,28.34,28.71,12700
2009-11-30,28.73,28.8,28.57,28.8,9800
2009-12-01,29.36,29.36,28.998,29.1,43300
2009-12-02,29.05,29.2095,29.04,29.14,27200
2009-12-03,29.26,29.26,28.95,28.97,30000
2009-12-04,29.2,29.32,28.97,29.08,16000
2009-12-07,29.1,29.1,29.027,29.05,8300
2009-12-08,28.94,28.94,28.8,28.83,8900
2009-12-09,28.84,28.84,28.62,28.82,10100
2009-12-10,28.81,28.91,28.81,28.88,10700
2009-12-11,29.01,29.01,28.85,28.94,21400
2009-12-14,29.11,29.12,29.0007,29.104,21400
2009-12-15,29.01,29.05,28.925,28.99,33000
2009-12-16,29.15,29.2094,29.06,29.11,6500
2009-12-17,28.97,28.97,28.79,28.84,8700
2009-12-18,28.97,28.97,28.75,28.8451,7100
2009-12-21,29.0,29.09,28.9901,29.05,14400
2009-12-22,29.05,29.14,29.04,29.1299,12800
2009-12-23,29.2098,29.27,29.18,29.27,6500
2009-12-24,29.24,29.36,29.24,29.27,31700
2009-12-28,29.23,29.23,29.08,29.1,9800
2009-12-29,29.28,29.76,29.098,29.098,3200
2009-12-30,29.11,29.14,29.04,29.08,8900
2009-12-31,29.23,29.23,28.61,28.94,23900
2010-01-04,29.27,29.36,29.2,29.2919,17500
2010-01-05,29.4,29.4,29.33,29.4,8900
2010-01-06,29.42,29.47,29.35,29.43,7800
2010-01-07,29.42,29.47,29.3,29.47,12000
2010-01-08,29.5,29.55,29.451,29.55,50200
2010-01-11,29.74,29.74,29.575,29.575,2900
2010-01-12,29.5,29.54,29.36,29.47,6700
2010-01-13,29.53,29.63,29.4075,29.6,47500
2010-01-14,29.6,29.9,29.6,29.69,40900
2010-01-15,29.68,29.68,29.39,29.47,16100
2010-01-19,29.5,29.69,29.5,29.69,20900
2010-01-20,29.54,29.54,29.22,29.36,20900
2010-01-21,29.43,29.43,29.04,29.06,16200
2010-01-22,29.02,29.028,28.68,28.68,18700
2010-01-25,28.9,28.9,28.74,28.79,16100
2010-01-26,28.73,28.84,28.59,28.65,13600
2010-01-27,28.67,28.75,28.5,28.75,10700
2010-01-28,28.86,28.86,28.3401,28.474,9000
2010-01-29,28.56,28.63,28.24,28.24,9600
2010-02-01,28.34,28.54,28.34,28.54,19700
2010-02-02,28.525,28.7894,28.525,28.78,9000
2010-02-03,28.7,28.719,28.53,28.64,4100
2010-02-04,28.3,28.3,28.05,28.085,5100
2010-02-05,27.97,28.15,27.740099999999998,27.99,25900
2010-02-08,28.05,28.078,27.892,27.892,12500
2010-02-09,28.1181,28.2299,28.08,28.18,8800
2010-02-10,28.19,28.19,28.0193,28.13,23600
2010-02-11,28.066,28.29,28.06,28.29,23800
2010-02-12,28.1095,28.26,28.0499,28.26,18100
2010-02-16,28.43,28.5693,28.3019,28.5525,3900
2010-02-17,28.58,28.6599,28.56,28.62,9900
2010-02-18,28.63,28.74,28.62,28.74,7200
2010-02-19,28.67,28.73,28.6,28.73,12400
2010-02-22,28.82,28.82,28.67,28.73,7900
2010-02-23,28.58,28.58,28.4932,28.54,6000
2010-02-24,28.51,28.7,28.51,28.61,3900
2010-02-25,28.43,28.6215,28.3601,28.599,15500
2010-02-26,28.6452,28.74,28.63,28.63,4600
2010-03-01,28.79,28.91,28.69,28.85,13100
2010-03-02,29.0,29.0499,28.99,29.01,4100
2010-03-03,29.08,29.18,29.05,29.08,25800
2010-03-04,29.0599,29.11,28.992,29.105,9900
2010-03-05,29.23,29.38,29.19,29.37,28400
2010-03-08,29.4,29.42,29.31,29.34,13300
2010-03-09,29.24,29.49,29.24,29.41,16700
2010-03-10,29.44,29.5148,29.38,29.4601,5000
2010-03-11,29.45,29.576,29.445,29.576,1100
2010-03-12,29.73,29.73,29.53,29.63,15100
2010-03-15,29.59,29.59,29.39,29.58,8600
2010-03-16,29.67,29.73,29.609,29.7,12400
2010-03-17,29.87,29.9699,29.82,29.93,7500
2010-03-18,29.96,29.96,29.7728,29.85,32000
2010-03-19,29.8,29.8,29.6,29.66,8000
2010-03-22,29.47,29.82,29.47,29.82,15200
2010-03-23,29.8008,29.929,29.7999,29.929,6700
2010-03-24,29.83,29.83,29.64,29.72,7500
2010-03-25,29.86,29.89,29.61,29.65,13000
2010-03-26,29.67,29.7,29.56,29.56,6400
2010-03-29,29.72,29.76,29.683,29.76,21000
2010-03-30,29.78,29.84,29.68,29.77,14200
2010-03-31,29.74,29.9,29.67,29.73,5900
2010-04-01,29.93,29.93,29.805,29.93,9100
2010-04-05,29.9,30.04,29.84,30.0099,8100
2010-04-06,29.96,30.1,29.96,30.08,9500
2010-04-07,29.98,30.09,29.91,29.94,9000
2010-04-08,29.93,30.03,29.86,30.0199,5600
2010-04-09,30.08,30.18,30.04,30.18,5600
2010-04-12,30.29,30.29,30.17,30.24,12500
2010-04-13,30.26,30.3,30.12,30.28,13900
2010-04-14,30.41,30.51,30.31,30.51,23000
2010-04-15,30.36,30.55,30.36,30.535,16600
2010-04-16,30.45,30.45,30.12,30.2174,20700
2010-04-19,30.17,30.21,29.9799,30.21,10000
2010-04-20,30.34,30.38,30.259900000000002,30.38,19000
2010-04-21,30.65,30.65,30.02,30.35,4100
2010-04-22,30.23,30.41,30.15,30.41,6700
2010-04-23,30.38,30.55,30.38,30.55,11700
2010-04-26,30.49,30.87,30.49,30.51,30200
2010-04-27,30.25,30.47,29.96,29.96,50800
2010-04-28,30.12,30.93,29.9201,29.96,13300
2010-04-29,30.24,30.36,30.1954,30.3146,5100
2010-04-30,30.4,30.4,30.0605,30.0605,4700
2010-05-03,30.14,30.3,30.0901,30.27,7100
2010-05-04,30.07,30.07,29.715,29.76,20200
2010-05-05,29.5,29.7,29.41,29.53,8200
2010-05-06,29.39,29.545,28.13,28.95,45400
2010-05-07,29.01,29.04,28.4401,28.5716,22000
2010-05-10,29.5,29.53,29.34,29.53,37800
2010-05-11,29.34,29.65,29.34,29.489,23400
2010-05-12,29.57,29.76,29.532,29.75,29200
2010-05-13,29.67,29.79,29.55,29.59,114500
2010-05-14,29.35,29.35,29.0,29.19,24300
2010-05-17,29.26,29.26,28.9291,29.08,9400
2010-05-18,29.34,29.34,28.9,28.94,4800
2010-05-19,28.92,28.98,28.58,28.79,12000
2010-05-20,28.38,28.48,28.11,28.11,23100
2010-05-21,27.87,28.48,27.8,28.42,81800
2010-05-24,28.4075,28.47,28.24,28.24,8700
2010-05-25,27.76,28.15,27.67,28.15,11500
2010-05-26,28.18,28.3895,28.06,28.06,10400
2010-05-27,28.4113,28.77,28.4113,28.77,4300
2010-05-28,29.5,30.2,28.493,28.51,9600
2010-06-01,28.33,28.575,28.2736,28.2736,7400
2010-06-02,28.2501,28.68,28.2501,28.68,2700
2010-06-03,28.74,28.74,28.56,28.65,6300
2010-06-04,28.4595,28.4595,28.0481,28.05,7600
2010-06-07,28.09,28.16,27.8301,27.88,14700
2010-06-08,27.83,27.9905,27.7125,27.9905,2900
2010-06-09,28.13,28.27,27.944,27.944,4000
2010-06-10,28.3825,28.48,28.32,28.48,3200
2010-06-11,28.35,28.63,28.34,28.63,21900
2010-06-14,28.78,28.832,28.67,28.67,3200
2010-06-15,28.78,29.06,28.78,29.05,16100
2010-06-16,28.9446,29.14,28.9446,29.022,25100
2010-06-17,29.08,29.1,28.96,29.02,16000
2010-06-18,29.05,29.16,29.05,29.1,3000
2010-06-21,29.33,29.33,29.002,29.06,11800
2010-06-22,29.02,29.06,29.02,29.05,3900
2010-06-23,28.1501,28.88,28.1501,28.81,8300
2010-06-24,29.02,29.02,28.483,28.483,7900
2010-06-25,28.36,28.49,28.21,28.43,6000
2010-06-28,28.4,28.5036,28.3201,28.433,3400
2010-06-29,28.0054,28.0054,27.75,27.84,5400
2010-06-30,27.86,28.0,27.73,27.73,19200
2010-07-01,28.57,28.57,27.4795,27.73,11100
2010-07-02,27.73,27.82,27.55,27.6635,15500
2010-07-06,27.87,27.9401,27.68,27.707,13500
2010-07-07,27.72,28.2164,27.72,28.2164,11800
2010-07-08,28.3054,28.3601,28.24,28.3601,4500
2010-07-09,28.43,28.5,28.43,28.497,7900
2010-07-12,28.47,28.48,28.4425,28.4595,800
2010-07-13,28.71,28.81,28.6899,28.81,4500
2010-07-14,28.7294,28.84,28.7099,28.81,6500
2010-07-15,28.7615,28.83,28.6099,28.83,17900
2010-07-16,28.49,28.55,28.3,28.32,10100
2010-07-19,28.4,28.4,28.27,28.37,59600
2010-07-20,28.28,28.49,28.278,28.47,14200
2010-07-21,28.62,28.62,28.332,28.3936,5400
2010-07-22,28.64,28.87,28.64,28.8,4900
2010-07-23,28.8,28.9799,28.74,28.96,8000
2010-07-26,29.01,29.19,29.01,29.19,7000
2010-07-27,29.33,29.36,29.1195,29.138,7300
2010-07-28,29.11,29.16,29.08,29.08,4000
2010-07-29,29.26,29.26,28.93,29.05,13900
2010-07-30,28.84,29.13,28.84,29.13,6600
2010-08-02,29.45,29.5,29.44,29.5,13300
2010-08-03,29.42,29.47,29.34,29.462,11500
2010-08-04,29.41,29.49,29.41,29.489,4400
2010-08-05,29.43,29.479,29.41,29.464,4000
2010-08-06,29.35,29.43,29.2564,29.43,3600
2010-08-09,29.49,29.5388,29.45,29.5388,3400
2010-08-10,29.2799,29.46,29.2799,29.4515,8900
2010-08-11,29.01,29.03,28.7908,28.85,12100
2010-08-12,28.55,28.74,28.55,28.74,2500
2010-08-13,28.71,28.785,28.668,28.676,8300
2010-08-16,28.65,28.758,28.6001,28.7536,1400
2010-08-17,28.898,29.05,28.898,28.9899,5700
2010-08-18,28.95,29.08,28.95,28.974,5900
2010-08-19,28.86,28.86,28.6856,28.73,7900
2010-08-20,28.58,28.64,28.5299,28.59,12400
2010-08-23,28.72,28.72,28.51,28.51,7400
2010-08-24,28.37,28.4,28.317,28.35,5900
2010-08-25,28.25,28.43,28.24,28.43,3400
2010-08-26,28.49,28.49,28.33,28.36,6000
2010-08-27,28.45,28.572,28.27,28.52,13100
2010-08-30,28.57,28.6,28.4,28.4,25700
2010-08-31,28.38,28.4999,28.38,28.4712,15800
2010-09-01,28.7,28.92,28.67,28.863,6400
2010-09-02,28.8801,29.08,28.8801,29.059,12900
2010-09-03,29.2,29.2292,29.2,29.2292,1500
2010-09-07,29.09,29.09,29.09,29.09,300
2010-09-08,29.14,29.24,29.14,29.21,4500
2010-09-09,29.35,29.352,29.202,29.23,2900
2010-09-10,29.242,29.3077,29.24,29.258,2300
2010-09-13,29.57,29.58,29.5556,29.5556,2500
2010-09-14,29.52,29.71,29.5,29.6184,12500
2010-09-15,29.57,29.69,29.54,29.69,26700
2010-09-16,29.59,29.61,29.5124,29.61,4500
2010-09-17,29.69,29.69,29.5301,29.59,5800
2010-09-20,29.63,29.9176,29.63,29.9176,1400
2010-09-21,29.86,29.9044,29.81,29.883,4000
2010-09-22,29.95,30.0188,29.8364,29.837,2300
2010-09-23,29.73,29.86,29.68,29.69,19500
2010-09-24,29.93,30.0694,29.93,30.05,4100
2010-09-27,29.99,30.0,29.89,30.0,53000
2010-09-28,29.97,30.04,29.83,29.9444,6000
2010-09-29,30.02,30.07,29.9864,30.0401,4100
2010-09-30,30.23,30.23,29.89,29.96,8300
2010-10-01,30.09,30.21,29.93,30.0499,8800
2010-10-04,30.02,30.02,29.79,29.868,4700
2010-10-05,30.18,30.33,30.18,30.3,6400
2010-10-06,30.39,30.42,30.2888,30.34,15200
2010-10-07,30.3101,30.3699,30.259900000000002,30.3,2100
2010-10-08,30.42,30.4969,30.42,30.4969,8900
2010-10-11,30.46,30.54,30.449,30.46,13700
2010-10-12,30.42,30.5299,30.339,30.5299,4800
2010-10-13,30.64,30.8,30.61,30.74,11400
2010-10-14,30.76,30.7692,30.6188,30.64,12600
2010-10-15,30.8,30.8,30.6,30.648,6900
2010-10-18,30.68,30.79,30.61,30.79,5400
2010-10-19,30.51,30.622,30.37,30.46,22200
2010-10-20,30.62,30.7396,30.604,30.7323,1600
2010-10-21,30.71,30.87,30.58,30.67,10300
2010-10-22,30.69,30.73,30.681,30.69,4200
2010-10-25,30.91,31.0,30.838,30.838,28900
2010-10-26,30.67,30.78,30.66,30.7299,10800
2010-10-27,30.59,30.67,30.44,30.58,14000
2010-10-28,30.76,30.76,30.574,30.68,11000
2010-10-29,30.65,30.73,30.63,30.71,13500
2010-11-01,30.82,30.8397,30.72,30.72,11000
2010-11-02,30.91,30.94,30.89,30.94,14000
2010-11-03,30.99,30.99,30.8,30.933,16900
2010-11-04,31.27,31.44,31.27,31.44,219700
2010-11-05,31.4,31.45,31.4,31.4372,9300
2010-11-08,31.37,31.41,31.3377,31.4,4900
2010-11-09,31.4184,31.47,31.07,31.14,17500
2010-11-10,31.2,31.23,31.013,31.21,9100
2010-11-11,31.1,31.16,31.06,31.09,3300
2010-11-12,31.0,31.04,30.84,30.84,12400
2010-11-15,30.92,30.98,30.82,30.82,2400
2010-11-16,30.63,30.6301,30.33,30.42,11400
2010-11-17,30.5,30.57,30.44,30.48,8900
2010-11-18,30.8201,30.849,30.8201,30.84,2000
2010-11-19,30.7,30.87,30.69,30.85,9200
2010-11-22,30.8,30.86,30.68,30.852,4200
2010-11-23,30.6,30.64,30.5,30.51,11200
2010-11-24,30.72,30.83,30.72,30.78,8900
2010-11-26,30.69,30.6956,30.65,30.68,10300
2010-11-29,30.6,30.63,30.44,30.63,4200
2010-11-30,30.36,30.54,30.36,30.46,13900
2010-12-01,30.75,30.85,30.7101,30.839,27800
2010-12-02,30.85,31.09,30.8325,31.09,11500
2010-12-03,31.14,31.22,31.09,31.22,12300
2010-12-06,31.16,31.24,31.14,31.2,17400
2010-12-07,31.41,31.41,31.13,31.142,10100
2010-12-08,31.18,31.18,31.04,31.14,14600
2010-12-09,31.31,31.31,31.1,31.18,13400
2010-12-10,31.18,31.27,31.18,31.27,1300
2010-12-13,31.38,31.46,31.3656,31.3656,6800
2010-12-14,31.35,31.42,31.24,31.28,18900
2010-12-15,31.28,31.36,31.18,31.19,9000
2010-12-16,31.19,31.31,31.19,31.31,6000
2010-12-17,31.26,31.4,31.26,31.366,10400
2010-12-20,31.38,31.46,31.33,31.46,24400
2010-12-21,31.54,31.62,31.5101,31.62,44000
2010-12-22,31.56,31.65,31.56,31.6,12800
2010-12-23,31.62,31.63,31.5505,31.61,47300
2010-12-27,31.32,31.43,31.303,31.43,10600
2010-12-28,31.42,31.42,31.32,31.35,10600
2010-12-29,31.44,31.55,31.42,31.516,28400
2010-12-30,31.48,31.89,31.41,31.5,14400
2010-12-31,31.46,31.58,31.45,31.54,8000
2011-01-03,31.62,31.8,31.62,31.73,35400
2011-01-04,31.75,31.75,31.5,31.58,16000
2011-01-05,31.49,31.62,31.46,31.57,80100
2011-01-06,31.61,31.66,31.508,31.53,60800
2011-01-07,31.5399,31.57,31.3712,31.5,67300
2011-01-10,31.37,31.55,31.3518,31.53,70400
2011-01-11,31.6,31.62,31.53,31.5899,23500
2011-01-12,31.75,31.83,31.7296,31.79,44600
2011-01-13,31.83,31.89,31.8105,31.86,34900
2011-01-14,31.84,31.99,31.84,31.99,16200
2011-01-18,32.03,32.03,31.935,32.01,25000
2011-01-19,32.07,32.07,31.79,31.83,22600
2011-01-20,31.73,31.73,31.595,31.6799,5000
2011-01-21,31.77,31.7794,31.71,31.74,12400
2011-01-24,31.72,31.89,31.72,31.87,26400
2011-01-25,31.77,31.86,31.7198,31.85,64800
2011-01-26,31.97,32.04,31.93,32.037,33200
2011-01-27,32.03,32.1,31.978,32.09,5500
2011-01-28,32.05,32.05,31.67,31.694,14500
2011-01-31,31.76,31.894,31.72,31.86,28900
2011-02-01,31.94,32.19,31.94,32.16,15600
2011-02-02,32.1,32.1801,32.08,32.12,9900
2011-02-03,32.07,32.13,31.98,32.12,9700
2011-02-04,32.074,32.12,32.01,32.12,15800
2011-02-07,32.15,32.27,32.15,32.21,13300
2011-02-08,32.26,32.3,32.24,32.3,14800
2011-02-09,32.25,32.2999,32.188,32.26,27900
2011-02-10,32.11,32.25,32.11,32.2,23300
2011-02-11,32.11,32.36,32.11,32.359,18100
2011-02-14,32.38,32.44,32.35,32.43,17000
2011-02-15,32.41,32.41,32.3201,32.36,32300
2011-02-16,32.43,32.54,32.43,32.54,14400
2011-02-17,32.55,32.65,32.55,32.63,12700
2011-02-18,32.57,32.7,32.57,32.6401,16100
2011-02-22,32.49,32.54,32.2023,32.2356,23800
2011-02-23,32.29,32.31,32.05,32.14,46400
2011-02-24,32.11,32.18,31.99,32.1499,15900
2011-02-25,32.2756,32.42,32.2756,32.3972,15500
2011-02-28,32.547,32.5756,32.4578,32.5,6100
2011-03-01,32.63,32.63,32.23,32.266,11400
2011-03-02,32.25,32.39,32.25,32.27,53000
2011-03-03,32.51,32.63,32.47,32.63,15400
2011-03-04,32.64,32.64,32.3901,32.53,22000
2011-03-07,32.81,32.81,32.24,32.33,12100
2011-03-08,32.36,32.5699,32.31,32.48,22400
2011-03-09,32.51,32.52,32.367,32.51,9600
2011-03-10,32.28,32.28,32.1101,32.1101,24100
2011-03-11,31.98,32.259,31.98,32.205,9800
2011-03-14,32.04,32.0956,31.91,32.0701,3200
2011-03-15,31.54,31.9099,31.44,31.8201,13800
2011-03-16,31.79,31.79,31.424,31.5599,17100
2011-03-17,31.86,31.87,31.74,31.76,27200
2011-03-18,31.97,31.99,31.8972,31.93,4800
2011-03-21,32.2,32.27,32.1996,32.24,35300
2011-03-22,32.19,32.22,32.15,32.151,5800
2011-03-23,32.15,32.25,32.028,32.18,20000
2011-03-24,32.2572,32.39,32.2572,32.39,10200
2011-03-25,32.43,32.53,32.39,32.4,15900
2011-03-28,32.33,32.36,32.22,32.2399,8800
2011-03-29,32.14,32.36,32.14,32.33,19700
2011-03-30,32.49,32.58,32.458,32.55,11300
2011-03-31,32.55,32.59,32.53,32.574,15100
2011-04-01,32.68,32.74,32.619,32.69,18800
2011-04-04,32.77,32.77,32.67,32.74,8800
2011-04-05,32.7,32.8,32.6644,32.744,12300
2011-04-06,32.84,32.84,32.716,32.79,7700
2011-04-07,32.78,32.84,32.6596,32.72,60900
2011-04-08,32.84,32.84,32.59,32.6592,7900
2011-04-11,32.65,32.7,32.55,32.5601,18500
2011-04-12,32.51,32.51,32.3785,32.452,15500
2011-04-13,32.5292,32.55,32.4,32.503,6800
2011-04-14,32.34,32.53,32.34,32.53,15200
2011-04-15,32.5099,32.637,32.5099,32.6168,5800
2011-04-18,32.24,32.35,32.23,32.3399,39600
2011-04-19,32.38,32.49,32.3501,32.49,8800
2011-04-20,32.8,32.8108,32.77,32.7876,17700
2011-04-21,32.88,32.935,32.84,32.928,45700
2011-04-25,32.98,32.99,32.82,32.87,140600
2011-04-26,32.94,33.15,32.94,33.129,43900
2011-04-27,33.11,33.2899,33.07,33.27,53700
2011-04-28,33.26,33.35,33.25,33.34,124000
2011-04-29,33.33,33.46,33.3,33.426,116000
2011-05-02,33.5,33.52,33.348,33.39,33000
2011-05-03,33.28,33.3001,33.1464,33.25,17000
2011-05-04,33.24,33.24,32.9925,33.05,16000
2011-05-05,32.9,33.1,32.865,32.87,15300
2011-05-06,33.12,33.145,32.922,32.94,6600
2011-05-09,32.93,33.12,32.93,33.1099,13000
2011-05-10,33.1301,33.3,33.1301,33.26,9400
2011-05-11,33.2175,33.2175,32.93,33.03,6700
2011-05-12,32.96,33.142,32.87,33.09,13000
2011-05-13,33.13,33.13,32.8478,32.9,12700
2011-05-16,32.8201,32.99,32.778,32.79,11500
2011-05-17,32.7,32.7708,32.665,32.73,2600
2011-05-18,32.8,32.9852,32.76,32.94,11600
2011-05-19,33.03,33.03,32.871,33.0,14900
2011-05-20,32.8,32.95,32.76,32.81,8500
2011-05-23,32.55,32.5728,32.49,32.53,13600
2011-05-24,32.57,32.6199,32.48,32.557,26400
2011-05-25,32.43,32.6896,32.43,32.63,10000
2011-05-26,32.631,32.83,32.6001,32.77,29300
2011-05-27,32.89,32.94,32.84,32.89,5800
2011-05-31,33.15,33.169,33.03,33.169,17400
2011-06-01,33.1,33.1,32.79,32.79,11800
2011-06-02,32.77,32.77,32.63,32.69,11400
2011-06-03,32.5499,32.66,32.5444,32.6036,7500
2011-06-06,32.5,32.5,32.3068,32.31,19300
2011-06-07,32.4244,32.52,32.4244,32.4366,10000
2011-06-08,32.31,32.37,32.21,32.26,14900
2011-06-09,32.32,32.42,32.27,32.4068,7700
2011-06-10,32.1499,32.16,32.01,32.02,8600
2011-06-13,32.1,32.12,32.0,32.0272,11300
2011-06-14,32.18,32.35,32.18,32.3054,39700
2011-06-15,32.12,32.13,31.91,31.9599,25700
2011-06-16,31.89,32.05,31.8372,31.9205,15400
2011-06-17,32.09,32.11,31.98,32.0135,6900
2011-06-20,31.96,32.12,31.96,32.08,3100
2011-06-21,32.25,32.47,32.25,32.4434,81100
2011-06-22,32.46,32.47,32.31,32.31,12700
2011-06-23,32.01,32.25,31.94,32.24,31500
2011-06-24,32.28,32.28,32.08,32.1,21600
2011-06-27,31.87,32.03,31.83,32.0,5700
2011-06-28,32.05,32.18,32.05,32.1303,16300
2011-06-29,32.32,32.4,32.23,32.38,110800
2011-06-30,32.47,32.6,32.44,32.5899,53800
2011-07-01,32.84,32.87,32.56,32.86,27900
2011-07-05,32.88,32.89,32.81,32.86,7700
2011-07-06,32.8,32.88,32.764,32.862,11400
2011-07-07,33.004,33.12,33.004,33.09,45300
2011-07-08,32.91,32.95,32.804,32.93,48400
2011-07-11,32.7199,32.7199,32.51,32.52,17300
2011-07-12,32.47,32.57,32.45,32.45,18400
2011-07-13,32.7485,32.7485,32.6,32.63,1600
2011-07-14,32.6112,32.74,32.38,32.38,7900
2011-07-15,32.465,32.5,32.41,32.5,5000
2011-07-18,32.42,32.42,32.154,32.28,17200
2011-07-19,32.546,32.633,32.451,32.633,6800
2011-07-20,32.74,32.74,32.63,32.6598,15800
2011-07-21,32.75,32.9436,32.75,32.91,18700
2011-07-22,32.97,32.99,32.864,32.96,13800
2011-07-25,32.79,32.9,32.7807,32.811,12900
2011-07-26,32.86,32.88,32.72,32.76,58800
2011-07-27,32.65,32.65,32.29,32.29,21900
2011-07-28,32.31,32.4899,32.26,32.27,12200
2011-07-29,32.16,32.372,32.05,32.28,46900
2011-08-01,32.6,32.95,32.05,32.17,29600
2011-08-02,32.1,32.13,31.816,31.816,16400
2011-08-03,31.8,31.83,31.45,31.8,68700
2011-08-04,31.49,31.51,30.79,30.79,136100
2011-08-05,31.02,31.03,30.25,30.69,47000
2011-08-08,30.13,30.3584,29.42,29.42,70600
2011-08-09,29.88,30.43,29.35,30.43,11900
2011-08-10,29.96,30.235,29.75,29.75,12400
2011-08-11,29.9,30.5764,29.9,30.37,13500
2011-08-12,30.57,30.6799,30.5,30.53,23800
2011-08-15,30.81,30.94,30.76,30.94,71400
2011-08-16,30.7199,30.8636,29.85,30.74,92300
2011-08-17,30.94,30.95,30.721,30.7875,3500
2011-08-18,30.29,30.29,29.84,29.97,27600
2011-08-19,29.69,30.05,29.682,29.682,10000
2011-08-22,30.12,30.12,29.6801,29.6972,11800
2011-08-23,29.82,30.25,29.71,30.24,12900
2011-08-24,30.15,30.38,30.075,30.38,30500
2011-08-25,30.52,30.52,30.09,30.17,4300
2011-08-26,30.04,30.44,30.04,30.36,15100
2011-08-29,30.56,30.92,30.56,30.92,48000
2011-08-30,30.85,31.08,30.48,30.98,40100
2011-08-31,31.23,31.259,31.038,31.092,8700
2011-09-01,31.0983,31.145,30.9,30.94,5300
2011-09-02,30.56,30.6928,30.46,30.49,10100
2011-09-06,30.11,30.28,29.94,30.28,26900
2011-09-07,30.54,30.79,30.5,30.79,19000
2011-09-08,30.61,30.85,30.56,30.58,26200
2011-09-09,30.31,30.4,29.998,30.091,38600
2011-09-12,29.99,30.13,29.72,30.13,11000
2011-09-13,30.19,30.31,30.125,30.3,10100
2011-09-14,30.39,30.7081,30.2,30.7081,5100
2011-09-15,30.68,30.83,30.59,30.78,13000
2011-09-16,30.81,30.93,30.74,30.85,10300
2011-09-19,30.45,30.6805,30.37,30.65,27800
2011-09-20,30.67,30.8271,30.61,30.66,5100
2011-09-21,30.61,30.61,30.07,30.07,21300
2011-09-22,29.64,29.72,29.308,29.3101,25800
2011-09-23,29.39,29.64,29.39,29.59,3800
2011-09-26,29.81,29.95,29.451,29.9,9800
2011-09-27,30.22,30.31,30.0,30.0,14800
2011-09-28,30.16,30.16,29.8036,29.858,2900
2011-09-29,29.96,29.96,29.5536,29.76,10500
2011-09-30,29.54,29.67,29.39,29.4074,8700
2011-10-03,29.37,29.69,28.82,28.82,7000
2011-10-04,28.58,29.27,27.84,29.23,67000
2011-10-05,29.32,29.5,29.27,29.49,8900
2011-10-06,29.53,29.91,29.53,29.91,89000
2011-10-07,29.98,29.98,29.6841,29.73,71700
2011-10-10,29.99,30.25,29.99,30.1945,9000
2011-10-11,30.3,30.32,30.24,30.31,15900
2011-10-12,30.37,30.6799,30.37,30.54,10200
2011-10-13,30.3,30.4901,30.3,30.4,16800
2011-10-14,30.67,30.78,30.593,30.78,36700
2011-10-17,30.6,30.67,30.42,30.4299,8700
2011-10-18,30.38,30.77,30.3,30.76,20200
2011-10-19,30.73,30.77,30.47,30.5,98900
2011-10-20,30.44,30.59,30.28,30.55,5700
2011-10-21,30.81,30.9,30.791,30.9,4600
2011-10-24,31.0,31.31,31.0,31.29,9200
2011-10-25,31.2,31.2,30.96,30.96,16000
2011-10-26,31.13,31.16,30.9544,31.16,21200
2011-10-27,31.79,31.95,31.6,31.82,117300
2011-10-28,31.84,31.91,31.73,31.89,291800
2011-10-31,31.62,31.63,31.36,31.36,23500
2011-11-01,30.76,31.42,30.76,30.88,46900
2011-11-02,31.05,31.2,31.0,31.14,17300
2011-11-03,31.32,31.55,31.21,31.54,7500
2011-11-04,31.376,31.44,31.3,31.41,10400
2011-11-07,31.44,31.52,31.3115,31.52,23900
2011-11-08,31.57,31.72,31.4648,31.72,27700
2011-11-09,31.26,31.3,30.94,30.95,71600
2011-11-10,31.15,31.15,30.9864,31.08,2700
2011-11-11,31.31,31.496,31.31,31.45,8300
2011-11-14,31.42,31.43,31.17,31.24,38200
2011-11-15,31.2,31.38,31.1,31.32,14700
2011-11-16,31.15,31.31,30.98,31.0,20000
2011-11-17,30.99,31.01,30.63,30.72,12900
2011-11-18,30.83,30.83,30.7,30.73,8200
2011-11-21,30.49,30.49,30.19,30.3,25000
2011-11-22,30.312,30.3376,30.23,30.23,3100
2011-11-23,30.11,30.11,29.8723,29.97,15700
2011-11-25,29.86,29.9455,29.86,29.881,9000
2011-11-28,30.32,30.38,30.27,30.38,25800
2011-11-29,30.43,30.5,30.37,30.42,27500
2011-11-30,30.92,31.22,30.92,31.22,18100
2011-12-01,31.16,31.2,31.08,31.13,54300
2011-12-02,31.33,31.33,31.2,31.2,71300
2011-12-05,31.47,31.55,31.3,31.43,13700
2011-12-06,31.39,31.43,31.286,31.4,28100
2011-12-07,31.25,31.5,31.16,31.45,27400
2011-12-08,31.23,31.33,30.98,31.1,50100
2011-12-09,31.01,31.35,31.01,31.3384,38200
2011-12-12,31.13,31.13,30.891,31.039,71400
2011-12-13,31.15,31.22,30.82,30.82,9800
2011-12-14,30.78,30.78,30.56,30.63,13000
2011-12-15,30.75,30.7595,30.64,30.64,25300
2011-12-16,30.74,30.85,30.724,30.77,4500
2011-12-19,30.89,30.89,30.53,30.58,16500
2011-12-20,31.11,31.1592,31.04,31.14,8900
2011-12-21,31.07,31.09,30.95,31.09,13000
2011-12-22,31.23,31.315,31.23,31.3,15000
2011-12-23,31.28,31.42,31.27,31.42,108600
2011-12-27,31.17,31.235,31.114,31.19,9600
2011-12-28,31.03,31.04,30.91,30.94,31300
2011-12-29,31.07,31.2,31.032,31.16,5200
2011-12-30,31.19,31.24,31.14,31.14,58100
2012-01-03,31.42,31.54,31.36,31.43,34700
2012-01-04,31.35,31.4,31.3,31.39,47500
2012-01-05,31.21,31.4196,31.191,31.41,7900
2012-01-06,31.26,31.41,31.26,31.34,6800
2012-01-09,31.41,31.41,31.315,31.37,26900
2012-01-10,31.57,31.644,31.54,31.59,93800
2012-01-11,31.5217,31.71,31.52,31.64,181100
2012-01-12,31.64,31.68,31.540399999999998,31.68,11700
2012-01-13,31.48,31.58,31.48,31.58,10000
2012-01-17,31.73,31.8,31.68,31.68,22500
2012-01-18,31.72,31.92,31.69,31.92,28800
2012-01-19,32.01,32.06,31.95,32.04,96900
2012-01-20,32.01,32.04,31.9475,32.04,22200
2012-01-23,32.04,32.08,31.99,32.06,19800
2012-01-24,31.88,32.06,31.88,32.04,28400
2012-01-25,31.9599,32.25,31.94,32.25,19900
2012-01-26,32.36,32.36,32.11,32.21,8600
2012-01-27,32.16,32.269,32.14,32.26,101300
2012-01-30,32.04,32.192,32.01,32.17,55900
2012-01-31,32.31,32.32,32.1064,32.24,67600
2012-02-01,32.3732,32.516,32.3732,32.44,35000
2012-02-02,32.44,32.55,32.44,32.44,35100
2012-02-03,32.7,32.77,32.64,32.77,60200
2012-02-06,32.65,32.72,32.6375,32.69,17500
2012-02-07,32.7,32.79,32.598,32.79,24900
2012-02-08,32.76,32.8378,32.7,32.82,41500
2012-02-09,32.88,32.88,32.7525,32.84,28400
2012-02-10,32.55,32.65,32.55,32.63,22000
2012-02-13,32.77,32.83,32.749,32.816,50300
2012-02-14,32.76,32.76,32.6375,32.75,64500
2012-02-15,32.83,32.8388,32.65,32.65,14800
2012-02-16,32.65,32.94,32.65,32.94,29900
2012-02-17,32.95,32.97,32.89,32.95,32000
2012-02-21,33.03,33.04,32.904,32.94,20200
2012-02-22,32.94,32.96,32.855,32.9,26900
2012-02-23,32.92,33.05,32.92,33.0,11000
2012-02-24,33.1,33.15,33.05,33.1,34600
2012-02-27,32.95,33.15,32.95,33.09,8000
2012-02-28,33.1,33.205,33.1,33.19,15000
2012-02-29,33.24,33.2595,33.03,33.05,12700
2012-03-01,33.1,33.199,33.0812,33.17,33000
2012-03-02,33.1,33.159,33.03,33.03,13200
2012-03-05,33.02,33.02,32.889,32.91,31900
2012-03-06,32.66,32.66,32.5,32.53,11300
2012-03-07,32.62,32.73,32.62,32.73,10400
2012-03-08,32.9196,33.0,32.9196,33.0,11000
2012-03-09,33.01,33.1,32.91,33.05,14500
2012-03-12,33.06,33.06,32.96,33.019,12500
2012-03-13,33.11,33.36,33.08,33.3599,94300
2012-03-14,33.37,33.37,33.19,33.22,19800
2012-03-15,33.23,33.38,33.22,33.3799,13200
2012-03-16,33.42,33.44,33.368,33.4,37200
2012-03-19,33.39,33.535,33.38,33.4536,20600
2012-03-20,33.27,33.36,33.21,33.34,16300
2012-03-21,33.37,33.38,33.2401,33.3001,9200
2012-03-22,33.17,33.182,33.091,33.1299,10600
2012-03-23,33.14,33.29,33.07,33.29,6400
2012-03-26,33.44,33.55,33.44,33.5186,8700
2012-03-27,33.51,33.51,33.39,33.39,7700
2012-03-28,33.41,33.42,33.164,33.2595,9100
2012-03-29,33.17,33.28,33.0695,33.28,18700
2012-03-30,33.39,33.39,33.24,33.342,19000
2012-04-02,33.32,33.55,33.26,33.49,22500
2012-04-03,33.48,33.51,33.238,33.33,12100
2012-04-04,33.16,33.33,32.981,33.11,37000
2012-04-05,33.04,33.09,33.016,33.09,6300
2012-04-09,32.88,32.97,32.812,32.89,13500
2012-04-10,32.86,32.86,32.485,32.54,23500
2012-04-11,32.76,32.76,32.67,32.67,17400
2012-04-12,32.72,33.05,32.72,33.0499,30100
2012-04-13,32.99,32.99,32.78,32.78,17100
2012-04-16,32.91,32.93,32.742,32.81,16600
2012-04-17,32.94,33.17,32.9305,33.07,9200
2012-04-18,33.01,33.1,32.99,33.069,8000
2012-04-19,33.04,33.04,32.86,32.95,6600
2012-04-20,33.05,33.1,32.994,33.0099,5100
2012-04-23,32.72,32.779,32.62,32.73,20500
2012-04-24,32.81,32.91,32.78,32.84,18500
2012-04-25,33.06,33.14,32.98,33.0924,11800
2012-04-26,33.13,33.33,33.13,33.27,16400
2012-04-27,33.29,33.3779,33.24,33.35,20600
2012-04-30,33.33,33.33,33.195,33.23,265000
2012-05-01,33.27,33.5,33.24,33.4,29800
2012-05-02,33.25,33.34,33.167,33.31,18000
2012-05-03,33.31,33.31,33.09,33.14,18000
2012-05-04,33.03,33.03,32.8,32.81,100800
2012-05-07,32.73,32.916,32.73,32.88,8300
2012-05-08,32.7,32.75,32.5612,32.73,10900
2012-05-09,32.54,32.71,32.46,32.63,22500
2012-05-10,32.78,32.78,32.608,32.67,12200
2012-05-11,32.55,32.77,32.54,32.63,18000
2012-05-14,32.41,32.48,32.3674,32.37,11800
2012-05-15,32.375,32.43,32.208,32.26,28000
2012-05-16,32.3,32.38,32.126,32.126,7400
2012-05-17,32.034,32.06,31.78,31.7819,27400
2012-05-18,31.82,31.86,31.618,31.65,11000
2012-05-21,31.72,32.01,31.7199,32.01,50000
2012-05-22,32.02,32.141,31.93,31.93,17200
2012-05-23,31.8,31.95,31.662,31.95,56000
2012-05-24,31.97,31.97,31.826,31.94,7800
2012-05-25,31.99,31.9935,31.92,31.95,17000
2012-05-29,32.14,32.17,32.0335,32.13,14800
2012-05-30,31.95,31.97,31.845,31.86,8100
2012-05-31,31.78,31.95,31.7,31.88,5600
2012-06-01,31.57,31.64,31.401,31.423,13300
2012-06-04,31.42,31.47,31.26,31.4,29500
2012-06-05,31.4218,31.55,31.4218,31.53,5600
2012-06-06,31.83,31.96,31.79,31.95,12000
2012-06-07,32.21,32.21,31.9201,31.97,12000
2012-06-08,31.91,32.0799,31.89,32.0799,18300
2012-06-11,32.25,32.259,31.83,31.8495,17400
2012-06-12,31.91,32.05,31.78,32.0,59000
2012-06-13,31.99,32.0447,31.96,31.99,4800
2012-06-14,31.95,32.1,31.95,32.1,8100
2012-06-15,32.19,32.3083,32.162,32.3,14400
2012-06-18,32.2,32.39,32.2,32.3,5100
2012-06-19,32.49,32.68,32.49,32.5701,21700
2012-06-20,32.5782,32.64,32.48,32.48,22400
2012-06-21,32.42,32.42,32.06,32.06,3600
2012-06-22,32.21,32.25,32.1305,32.24,7900
2012-06-25,31.99,31.99,31.8505,31.935,6600
2012-06-26,31.74,31.8096,31.6634,31.8,7900
2012-06-27,31.9,31.98,31.9,31.966,8200
2012-06-28,31.87,31.87,31.7118,31.85,12700
2012-06-29,32.35,32.44,32.25,32.42,157900
2012-07-02,32.55,32.57,32.4401,32.554,75000
2012-07-03,32.6,32.76,32.6,32.6718,5700
2012-07-05,32.78,32.78,32.57,32.69,12300
2012-07-06,32.48,32.5,32.36,32.48,22400
2012-07-09,32.45,32.45,32.34,32.45,15700
2012-07-10,32.51,32.57,32.21,32.26,6400
2012-07-11,32.3474,32.36,32.2399,32.31,8400
2012-07-12,32.16,32.21,32.02,32.18,16300
2012-07-13,32.39,32.5,32.35,32.49,7000
2012-07-16,32.54,32.54,32.4111,32.4111,12400
2012-07-17,32.55,32.58,32.36,32.58,9900
2012-07-18,32.53,32.75,32.53,32.73,19300
2012-07-19,32.78,32.8,32.7482,32.8,3400
2012-07-20,32.64,32.66,32.5201,32.57,18400
2012-07-23,32.27,32.341,32.2051,32.341,3300
2012-07-24,32.16,32.19,32.01,32.0151,19500
2012-07-25,32.21,32.2182,32.08,32.14,14900
2012-07-26,32.48,32.51,32.358,32.51,10200
2012-07-27,32.61,32.92,32.61,32.85,27800
2012-07-30,32.79,32.89,32.79,32.86,27100
2012-07-31,32.9,32.9,32.77,32.79,21900
2012-08-01,32.8999,32.8999,32.67,32.73,14100
2012-08-02,32.49,32.653,32.41,32.4814,24600
2012-08-03,32.79,32.9501,32.78,32.9411,17500
2012-08-06,33.03,33.12,33.03,33.05,7000
2012-08-07,33.13,33.22,33.13,33.17,4400
2012-08-08,33.12,33.18,33.1,33.15,39500
2012-08-09,33.12,33.19,33.08,33.17,38000
2012-08-10,33.1,33.189,33.0127,33.189,26900
2012-08-13,33.09,33.208,33.04,33.105,22700
2012-08-14,33.33,33.33,33.11,33.15,60300
2012-08-15,33.03,33.16,33.03,33.14,33400
2012-08-16,33.1,33.3,33.1,33.2496,6500
2012-08-17,33.2745,33.33,33.25,33.33,17500
2012-08-20,33.29,33.3181,33.19,33.266,51000
2012-08-21,33.33,33.439,33.2679,33.2748,8600
2012-08-22,33.2,33.36,33.2,33.3422,5800
2012-08-23,33.32,33.32,33.171,33.191,30800
2012-08-24,33.1552,33.328,33.1552,33.3,16200
2012-08-27,33.27,33.37,33.25,33.25,10900
2012-08-28,33.27,33.345,33.2689,33.292,13400
2012-08-29,33.32,33.34,33.25,33.3283,12200
2012-08-30,33.22,33.22,33.11,33.1783,11500
2012-08-31,33.25,33.29,33.22,33.254,3500
2012-09-04,33.2,33.32,33.09,33.29,8600
2012-09-05,33.29,33.32,33.21,33.231700000000004,26500
2012-09-06,33.39,33.64,33.39,33.61,17900
2012-09-07,33.68,33.81,33.68,33.78,14100
2012-09-10,33.77,33.78,33.69,33.69,7000
2012-09-11,33.66,33.8,33.66,33.7659,14300
2012-09-12,33.84,33.845,33.75,33.8,16200
2012-09-13,33.77,34.21,33.77,34.17,20400
2012-09-14,34.27,34.42,34.24,34.2699,21300
2012-09-17,34.26,34.26,34.12,34.16,8400
2012-09-18,34.17,34.19,34.0917,34.108,20600
2012-09-19,34.1335,34.24,34.1335,34.2,13700
2012-09-20,34.08,34.11,34.0,34.11,7700
2012-09-21,34.18,34.22,34.1217,34.1217,9300
2012-09-24,34.04,34.117,34.0017,34.09,5500
2012-09-25,34.16,34.17,33.932,33.932,11700
2012-09-26,33.67,33.67,33.56,33.57,25200
2012-09-27,33.71,33.87,33.662,33.8264,80000
2012-09-28,33.68,33.76,33.6483,33.71,23400
2012-10-01,33.8042,33.92,33.7007,33.75,43400
2012-10-02,33.84,33.876,33.7283,33.7483,23300
2012-10-03,33.79,33.9,33.71,33.78,10500
2012-10-04,33.98,33.99,33.91,33.982,23700
2012-10-05,34.1199,34.12,33.9332,33.97,12700
2012-10-08,33.81,33.94,33.81,33.9,69400
2012-10-09,33.86,33.86,33.7199,33.724,16500
2012-10-10,33.68,33.68,33.53,33.5599,3500
2012-10-11,33.67,33.769,33.6352,33.6454,12000
2012-10-12,33.6335,33.67,33.54,33.5683,14400
2012-10-15,33.74,33.74,33.5935,33.74,21900
2012-10-16,33.8,33.9583,33.8,33.95,12300
2012-10-17,33.92,34.066,33.92,34.06,1900
2012-10-18,33.99,34.0875,33.9401,33.959,35600
2012-10-19,33.82,33.82,33.644800000000004,33.68,12400
2012-10-22,33.69,33.71,33.5695,33.7,7700
2012-10-23,33.4,33.49,33.31,33.43,15500
2012-10-24,33.48,33.48,33.37,33.37,16200
2012-10-25,33.47,33.56,33.39,33.41,5100
2012-10-26,33.4,33.4547,33.3001,33.43,12500
2012-10-31,33.46,33.559,33.398,33.5,21100
2012-11-01,33.55,33.74,33.55,33.7352,12100
2012-11-02,33.82,33.82,33.53,33.53,16600
2012-11-05,33.51,33.62,33.49,33.62,27500
2012-11-06,33.65,33.78,33.65,33.68,7400
2012-11-07,33.58,33.58,33.2799,33.33,20600
2012-11-08,33.37,33.39,33.13,33.13,11100
2012-11-09,32.98,33.264,32.9501,33.1201,19500
2012-11-12,33.13,33.18,33.0801,33.126,14300
2012-11-13,33.02,33.2,32.97,33.03,22500
2012-11-14,33.11,33.11,32.79,32.79,8500
2012-11-15,32.79,32.82,32.65,32.65,137200
2012-11-16,32.78,32.86,32.66,32.84,11400
2012-11-19,33.15,33.23,33.1,33.23,20500
2012-11-20,33.23,33.28,33.114,33.2299,153600
2012-11-21,33.21,33.29,33.21,33.29,158700
2012-11-23,33.36,33.57,33.36,33.57,16500
2012-11-26,33.51,33.54,33.4401,33.54,53000
2012-11-27,33.48,33.5952,33.45,33.5,31100
2012-11-28,33.35,33.6,33.26,33.6,28900
2012-11-29,33.75,33.7886,33.651,33.75,6700
2012-11-30,33.63,33.81,33.63,33.7539,15200
2012-12-03,33.89,33.89,33.6875,33.72,23300
2012-12-04,33.71,33.75,33.68,33.74,40800
2012-12-05,33.73,33.8299,33.6699,33.79,9900
2012-12-06,33.8,33.84,33.722,33.82,14100
2012-12-07,33.85,33.87,33.7901,33.86,10000
2012-12-10,33.83,33.9399,33.83,33.92,29500
2012-12-11,34.02,34.0799,33.9701,33.9701,3100
2012-12-12,34.0506,34.1799,34.03,34.03,14500
2012-12-13,33.98,34.0499,33.8434,33.92,58000
2012-12-14,33.9,33.93,33.856,33.87,14000
2012-12-17,33.87,34.0165,33.87,34.01,37300
2012-12-18,34.1,34.27,34.07,34.27,82000
2012-12-19,34.28,34.32,34.2,34.21,36200
2012-12-20,34.24,34.31,34.219,34.29,19200
2012-12-21,34.11,34.23,34.058,34.18,24900
2012-12-24,34.1,34.13,34.04,34.11,16800
2012-12-26,34.34,34.35,33.7,33.75,68900
2012-12-27,33.77,33.822,33.59,33.7801,48300
2012-12-28,33.78,33.79,33.6,33.65,28400
2012-12-31,33.61,33.97,33.61,33.97,40500
2013-01-02,34.33,34.44,34.23,34.4399,33400
2013-01-03,34.39,34.439,34.258,34.33,25800
2013-01-04,34.29,34.4395,34.25,34.43,111700
2013-01-07,34.34,34.37,34.26,34.33,11700
2013-01-08,34.34,34.34,34.226,34.28,50300
2013-01-09,34.4,34.4,34.3101,34.36,29400
2013-01-10,34.52,34.53,34.4103,34.52,20700
2013-01-11,34.53,34.53,34.4558,34.518,26500
2013-01-14,34.52,34.52,34.459,34.5194,25500
2013-01-15,34.46,34.57,34.45,34.57,56300
2013-01-16,34.59,34.59,34.4901,34.51,14800
2013-01-17,34.64,34.72,34.6,34.69,23700
2013-01-18,34.69,34.73,34.5926,34.73,37500
2013-01-22,34.72,34.81,34.7,34.81,28100
2013-01-23,34.91,34.91,34.755,34.83,35300
2013-01-24,34.96,34.96,34.815,34.88,16000
2013-01-25,34.97,34.97,34.884,34.95,68200
2013-01-28,34.91,34.939,34.8102,34.919,29000
2013-01-29,34.92,35.0,34.915,35.0,27200
2013-01-30,34.99,35.009,34.889,34.9,38400
2013-01-31,34.9,34.95,34.8401,34.91,21000
2013-02-01,35.05,35.11,35.01,35.09,110400
2013-02-04,34.96,35.01,34.79,34.82,98500
2013-02-05,34.92,35.01,34.908,34.97,32700
2013-02-06,34.96,35.0,34.93,34.96,10100
2013-02-07,34.95,35.0,34.79,34.92,54700
2013-02-08,34.99,35.06,34.97,35.06,43500
2013-02-11,35.0,35.029,34.9705,35.02,17600
2013-02-12,35.04,35.11,35.0101,35.11,15500
2013-02-13,35.15,35.169200000000004,35.0401,35.08,22700
2013-02-14,35.16,35.16,35.03,35.11,29900
2013-02-15,35.16,35.16,35.024,35.1,63200
2013-02-19,35.17,35.26,35.17,35.26,13100
2013-02-20,35.23,35.26,34.99,35.0,10200
2013-02-21,34.84,34.869,34.7444,34.82,46900
2013-02-22,34.99,35.03,34.9407,35.03,27900
2013-02-25,35.19,35.19,34.68,34.7,25400
2013-02-26,34.73,34.79,34.64,34.78,136800
2013-02-27,34.88,35.13,34.79,35.13,82500
2013-02-28,34.94,35.17,34.94,35.06,62000
2013-03-01,34.96,35.09,34.85,35.09,60900
2013-03-04,35.05,35.12,34.95,35.08,142600
2013-03-05,35.24,35.36,35.24,35.36,18000
2013-03-06,35.41,35.66,35.32,35.66,90200
2013-03-07,35.55,35.55,35.36,35.42,69000
2013-03-08,35.384,35.49,35.364,35.45,38800
2013-03-11,35.41,35.55,35.41,35.55,73600
2013-03-12,35.37,35.5226,35.37,35.44,37100
2013-03-13,35.41,35.52,35.38,35.51,44700
2013-03-14,35.58,35.67,35.57,35.67,21700
2013-03-15,35.67,35.67,35.57,35.62,36200
2013-03-18,35.4,35.6055,35.35,35.509,37100
2013-03-19,35.53,35.6,35.3301,35.49,15100
2013-03-20,35.579,35.6108,35.54,35.56,5900
2013-03-21,35.5,35.5399,35.4,35.4,13400
2013-03-22,35.47,35.5799,35.47,35.56,11500
2013-03-25,35.65,35.65,35.39,35.48,52900
2013-03-26,35.55,35.61,35.506,35.58,25700
2013-03-27,35.49,35.61,35.4376,35.61,8400
2013-03-28,35.65,35.74,35.601,35.73,16000
2013-04-01,35.67,35.67,35.4999,35.57,14200
2013-04-02,35.58,35.58,35.451,35.51,22400
2013-04-03,35.48,35.5546,35.266,35.27,31100
2013-04-04,35.38,35.45,35.326,35.45,9200
2013-04-05,35.22,35.39,35.1428,35.39,40800
2013-04-08,35.36,35.53,35.32,35.53,32200
2013-04-09,35.51,35.64,35.458,35.55,22200
2013-04-10,35.63,35.84,35.63,35.81,19100
2013-04-11,35.79,36.0,35.79,35.9157,64300
2013-04-12,35.9,35.9,35.7601,35.8798,17400
2013-04-15,35.82,35.82,35.3862,35.4,36400
2013-04-16,35.53,35.69,35.511,35.69,51000
2013-04-17,35.54,35.54,35.24,35.31,38700
2013-04-18,35.42,35.42,35.1455,35.279,28300
2013-04-19,35.23,35.45,35.23,35.45,30000
2013-04-22,35.44,35.55,35.324,35.52,33500
2013-04-23,35.68,35.79,35.65,35.76,35100
2013-04-24,35.77,35.9,35.76,35.82,28100
2013-04-25,35.926,36.06,35.9105,35.96,74400
2013-04-26,35.96,35.97,35.8522,35.96,36900
2013-04-29,36.05,36.17,36.0,36.13,27700
2013-04-30,36.17,36.22,36.06,36.22,25200
2013-05-01,36.14,36.16,35.9752,35.9999,15300
2013-05-02,36.05,36.2,36.04,36.19,22800
2013-05-03,36.38,36.46,36.37,36.4,72300
2013-05-06,36.4,36.43,36.36,36.42,44300
2013-05-07,36.49,36.529,36.41,36.52,93400
2013-05-08,36.47,36.67,36.47,36.67,29400
2013-05-09,36.64,36.64,36.518,36.53,17500
2013-05-10,36.58,36.58,36.45,36.54,22900
2013-05-13,36.54,36.59,36.43,36.55,67300
2013-05-14,36.55,36.724,36.55,36.71,21000
2013-05-15,36.69,36.83,36.6813,36.82,69200
2013-05-16,36.77,36.85,36.69,36.74,82300
2013-05-17,36.76,36.91,36.76,36.91,47500
2013-05-20,36.89,36.9888,36.8717,36.93,46500
2013-05-21,36.93,37.05,36.84,36.99,67000
2013-05-22,37.02,37.17,36.6232,36.7,83600
2013-05-23,36.35,36.5536,35.02,36.54,59100
2013-05-24,36.41,36.4761,36.328,36.452,12600
2013-05-28,36.75,36.7755,36.5135,36.56,36500
2013-05-29,36.46,36.46,36.28,36.39,29600
2013-05-30,36.33,36.54,36.32,36.47,37700
2013-05-31,36.23,36.402,36.14,36.22,10600
2013-06-03,36.12,36.17,35.97,36.16,28300
2013-06-04,36.24,36.264,36.0,36.09,32600
2013-06-05,35.98,36.0,35.7,35.72,50400
2013-06-06,35.66,35.88,35.6432,35.88,21400
2013-06-07,36.03,36.15,35.94,36.15,11600
2013-06-10,36.2,36.2,36.0905,36.13,36500
2013-06-11,35.88,36.03,35.7784,35.87,24100
2013-06-12,36.07,36.15,35.7,35.71,96900
2013-06-13,35.73,36.15,35.7024,36.08,33500
2013-06-14,36.02,36.15,35.89,35.97,33500
2013-06-17,36.23,36.25,36.05,36.15,130600
2013-06-18,36.18,36.34,36.18,36.32,34600
2013-06-19,36.27,36.34,35.84,35.84,50800
2013-06-20,35.51,35.51,35.13,35.16,73500
2013-06-21,35.32,35.32,34.9801,35.13,17600
2013-06-24,34.81,34.9605,34.56,34.78,117600
2013-06-25,35.07,35.119,34.8641,35.05,28500
2013-06-26,35.24,35.31,35.2,35.26,17900
2013-06-27,35.48,35.5899,35.47,35.49,50400
2013-06-28,35.4175,35.5615,35.4175,35.46,12000
2013-07-01,35.61,35.76,35.61,35.65,24100
2013-07-02,35.45,35.519,35.26,35.35,17400
2013-07-03,35.24,35.34,35.17,35.34,20100
2013-07-05,35.42,35.42,35.23,35.41,28100
2013-07-08,35.55,35.63,35.53,35.59,28200
2013-07-09,35.87,35.87,35.648,35.77,20300
2013-07-10,35.71,35.82,35.7025,35.76,20600
2013-07-11,36.15,36.24,36.01,36.23,23600
2013-07-12,36.21,36.23,36.13,36.22,34800
2013-07-15,36.25,36.34,36.24,36.33,86100
2013-07-16,36.3,36.3599,36.2,36.23,22600
2013-07-17,36.34,36.41,36.32,36.38,25500
2013-07-18,36.38,36.519,36.37,36.46,35300
2013-07-19,36.42,36.54,36.398,36.54,15500
2013-07-22,36.54,36.64,36.54,36.63,124300
2013-07-23,36.68,36.683,36.55,36.58,141900
2013-07-24,36.62,36.62,36.401,36.43,106200
2013-07-25,36.38,36.52,36.36,36.52,42800
2013-07-26,36.409,36.49,36.28,36.49,16400
2013-07-29,36.34,36.43,36.3001,36.36,29600
2013-07-30,36.38,36.439,36.271,36.37,67200
2013-07-31,36.369,36.4923,36.3313,36.43,20800
2013-08-01,36.61,36.69,36.6001,36.66,23700
2013-08-02,36.65,36.74,36.628,36.74,8000
2013-08-05,36.71,36.74,36.63,36.74,12700
2013-08-06,36.7,36.7,36.55,36.5871,16200
2013-08-07,36.47,36.54,36.421,36.49,37800
2013-08-08,36.58,36.679,36.4995,36.66,109300
2013-08-09,36.61,36.68,36.56,36.62,32200
2013-08-12,36.48,36.6437,36.48,36.56,30400
2013-08-13,36.62,36.64,36.48,36.63,26300
2013-08-14,36.58,36.6123,36.51,36.51,11500
2013-08-15,36.26,36.29,36.14,36.1999,184700
2013-08-16,36.19,36.23,36.05,36.1,15600
2013-08-19,36.0799,36.0799,35.8964,35.93,46200
2013-08-20,35.95,36.09,35.95,36.04,6700
2013-08-21,36.0,36.0364,35.8,35.8,12900
2013-08-22,35.96,36.99,35.0,36.0799,20500
2013-08-23,36.17,36.24,36.05,36.24,22900
2013-08-26,36.18,36.2477,36.07,36.07,26000
2013-08-27,35.93,35.942,35.74,35.77,16000
2013-08-28,35.68,35.869,35.68,35.8,20100
2013-08-29,35.891,35.93,35.82,35.82,32000
2013-08-30,36.03,36.03,35.65,35.65,33900
2013-09-03,35.92,36.01,35.718,35.8,17400
2013-09-04,35.88,36.01,35.8,36.0,11400
2013-09-05,35.98,36.04,35.921,35.96,29900
2013-09-06,36.115,36.15,35.95,36.04,14900
2013-09-09,36.17,36.34,36.12,36.34,151400
2013-09-10,36.48,36.52,36.4416,36.49,19200
2013-09-11,36.5,36.63,36.499,36.63,18800
2013-09-12,36.61,36.62,36.5,36.5,22200
2013-09-13,36.5403,36.61,36.52,36.61,28100
2013-09-16,36.95,36.95,36.73,36.78,32900
2013-09-17,36.76,36.87,36.76,36.85,18600
2013-09-18,36.84,37.39,36.7901,37.36,28700
2013-09-19,37.42,37.42,37.23,37.25,43700
2013-09-20,37.32,37.32,37.104,37.13,17300
2013-09-23,37.06,37.07,36.951,37.01,19600
2013-09-24,37.01,37.14,36.96,36.99,16500
2013-09-25,36.98,37.1,36.98,37.01,18100
2013-09-26,37.0879,37.096,36.9901,37.03,23900
2013-09-27,36.93,37.022,36.9202,36.96,5700
2013-09-30,36.78,36.91,36.761,36.87,12500
2013-10-01,36.83,37.079,36.83,37.02,14500
2013-10-02,36.7814,36.92,36.7551,36.91,11800
2013-10-03,36.883,36.883,36.632,36.74,125300
2013-10-04,36.83,36.89,36.78,36.88,29300
2013-10-07,36.66,36.78,36.66,36.721,54700
2013-10-08,36.67,36.7,36.36,36.4,27900
2013-10-09,36.47,36.49,36.291,36.43,15500
2013-10-10,36.66,36.9,36.656,36.9,27500
2013-10-11,36.9,37.06,36.9,37.03,29700
2013-10-14,36.94,37.18,36.87,37.18,19000
2013-10-15,37.0501,37.0937,36.95,36.98,23000
2013-10-16,37.1,37.29,37.0666,37.29,57800
2013-10-17,37.33,37.52,37.31,37.48,32900
2013-10-18,37.58,37.7,37.58,37.7,14700
2013-10-21,37.7,37.72,37.641,37.67,25000
2013-10-22,37.83,37.95,37.7901,37.87,59200
2013-10-23,37.78,37.78,37.6701,37.7,35400
2013-10-24,37.76,37.84,37.74,37.83,20600
2013-10-25,37.85,37.88,37.7801,37.88,49900
2013-10-28,37.88,37.93,37.83,37.9,23000
2013-10-29,37.93,38.0,37.9299,37.99,17100
2013-10-30,38.05,38.05,37.8,37.87,14500
2013-10-31,37.87,37.919,37.728,37.77,26300
2013-11-01,37.76,37.83,37.6,37.71,17600
2013-11-04,37.82,37.87,37.7614,37.87,8300
2013-11-05,37.72,37.77,37.64,37.72,13000
2013-11-06,37.9,37.9,37.79,37.84,11300
2013-11-07,37.87,37.87,37.486,37.51,13400
2013-11-08,37.43,37.69,37.43,37.65,17800
2013-11-11,37.7,37.75,37.63,37.75,76900
2013-11-12,37.67,37.7,37.581,37.7,17600
2013-11-13,37.58,37.84,37.58,37.8,30300
2013-11-14,37.88,38.0,37.82,38.0,150000
2013-11-15,38.08,38.15,38.05,38.15,20800
2013-11-18,38.25,38.25,38.04,38.1,132300
2013-11-19,38.06,38.12,37.9403,37.98,36400
2013-11-20,38.04,38.09,37.79,37.83,20500
2013-11-21,37.91,38.0699,37.91,38.059,25700
2013-11-22,38.04,38.19,38.04,38.19,20600
2013-11-25,38.21,38.21,38.116,38.14,25500
2013-11-26,38.14,38.21,38.121,38.17,13300
2013-11-27,38.22,38.35,38.16,38.23,280900
2013-11-29,38.29,38.31,38.24,38.24,10700
2013-12-02,38.17,38.22,38.07,38.07,20400
2013-12-03,38.01,38.07,37.92,37.98,25400
2013-12-04,37.77,37.9644,37.74,37.9,28400
2013-12-05,37.81,37.89,37.767,37.799,51700
2013-12-06,38.0,38.1,37.989,38.08,31900
2013-12-09,38.08,38.15,38.08,38.1013,24000
2013-12-10,38.19,38.19,38.03,38.089,16100
2013-12-11,38.09,38.112,37.7299,37.76,16900
2013-12-12,37.68,37.712,37.6,37.67,100200
2013-12-13,37.73,37.73,37.61,37.67,103800
2013-12-16,37.79,37.91,37.79,37.84,11300
2013-12-17,37.8,37.839,37.7001,37.8,27900
2013-12-18,37.86,38.15,37.71,38.15,112600
2013-12-19,38.05,38.09,37.9917,38.08,42900
2013-12-20,38.1738,38.25,38.1301,38.25,47100
2013-12-23,38.38,38.44,38.3601,38.42,22500
2013-12-24,38.45,38.47,38.4134,38.46,27600
2013-12-26,38.66,38.66,38.491,38.53,62700
2013-12-27,38.44,38.44,38.36,38.41,29600
2013-12-30,38.43,38.45,38.38,38.44,25400
2013-12-31,38.5,38.55,38.4401,38.5,34600
2014-01-02,38.37,38.37,38.18,38.21,35200
2014-01-03,38.28,38.32,38.222,38.25,30800
2014-01-06,38.33,38.33,38.14,38.17,42100
2014-01-07,38.3,38.4,38.3,38.4,68300
2014-01-08,38.31,38.36,38.2509,38.3,18500
2014-01-09,38.4,38.4,38.22,38.27,48000
2014-01-10,38.5,38.5199,38.34,38.519,26700
2014-01-13,38.51,38.52,38.2101,38.25,48300
2014-01-14,38.36,38.49,38.3,38.49,23100
2014-01-15,38.63,38.63,38.4928,38.59,31500
2014-01-16,38.51,38.585,38.4903,38.5599,44200
2014-01-17,38.5,38.582,38.451,38.52,30900
2014-01-21,38.67,38.67,38.4501,38.59,29400
2014-01-22,38.55,38.63,38.55,38.61,36500
2014-01-23,38.5,38.5,38.3275,38.42,18500
2014-01-24,38.27,38.27,37.85,37.85,33100
2014-01-27,37.83,37.91,37.61,37.67,176800
2014-01-28,37.7,37.9199,37.7,37.88,32000
2014-01-29,37.71,37.7919,37.6,37.64,23600
2014-01-30,37.87,37.9498,37.78,37.9,8300
2014-01-31,37.6,37.8599,37.5,37.68,15300
2014-02-03,37.69,37.88,37.11,37.17,54400
2014-02-04,37.27,37.4,37.2405,37.33,30900
2014-02-05,37.22,37.37,37.14,37.33,332700
2014-02-06,37.49,37.67,37.48,37.66,23200
2014-02-07,37.76,37.96,37.71,37.96,20200
2014-02-10,37.96,37.96,37.89,37.96,29100
2014-02-11,38.03,38.3,38.01,38.26,166300
2014-02-12,38.31,38.36,38.208,38.27,115900
2014-02-13,38.12,38.439,38.062,38.43,22100
2014-02-14,38.43,38.58,38.35,38.55,37300
2014-02-18,38.64,38.67,38.56,38.66,27800
2014-02-19,38.65,38.73,38.46,38.47,13500
2014-02-20,38.5,38.62,38.4315,38.62,35300
2014-02-21,38.59,38.7199,38.59,38.6,81800
2014-02-24,38.7,38.92,38.7,38.75,50700
2014-02-25,38.81,38.85,38.69,38.71,80800
2014-02-26,38.73,38.85,38.69,38.79,29400
2014-02-27,38.752,38.93,38.752,38.93,19700
2014-02-28,38.87,39.08,38.87,38.93,16600
2014-03-03,38.57,38.7699,38.57,38.72,14900
2014-03-04,39.15,39.1699,39.0426,39.14,47100
2014-03-05,39.04,39.15,39.04,39.12,95000
2014-03-06,39.16,39.262,39.16,39.2,32700
2014-03-07,39.15,39.15,39.0,39.13,35300
2014-03-10,39.11,39.11,38.924,39.04,24800
2014-03-11,38.99,39.078,38.83,38.8697,21400
2014-03-12,38.69,38.92,38.69,38.92,33900
2014-03-13,38.92,38.94,38.5,38.56,25400
2014-03-14,38.47,38.68,38.47,38.57,30700
2014-03-17,38.83,38.86,38.7301,38.86,10600
2014-03-18,38.88,39.03,38.8386,39.03,26000
2014-03-19,39.0,39.0,38.62,38.74,45900
2014-03-20,38.57,38.81,38.5501,38.81,35900
2014-03-21,38.96,39.02,38.78,38.79,56700
2014-03-24,38.86,38.91,38.596,38.76,19000
2014-03-25,38.91,38.92,38.77,38.89,17100
2014-03-26,39.05,39.05,38.73,38.73,23100
2014-03-27,38.79,38.84,38.7096,38.79,34500
2014-03-28,38.92,39.04,38.861,38.91,28600
2014-03-31,39.1,39.17,39.0425,39.14,34200
2014-04-01,39.27,39.33,39.18,39.18,55800
2014-04-02,39.35,39.35,39.1339,39.24,19500
2014-04-03,39.39,39.39,39.07,39.18,20200
2014-04-04,39.38,39.38,38.9399,38.94,13900
2014-04-07,38.97,38.98,38.7004,38.77,36200
2014-04-08,38.78,38.9,38.68,38.9,38800
2014-04-09,38.99,39.16,38.8604,39.16,37800
2014-04-10,39.0792,39.097,38.641,38.68,16700
2014-04-11,38.59,38.7,38.46,38.5,35800
2014-04-14,38.59,38.69,38.4304,38.64,51800
2014-04-15,38.59,38.72,38.35,38.7,32000
2014-04-16,38.89,38.97,38.78,38.97,41300
2014-04-17,38.98,39.06,38.922,39.03,63900
2014-04-21,39.08,39.08,38.9701,39.07,23200
2014-04-22,39.14,39.22,39.0701,39.19,28200
2014-04-23,39.1,39.152,39.0701,39.09,9600
2014-04-24,39.3,39.3,39.01,39.14,40000
2014-04-25,39.01,39.0599,38.89,38.89,26300
2014-04-28,38.95,39.055,38.751,38.96,38700
2014-04-29,39.09,39.15,39.0324,39.11,20900
2014-04-30,39.11,39.1999,39.02,39.1904,34000
2014-05-01,39.25,39.31,39.15,39.27,15400
2014-05-02,39.26,39.335,39.23,39.28,25100
2014-05-05,39.17,39.28,39.09,39.28,26800
2014-05-06,39.08,39.24,39.08,39.11,22800
2014-05-07,39.08,39.25,38.981,39.25,19100
2014-05-08,39.28,39.4,39.164,39.21,24000
2014-05-09,39.16,39.25,39.0801,39.25,24500
2014-05-12,39.29,39.5,39.29,39.4801,38100
2014-05-13,39.46,39.5538,39.46,39.5,26200
2014-05-14,39.55,39.55,39.39,39.43,23700
2014-05-15,39.32,39.32,39.1004,39.26,25900
2014-05-16,39.31,39.37,39.22,39.36,33100
2014-05-19,39.34,39.46,39.34,39.46,41700
2014-05-20,39.41,39.41,39.18,39.27,41400
2014-05-21,39.36,39.43,39.296,39.41,26500
2014-05-22,39.47,39.53,39.4057,39.5,24700
2014-05-23,39.64,39.64,39.52,39.62,32600
2014-05-27,39.75,39.78,39.69,39.77,19700
2014-05-28,39.79,39.7998,39.68,39.72,16900
2014-05-29,39.92,39.92,39.76,39.87,32200
2014-05-30,39.87,39.87,39.78,39.87,16900
2014-06-02,39.93,39.93,39.7601,39.87,18400
2014-06-03,39.69,39.83,39.69,39.82,44900
2014-06-04,39.71,39.85,39.71,39.85,117200
2014-06-05,39.86,40.1,39.8001,40.09,38600
2014-06-06,40.23,40.26,40.1933,40.24,51100
2014-06-09,40.25,40.31,40.202,40.27,27900
2014-06-10,40.26,40.26,40.1214,40.22,28700
2014-06-11,40.16,40.16,40.08,40.08,22200
2014-06-12,40.14,40.14,39.9549,40.0,23200
2014-06-13,39.97,40.0899,39.9501,40.0,24000
2014-06-16,40.17,40.17,39.9901,40.08,39600
2014-06-17,40.0581,40.14,40.0498,40.09,20200
2014-06-18,40.1,40.35,40.08,40.33,12700
2014-06-19,40.52,40.52,40.3,40.39,30900
2014-06-20,40.57,40.57,40.3601,40.43,12400
2014-06-23,40.46,40.49,40.354,40.4,22300
2014-06-24,41.99,41.99,40.22,40.22,18200
2014-06-25,40.26,40.38,40.24,40.38,27400
2014-06-26,40.4,40.4,40.22,40.36,52300
2014-06-27,40.34,40.45,40.3001,40.45,38200
2014-06-30,40.45,40.475,40.3904,40.47,23100
2014-07-01,40.65,40.73,40.53,40.68,20800
2014-07-02,40.36,40.36,40.25,40.25,31800
2014-07-03,40.26,40.42,40.26,40.37,19800
2014-07-07,40.49,40.49,40.22,40.27,31000
2014-07-08,40.25,40.25,40.02,40.09,42600
2014-07-09,40.17,40.21,40.08,40.19,34800
2014-07-10,39.91,40.08,39.81,40.03,29200
2014-07-11,40.04,40.07,39.96,40.05,25000
2014-07-14,40.27,40.27,40.15,40.15,26500
2014-07-15,40.24,40.24,40.01,40.11,26700
2014-07-16,40.2,40.26,40.1234,40.2,34900
2014-07-17,40.05,40.17,39.877,39.88,33300
2014-07-18,39.93,40.17,39.93,40.17,16400
2014-07-21,40.12,40.1249,40.0114,40.05,42300
2014-07-22,40.25,40.29,40.23,40.27,14600
2014-07-23,40.47,40.47,40.2681,40.3,38000
2014-07-24,40.53,40.53,40.2601,40.3,26900
2014-07-25,40.28,40.28,40.142,40.19,22300
2014-07-28,40.23,40.23,40.06,40.2,117900
2014-07-29,40.4,40.4,40.11,40.11,26800
2014-07-30,40.23,40.23,39.97,40.06,31500
2014-07-31,39.86,39.86,39.48,39.48,34600
2014-08-01,39.5,39.59,39.37,39.5,38200
2014-08-04,39.69,39.69,39.43,39.68,19600
2014-08-05,39.58,39.58,39.38,39.44,31700
2014-08-06,39.4,39.49,39.33,39.41,58500
2014-08-07,39.56,39.64,39.2397,39.3,33800
2014-08-08,39.39,39.55,39.283,39.55,28900
2014-08-11,39.68,39.75,39.64,39.67,60500
2014-08-12,39.67,39.68,39.55,39.62,60900
2014-08-13,39.7,39.838,39.7,39.83,13100
2014-08-14,39.8801,39.92,39.8618,39.9,17800
2014-08-15,40.0,40.06,39.774,39.95,19600
2014-08-18,39.99,40.16,39.99,40.14,57200
2014-08-19,40.27,40.28,40.211,40.28,21400
2014-08-20,40.23,40.2899,40.194,40.26,18600
2014-08-21,40.34,40.37,40.258,40.34,18000
2014-08-22,40.28,40.3199,40.19,40.23,22200
2014-08-25,40.36,40.43,40.34,40.35,41700
2014-08-26,40.45,40.4999,40.43,40.46,42200
2014-08-27,40.46,40.5,40.446,40.49,12400
2014-08-28,40.41,40.44,40.346,40.4,16200
2014-08-29,40.48,40.49,40.373,40.49,30200
2014-09-02,40.58,40.58,40.4048,40.48,27800
2014-09-03,40.66,40.66,40.4871,40.5,35600
2014-09-04,40.59,40.62,40.36,40.36,80300
2014-09-05,40.37,40.54,40.37,40.54,21200
2014-09-08,40.52,40.52,40.34,40.4,23500
2014-09-09,40.5,40.5,40.16,40.2,58400
2014-09-10,40.24,40.25,40.07,40.25,37400
2014-09-11,40.16,40.23,40.082,40.23,50300
2014-09-12,40.1,40.1332,39.95,40.02,23000
2014-09-15,40.08,40.08,39.8862,39.932,24700
2014-09-16,39.9,40.18,39.85,40.13,33700
2014-09-17,40.13,40.23,40.07,40.12,31500
2014-09-18,40.32,40.32,39.7501,40.19,37100
2014-09-19,40.31,40.31,40.0899,40.13,60300
2014-09-22,40.02,40.02,39.86,39.91,26231
2014-09-23,39.77,39.89,39.7001,39.73,22372
2014-09-24,39.71,39.86,39.649,39.85,39852
2014-09-25,39.73,39.75,39.47,39.52,36519
2014-09-26,39.5491,39.7,39.5,39.67,17349
2014-09-29,39.44,39.5799,39.41,39.51,25294
2014-09-30,39.5,39.62,39.4102,39.47,56925
2014-10-01,39.69,39.69,39.12,39.15,47888
2014-10-02,39.01,39.08,38.75,39.03,37268
2014-10-03,39.14,39.2299,39.0699,39.21,44950
2014-10-06,39.29,39.364,39.15,39.23,26519
2014-10-07,39.16,39.16,38.86,38.88,34622
2014-10-08,38.94,39.35,38.8,39.35,26530
2014-10-09,39.26,39.26,38.77,38.7886,27470
2014-10-10,38.79,38.816,38.46,38.46,25608
2014-10-13,38.53,38.632,38.27,38.27,88464
2014-10-14,38.37,38.6273,38.31,38.41,64817
2014-10-15,38.22,38.32,37.81,38.29,60753
2014-10-16,37.83,38.344,37.83,38.23,14822
2014-10-17,38.61,38.6626,38.4301,38.57,41634
2014-10-20,38.56,38.79,38.4701,38.79,51764
2014-10-21,38.9399,39.19,38.9399,39.19,68491
2014-10-22,39.24,39.2631,39.0,39.0,63549
2014-10-23,39.23,39.36,39.1501,39.23,71805
2014-10-24,39.28,39.39,39.21,39.39,38705
2014-10-27,39.24,39.34,39.19,39.3,26651
2014-10-28,39.49,39.69,39.426,39.69,24187
2014-10-29,39.76,39.78,39.5,39.6,65528
2014-10-30,39.59,39.85,39.5635,39.8,43305
2014-10-31,40.25,40.25,39.9601,40.12,42506
2014-11-03,40.13,40.13,40.02,40.02,66749
2014-11-04,40.02,40.02,39.86,39.98,54615
2014-11-05,40.08,40.08,39.96,40.05,37171
2014-11-06,39.98,40.065,39.96,40.05,43414
2014-11-07,40.06,40.12,39.9765,40.12,31859
2014-11-10,40.2,40.21,40.11,40.19,36814
2014-11-11,40.22,40.22,40.152,40.22,33307
2014-11-12,40.14,40.19,40.126,40.18,43878
2014-11-13,40.31,40.31,40.09,40.18,44090
2014-11-14,40.22,40.22,40.1,40.19,57968
2014-11-17,40.15,40.16,40.0647,40.101,54567
2014-11-18,40.28,40.34,40.188,40.27,40098
2014-11-19,40.14,40.26,40.09,40.17,97704
2014-11-20,40.12,40.25,40.12,40.24,71214
2014-11-21,40.61,40.61,40.395,40.48,85938
2014-11-24,40.56,40.58,40.51,40.55,93398
2014-11-25,40.65,40.65,40.53,40.6,155452
2014-11-26,40.62,40.71,40.62,40.69,269565
2014-11-28,40.71,40.71,40.5544,40.56,5228
2014-12-01,40.54,40.54,40.3,40.3,99463
2014-12-02,40.36,40.45,40.31,40.43,55374
2014-12-03,40.38,40.56,40.38,40.52,55954
2014-12-04,40.52,40.56,40.4,40.4758,102661
2014-12-05,40.45,40.5399,40.446,40.51,73383
2014-12-08,40.4,40.51,40.26,40.31,176209
2014-12-09,40.01,40.33,40.0,40.33,100666
2014-12-10,40.17,40.2162,39.8866,39.89,155177
2014-12-11,40.01,40.25,39.93,39.96,251836
2014-12-12,39.88,39.88,39.59,39.609,134954
2014-12-15,39.65,39.6845,39.24,39.3,41904
2014-12-16,39.3,39.6399,39.2,39.22,688077
2014-12-17,39.26,39.7899,39.26,39.72,78522
2014-12-18,40.15,40.21,39.98,40.21,202016
2014-12-19,40.36,40.4399,40.1495,40.39,29877
2014-12-22,40.28,40.53,40.28,40.53,1314976
2014-12-23,40.62,40.62,40.4825,40.53,195922
2014-12-24,40.58,40.5883,40.525,40.57,136467
2014-12-26,40.46,40.52,40.406,40.4599,128774
2014-12-29,40.46,40.49,40.3813,40.44,44447
2014-12-30,40.34,40.43,40.28,40.33,205433
2014-12-31,40.48,40.48,40.071,40.12,172345
2015-01-02,40.28,40.28,39.88,40.1,75004
2015-01-05,39.81,39.91,39.54,39.62,66257
2015-01-06,39.68,39.75,39.3087,39.39,68728
2015-01-07,39.48,39.74,39.48,39.74,66741
2015-01-08,40.05,40.15,39.945,40.12,74230
2015-01-09,40.27,40.27,39.8801,39.96,48761
2015-01-12,39.92,40.01,39.78,39.86,38732
2015-01-13,40.11,40.22,39.7,39.87,30484
2015-01-14,39.62,39.7999,39.53,39.75,112512
2015-01-15,40.0,40.0,39.689,39.69,34571
2015-01-16,39.67,39.98,39.65,39.98,77701
2015-01-20,40.18,40.18,39.8305,40.01,190131
2015-01-21,40.05,40.2,39.97,40.12,61401
2015-01-22,40.24,40.518,40.11,40.5099,762441
2015-01-23,40.42,40.5156,40.4,40.41,131041
2015-01-26,40.53,40.59,40.344,40.59,195428
2015-01-27,40.38,40.48,40.28,40.39,70397
2015-01-28,40.57,40.57,40.055,40.078,294265
2015-01-29,40.19,40.31,39.96,40.31,111407
2015-01-30,40.04,40.2198,39.914,39.94,53102
2015-02-02,39.99,40.17,39.8401,40.17,172420
2015-02-03,40.2,40.488,40.04,40.38,195081
2015-02-04,40.13,40.39,40.13,40.2575,92865
2015-02-05,40.5,40.54,40.366,40.51,83137
2015-02-06,40.73,40.73,40.17,40.19,91955
2015-02-09,40.18,40.243,40.07,40.07,72967
2015-02-10,40.16,40.33,40.126,40.33,55960
2015-02-11,40.43,40.43,40.11,40.27,63420
2015-02-12,40.37,40.58,40.37,40.57,58690
2015-02-13,40.55,40.72,40.38,40.71,82841
2015-02-17,40.73,40.73,40.5616,40.71,30840
2015-02-18,40.64,40.83,40.6128,40.83,25518
2015-02-19,40.8,40.8641,40.715,40.8,43978
2015-02-20,40.62,41.01,40.48,41.01,70985
2015-02-23,41.01,41.01,40.85,40.99,29289
2015-02-24,41.09,41.1744,40.93,41.1,86829
2015-02-25,41.2,41.21,41.08,41.12,47837
2015-02-26,41.2,41.37,41.01,41.06,130092
2015-02-27,41.1,41.31,41.03,41.11,45357
2015-03-02,41.31,41.31,41.02,41.02,81072
2015-03-03,41.13,41.13,40.89,40.99,224049
2015-03-04,40.95,40.95,40.69,40.87,51598
2015-03-05,40.8,40.97,40.8,40.88,84066
2015-03-06,40.87,40.87,40.43,40.5,38383
2015-03-09,40.5,40.6,40.46,40.58,80738
2015-03-10,40.41,40.41,40.09,40.14,64241
2015-03-11,40.2,40.24,40.12,40.21,93428
2015-03-12,40.36,40.49,40.36,40.49,186907
2015-03-13,40.47,40.47,40.18,40.28,63644
2015-03-16,40.5,40.64,40.5,40.64,60187
2015-03-17,40.57,40.61,40.4682,40.6,69133
2015-03-18,40.52,41.188,40.52,41.13,41190
2015-03-19,41.1,41.1,40.78,40.89,63924
2015-03-20,41.1,41.33,41.1,41.2548,25190
2015-03-23,41.15,41.513,41.15,41.36,93823
2015-03-24,41.43,41.43,41.3,41.3,29720
2015-03-25,41.26,41.46,41.0,41.01,38428
2015-03-26,40.96,40.96,40.7,40.81,58219
2015-03-27,40.89,40.92,40.7,40.9,69889
2015-03-30,40.99,42.27,40.9801,41.11,103731
2015-03-31,41.08,41.08,40.82,40.82,49588
2015-04-01,40.86,41.06,40.81,40.97,69267
2015-04-02,40.89,41.0134,40.89,40.97,57795
2015-04-06,40.76,41.3,40.76,41.21,304661
2015-04-07,41.31,41.31,41.1,41.18,84142
2015-04-08,41.3,41.34,41.1401,41.19,38654
2015-04-09,41.29,41.32,41.1601,41.32,82677
2015-04-10,41.46,41.46,41.27,41.43,48076
2015-04-13,41.57,41.57,41.28,41.2949,87510
2015-04-14,41.36,41.4686,41.32,41.4,31625
2015-04-15,41.39,41.62,41.39,41.5,69589
2015-04-16,41.41,41.6599,41.41,41.54,62608
2015-04-17,41.46,41.46,41.1793,41.3,65963
2015-04-20,41.48,41.48,41.36,41.42,56481
2015-04-21,41.5,41.602,41.4201,41.48,113207
2015-04-22,41.59,41.59,41.4,41.47,86217
2015-04-23,41.45,41.6999,41.428,41.67,81026
2015-04-24,41.73,41.7899,41.54,41.67,48622
2015-04-27,41.87,41.8905,41.72,41.72,41202
2015-04-28,41.72,41.78,41.6088,41.74,62277
2015-04-29,41.6,41.6891,41.4307,41.55,53996
2015-04-30,41.44,41.45,41.19,41.21,43110
2015-05-01,41.39,41.44,41.2679,41.44,35779
2015-05-04,41.61,41.61,41.428,41.49,57245
2015-05-05,41.5,41.5,41.11,41.17,42404
2015-05-06,41.28,41.28,40.9087,40.97,36714
2015-05-07,41.06,41.12,40.9266,41.12,37869
2015-05-08,41.3,41.6,41.3,41.56,56869
2015-05-11,41.56,41.56,41.2601,41.33,67774
2015-05-12,41.26,41.329,41.0901,41.29,71386
2015-05-13,41.38,41.51,41.28,41.34,38854
2015-05-14,41.5799,41.65,41.47,41.65,50685
2015-05-15,41.77,41.77,41.58,41.69,61241
2015-05-18,41.75,41.75,41.59,41.72,70299
2015-05-19,41.6,41.68,41.5501,41.61,48901
2015-05-20,41.73,41.73,41.55,41.63,39051
2015-05-21,41.54,41.775,41.54,41.75,48015
2015-05-22,41.81,41.81,41.61,41.68,54670
2015-05-26,41.68,41.68,41.25,41.36,62235
2015-05-27,41.55,41.62,41.34,41.62,48892
2015-05-28,41.51,41.52,41.3108,41.52,75638
2015-05-29,41.41,41.54,41.2101,41.34,47909
2015-06-01,41.34,41.34,41.1659,41.29,47659
2015-06-02,41.17,41.3399,41.15,41.24,65185
2015-06-03,41.34,41.38,41.1713,41.24,70032
2015-06-04,41.33,41.33,41.0,41.09,79355
2015-06-05,40.95,40.96,40.714,40.8407,74947
2015-06-08,40.88,40.88,40.7101,40.78,38065
2015-06-09,40.73,40.74,40.56,40.65,50268
2015-06-10,40.87,41.0399,40.7181,40.97,90248
2015-06-11,41.03,41.2299,40.98,41.1086,37933
2015-06-12,41.05,41.05,40.88,40.9599,35304
2015-06-15,40.61,40.83,40.61,40.74,213651
2015-06-16,40.81,40.9499,40.7201,40.91,65833
2015-06-17,40.84,41.02,40.67,40.89,126125
2015-06-18,41.07,41.21,41.01,41.17,119331
2015-06-19,41.24,41.24,41.08,41.08,33727
2015-06-22,41.38,41.4,41.3003,41.32,57684
2015-06-23,41.32,41.39,41.29,41.39,81063
2015-06-24,41.37,41.37,41.1501,41.1801,44152
2015-06-25,41.2,41.2193,41.1,41.1258,65387
2015-06-26,41.12,41.1564,40.9775,41.06,71483
2015-06-29,40.65,40.77,40.44,40.45,153693
2015-06-30,40.76,40.82,40.4985,40.54,167548
2015-07-01,40.93,40.94,40.52,40.69,136419
2015-07-02,40.47,40.47,40.311,40.4,103578
2015-07-06,40.4,40.4,40.0,40.15,79096
2015-07-07,40.23,40.23,39.7461,40.11,48078
2015-07-08,40.04,40.11,39.63,39.63,55237
2015-07-09,40.12,40.12,39.83,39.85,58497
2015-07-10,40.19,40.3,40.15,40.29,40703
2015-07-13,41.09,41.19,40.4,40.51,52379
2015-07-14,41.32,42.54,40.48,40.62,53160
2015-07-15,40.62,40.73,40.51,40.52,38626
2015-07-16,40.8,40.8215,40.69,40.81,40086
2015-07-17,40.77,40.88,40.657,40.7304,62658
2015-07-20,40.84,40.84,40.67,40.7735,24783
2015-07-21,40.68,40.77,40.63,40.74,59827
2015-07-22,40.62,40.65,40.5301,40.563,28177
2015-07-23,40.68,40.68,40.475,40.5,65594
2015-07-24,40.55,40.55,40.19,40.29,43543
2015-07-27,40.15,40.15,40.0,40.12,32516
2015-07-28,40.27,40.34,40.049,40.33,48273
2015-07-29,40.37,40.502,40.325,40.44,43884
2015-07-30,40.45,40.48,40.24,40.48,29176
2015-07-31,40.65,40.7159,40.51,40.6,23371
2015-08-03,40.57,40.59,40.4,40.49,17195
2015-08-04,40.51,40.577,40.4,40.48,48852
2015-08-05,40.58,40.6299,40.45,40.55,42854
2015-08-06,40.57,40.57,40.3001,40.346,34386
2015-08-07,40.24,40.36,40.2001,40.28,34725
2015-08-10,40.41,40.62,40.38,40.62,46772
2015-08-11,40.32,40.4375,40.2287,40.34,43350
2015-08-12,40.27,40.27,39.9575,40.24,48639
2015-08-13,40.23,40.35,40.17,40.28,672779
2015-08-14,40.19,40.3186,40.14,40.3,73044
2015-08-17,40.3,40.37,40.09,40.37,46322
2015-08-18,40.37,40.37,40.164,40.24,64475
2015-08-19,40.0,40.18,39.89,40.07,42100
2015-08-20,39.9,39.9,39.52,39.53,32322
2015-08-21,39.33,39.5,38.83,38.83,121393
2015-08-24,38.09,38.49,26.7,37.97,320042
2015-08-25,38.72,38.9999,37.79,37.93,105125
2015-08-26,38.37,38.51,37.9626,38.48,178742
2015-08-27,38.89,39.066,38.67,39.04,192008
2015-08-28,39.0,39.0699,38.93,39.06,114319
2015-08-31,38.97,39.003,38.78,38.88,93121
2015-09-01,38.27,38.64,38.0,38.11,138934
2015-09-02,38.5,38.5,38.19,38.43,96625
2015-09-03,38.69,38.78,38.502,38.63,270530
2015-09-04,38.31,38.31,38.0501,38.17,38106
2015-09-08,38.79,38.79,38.48,38.71,172852
2015-09-09,38.99,38.99,38.495,38.58,54404
2015-09-10,38.41,38.73,38.41,38.61,95713
2015-09-11,38.62,38.7,38.486,38.6725,35864
2015-09-14,38.81,38.81,38.54,38.59,61434
2015-09-15,38.65,38.8,38.53,38.79,94756
2015-09-16,38.85,39.05,38.8201,39.04,160747
2015-09-17,39.09,39.3918,38.96,39.17,279343
2015-09-18,38.87,38.95,38.68,38.73,67713
2015-09-21,38.79,38.8399,38.59,38.72,42990
2015-09-22,38.3,38.42,38.17,38.34,137025
2015-09-23,38.32,38.3514,38.14,38.22,71996
2015-09-24,38.16,38.2,37.95,38.2,71079
2015-09-25,38.46,38.46,38.11,38.19,60949
2015-09-28,38.1,38.1,37.7,37.7799,49657
2015-09-29,37.73,37.7914,37.6,37.77,112910
2015-09-30,37.92,38.16,37.89,38.16,237922
2015-10-01,38.26,38.3999,37.998,38.23,259968
2015-10-02,37.87,38.51,37.87,38.51,49203
2015-10-05,38.79,38.91,38.59,38.91,352770
2015-10-06,38.81,38.935,38.81,38.89,69429
2015-10-07,39.12,39.19,38.9555,39.16,125996
2015-10-08,39.12,39.37,39.0401,39.37,124573
2015-10-09,39.42,39.4599,39.26,39.4,105290
2015-10-12,39.43,39.44,39.33,39.44,110420
2015-10-13,39.28,39.3499,39.16,39.2,100757
2015-10-14,39.23,39.29,39.14,39.1532,53918
2015-10-15,39.26,39.54,39.26,39.54,38542
2015-10-16,39.57,39.6124,39.46,39.56,125230
2015-10-19,39.48,39.56,39.416,39.56,50646
2015-10-20,39.44,39.53,39.38,39.47,248342
2015-10-21,39.63,39.63,39.4,39.405,34982
2015-10-22,39.5,39.7955,39.5,39.75,79133
2015-10-23,39.96,39.9813,39.829,39.95,212229
2015-10-26,39.91,39.91,39.835,39.87,55734
2015-10-27,39.78,39.8,39.6643,39.76,149733
2015-10-28,39.74,39.99,39.6501,39.9,48423
2015-10-29,39.79,39.8,39.65,39.72,45406
2015-10-30,39.7,39.8347,39.64,39.64,142181
2015-11-02,39.65,39.95,39.65,39.95,143442
2015-11-03,39.75,40.05,39.75,40.0,104717
2015-11-04,40.02,40.04,39.78,39.83,219073
2015-11-05,39.77,39.93,39.72,39.82,88650
2015-11-06,39.76,39.76,39.51,39.652,148800
2015-11-09,39.46,39.5,39.27,39.43,223645
2015-11-10,39.28,39.45,39.26,39.42,302449
2015-11-11,39.64,39.64,39.43,39.45,178580
2015-11-12,39.36,39.41,39.17,39.1711,229302
2015-11-13,39.09,39.15,38.955,38.99,169089
2015-11-16,39.0,39.3,38.99,39.28,223493
2015-11-17,39.41,39.41,39.2599,39.3,375104
2015-11-18,39.47,39.6,39.32,39.6,162017
2015-11-19,39.54,39.72,39.54,39.69,330182
2015-11-20,39.68,39.805,39.663,39.663,112837
2015-11-23,39.64,39.73,39.57,39.65,327760
2015-11-24,39.51,39.71,39.482,39.66,267346
2015-11-25,39.73,39.73,39.6104,39.69,401464
2015-11-27,39.63,39.71,39.59,39.66,404305
2015-11-30,39.74,39.74,39.58,39.64,388308
2015-12-01,39.7881,39.93,39.74,39.9,425544
2015-12-02,39.95,39.95,39.63,39.67,678863
2015-12-03,39.81,39.81,39.21,39.32,258315
2015-12-04,39.4,39.7,39.3546,39.69,434401
2015-12-07,39.65,39.69,39.41,39.55,858520
2015-12-08,39.33,39.36,39.17,39.31,705983
2015-12-09,39.23,39.4144,39.05,39.13,3360193
2015-12-10,39.29,39.29,39.11,39.13,516634
2015-12-11,38.85,38.95,38.7,38.73,837151
2015-12-14,38.91,38.91,38.5274,38.79,1017351
2015-12-15,38.9,39.0199,38.84,38.91,681140
2015-12-16,39.16,39.3353,38.9801,39.26,719617
2015-12-17,39.28,39.44,38.99,38.99,602755
2015-12-18,39.04,39.1,38.71,38.75,1007023
2015-12-21,38.89,38.94,38.72,38.82,729181
2015-12-22,39.04,39.0699,38.84,39.04,445627
2015-12-23,39.18,39.339,39.11,39.33,917314
2015-12-24,39.09,39.39,39.09,39.32,441513
2015-12-28,39.1,39.1,38.92,39.06,942408
2015-12-29,39.21,39.28,39.17,39.24,912886
2015-12-30,39.15,39.15,39.04,39.08,410539
2015-12-31,39.07,39.07,38.85,38.88,324083
2016-01-04,38.5,38.66,38.26,38.47,1153501
2016-01-05,38.52,38.59,38.34,38.5,357611
2016-01-06,38.11,38.2822,38.08,38.21,83780
2016-01-07,37.79,37.95,37.66,37.71,352318
2016-01-08,37.86,37.86,37.41,37.41,326451
2016-01-11,37.55,37.6799,37.22,37.42,1138190
2016-01-12,37.59,37.65,37.38,37.57,113014
2016-01-13,37.74,37.74,37.1198,37.17,123491
2016-01-14,37.22,37.52,37.018,37.42,643562
2016-01-15,36.8,36.99,36.62,36.7864,601186
2016-01-19,37.1,37.1,36.7,36.91,1545370
2016-01-20,36.54,36.68,36.1202,36.56,207698
2016-01-21,36.67,36.85,36.4275,36.62,656705
2016-01-22,36.97,37.17,36.97,37.15,559307
2016-01-25,37.14,37.14,36.85,36.87,724782
2016-01-26,37.03,37.24,36.9401,37.18,420502
2016-01-27,37.09,37.3512,36.92,37.01,90564
2016-01-28,37.26,37.2958,36.9999,37.16,307466
2016-01-29,37.31,37.68,37.31,37.66,907227
2016-02-01,37.59,37.72,37.4701,37.66,567036
2016-02-02,37.44,37.44,37.15,37.2,98111
2016-02-03,37.33,37.3734,36.99,37.37,142224
2016-02-04,37.35,37.56,37.3,37.45,95887
2016-02-05,37.36,37.3699,36.9601,37.06,120891
2016-02-08,36.69,36.8489,36.51,36.78,206831
2016-02-09,36.41,36.78,36.4,36.67,94840
2016-02-10,36.83,36.9154,36.63,36.66,52170
2016-02-11,36.24,36.4763,36.185,36.41,64143
2016-02-12,36.57,36.72,36.4101,36.72,224213
2016-02-16,37.03,37.11,36.88,37.11,50997
2016-02-17,37.24,37.5,37.236,37.49,184651
2016-02-18,37.58,37.58,37.3998,37.41,323532
2016-02-19,37.31,37.45,37.15,37.39,278807
2016-02-22,37.68,37.74,37.66,37.73,755063
2016-02-23,37.61,37.61,37.385,37.42,308365
2016-02-24,37.17,37.49,37.09,37.47,327198
2016-02-25,37.57,37.73,37.47,37.73,276453
2016-02-26,37.95,37.95,37.6301,37.66,193340
2016-02-29,37.62,37.7899,37.54,37.58,194407
2016-03-01,37.84,38.1,37.7,38.09,49140
2016-03-02,38.13,38.25,38.0001,38.24,45566
2016-03-03,38.29,38.4558,38.2,38.45,155027
2016-03-04,38.57,38.698,38.46,38.59,169175
2016-03-07,38.43,38.6199,38.4101,38.59,65141
2016-03-08,38.54,38.54,38.34,38.35,125148
2016-03-09,38.4,38.5,38.36,38.42,106448
2016-03-10,38.69,38.69,38.15,38.41,149885
2016-03-11,38.75,38.91,38.7,38.91,120985
2016-03-14,38.83,38.9385,38.807,38.88,67524
2016-03-15,38.67,38.7747,38.61,38.7,28308
2016-03-16,38.5,38.976,38.5,38.93,84396
2016-03-17,38.96,39.27,38.922,39.22,129304
2016-03-18,39.36,39.36,39.2101,39.29,97286
2016-03-21,39.18,39.3267,39.18,39.29,99106
2016-03-22,39.25,39.31,39.105,39.26,123814
2016-03-23,39.27,39.27,39.02,39.06,386063
2016-03-24,38.84,38.96,38.68,38.96,139480
2016-03-28,39.12,39.12,38.9501,39.03,162296
2016-03-29,38.99,39.36,38.9015,39.36,124320
2016-03-30,39.55,39.61,39.45,39.5,102637
2016-03-31,39.46,39.52,39.3701,39.45,75473
2016-04-01,39.16,39.407,39.1,39.37,31935
2016-04-04,39.38,39.38,39.11,39.19,103106
2016-04-05,38.89,38.9199,38.82,38.84,47322
2016-04-06,38.93,39.15,38.84,39.15,66023
2016-04-07,38.99,39.05,38.764,38.86,71769
2016-04-08,39.15,39.2067,39.03,39.06,114692
2016-04-11,39.19,39.3299,39.03,39.03,86545
2016-04-12,39.06,39.37,39.06,39.36,57518
2016-04-13,39.56,39.7299,39.5236,39.6835,46760
2016-04-14,39.78,39.83,39.5701,39.66,100685
2016-04-15,39.73,39.78,39.62,39.67,81628
2016-04-18,39.65,39.85,39.645,39.85,68797
2016-04-19,40.1,40.182,39.9657,40.09,91592
2016-04-20,40.19,40.19,40.0057,40.09,88332
2016-04-21,40.14,40.14,39.8305,39.9,185541
2016-04-22,39.97,39.97,39.779,39.94,190894
2016-04-25,39.84,39.879,39.7101,39.79,107643
2016-04-26,39.95,39.95,39.73,39.87,82140
2016-04-27,39.94,40.0195,39.78,39.96,150607
2016-04-28,39.78,39.95,39.65,39.73,67117
2016-04-29,39.65,39.75,39.46,39.62,83082
2016-05-02,39.67,39.8099,39.6001,39.79,91746
2016-05-03,39.68,39.68,39.45,39.5,105902
2016-05-04,39.46,39.46,39.2101,39.26,74238
2016-05-05,39.29,39.4,39.2,39.25,76041
2016-05-06,39.22,39.38,39.2001,39.33,50183
2016-05-09,39.28,39.4399,39.28,39.32,53803
2016-05-10,39.52,39.65,39.34,39.63,40046
2016-05-11,39.69,39.69,39.46,39.51,77217
2016-05-12,39.67,39.67,39.3408,39.4885,21925
2016-05-13,39.33,39.425,39.2,39.25,31327
2016-05-16,39.34,39.509,39.2568,39.47,50573
2016-05-17,39.39,39.46,39.17,39.29,37976
2016-05-18,39.34,39.4099,39.08,39.13,64467
2016-05-19,39.12,39.13,38.92,39.11,294976
2016-05-20,39.17,39.3299,39.14,39.28,260852
2016-05-23,39.31,39.31,39.16,39.25,62989
2016-05-24,39.29,39.55,39.25,39.55,64182
2016-05-25,39.76,39.7899,39.58,39.76,74731
2016-05-26,39.91,39.91,39.71,39.77,82728
2016-05-27,39.86,39.8999,39.7401,39.83,99028
2016-05-31,40.0,40.0,39.7301,39.84,80956
2016-06-01,39.63,39.85,39.63,39.82,120487
2016-06-02,39.84,40.49,39.7201,39.93,178199
2016-06-03,39.92,40.1873,39.87,40.04,149945
2016-06-06,40.03,40.2199,40.0001,40.14,89610
2016-06-07,40.33,40.39,40.2416,40.3,61204
2016-06-08,40.43,40.4899,40.31,40.37,51673
2016-06-09,40.26,40.31,40.18,40.29,48894
2016-06-10,39.81,39.9799,39.75,39.86,51733
2016-06-13,39.79,39.79,39.53,39.59,46980
2016-06-14,39.5,39.5599,39.26,39.4,97238
2016-06-15,39.56,39.7045,39.45,39.45,128176
2016-06-16,39.28,39.57,39.15,39.57,68386
2016-06-17,39.68,39.68,39.4305,39.57,46463
2016-06-20,40.0,40.0899,39.81,39.89,88686
2016-06-21,39.89,40.1099,39.89,39.97,43833
2016-06-22,40.11,40.1499,39.89,39.89,51818
2016-06-23,40.25,40.39,40.15,40.39,60129
2016-06-24,39.14,39.6042,39.04,39.12,165713
2016-06-27,38.95,38.9844,38.5412,38.75,144635
2016-06-28,39.12,39.3107,39.0,39.25,74211
2016-06-29,39.66,39.8,39.53,39.69,105252
2016-06-30,39.8,40.0499,39.7507,40.03,95840
2016-07-01,40.12,40.21,40.05,40.17,206179
2016-07-05,39.99,40.0,39.76,39.89,61187
2016-07-06,39.42,39.66,39.29,39.66,67582
2016-07-07,39.63,39.7341,39.4537,39.57,46983
2016-07-08,39.84,40.03,39.751,39.98,64710
2016-07-11,40.28,40.28,40.071,40.22,124941
2016-07-12,40.51,40.61,40.2948,40.44,70906
2016-07-13,40.51,40.51,40.255,40.44,51817
2016-07-14,40.49,40.5699,40.45,40.5,71292
2016-07-15,40.49,40.49,40.32,40.44,57205
2016-07-18,40.49,40.5046,40.39,40.47,80952
2016-07-19,40.38,40.4099,40.29,40.38,78705
2016-07-20,40.33,40.53,40.33,40.5,43524
2016-07-21,40.41,40.5199,40.37,40.45,54130
2016-07-22,40.53,40.55,40.384,40.51,43202
2016-07-25,40.68,40.68,40.4,40.47,60713
2016-07-26,40.46,40.63,40.43,40.54,52064
2016-07-27,40.53,40.65,40.41,40.62,38556
2016-07-28,40.54,40.691,40.471,40.69,88057
2016-07-29,40.67,40.869,40.6504,40.86,40110
2016-08-01,40.76,40.84,40.6301,40.73,74910
2016-08-02,40.58,40.65,40.41,40.5,65138
2016-08-03,40.37,40.52,40.37,40.5,34293
2016-08-04,40.52,40.679,40.52,40.64,32418
2016-08-05,40.75,40.79,40.6,40.79,89942
2016-08-08,40.73,40.8299,40.73,40.82,106160
2016-08-09,40.98,41.039,40.824,40.96,38317
2016-08-10,41.11,41.11,40.9101,40.97,43269
2016-08-11,41.03,41.1262,41.0201,41.09,42208
2016-08-12,41.09,41.1599,41.0,41.05,240080
2016-08-15,41.05,41.23,41.05,41.15,121500
2016-08-16,41.16,41.16,41.03,41.05,42458
2016-08-17,40.96,41.12,40.8601,41.07,42464
2016-08-18,41.13,41.2699,41.02,41.19,48624
2016-08-19,40.97,41.1199,40.95,41.09,34449
2016-08-22,40.97,41.1199,40.97,41.02,41866
2016-08-23,41.27,41.27,41.09,41.09,65847
2016-08-24,41.1,41.1899,41.005,41.06,195497
2016-08-25,41.05,41.09,40.9701,40.99,49397
2016-08-26,40.97,41.28,40.75,40.89,41473
2016-08-29,40.8,41.06,40.8,41.04,22970
2016-08-30,41.06,41.0899,40.9284,41.01,32266
2016-08-31,41.1,41.1,40.761,40.89,65955
2016-09-01,40.96,40.9899,40.7964,40.98,30061
2016-09-02,41.18,41.22,41.0701,41.18,39542
2016-09-06,41.16,41.37,41.16,41.36,111780
2016-09-07,41.34,41.4599,41.34,41.41,44214
2016-09-08,41.36,41.38,41.1801,41.21,120197
2016-09-09,40.99,40.99,40.6,40.6,45124
2016-09-12,40.52,40.9,40.4249,40.86,120094
2016-09-13,40.72,40.72,40.26,40.41,49115
2016-09-14,40.34,40.5699,40.31,40.31,50677
2016-09-15,40.43,40.7,40.3301,40.67,50319
2016-09-16,40.52,40.52,40.3783,40.45,25090
2016-09-19,40.5,40.7299,40.5,40.56,45989
2016-09-20,40.67,40.745,40.5896,40.64,46443
2016-09-21,40.83,41.05,40.65,41.04,204616
2016-09-22,41.28,41.3599,41.2001,41.26,57634
2016-09-23,41.16,41.19,41.03,41.04,60994
2016-09-26,40.99,40.99,40.8201,40.86,28625
2016-09-27,40.81,41.1099,40.81,41.08,50991
2016-09-28,41.08,41.23,40.9494,41.23,34705
2016-09-29,41.09,41.2,40.8574,40.99,39450
2016-09-30,41.0,41.1999,40.94,41.15,82398
2016-10-03,41.0,41.07,40.9101,41.07,50860
2016-10-04,40.98,41.0,40.6872,40.79,60495
2016-10-05,41.0,41.0,40.7601,40.89,59365
2016-10-06,40.77,40.85,40.7066,40.8,105775
2016-10-07,40.81,40.81,40.51,40.75,27513
2016-10-10,40.93,40.93,40.7587,40.81,40536
2016-10-11,40.74,40.75,40.341,40.47,41920
2016-10-12,40.55,40.55,40.3564,40.48,81452
2016-10-13,40.3,40.4399,40.1301,40.38,113084
2016-10-14,40.53,40.5622,40.3,40.3,43556
2016-10-17,40.29,40.4099,40.2612,40.35,56409
2016-10-18,40.53,40.615,40.474,40.52,41645
2016-10-19,40.49,40.68,40.49,40.61,111942
2016-10-20,40.66,40.68,40.5192,40.56,65349
2016-10-21,40.5,40.6,40.4519,40.58,32657
2016-10-24,41.02,41.02,40.6,40.64,89499
2016-10-25,40.75,40.75,40.53,40.62,66393
2016-10-26,40.61,40.61,40.4,40.48,72537
2016-10-27,40.7,40.7,40.31,40.31,66659
2016-10-28,40.4,40.41,40.21,40.32,34286
2016-10-31,40.34,40.38,40.2501,40.36,67224
2016-11-01,40.51,40.51,40.05,40.2,85910
2016-11-02,40.2,40.2,40.024,40.04,77681
2016-11-03,40.15,40.15,39.9,39.91,60914
2016-11-04,39.85,40.0,39.8,39.86,95753
2016-11-07,40.39,40.39,40.1201,40.31,45105
2016-11-08,40.22,40.46,40.1896,40.3,56710
2016-11-09,40.2,40.38,40.07,40.3,145534
2016-11-10,40.49,40.49,40.02,40.11,180114
2016-11-11,40.01,40.1,39.9,40.0,67287
2016-11-14,39.99,40.03,39.8501,39.96,121068
2016-11-15,40.03,40.18,39.952,40.14,51408
2016-11-16,40.17,40.17,39.94,40.1,168290
2016-11-17,40.08,40.2,40.06,40.15,100810
2016-11-18,40.23,40.29,39.937,39.95,102672
2016-11-21,40.12,40.17,40.0,40.15,229402
2016-11-22,40.28,40.34,40.17,40.34,154536
2016-11-23,40.27,40.27,40.0101,40.19,159688
2016-11-25,40.44,40.44,40.23,40.28,45038
2016-11-28,40.3,40.34,40.23,40.27,198459
2016-11-29,40.34,40.4,40.2,40.33,500611
2016-11-30,40.26,40.4,40.21,40.22,249315
2016-12-01,40.22,40.26,40.0196,40.14,262213
2016-12-02,40.03,40.22,40.03,40.22,186027
2016-12-05,40.2,40.39,40.198,40.33,469596
2016-12-06,40.31,40.5,40.31,40.49,369418
2016-12-07,40.52,40.8999,40.5001,40.85,527391
2016-12-08,40.86,40.933,40.734,40.86,472905
2016-12-09,40.95,40.95,40.81,40.91,288133
2016-12-12,40.98,40.98,40.77,40.82,560525
2016-12-13,40.91,41.11,40.91,41.05,372596
2016-12-14,41.05,41.0999,40.65,40.69,332680
2016-12-15,40.7,40.7892,40.629,40.67,260889
2016-12-16,40.8,40.8,40.61,40.68,631468
2016-12-19,40.83,40.83,40.6906,40.75,492448
2016-12-20,40.71,40.83,40.71,40.8,293151
2016-12-21,40.86,40.86,40.7501,40.81,299315
2016-12-22,40.73,40.76,40.64,40.69,356476
2016-12-23,40.82,40.82,40.6801,40.78,161676
2016-12-27,40.96,40.96,40.75,40.75,476033
2016-12-28,40.69,40.69,40.41,40.47,249046
2016-12-29,40.51,40.55,40.47,40.51,191027
2016-12-30,40.64,40.68,40.43,40.58,315973
2017-01-03,40.65,40.69,40.53,40.69,1092976
2017-01-04,40.77,40.92,40.76,40.92,123005
2017-01-05,40.98,41.11,40.92,41.11,458123
2017-01-06,41.01,41.08,40.89,41.0,825658
2017-01-09,41.08,41.08,40.89,40.94,928272
2017-01-10,41.11,41.11,40.93,41.01,131702
2017-01-11,41.09,41.12,40.91,41.12,207935
2017-01-12,41.13,41.1643,40.93,41.05,354616
2017-01-13,41.08,41.1488,41.04,41.13,358838
2017-01-17,41.18,41.18,41.01,41.11,919221
2017-01-18,41.17,41.17,40.9395,40.99,83614
2017-01-19,40.88,40.9599,40.8125,40.85,304183
2017-01-20,40.91,41.0,40.8801,40.96,274809
2017-01-23,41.0,41.0799,40.93,41.07,595585
2017-01-24,41.04,41.1868,41.01,41.14,457978
2017-01-25,41.23,41.36,41.2,41.35,135041
2017-01-26,41.42,41.42,41.2547,41.28,146431
2017-01-27,41.33,41.33,41.23,41.26,269878
2017-01-30,41.25,41.25,41.0097,41.09,403132
2017-01-31,41.01,41.16,41.01,41.11,112201
2017-02-01,41.23,41.27,41.0998,41.19,100535
2017-02-02,41.14,41.2498,41.14,41.21,84691
2017-02-03,41.43,41.43,41.2801,41.35,192795
2017-02-06,41.3,41.3199,41.2595,41.31,81959
2017-02-07,41.35,41.35,41.26,41.3,44487
2017-02-08,41.36,41.42,41.2801,41.42,39870
2017-02-09,41.49,41.55,41.4,41.55,55217
2017-02-10,41.5,41.6228,41.5,41.61,63321
2017-02-13,41.65,41.74,41.65,41.7,71738
2017-02-14,41.68,41.73,41.5401,41.73,123005
2017-02-15,41.73,41.87,41.6599,41.87,82551
2017-02-16,41.89,41.89,41.7996,41.87,100470
2017-02-17,41.88,41.91,41.7868,41.91,48211
2017-02-21,41.95,42.07,41.8965,42.07,43395
2017-02-22,42.0,42.079,41.9101,42.05,111595
2017-02-23,42.08,42.14,41.984,42.06,118284
2017-02-24,41.91,42.07,41.9,42.07,71370
2017-02-27,41.97,42.1352,41.9543,42.07,577333
2017-02-28,42.01,42.07,41.9401,42.0,62286
2017-03-01,42.19,42.29,42.0906,42.28,51337
2017-03-02,42.19,42.19,42.01,42.04,61993
2017-03-03,42.13,42.15,41.98,42.15,59564
2017-03-06,42.06,42.06,41.94,42.05,54427
2017-03-07,42.01,42.01,41.9,41.92,65282
2017-03-08,41.91,41.915,41.7764,41.7764,36827
2017-03-09,41.82,41.83,41.67,41.78,127714
2017-03-10,42.0,42.0,41.81,41.92,148412
2017-03-13,42.05,42.05,41.93,41.93,107657
2017-03-14,41.94,41.94,41.8,41.89,200247
2017-03-15,41.92,42.3065,41.92,42.29,47156
2017-03-16,42.32,42.36,42.25,42.25,39784
2017-03-17,42.36,42.4099,42.3,42.37,61976
2017-03-20,42.37,42.38,42.2901,42.3409,141040
2017-03-21,42.48,42.48,42.1,42.15,54682
2017-03-22,42.13,42.2,42.0107,42.2,77961
2017-03-23,42.2,42.27,42.119,42.19,125698
2017-03-24,42.26,42.31,42.1646,42.25,66419
2017-03-27,42.18,42.3,42.0301,42.23,93433
2017-03-28,42.3,42.42,42.25,42.42,76230
2017-03-29,42.4,42.46,42.3101,42.46,74979
2017-03-30,42.4,42.48,42.38,42.43,63649
2017-03-31,42.4,42.44,42.305,42.39,73008
2017-04-03,42.42,42.42,42.2203,42.39,93173
2017-04-04,42.18,42.25,42.13,42.25,65396
2017-04-05,42.32,42.3799,42.12,42.12,72186
2017-04-06,42.16,42.21,42.1,42.21,54298
2017-04-07,42.21,42.23,42.1383,42.16,69762
2017-04-10,42.09,42.1999,42.076,42.12,42483
2017-04-11,42.19,42.22,42.0372,42.15,90572
2017-04-12,42.24,42.24,42.1,42.22,164632
2017-04-13,42.17,42.1999,42.0,42.0,46077
2017-04-17,42.17,42.26,42.09,42.26,103095
2017-04-18,42.07,42.21,42.07,42.2,164519
2017-04-19,42.28,42.28,42.0801,42.1,67340
2017-04-20,42.26,42.335,42.1972,42.29,59588
2017-04-21,42.32,42.33,42.24,42.33,48661
2017-04-24,42.65,42.7,42.58,42.7,77570
2017-04-25,42.82,42.85,42.7508,42.83,94747
2017-04-26,42.81,42.87,42.74,42.81,88961
2017-04-27,42.87,42.87,42.75,42.85,42460
2017-04-28,42.85,42.85,42.7421,42.82,70186
2017-05-01,42.78,42.89,42.78,42.84,130546
2017-05-02,42.88,42.95,42.8401,42.93,71087
2017-05-03,42.89,42.9,42.8,42.9,72584
2017-05-04,42.91,42.94,42.8096,42.85,89888
2017-05-05,42.97,43.11,42.9,43.11,80960
2017-05-08,43.04,43.04,42.96,43.03,36506
2017-05-09,43.05,43.05,42.954,43.01,78392
2017-05-10,42.98,43.08,42.9641,43.08,54102
2017-05-11,42.99,43.0288,42.8605,42.99,62355
2017-05-12,43.0,43.09,42.9896,43.09,91715
2017-05-15,43.16,43.2399,43.16,43.18,51859
2017-05-16,43.3,43.32,43.24,43.32,80033
2017-05-17,43.14,43.21,42.95,42.98,99456
2017-05-18,42.8,43.04,42.8,42.95,64746
2017-05-19,43.05,43.299,43.05,43.26,48668
2017-05-22,43.28,43.3542,43.2477,43.32,61199
2017-05-23,43.4,43.409,43.2804,43.33,57233
2017-05-24,43.31,43.42,43.2821,43.38,63030
2017-05-25,43.46,43.52,43.434,43.47,45623
2017-05-26,43.41,43.48,43.3944,43.47,154374
2017-05-30,43.47,43.4806,43.3928,43.43,96701
2017-05-31,43.54,43.54,43.37,43.47,91311
2017-06-01,43.52,43.69,43.5119,43.69,55209
2017-06-02,43.83,43.925,43.7401,43.84,65405
2017-06-05,43.84,43.85,43.76,43.76,67042
2017-06-06,43.74,43.82,43.7,43.75,50170
2017-06-07,43.76,43.8299,43.6998,43.77,60061
2017-06-08,43.87,43.87,43.6701,43.8,66852
2017-06-09,43.83,43.83,43.5934,43.72,49565
2017-06-12,43.62,43.65,43.5316,43.64,66295
2017-06-13,43.7,43.8299,43.7,43.76,71733
2017-06-14,43.95,43.9599,43.75,43.86,51264
2017-06-15,43.62,43.66,43.5,43.66,50360
2017-06-16,43.69,43.75,43.64,43.71,57677
2017-06-19,43.87,43.9399,43.85,43.93,55454
2017-06-20,43.88,43.89,43.71,43.75,68271
2017-06-21,43.76,43.7699,43.64,43.68,110212
2017-06-22,43.81,43.81,43.66,43.75,39231
2017-06-23,43.76,43.83,43.66,43.76,43168
2017-06-26,43.82,43.98,43.82,43.82,38015
2017-06-27,43.79,43.82,43.59,43.59,67434
2017-06-28,43.77,43.91,43.7201,43.91,69053
2017-06-29,43.82,43.82,43.48,43.57,78596
2017-06-30,43.63,43.6999,43.58,43.61,37020
2017-07-03,44.78,44.78,43.57,43.62,57246
2017-07-05,43.62,43.6699,43.5001,43.66,49591
2017-07-06,43.18,43.18,43.07,43.11,64590
2017-07-07,43.14,43.2,43.0754,43.18,58130
2017-07-10,43.18,43.31,43.15,43.27,121834
2017-07-11,43.21,43.336,43.15,43.25,64180
2017-07-12,43.51,43.605,43.5,43.6,120220
2017-07-13,43.69,43.69,43.55,43.66,94215
2017-07-14,43.77,43.8579,43.7,43.83,89557
2017-07-17,43.83,43.85,43.77,43.83,44442
2017-07-18,43.77,43.89,43.75,43.89,60161
2017-07-19,43.95,44.05,43.9368,44.05,54252
2017-07-20,44.04,44.12,44.0264,44.06,76584
2017-07-21,44.04,44.066,43.9608,44.01,68470
2017-07-24,44.01,44.0422,43.95,44.0,100518
2017-07-25,44.13,44.13,44.01,44.07,77786
2017-07-26,44.08,44.15,44.02,44.15,80577
2017-07-27,44.15,44.18,43.93,44.03,62903
2017-07-28,44.03,44.08,43.9456,44.08,44905
2017-07-31,44.14,44.14,44.04,44.12,63900
2017-08-01,44.23,44.25,44.17,44.24,141842
2017-08-02,44.2,44.24,44.13,44.24,40203
2017-08-03,44.23,44.23,44.16,44.23,43875
2017-08-04,44.23,44.25,44.14,44.25,84107
2017-08-07,44.19,44.28,44.18,44.24,82056
2017-08-08,44.24,44.33,44.12,44.12,57230
2017-08-09,44.08,44.13,44.0202,44.09,84797
2017-08-10,43.93,43.97,43.66,43.66,120633
2017-08-11,43.81,43.81,43.66,43.71,68594
2017-08-14,43.92,44.03,43.9,43.99,72884
2017-08-15,44.04,44.04,43.88,43.95,79026
2017-08-16,44.0,44.1035,43.98,44.09,82436
2017-08-17,44.01,44.03,43.72,43.76,110804
2017-08-18,43.78,43.85,43.69,43.77,65311
2017-08-21,43.8,43.8,43.68,43.8,61432
2017-08-22,43.83,44.0,43.83,43.98,84360
2017-08-23,43.87,44.02,43.87,43.97,67053
2017-08-24,44.04,44.05,43.91,43.93,40206
2017-08-25,44.07,44.12,44.01,44.06,58204
2017-08-28,44.13,44.15,44.01,44.09,60113
2017-08-29,43.86,44.07,43.86,44.02,92332
2017-08-30,44.01,44.12,43.99,44.11,48590
2017-08-31,44.25,44.3499,44.1759,44.33,91170
2017-09-01,44.39,44.406,44.2985,44.35,38355
2017-09-05,44.26,44.33,44.0797,44.2,115673
2017-09-06,44.27,44.32,44.26,44.29,44722
2017-09-07,44.42,44.46,44.37,44.44,55168
2017-09-08,44.45,44.45,44.36,44.4,27137
2017-09-11,44.6,44.68,44.53,44.65,85533
2017-09-12,44.65,44.69,44.62,44.62,64844
2017-09-13,44.62,44.63,44.57,44.62,66185
2017-09-14,44.57,44.65,44.55,44.65,39451
2017-09-15,44.65,44.71,44.5933,44.71,140205
2017-09-18,44.71,44.78,44.66,44.75,102275
2017-09-19,44.8,44.8,44.74,44.8,55648
2017-09-20,44.85,44.85,44.58,44.69,140216
2017-09-21,44.74,44.74,44.66,44.7,89102
2017-09-22,44.69,44.72,44.66,44.7,142634
2017-09-25,44.66,44.68,44.53,44.64,93643
2017-09-26,44.66,44.66,44.53,44.58,61356
2017-09-27,44.63,44.65,44.49,44.61,35975
2017-09-28,44.72,44.72,44.58,44.67,59526
2017-09-29,44.74,44.83,44.67,44.83,51956
