2009-12-01,16.32,16.32,16.0,16.07,40270
2009-12-02,16.45,16.45,16.28,16.43,518871
2009-12-03,16.69,16.69,16.4,16.4,730816
2009-12-04,16.64,16.75,16.4,16.57,114724
2009-12-07,19.55,19.55,16.31,16.35,332085
2009-12-08,16.18,16.18,16.04,16.08,111377
2009-12-09,15.94,16.14,15.89,16.02,390007
2009-12-10,16.05,16.05,15.93,15.99,14268
2009-12-11,16.16,16.16,15.936,16.01,24163
2009-12-14,16.09,16.1,15.935,15.99,26537
2009-12-15,15.9,15.91,15.79,15.81,23502
2009-12-16,15.72,15.72,15.55,15.5899,266259
2009-12-17,15.31,15.31,15.11,15.11,51658
2009-12-18,15.19,15.19,14.9886,15.02,23327
2009-12-21,15.26,15.26,15.11,15.1851,10576
2009-12-22,15.15,15.15,14.985,15.03,7543
2009-12-23,15.17,15.2125,15.115,15.165,7561
2009-12-24,15.47,15.47,15.31,15.35,13408
2009-12-28,15.57,15.57,15.341,15.3993,13466
2009-12-29,16.35,16.35,15.37,15.4199,15708
2009-12-30,15.3725,15.408,15.366,15.4,4073
2009-12-31,15.66,15.66,15.46,15.47,26128
2010-01-04,15.51,15.94,15.51,15.8699,15316
2010-01-05,16.0,16.15,15.9999,16.0799,40597
2010-01-06,16.29,16.31,16.2406,16.31,14285
2010-01-07,16.34,16.34,16.1618,16.23,21140
2010-01-08,16.2519,16.36,16.19,16.36,19801
2010-01-11,16.59,16.79,16.47,16.67,35368
2010-01-12,16.74,16.74,16.26,16.39,38538
2010-01-13,16.24,16.24,15.97,16.11,23595
2010-01-14,16.18,16.18,15.99,16.0799,26500
2010-01-15,16.1,16.1,15.8,15.82,21082
2010-01-19,16.07,16.37,15.97,16.35,35319
2010-01-20,16.12,16.27,15.9,16.04,19185
2010-01-21,15.8,15.8,15.2401,15.28,17103
2010-01-22,14.99,15.04,14.67,14.72,70669
2010-01-25,15.18,15.3,14.94,15.03,13730
2010-01-26,14.58,14.75,14.52,14.5401,31877
2010-01-27,14.32,14.378,14.17,14.378,23199
2010-01-28,14.4,14.4,14.14,14.23,32096
2010-01-29,14.2749,14.35,14.04,14.06,31543
2010-02-01,14.45,14.6,14.4,14.5999,29764
2010-02-02,14.62,14.7991,14.6,14.7955,43727
2010-02-03,14.83,14.89,14.704,14.76,13358
2010-02-04,14.5,14.5,14.09,14.09,25524
2010-02-05,13.92,13.92,13.57,13.92,38242
2010-02-08,13.85,13.95,13.75,13.75,5692
2010-02-09,13.93,14.17,13.87,14.0525,27989
2010-02-10,14.26,14.42,14.18,14.36,6647
2010-02-11,14.42,14.575,14.33,14.57,5778
2010-02-12,14.2,14.3625,14.2,14.3,6442
2010-02-16,14.4425,14.62,14.4425,14.62,2949
2010-02-17,14.5735,14.61,14.5225,14.6,2922
2010-02-18,14.61,14.66,14.5045,14.66,4274
2010-02-19,14.41,14.54,14.3501,14.52,8530
2010-02-22,14.48,14.48,14.3601,14.3601,3342
2010-02-23,14.4,14.42,14.2,14.2225,8410
2010-02-24,14.4,14.624,14.4,14.6,7315
2010-02-25,14.29,14.44,14.14,14.44,7528
2010-02-26,14.44,14.56,14.36,14.56,13626
2010-03-01,14.8416,14.864,14.8,14.816,2085
2010-03-02,14.99,15.0825,14.986,15.0355,7674
2010-03-03,15.13,15.36,15.13,15.16,45915
2010-03-04,14.98,15.08,14.92,14.98,10443
2010-03-05,15.23,15.37,15.2,15.33,31612
2010-03-08,15.37,15.5,15.37,15.45,10989
2010-03-09,15.42,15.56,15.37,15.44,15146
2010-03-10,15.5,15.56,15.42,15.47,10630
2010-03-11,15.3835,15.45,15.25,15.45,8003
2010-03-12,15.41,15.44,15.246,15.281,9770
2010-03-15,15.13,15.23,15.01,15.0725,7369
2010-03-16,15.12,15.21,15.068,15.19,15699
2010-03-17,15.28,15.37,15.24,15.27,5032
2010-03-18,15.273,15.273,15.184,15.1868,1047
2010-03-19,15.3201,15.33,15.18,15.222,3155
2010-03-22,15.03,15.22,15.03,15.202,9252
2010-03-23,15.16,15.16,15.0,15.15,4310
2010-03-24,14.97,15.05,14.95,14.95,6548
2010-03-25,15.06,15.06,14.81,14.81,8794
2010-03-26,15.11,15.19,14.9899,15.0401,10172
2010-03-29,15.16,15.2426,15.15,15.2235,14155
2010-03-30,15.34,15.4099,15.29,15.4,27875
2010-03-31,15.19,15.31,15.17,15.25,6240
2010-04-01,15.58,15.75,15.58,15.69,41608
2010-04-05,15.85,15.95,15.83,15.9,5609
2010-04-06,15.8,15.98,15.8,15.959,7273
2010-04-07,15.9,15.9,15.65,15.72,14193
2010-04-08,15.71,15.81,15.580400000000001,15.8,7168
2010-04-09,15.84,15.93,15.84,15.93,13492
2010-04-12,15.72,15.7899,15.6401,15.71,19983
2010-04-13,15.52,15.6,15.44,15.59,10479
2010-04-14,15.7025,15.83,15.7025,15.8,9193
2010-04-15,15.69,15.78,15.69,15.74,9877
2010-04-16,15.45,15.45,15.1,15.165,8244
2010-04-19,14.87,14.992,14.82,14.98,30571
2010-04-20,15.11,15.12,15.03,15.1001,13329
2010-04-21,15.17,15.17,15.01,15.11,18349
2010-04-22,15.08,15.19,14.99,15.19,7232
2010-04-23,15.1,15.16,15.075,15.16,4822
2010-04-26,15.3,15.325,15.23,15.23,11740
2010-04-27,14.97,14.97,14.6,14.6,19936
2010-04-28,14.69,14.76,14.58,14.67,11856
2010-04-29,14.75,14.9601,14.75,14.95,10233
2010-04-30,14.88,14.92,14.64,14.64,24238
2010-05-03,14.81,14.81,14.61,14.76,27305
2010-05-04,14.4,14.41,14.05,14.1401,31330
2010-05-05,14.03,14.14,13.84,13.93,12717
2010-05-06,13.7,13.7,12.79,13.1,23105
2010-05-07,13.4,13.45,13.06,13.17,25410
2010-05-10,13.99,14.06,13.9,14.06,14617
2010-05-11,13.83,13.996,13.8,13.8201,5470
2010-05-12,13.8887,13.98,13.82,13.928,10460
2010-05-13,14.01,14.11,13.93,13.93,9358
2010-05-14,13.68,13.68,13.54,13.6795,20053
2010-05-17,13.48,13.48,13.17,13.2,26017
2010-05-18,13.63,13.63,13.27,13.35,13781
2010-05-19,12.99,13.12,12.91,13.0701,23965
2010-05-20,12.57,12.67,12.47,12.564,7752
2010-05-21,12.26,12.84,12.26,12.82,32838
2010-05-24,13.13,13.23,12.91,12.98,9779
2010-05-25,12.41,12.8,12.38,12.8,8894
2010-05-26,12.96,13.07,12.86,12.86,10151
2010-05-27,13.37,13.5799,13.37,13.5799,8504
2010-05-28,13.6799,13.71,13.5,13.69,89545
2010-06-01,13.33,13.49,13.33,13.3655,3853
2010-06-02,13.44,13.57,13.35,13.57,15106
2010-06-03,13.55,13.65,13.4,13.47,4526
2010-06-04,13.3,13.5172,13.2,13.2401,10500
2010-06-07,13.36,13.36,13.01,13.0101,13928
2010-06-08,13.09,13.25,13.03,13.24,9807
2010-06-09,13.3,13.3999,13.152,13.152,6885
2010-06-10,13.2,13.37,13.2,13.34,2764
2010-06-11,13.29,13.41,13.25,13.4,6217
2010-06-14,13.67,13.7,13.52,13.52,1602
2010-06-15,13.75,13.8592,13.75,13.811,5160
2010-06-16,13.7,13.87,13.7,13.87,1314
2010-06-17,13.73,13.74,13.69,13.74,2500
2010-06-18,13.81,13.82,13.71,13.71,4625
2010-06-21,14.24,14.36,14.11,14.11,8593
2010-06-22,14.08,14.186,13.96,13.96,6394
2010-06-23,13.95,14.08,13.95,14.02,2234
2010-06-24,13.94,13.94,13.85,13.86,7104
2010-06-25,13.77,13.89,13.77,13.844,1428
2010-06-28,13.87,13.91,13.838,13.854,4395
2010-06-29,13.45,13.451,13.31,13.34,5512
2010-06-30,13.43,13.47,13.36,13.36,4536
2010-07-01,13.07,13.25,13.05,13.25,39835
2010-07-02,13.22,13.22,13.09,13.22,2217
2010-07-06,13.54,13.7,13.54,13.57,4788
2010-07-07,13.51,13.68,13.49,13.68,10989
2010-07-08,13.62,13.724,13.61,13.724,1317
2010-07-09,13.95,14.122,13.95,14.11,1930
2010-07-12,14.22,14.26,14.1748,14.22,3180
2010-07-13,14.17,14.29,14.17,14.27,10145
2010-07-14,14.08,14.168,14.08,14.1454,6452
2010-07-15,13.8,13.95,13.768,13.94,2760
2010-07-16,13.84,13.84,13.63,13.65,16874
2010-07-19,13.69,13.725999999999999,13.6601,13.725999999999999,5090
2010-07-20,13.82,14.3299,13.82,14.3299,59562
2010-07-21,14.326,14.368,14.24,14.26,3742
2010-07-22,14.46,14.7,14.46,14.7,5863
2010-07-23,14.8,14.904,14.76,14.904,5979
2010-07-26,14.68,14.8899,14.67,14.81,6222
2010-07-27,14.73,14.87,14.73,14.8,5953
2010-07-28,14.86,14.9599,14.85,14.922,3165
2010-07-29,14.97,15.122,14.896,14.992,6867
2010-07-30,15.01,15.1899,14.988,15.1899,8071
2010-08-02,15.5,15.57,15.4299,15.51,4214
2010-08-03,15.27,15.423,15.27,15.36,5243
2010-08-04,15.4,15.44,15.284,15.41,3387
2010-08-05,15.3,15.3,15.206,15.284,1607
2010-08-06,15.27,15.27,15.1108,15.1108,1274
2010-08-09,15.46,15.46,15.418,15.418,1756
2010-08-10,15.02,15.086,15.0,15.082,16202
2010-08-11,14.74,14.78,14.641,14.681000000000001,1153
2010-08-12,14.49,14.68,14.49,14.582,2770
2010-08-13,14.8,14.8,14.71,14.741,3262
2010-08-16,14.78,14.89,14.76,14.85,7206
2010-08-17,15.13,15.13,15.03,15.06,8440
2010-08-18,14.97,15.09,14.96,15.024,15525
2010-08-19,15.05,15.12,14.9,15.02,13405
2010-08-20,15.07,15.07,14.9,14.944,5455
2010-08-23,14.96,14.96,14.81,14.84,5196
2010-08-24,14.72,14.784,14.71,14.725999999999999,14328
2010-08-25,14.51,14.584,14.43,14.584,7300
2010-08-26,14.608,14.68,14.47,14.47,7507
2010-08-27,14.56,14.74,14.48,14.7099,13606
2010-08-30,14.76,14.76,14.632,14.632,3381
2010-08-31,14.68,14.784,14.64,14.65,1900
2010-09-01,15.15,15.23,15.13,15.23,5281
2010-09-02,15.4,15.4,15.3,15.33,2046
2010-09-03,15.51,15.72,15.5,15.52,12000
2010-09-07,15.82,15.82,15.59,15.61,15532
2010-09-08,15.7,15.82,15.63,15.69,13671
2010-09-09,15.92,15.9399,15.886,15.9099,2955
2010-09-10,15.92,15.92,15.78,15.858,7585
2010-09-13,16.05,16.12,16.0001,16.0599,6374
2010-09-14,16.12,16.241,16.0955,16.166,2820
2010-09-15,16.05,16.104,15.987,16.052,2478
2010-09-16,16.0,16.072,16.0,16.016,1985
2010-09-17,16.25,16.276,16.17,16.25,4976
2010-09-20,16.28,16.3701,16.266,16.3701,7368
2010-09-21,16.39,16.56,16.38,16.51,4906
2010-09-22,16.38,16.464,16.38,16.444,1411
2010-09-23,16.3319,16.4492,16.3319,16.3499,3126
2010-09-24,16.57,16.68,16.534,16.68,3611
2010-09-27,16.72,16.77,16.66,16.714,4253
2010-09-28,16.5875,16.7,16.518,16.7,4706
2010-09-29,16.69,16.7,16.65,16.7,22347
2010-09-30,16.83,16.9188,16.79,16.8699,3673
2010-10-01,16.95,17.03,16.95,17.0013,3094
2010-10-04,17.06,17.1,16.9201,17.03,4846
2010-10-05,17.0,17.27,17.0,17.27,7040
2010-10-06,17.17,17.204,17.09,17.14,973976
2010-10-07,16.96,16.96,16.86,16.9,18423
2010-10-08,16.88,16.9628,16.775,16.88,106788
2010-10-11,16.86,16.95,16.84,16.84,100421
2010-10-12,16.84,16.87,16.741,16.82,22427
2010-10-13,17.38,17.5599,17.27,17.46,8502
2010-10-14,17.69,17.7,17.492,17.52,15769
2010-10-15,17.84,17.84,17.61,17.8299,24786
2010-10-18,17.73,17.89,17.73,17.89,8297
2010-10-19,17.8,17.8,17.5,17.5,47203
2010-10-20,17.54,17.68,17.54,17.63,3973
2010-10-21,17.76,17.76,17.4805,17.63,8737
2010-10-22,17.67,17.67,17.63,17.63,1140
2010-10-25,17.91,17.96,17.87,17.8936,37141
2010-10-26,17.6,17.6,17.4,17.55,10966
2010-10-27,17.12,17.12,16.87,17.01,25237
2010-10-28,17.21,17.21,17.08,17.08,1600
2010-10-29,17.16,17.183,17.12,17.1801,3490
2010-11-01,17.4,17.4899,17.4,17.402,1960
2010-11-02,17.83,17.87,17.734,17.87,27812
2010-11-03,18.05,18.05,17.82,17.9899,6930
2010-11-04,18.22,18.41,18.1508,18.41,28777
2010-11-05,18.29,18.34,18.22,18.31,21144
2010-11-08,18.29,18.3,18.16,18.23,13430
2010-11-09,18.33,18.33,17.89,17.89,29113
2010-11-10,18.02,18.16,17.81,18.15,110204
2010-11-11,17.92,17.9991,17.9054,17.9991,3437
2010-11-12,17.63,17.66,17.31,17.42,11963
2010-11-15,17.3,17.34,17.22,17.23,11645
2010-11-16,17.17,17.17,16.8007,16.85,21345
2010-11-17,16.71,16.75,16.49,16.7,27889
2010-11-18,17.01,17.2191,17.01,17.17,10122
2010-11-19,17.15,17.15,16.93,17.01,2030
2010-11-22,16.97,17.03,16.79,16.92,173650
2010-11-23,16.65,16.65,16.43,16.433,12578
2010-11-24,16.7264,16.76,16.6101,16.71,81947
2010-11-26,16.67,16.67,16.57,16.59,9022
2010-11-29,16.7,16.85,16.62,16.85,2600
2010-11-30,16.75,16.9,16.73,16.78,49305
2010-12-01,17.06,17.2,17.03,17.13,5529
2010-12-02,17.23,17.43,17.182,17.37,5151
2010-12-03,17.25,17.4,17.25,17.4,10200
2010-12-06,17.26,17.26,17.184,17.23,5340
2010-12-07,17.3,17.31,17.2499,17.25,2290
2010-12-08,17.1999,17.1999,17.03,17.05,14475
2010-12-09,17.06,17.14,16.92,17.02,28975
2010-12-10,16.86,16.992,16.86,16.94,11435
2010-12-13,17.0699,17.14,17.0699,17.1,6750
2010-12-14,17.24,17.24,17.15,17.15,3250
2010-12-15,17.1092,17.12,16.9,16.982,12580
2010-12-16,16.6677,16.78,16.6677,16.78,18050
2010-12-17,16.74,16.78,16.6901,16.7608,3689
2010-12-20,16.65,16.65,16.544,16.6,5204
2010-12-21,16.75,16.87,16.75,16.8401,1903
2010-12-22,16.75,16.77,16.75,16.76,580
2010-12-23,16.61,16.63,16.57,16.63,1942
2010-12-27,16.59,16.59,16.55,16.55,1012
2010-12-28,16.28,16.36,16.18,16.3,6637
2010-12-29,16.27,16.2892,16.13,16.25,9486
2010-12-30,16.24,16.25,16.17,16.17,2610
2010-12-31,16.34,16.47,16.32,16.4,21988
2011-01-03,16.6999,16.74,16.6601,16.67,10370
2011-01-04,17.03,17.05,16.94,17.0499,21228
2011-01-05,17.13,17.29,17.13,17.27,13972
2011-01-06,17.34,17.34,17.171,17.177,7540
2011-01-07,17.28,17.28,17.05,17.0501,8767
2011-01-10,16.97,16.97,16.82,16.93,3862
2011-01-11,16.9901,17.05,16.9899,17.04,1694
2011-01-12,17.3,17.3352,17.2568,17.28,2714
2011-01-13,17.3,17.3,17.1799,17.18,2200
2011-01-14,17.14,17.19,17.14,17.19,5167
2011-01-18,16.95,16.99,16.9,16.9801,5707
2011-01-19,17.08,17.11,16.95,16.95,7890
2011-01-20,16.81,16.81,16.55,16.69,10806
2011-01-21,16.69,16.7,16.54,16.59,3500
2011-01-24,16.38,16.458,16.33,16.434,16577
2011-01-25,16.29,16.31,16.2,16.306,1500
2011-01-26,16.3563,16.424,16.3563,16.39,775
2011-01-27,16.55,16.55,16.49,16.49,500
2011-01-28,16.4101,16.4101,16.12,16.14,5900
2011-01-31,16.19,16.32,16.15,16.26,31758
2011-02-01,16.31,16.34,16.292,16.3229,2172
2011-02-02,16.47,16.47,16.44,16.44,2700
2011-02-03,16.34,16.36,16.33,16.3494,1950
2011-02-04,16.47,16.47,16.27,16.27,3820
2011-02-07,16.12,16.25,16.12,16.23,10801
2011-02-08,16.0,16.04,15.95,16.04,11035
2011-02-09,15.6829,15.75,15.54,15.54,3974
2011-02-10,15.24,15.39,15.2,15.39,3168
2011-02-11,15.3,15.55,15.291,15.55,3406
2011-02-14,15.75,15.8,15.74,15.78,13549
2011-02-15,15.81,15.87,15.8,15.86,5920
2011-02-16,15.85,15.99,15.85,15.99,570
2011-02-17,16.03,16.09,15.98,16.07,16197
2011-02-18,16.05,16.05,15.88,15.88,7850
2011-02-22,15.4,15.4,15.1,15.15,7926
2011-02-23,15.1599,15.1599,14.96,15.1,14108
2011-02-24,14.87,14.87,14.7606,14.8,9055
2011-02-25,14.97,14.978,14.9101,14.9101,2766
2011-02-28,15.19,15.27,15.17,15.2,15269
2011-03-01,15.46,15.46,15.2699,15.2699,1800
2011-03-02,15.29,15.49,15.29,15.49,10202
2011-03-03,15.72,15.89,15.72,15.89,2028
2011-03-04,16.02,16.03,15.8999,15.9599,1200
2011-03-07,16.06,16.06,15.85,15.85,3439
2011-03-08,16.02,16.1,15.98,16.05,1255
2011-03-09,16.25,16.29,16.22,16.29,3895
2011-03-10,16.12,16.12,15.89,15.9,2106
2011-03-11,15.9,15.98,15.83,15.98,3877
2011-03-14,15.77,15.83,15.77,15.79,1100
2011-03-15,15.37,15.5,15.35,15.5,4230
2011-03-16,15.6899,15.6899,15.38,15.38,1896
2011-03-17,15.18,15.23,15.08,15.08,6115
2011-03-18,15.2,15.22,15.19,15.19,2495
2011-03-21,15.6301,15.6301,15.6301,15.6301,100
2011-03-22,15.8716,15.8716,15.8716,15.8716,500
2011-03-23,15.78,15.9,15.78,15.9,2125
2011-03-24,16.0615,16.108,16.0615,16.108,750
2011-03-25,16.16,16.16,16.1144,16.1144,723
2011-03-28,15.991,15.991,15.92,15.92,610
2011-03-29,16.16,16.2,16.15,16.2,954
2011-03-30,16.26,16.35,16.2512,16.35,3345
2011-03-31,16.41,16.48,16.41,16.48,526
2011-04-01,16.5,16.5,16.37,16.3701,5000
2011-04-04,16.56,16.61,16.53,16.61,3438
2011-04-05,16.53,16.64,16.511,16.57,4930
2011-04-06,16.78,16.78,16.78,16.78,178
2011-04-07,16.83,16.84,16.721,16.721,3586
2011-04-08,16.76,16.76,16.71,16.71,400
2011-04-11,16.62,16.66,16.53,16.53,11960
2011-04-12,16.3999,16.43,16.34,16.43,880
2011-04-13,16.76,16.78,16.56,16.618,4400
2011-04-14,16.63,16.69,16.62,16.69,14216
2011-04-15,16.8699,16.87,16.83,16.865,2960
2011-04-18,16.8,16.8,16.69,16.76,842
2011-04-19,16.83,16.84,16.82,16.82,3029
2011-04-20,16.95,17.05,16.94,17.05,8701
2011-04-21,17.14,17.25,17.1,17.25,68287
2011-04-25,17.16,17.18,17.04,17.18,58227
2011-04-26,17.09,17.22,17.0696,17.17,23003
2011-04-27,17.02,17.02,16.84,16.9835,9525
2011-04-28,16.77,16.77,16.72,16.72,550
2011-04-29,16.62,16.8088,16.61,16.8088,9930
2011-05-02,16.95,17.0,16.9,16.9684,9130
2011-05-03,16.53,16.63,16.39,16.45,2347
2011-05-04,16.06,16.13,16.01,16.13,4700
2011-05-05,15.94,15.948,15.87,15.9,6900
2011-05-06,16.2488,16.2488,16.13,16.13,2200
2011-05-09,16.36,16.45,16.2801,16.4499,7928
2011-05-10,16.51,16.55,16.5022,16.53,4210
2011-05-11,16.45,16.45,16.24,16.3,11500
2011-05-12,16.3,16.3,16.3,16.3,0
2011-05-13,16.01,16.01,16.0054,16.0054,1320
2011-05-16,15.85,15.93,15.85,15.87,3380
2011-05-17,15.84,15.84,15.84,15.84,500
2011-05-18,16.02,16.21,16.02,16.21,700
2011-05-19,16.02,16.02,15.93,15.95,1045
2011-05-20,15.775500000000001,15.8,15.63,15.8,126573
2011-05-23,15.4,15.408,15.31,15.38,9702
2011-05-24,15.54,15.54,15.4899,15.4899,380
2011-05-25,15.44,15.52,15.4,15.48,1060
2011-05-26,15.4,15.46,15.37,15.46,2500
2011-05-27,15.59,15.59,15.59,15.59,300
2011-05-31,15.7,15.7,15.65,15.7,2387
2011-06-01,15.68,15.68,15.54,15.54,700
2011-06-02,15.54,15.59,15.5048,15.56,5800
2011-06-03,15.34,15.41,15.34,15.393,1103
2011-06-06,15.27,15.27,15.1332,15.1332,12773
2011-06-07,15.26,15.3,15.26,15.28,2290
2011-06-08,14.96,14.98,14.9,14.9699,7390
2011-06-09,14.74,14.7688,14.65,14.7688,4360
2011-06-10,14.62,14.62,14.41,14.4352,13803
2011-06-13,14.48,14.52,14.385,14.39,8874
2011-06-14,14.73,14.84,14.72,14.77,4456
2011-06-15,14.58,14.5801,14.46,14.5,3872
2011-06-16,14.36,14.4,14.2,14.36,8426
2011-06-17,14.296,14.296,14.296,14.296,124
2011-06-20,14.03,14.13,14.0,14.13,2482
2011-06-21,14.44,14.48,14.44,14.48,200
2011-06-22,14.56,14.56,14.4988,14.4988,371
2011-06-23,14.31,14.56,14.31,14.56,3930
2011-06-24,14.91,14.91,14.801,14.801,1377
2011-06-27,15.07,15.19,15.07,15.19,3633
2011-06-28,15.14,15.14,15.13,15.13,2100
2011-06-29,15.1,15.22,15.07,15.22,1806
2011-06-30,15.28,15.31,15.28,15.3008,2870
2011-07-01,15.45,15.5,15.43,15.4692,4200
2011-07-05,15.67,15.67,15.62,15.662,3610
2011-07-06,15.52,15.52,15.47,15.47,1300
2011-07-07,15.69,15.6996,15.69,15.6996,625
2011-07-08,15.6996,15.6996,15.6996,15.6996,0
2011-07-11,15.6996,15.6996,15.6996,15.6996,0
2011-07-12,15.03,15.03,14.95,14.95,1000
2011-07-13,15.18,15.18,15.18,15.18,1000
2011-07-14,15.21,15.2101,15.21,15.2101,300
2011-07-15,15.12,15.12,14.94,14.94,2100
2011-07-18,14.83,14.83,14.65,14.73,3989
2011-07-19,14.7099,14.7099,14.7099,14.7099,308
2011-07-20,14.74,14.8699,14.74,14.8699,1270
2011-07-21,14.89,14.89,14.89,14.89,607
2011-07-22,15.13,15.13,15.13,15.13,100
2011-07-25,14.64,14.77,14.64,14.77,5430
2011-07-26,14.78,14.78,14.78,14.78,100
2011-07-27,14.72,14.72,14.62,14.62,3400
2011-07-28,14.66,14.67,14.66,14.67,600
2011-07-29,14.67,14.67,14.67,14.67,0
2011-08-01,14.41,14.41,14.3,14.3,2658
2011-08-02,14.13,14.13,13.9,13.9,7992
2011-08-03,13.63,13.78,13.63,13.78,8600
2011-08-04,13.6,13.6,13.3,13.3,5160
2011-08-05,13.2,13.2,12.7,12.97,9650
2011-08-08,12.48,12.502,11.96,11.96,7346
2011-08-09,12.24,12.54,12.17,12.54,9070
2011-08-10,11.85,11.88,11.85,11.88,600
2011-08-11,11.62,11.96,11.62,11.96,2800
2011-08-12,11.95,11.95,11.9169,11.9169,1100
2011-08-15,12.34,12.34,12.3,12.32,14377
2011-08-16,12.51,12.57,12.46,12.56,1720
2011-08-17,12.56,12.56,12.5099,12.5099,4315
2011-08-18,12.0,12.03,11.89,11.94,1000
2011-08-19,11.5,11.65,11.49,11.498,4872
2011-08-22,11.14,11.15,11.1,11.1001,5371
2011-08-23,11.43,11.4784,11.43,11.47,2208
2011-08-24,11.41,11.48,11.41,11.48,6449
2011-08-25,11.55,11.55,11.28,11.35,700
2011-08-26,11.35,11.35,11.35,11.35,0
2011-08-29,11.609,11.69,11.609,11.668,2200
2011-08-30,11.79,11.841,11.709,11.76,3595
2011-08-31,12.13,12.2068,12.1208,12.15,3296
2011-09-01,12.15,12.15,12.15,12.15,0
2011-09-02,11.9,11.91,11.83,11.83,1625
2011-09-06,10.95,11.12,10.87,11.12,4981
2011-09-07,11.15,11.33,11.15,11.33,400
2011-09-08,11.17,11.17,11.17,11.17,150
2011-09-09,10.88,10.88,10.69,10.71,4000
2011-09-12,10.45,10.4686,10.280100000000001,10.280100000000001,1475
2011-09-13,10.5,10.53,10.46,10.49,3510
2011-09-14,10.23,10.23,10.23,10.23,500
2011-09-15,10.27,10.27,10.27,10.27,300
2011-09-16,10.27,10.27,10.27,10.27,0
2011-09-19,9.92,9.92,9.77,9.89,18126
2011-09-20,9.82,9.82,9.74,9.7401,332
2011-09-21,9.75,9.75,9.48,9.48,2700
2011-09-22,9.09,9.1699,8.86,8.88,7420
2011-09-23,9.15,9.26,9.15,9.26,6670
2011-09-26,8.9,8.9,8.85,8.85,2330
2011-09-27,9.5726,9.5836,9.5644,9.5644,2000
2011-09-28,9.5644,9.5644,9.5644,9.5644,0
2011-09-29,9.49,9.5,9.49,9.5,3338
2011-09-30,8.85,8.85,8.85,8.85,477
2011-10-03,8.47,8.47,8.47,8.47,600
2011-10-04,7.99,8.19,7.9524,8.19,4650
2011-10-05,8.28,8.5308,8.28,8.5308,8500
2011-10-06,8.631,8.78,8.631,8.78,1314
2011-10-07,9.16,9.16,8.9635,8.99,6670
2011-10-10,9.09,9.3199,9.09,9.2715,9670
2011-10-11,9.4235,9.4235,9.4235,9.4235,130
2011-10-12,10.04,10.34,10.04,10.26,5900
2011-10-13,10.6,10.694,10.37,10.62,7015
2011-10-14,10.5608,10.6,10.5608,10.6,700
2011-10-17,10.45,10.45,10.38,10.42,8000
2011-10-18,9.93,10.14,9.7488,10.08,10839
2011-10-19,10.08,10.08,10.08,10.08,0
2011-10-20,9.39,9.56,9.39,9.56,1860
2011-10-21,9.85,9.85,9.811,9.811,1000
2011-10-24,10.39,10.449,10.39,10.4101,2020
2011-10-25,10.3684,10.3684,10.25,10.25,300
2011-10-26,10.85,10.964,10.75,10.9477,2162
2011-10-27,11.77,12.15,11.7094,12.04,8787
2011-10-28,11.69,11.8448,11.68,11.8448,3548
2011-10-31,11.34,11.34,11.17,11.17,9500
2011-11-01,11.0168,11.13,11.0168,11.08,4772
2011-11-02,11.7,11.74,11.64,11.74,4800
2011-11-03,11.92,11.97,11.89,11.94,4700
2011-11-04,11.65,11.7599,11.6,11.7599,5600
2011-11-07,11.76,11.9,11.76,11.9,2109
2011-11-08,11.54,11.698,11.53,11.698,4600
2011-11-09,11.4,11.4,11.09,11.18,20472
2011-11-10,11.11,11.14,11.08,11.08,13375
2011-11-11,11.3,11.34,11.3,11.32,4995
2011-11-14,11.35,11.35,11.35,11.35,100
2011-11-15,11.4,11.41,11.4,11.41,4000
2011-11-16,11.1,11.1,11.1,11.1,500
2011-11-17,10.91,10.91,10.65,10.65,5372
2011-11-18,10.6943,10.74,10.6943,10.74,935
2011-11-21,10.0926,10.14,10.09,10.09,3814
2011-11-22,10.09,10.09,10.09,10.09,0
2011-11-23,10.09,10.09,9.95,9.95,3025
2011-11-25,9.93,9.97,9.92,9.9201,5323
2011-11-28,10.27,10.3,10.27,10.3,1400
2011-11-29,10.3725,10.3725,10.3725,10.3725,300
2011-11-30,10.76,10.9,10.76,10.88,8000
2011-12-01,11.08,11.15,11.08,11.15,1694
2011-12-02,11.14,11.14,11.09,11.13,1337
2011-12-05,11.0099,11.01,11.0099,11.01,300
2011-12-06,10.77,10.87,10.76,10.87,900
2011-12-07,10.9,10.93,10.85,10.91,10052
2011-12-08,10.91,10.91,10.91,10.91,0
2011-12-09,10.9,10.94,10.89,10.9,5300
2011-12-12,10.4299,10.4299,10.25,10.27,5850
2011-12-13,10.42,10.43,10.17,10.1999,3100
2011-12-14,10.049,10.08,10.03,10.08,672
2011-12-15,10.02,10.02,10.02,10.02,150
2011-12-16,10.27,10.27,10.27,10.27,806
2011-12-19,10.27,10.27,10.0201,10.0201,2475
2011-12-20,10.34,10.49,10.34,10.45,15970
2011-12-21,10.23,10.23,10.18,10.23,3000
2011-12-22,10.23,10.23,10.23,10.23,0
2011-12-23,10.49,10.49,10.49,10.49,400
2011-12-27,10.48,10.49,10.43,10.45,2900
2011-12-28,10.18,10.18,10.17,10.17,2600
2011-12-29,10.24,10.244,10.2,10.236,10347
2011-12-30,10.28,10.28,10.28,10.28,1472
2012-01-03,10.46,10.53,10.46,10.53,698
2012-01-04,10.43,10.43,10.35,10.3501,465
2012-01-05,10.27,10.27,10.27,10.27,100
2012-01-06,10.17,10.17,10.01,10.0207,5625
2012-01-09,10.0207,10.0207,10.0207,10.0207,0
2012-01-10,10.58,10.66,10.58,10.586,2670
2012-01-11,10.5644,10.59,10.5644,10.59,550
2012-01-12,10.62,10.718,10.6,10.718,1180
2012-01-13,10.636,10.636,10.636,10.636,200
2012-01-17,11.01,11.049,11.01,11.04,2054
2012-01-18,11.04,11.04,11.04,11.04,0
2012-01-19,11.44,11.62,11.44,11.5,6825
2012-01-20,11.4701,11.56,11.4701,11.56,2000
2012-01-23,11.68,11.6899,11.68,11.6899,1767
2012-01-24,11.66,11.6892,11.585,11.6892,4030
2012-01-25,11.68,11.8092,11.68,11.8001,2600
2012-01-26,11.95,12.02,11.95,11.99,3760
2012-01-27,11.94,12.1,11.94,12.1,4770
2012-01-30,11.55,11.724,11.48,11.724,19987
2012-01-31,11.64,11.64,11.52,11.534,1600
2012-02-01,11.75,11.78,11.75,11.78,200
2012-02-02,11.97,12.1599,11.97,12.1399,2894
2012-02-03,12.39,12.454,12.39,12.44,27344
2012-02-06,12.44,12.44,12.416,12.4251,8202
2012-02-07,12.34,12.5,12.33,12.5,7712
2012-02-08,12.83,13.0078,12.83,12.9409,15863
2012-02-09,13.1117,13.15,13.0001,13.1378,5107
2012-02-10,12.77,12.77,12.59,12.68,3401
2012-02-13,12.72,12.761,12.6401,12.7575,4330
2012-02-14,12.62,12.63,12.57,12.57,3923
2012-02-15,12.97,13.01,12.9308,13.0,68600
2012-02-16,12.94,13.025,12.94,13.025,9435
2012-02-17,13.17,13.17,13.08,13.08,2758
2012-02-21,13.13,13.23,13.05,13.12,57607
2012-02-22,13.22,13.242,13.15,13.242,2993
2012-02-23,13.02,13.08,12.95,13.08,8159
2012-02-24,13.25,13.3399,13.25,13.3399,700
2012-02-27,13.11,13.232,13.1,13.1501,3316
2012-02-28,13.1708,13.24,13.1708,13.24,900
2012-02-29,13.27,13.27,13.17,13.23,12600
2012-03-01,13.04,13.1432,13.04,13.1432,4000
2012-03-02,13.16,13.22,13.12,13.22,2790
2012-03-05,12.97,12.97,12.87,12.87,600
2012-03-06,12.15,12.19,12.0,12.005,6725
2012-03-07,12.22,12.280100000000001,12.22,12.280100000000001,300
2012-03-08,12.51,12.521,12.51,12.52,2300
2012-03-09,12.759,12.77,12.72,12.72,1000
2012-03-12,12.54,12.54,12.48,12.48,1235
2012-03-13,12.52,12.52,12.5,12.5,3100
2012-03-14,12.48,12.58,12.28,12.291,12844
2012-03-15,12.19,12.237,12.16,12.237,4717
2012-03-16,12.21,12.29,12.21,12.29,2565
2012-03-19,12.0,12.1,11.96,12.0092,10020
2012-03-20,11.6,11.6,11.5,11.5808,3440
2012-03-21,11.5,11.5,11.5,11.5,200
2012-03-22,11.355,11.44,11.291,11.39,13656
2012-03-23,11.39,11.39,11.39,11.39,0
2012-03-26,11.56,11.56,11.45,11.45,450
2012-03-27,11.45,11.45,11.45,11.45,0
2012-03-28,11.54,11.54,11.4,11.4001,2800
2012-03-29,11.35,11.45,11.31,11.41,2667
2012-03-30,11.75,11.75,11.6,11.6,6200
2012-04-02,11.8,11.85,11.8,11.85,8518
2012-04-03,12.102,12.11,12.02,12.11,522
2012-04-04,11.89,11.89,11.89,11.89,100
2012-04-05,12.09,12.0901,12.09,12.0901,1400
2012-04-09,11.88,11.88,11.88,11.88,300
2012-04-10,11.86,11.86,11.5292,11.5292,980
2012-04-11,11.8,11.8,11.6801,11.6801,2516
2012-04-12,12.04,12.26,12.04,12.26,2662
2012-04-13,12.13,12.13,11.97,12.06,1600
2012-04-16,12.08,12.08,11.831,11.831,2600
2012-04-17,12.0199,12.0199,12.0199,12.0199,300
2012-04-18,12.0199,12.0199,12.0199,12.0199,0
2012-04-19,11.85,11.85,11.8499,11.8499,300
2012-04-20,12.1,12.1499,12.0999,12.11,4480
2012-04-23,11.762,11.7902,11.762,11.7902,3200
2012-04-24,11.8401,11.8401,11.78,11.78,1100
2012-04-25,12.0,12.04,12.0,12.02,765
2012-04-26,12.03,12.03,12.03,12.03,100
2012-04-27,12.03,12.03,12.03,12.03,0
2012-04-30,12.03,12.03,12.03,12.03,0
2012-05-01,11.99,12.17,11.99,12.17,1806
2012-05-02,12.17,12.17,12.17,12.17,0
2012-05-03,12.17,12.17,12.17,12.17,0
2012-05-04,11.8,11.8,11.8,11.8,200
2012-05-07,11.59,11.59,11.59,11.59,300
2012-05-08,11.26,11.26,11.22,11.22,10300
2012-05-09,11.04,11.16,10.97,11.16,2989
2012-05-10,10.94,10.94,10.94,10.94,179
2012-05-11,10.72,10.82,10.72,10.8,2380
2012-05-14,10.47,10.54,10.47,10.49,1700
2012-05-15,10.57,10.57,10.53,10.53,8674
2012-05-16,10.48,10.48,10.35,10.35,4788
2012-05-17,10.2601,10.2601,10.21,10.21,500
2012-05-18,10.27,10.2701,10.14,10.14,8051
2012-05-21,10.4901,10.4901,10.4901,10.4901,300
2012-05-22,10.72,10.72,10.64,10.67,2300
2012-05-23,10.39,10.52,10.39,10.52,400
2012-05-24,10.54,10.54,10.54,10.54,1400
2012-05-25,10.662,10.662,10.558,10.558,240
2012-05-29,11.15,11.15,11.13,11.13,2100
2012-05-30,10.9101,10.9101,10.9101,10.9101,330
2012-05-31,10.97,11.08,10.97,11.08,3329
2012-06-01,10.83,10.83,10.62,10.62,1400
2012-06-04,10.45,10.45,10.45,10.45,210
2012-06-05,10.51,10.55,10.51,10.55,1563
2012-06-06,10.57,10.57,10.57,10.57,200
2012-06-07,10.89,11.0,10.7899,10.7899,19750
2012-06-08,10.61,10.61,10.54,10.61,1300
2012-06-11,10.78,10.78,10.61,10.6101,400
2012-06-12,10.73,10.8,10.69,10.795,948
2012-06-13,10.84,10.8401,10.84,10.8401,2000
2012-06-14,10.8401,10.8401,10.8401,10.8401,0
2012-06-15,10.81,10.82,10.81,10.82,960
2012-06-18,10.87,10.87,10.87,10.87,475
2012-06-19,10.87,10.87,10.87,10.87,0
2012-06-20,11.05,11.05,11.02,11.02,18850
2012-06-21,10.75,10.75,10.56,10.56,200
2012-06-22,10.6,10.6,10.5999,10.5999,800
2012-06-25,10.31,10.31,10.31,10.31,300
2012-06-26,10.35,10.352,10.3,10.34,11986
2012-06-27,10.45,10.45,10.41,10.43,6820
2012-06-28,10.16,10.18,10.1,10.18,1900
2012-06-29,10.18,10.18,10.18,10.18,0
2012-07-02,10.47,10.586,10.47,10.48,1100
2012-07-03,10.4,10.5199,10.4,10.5199,712
2012-07-05,10.55,10.55,10.55,10.55,200
2012-07-06,10.55,10.55,10.55,10.55,0
2012-07-09,10.2,10.27,10.2,10.27,1342
2012-07-10,10.25,10.25,10.12,10.12,2500
2012-07-11,10.24,10.24,10.2204,10.2204,1500
2012-07-12,10.15,10.16,10.15,10.16,2400
2012-07-13,10.21,10.2118,10.21,10.2118,400
2012-07-16,10.2118,10.2118,10.2118,10.2118,0
2012-07-17,10.2118,10.2118,10.2118,10.2118,0
2012-07-18,10.11,10.11,10.11,10.11,5400
2012-07-19,10.11,10.11,10.11,10.11,0
2012-07-20,9.98,9.98,9.98,9.98,759
2012-07-23,9.7,9.7,9.62,9.6933,340
2012-07-24,9.6933,9.6933,9.6933,9.6933,0
2012-07-25,9.7,9.7,9.7,9.7,100
2012-07-26,9.73,9.73,9.663499999999999,9.663499999999999,1121
2012-07-27,9.663499999999999,9.663499999999999,9.663499999999999,9.663499999999999,0
2012-07-30,9.8034,9.8034,9.8034,9.8034,200
2012-07-31,9.75,9.7905,9.75,9.7905,1000
2012-08-01,10.14,10.14,10.0005,10.0005,1494
2012-08-02,9.96,9.96,9.9,9.9,1200
2012-08-03,10.06,10.12,10.0,10.12,1000
2012-08-06,10.17,10.19,10.16,10.16,2834
2012-08-07,10.16,10.16,10.16,10.16,0
2012-08-08,10.16,10.16,10.16,10.16,0
2012-08-09,10.16,10.16,10.16,10.16,0
2012-08-10,10.16,10.16,10.16,10.16,0
2012-08-13,10.05,10.195,10.05,10.18,594
2012-08-14,10.18,10.18,10.18,10.18,0
2012-08-15,9.98,10.09,9.98,10.02,900
2012-08-16,10.02,10.02,10.02,10.02,0
2012-08-17,10.1,10.14,10.1,10.14,11000
2012-08-20,10.22,10.23,10.122,10.14,1558
2012-08-21,10.14,10.14,10.14,10.14,0
2012-08-22,10.14,10.14,10.14,10.14,100
2012-08-23,10.14,10.14,10.14,10.14,0
2012-08-24,9.9312,9.9312,9.9312,9.9312,203
2012-08-27,9.9312,9.9312,9.9312,9.9312,0
2012-08-28,9.9312,9.9312,9.9312,9.9312,0
2012-08-29,9.71,9.71,9.59,9.600999999999999,2190
2012-08-30,9.5,9.5,9.5,9.5,300
2012-08-31,9.5,9.5,9.49,9.49,500
2012-09-04,9.32,9.325,9.2717,9.28,6384
2012-09-05,9.23,9.26,9.23,9.24,2125
2012-09-06,9.43,9.66,9.43,9.5802,1440
2012-09-07,9.95,10.05,9.95,9.9899,7599
2012-09-10,10.139,10.17,10.08,10.08,6025
2012-09-11,10.02,10.104,9.9917,10.05,2960
2012-09-12,10.09,10.1086,10.09,10.1012,5640
2012-09-13,10.21,10.4583,10.21,10.4583,11496
2012-09-14,10.51,10.6583,10.47,10.47,2700
2012-09-17,10.494,10.494,10.41,10.41,800
2012-09-18,10.17,10.17,10.17,10.17,334
2012-09-19,10.17,10.17,10.17,10.17,0
2012-09-20,10.17,10.17,10.17,10.17,0
2012-09-21,10.2926,10.31,10.27,10.31,1350
2012-09-24,10.29,10.29,10.29,10.29,125
2012-09-25,10.29,10.29,10.29,10.29,0
2012-09-26,9.91,9.91,9.86,9.86,1100
2012-09-27,9.9999,10.14,9.9999,10.14,6183
2012-09-28,10.09,10.09,10.09,10.09,100
2012-10-01,10.1818,10.19,10.12,10.12,1300
2012-10-02,10.2468,10.2468,10.2468,10.2468,200
2012-10-03,10.2468,10.2468,10.2468,10.2468,0
2012-10-04,10.2468,10.2468,10.2468,10.2468,0
2012-10-05,10.2468,10.2468,10.2468,10.2468,0
2012-10-08,10.22,10.28,10.22,10.246,1119
2012-10-09,10.21,10.21,10.21,10.21,400
2012-10-10,10.23,10.36,10.23,10.24,7450
2012-10-11,10.5,10.5,10.5,10.5,400
2012-10-12,10.65,10.683,10.65,10.683,425
2012-10-15,10.9283,10.9283,10.9283,10.9283,100
2012-10-16,10.86,11.0,10.86,11.0,568
2012-10-17,11.05,11.12,11.05,11.12,5200
2012-10-18,11.42,11.5,11.369,11.42,4268
2012-10-19,11.35,11.372,11.35,11.372,456
2012-10-22,11.37,11.37,11.37,11.37,100
2012-10-23,11.29,11.35,11.2117,11.35,1400
2012-10-24,11.47,11.47,11.47,11.47,4700
2012-10-25,11.33,11.34,11.24,11.25,10600
2012-10-26,11.1399,11.1399,11.1399,11.1399,200
2012-10-31,11.44,11.44,11.44,11.44,100
2012-11-01,11.71,11.71,11.71,11.71,125
2012-11-02,11.94,11.94,11.7301,11.7301,795
2012-11-05,11.89,11.94,11.71,11.9399,6214
2012-11-06,11.86,11.99,11.86,11.99,2400
2012-11-07,11.89,11.9299,11.6,11.81,5580
2012-11-08,11.7,11.7,11.45,11.45,2513
2012-11-09,11.54,11.61,11.54,11.6,1050
2012-11-12,11.6,11.6,11.6,11.6,0
2012-11-13,11.06,11.19,11.06,11.19,1000
2012-11-14,11.28,11.28,11.08,11.11,2009
2012-11-15,11.11,11.11,11.11,11.11,0
2012-11-16,11.19,11.19,11.144,11.144,2100
2012-11-19,11.144,11.144,11.144,11.144,0
2012-11-20,11.3,11.34,11.3,11.3,11940
2012-11-21,11.3,11.3,11.3,11.3,0
2012-11-23,11.5,11.5,11.5,11.5,2000
2012-11-26,11.5,11.5,11.5,11.5,0
2012-11-27,11.35,11.35,11.3,11.33,1100
2012-11-28,11.32,11.34,11.24,11.34,11772
2012-11-29,11.34,11.34,11.33,11.33,928
2012-11-30,11.33,11.33,11.33,11.33,0
2012-12-03,11.5488,11.5488,11.5488,11.5488,510
2012-12-04,11.44,11.44,11.44,11.44,600
2012-12-05,11.89,11.9599,11.84,11.8999,3084
2012-12-06,11.81,11.98,11.81,11.98,5077
2012-12-07,12.05,12.17,12.05,12.16,833
2012-12-10,12.37,12.44,12.37,12.38,5810
2012-12-11,12.21,12.21,12.204,12.204,2628
2012-12-12,12.29,12.33,12.23,12.23,2171
2012-12-13,12.1099,12.1099,11.9836,11.9836,1400
2012-12-14,12.3293,12.37,12.3,12.3,1301
2012-12-17,12.39,12.42,12.38,12.42,2066
2012-12-18,12.45,12.55,12.41,12.55,8026
2012-12-19,12.53,12.56,12.46,12.46,3900
2012-12-20,12.43,12.43,12.43,12.43,295
2012-12-21,12.2116,12.29,12.2116,12.29,1974
2012-12-24,12.28,12.32,12.28,12.32,1400
2012-12-26,12.445,12.53,12.445,12.53,300
2012-12-27,12.3899,12.3899,12.2899,12.2899,613
2012-12-28,12.11,12.23,12.11,12.2201,2324
2012-12-31,12.44,12.45,12.366,12.45,2900
2013-01-02,12.99,13.06,12.9,13.026,8697
2013-01-03,13.01,13.03,12.99,12.99,879
2013-01-04,13.05,13.13,13.05,13.13,4300
2013-01-07,13.23,13.27,13.2106,13.26,11688
2013-01-08,13.05,13.05,12.97,12.97,855
2013-01-09,13.22,13.22,13.22,13.22,251
2013-01-10,13.35,13.5,13.35,13.5,17514
2013-01-11,13.22,13.27,13.18,13.1822,9950
2013-01-14,13.19,13.23,13.18,13.23,1893
2013-01-15,13.19,13.2,13.13,13.1301,1890
2013-01-16,13.06,13.114,13.01,13.08,10019
2013-01-17,12.92,12.9901,12.9,12.9901,2165
2013-01-18,13.0399,13.0399,12.94,12.94,1280
2013-01-22,12.95,13.05,12.95,13.03,8807
2013-01-23,12.89,12.92,12.73,12.7367,14850
2013-01-24,12.62,12.7944,12.62,12.73,3829
2013-01-25,12.45,12.5135,12.3896,12.4801,10478
2013-01-28,12.55,12.55,12.38,12.41,15395
2013-01-29,12.58,12.7799,12.58,12.75,1100
2013-01-30,12.7598,12.76,12.71,12.74,1355
2013-01-31,12.669,12.669,12.609,12.609,2134
2013-02-01,12.69,12.69,12.6332,12.6799,3300
2013-02-04,12.61,12.61,12.4,12.4,2414
2013-02-05,12.6,12.663499999999999,12.58,12.663499999999999,10298
2013-02-06,12.65,12.65,12.53,12.63,11900
2013-02-07,12.36,12.45,12.36,12.45,2500
2013-02-08,12.51,12.636,12.51,12.59,1950
2013-02-11,12.58,12.59,12.56,12.59,674
2013-02-12,12.6,12.61,12.6,12.61,800
2013-02-13,12.62,12.77,12.62,12.73,11441
2013-02-14,12.63,12.74,12.63,12.74,1639
2013-02-15,12.8372,12.8372,12.8372,12.8372,100
2013-02-19,12.6369,12.6469,12.588,12.6469,1900
2013-02-20,12.591,12.591,12.502,12.502,1200
2013-02-21,12.364,12.364,12.364,12.364,1000
2013-02-22,12.3,12.34,12.2501,12.34,11762
2013-02-25,12.22,12.31,12.12,12.12,23708
2013-02-26,11.95,11.99,11.79,11.98,2340
2013-02-27,12.14,12.1401,12.14,12.1401,500
2013-02-28,12.27,12.3,12.27,12.3,1050
2013-03-01,12.3,12.3,12.3,12.3,0
2013-03-04,12.1185,12.15,12.09,12.11,11324
2013-03-05,12.23,12.29,12.23,12.27,1580
2013-03-06,12.38,12.3801,12.38,12.3801,1500
2013-03-07,12.48,12.49,12.476,12.49,1910
2013-03-08,12.5,12.58,12.5,12.58,500
2013-03-11,12.3,12.34,12.292,12.3,2030
2013-03-12,12.1,12.1,11.9,11.93,15420
2013-03-13,11.74,11.74,11.57,11.57,955
2013-03-14,11.8,11.8,11.8,11.8,2100
2013-03-15,11.8,11.8,11.8,11.8,0
2013-03-18,11.32,11.41,11.28,11.3101,3788
2013-03-19,11.21,11.28,11.14,11.28,16550
2013-03-20,11.28,11.28,11.28,11.28,0
2013-03-21,11.28,11.28,11.28,11.28,0
2013-03-22,11.28,11.28,11.28,11.28,0
2013-03-25,11.33,11.33,11.21,11.21,1890
2013-03-26,11.23,11.3223,11.2,11.3223,15800
2013-03-27,11.3699,11.3699,11.3,11.3396,1500
2013-03-28,11.3396,11.3396,11.3396,11.3396,0
2013-04-01,11.337,11.337,11.1,11.12,2528
2013-04-02,11.07,11.07,10.9801,10.99,607
2013-04-03,10.86,10.8666,10.78,10.78,1020
2013-04-04,10.78,10.78,10.74,10.74,600
2013-04-05,10.57,10.57,10.56,10.56,500
2013-04-08,10.61,10.78,10.61,10.78,1289
2013-04-09,10.96,10.96,10.96,10.96,200
2013-04-10,11.2199,11.2499,11.1716,11.2499,850
2013-04-11,11.16,11.16,11.16,11.16,600
2013-04-12,11.16,11.16,11.16,11.16,0
2013-04-15,10.6601,10.82,10.58,10.61,7455
2013-04-16,10.84,10.84,10.84,10.84,400
2013-04-17,10.7792,10.7792,10.7792,10.7792,1070
2013-04-18,10.79,10.79,10.78,10.78,400
2013-04-19,10.78,10.78,10.78,10.78,0
2013-04-22,11.21,11.26,11.16,11.26,1218
2013-04-23,11.26,11.26,11.26,11.26,0
2013-04-24,11.26,11.26,11.26,11.26,0
2013-04-25,11.32,11.32,11.3115,11.32,1125
2013-04-26,11.15,11.15,11.1301,11.1301,300
2013-04-29,11.1301,11.1301,11.1301,11.1301,0
2013-04-30,11.2499,11.25,11.2499,11.25,4600
2013-05-01,11.1818,11.1818,11.1818,11.1818,450
2013-05-02,11.21,11.21,11.21,11.21,1015
2013-05-03,11.4701,11.5,11.47,11.49,12182
2013-05-06,11.4999,11.5,11.49,11.5,43773
2013-05-07,11.76,11.777,11.7529,11.76,6597
2013-05-08,11.81,11.9399,11.81,11.9399,7560
2013-05-09,11.88,11.88,11.88,11.88,100
2013-05-10,11.88,11.88,11.88,11.88,0
2013-05-13,11.88,11.88,11.88,11.88,0
2013-05-14,11.6355,11.6355,11.6355,11.6355,100
2013-05-15,11.73,11.73,11.73,11.73,100
2013-05-16,11.7,11.7286,11.7,11.701,2525
2013-05-17,11.8,11.8,11.79,11.79,725
2013-05-20,11.8,11.87,11.8,11.87,817
2013-05-21,11.89,11.89,11.88,11.88,7986
2013-05-22,11.88,11.88,11.88,11.88,0
2013-05-23,11.88,11.88,11.88,11.88,0
2013-05-24,11.45,11.45,11.36,11.39,3387
2013-05-28,11.64,11.6847,11.5901,11.5901,1200
2013-05-29,11.5901,11.5901,11.5901,11.5901,0
2013-05-30,11.57,11.57,11.57,11.57,1289
2013-05-31,11.4,11.4,11.32,11.32,300
2013-06-03,11.15,11.21,11.15,11.21,2404
2013-06-04,11.25,11.25,11.1,11.15,1902
2013-06-05,11.02,11.02,11.02,11.02,100
2013-06-06,10.99,11.01,10.99,11.01,1125
2013-06-07,11.071,11.09,11.071,11.09,1900
2013-06-10,10.81,10.82,10.8,10.82,3402
2013-06-11,10.6299,10.67,10.6273,10.67,5749
2013-06-12,10.67,10.67,10.67,10.67,0
2013-06-13,10.58,10.67,10.58,10.67,5020
2013-06-14,10.67,10.67,10.67,10.67,0
2013-06-17,10.53,10.53,10.53,10.53,100
2013-06-18,10.7,10.72,10.7,10.72,409
2013-06-19,10.72,10.72,10.72,10.72,0
2013-06-20,10.07,10.15,10.03,10.15,4169
2013-06-21,10.01,10.01,10.01,10.01,1900
2013-06-24,9.65,9.65,9.471,9.63,2600
2013-06-25,9.7,9.75,9.7,9.75,1200
2013-06-26,9.82,9.9,9.82,9.9,1300
2013-06-27,9.87,9.95,9.87,9.9,920
2013-06-28,9.9,9.96,9.9,9.96,916
2013-07-01,9.96,9.96,9.96,9.96,0
2013-07-02,9.96,9.96,9.96,9.96,0
2013-07-03,9.5001,9.68,9.5001,9.68,600
2013-07-05,9.6,9.6,9.5,9.5,1409
2013-07-08,9.58,9.58,9.58,9.58,100
2013-07-09,9.54,9.54,9.54,9.54,200
2013-07-10,9.48,9.48,9.48,9.48,1600
2013-07-11,9.83,9.91,9.83,9.91,650
2013-07-12,10.04,10.1,10.04,10.1,706
2013-07-15,10.28,10.33,10.28,10.33,300
2013-07-16,10.32,10.32,10.32,10.32,400
2013-07-17,10.32,10.32,10.32,10.32,0
2013-07-18,10.3,10.3,10.28,10.28,778
2013-07-19,10.22,10.22,10.22,10.22,0
2013-07-22,10.17,10.27,10.17,10.27,1582
2013-07-23,10.49,10.67,10.49,10.67,500
2013-07-24,10.5901,10.5901,10.5901,10.5901,400
2013-07-25,10.5901,10.5901,10.5901,10.5901,0
2013-07-26,10.73,10.8101,10.71,10.8101,2734
2013-07-29,10.6399,10.6399,10.6399,10.6399,100
2013-07-30,10.6399,10.6399,10.6399,10.6399,0
2013-07-31,10.6399,10.6399,10.6399,10.6399,0
2013-08-01,10.8,10.8,10.8,10.8,100
2013-08-02,10.86,10.9394,10.86,10.93,1748
2013-08-05,10.93,10.93,10.93,10.93,0
2013-08-06,10.77,10.88,10.77,10.8795,3827
2013-08-07,10.8795,10.8795,10.8795,10.8795,0
2013-08-08,10.9,10.9,10.9,10.9,100
2013-08-09,10.96,10.96,10.96,10.96,100
2013-08-12,10.96,10.96,10.96,10.96,0
2013-08-13,11.36,11.45,11.36,11.45,800
2013-08-14,11.48,11.48,11.479,11.479,480
2013-08-15,11.26,11.26,11.26,11.26,100
2013-08-16,11.43,11.43,11.36,11.36,1100
2013-08-19,11.3,11.3,11.21,11.21,700
2013-08-20,11.12,11.12,11.12,11.12,100
2013-08-21,11.12,11.12,11.12,11.12,0
2013-08-22,11.3676,11.3676,11.3676,11.3676,300
2013-08-23,11.3676,11.3676,11.3676,11.3676,0
2013-08-26,11.23,11.25,11.06,11.06,1200
2013-08-27,11.07,11.07,10.99,11.031,2417
2013-08-28,10.936,10.936,10.936,10.936,407
2013-08-29,10.9,10.9,10.9,10.9,3300
2013-08-30,10.86,10.89,10.86,10.89,1866
2013-09-03,11.23,11.3191,11.23,11.3191,700
2013-09-04,11.371,11.43,11.371,11.43,750
2013-09-05,11.43,11.6,11.43,11.530100000000001,762
2013-09-06,11.58,11.6756,11.58,11.6756,666
2013-09-09,11.71,11.84,11.71,11.83,1400
2013-09-10,11.89,12.018,11.89,12.018,2920
2013-09-11,12.018,12.018,12.018,12.018,0
2013-09-12,11.93,11.93,11.93,11.93,1500
2013-09-13,11.94,11.94,11.94,11.94,2000
2013-09-16,11.8801,11.8801,11.8801,11.8801,700
2013-09-17,11.752,11.752,11.752,11.752,100
2013-09-18,11.8,12.18,11.76,12.13,6097
2013-09-19,12.13,12.13,12.13,12.13,0
2013-09-20,11.92,11.92,11.79,11.79,1105
2013-09-23,11.71,11.76,11.71,11.76,300
2013-09-24,11.769400000000001,11.769400000000001,11.75,11.75,2550
2013-09-25,11.674,11.674,11.642,11.642,850
2013-09-26,11.641,11.641,11.641,11.641,560
2013-09-27,11.641,11.641,11.641,11.641,0
2013-09-30,11.37,11.37,11.37,11.37,900
2013-10-01,11.51,11.6,11.51,11.57,400
2013-10-02,11.61,11.61,11.59,11.59,200
2013-10-03,11.69,11.69,11.69,11.69,750
2013-10-04,11.9,11.9,11.852,11.852,1155
2013-10-07,11.899000000000001,11.899000000000001,11.79,11.79,400
2013-10-08,11.78,11.78,11.78,11.78,100
2013-10-09,11.76,11.8,11.76,11.8,3000
2013-10-10,12.02,12.02,11.998,12.02,2000
2013-10-11,12.031,12.046,12.031,12.046,2000
2013-10-14,12.1,12.19,12.1,12.13,50358
2013-10-15,12.14,12.14,11.99,12.0,57300
2013-10-16,11.93,12.14,11.93,12.1,57792
2013-10-17,12.01,12.09,11.99,12.06,143099
2013-10-18,12.2,12.2665,12.12,12.19,4800
2013-10-21,12.151,12.2,12.13,12.15,1400
2013-10-22,12.2759,12.2759,12.2759,12.2759,1900
2013-10-23,12.03,12.03,12.03,12.03,200
2013-10-24,12.08,12.08,11.9772,11.9772,1173
2013-10-25,11.9772,11.9772,11.9772,11.9772,0
2013-10-28,11.77,11.893,11.77,11.893,1034
2013-10-29,11.93,11.93,11.88,11.89,901
2013-10-30,11.98,11.9903,11.98,11.9903,2000
2013-10-31,11.9903,11.9903,11.9903,11.9903,0
2013-11-01,12.04,12.07,11.981,12.0,6750
2013-11-04,12.14,12.219,12.14,12.18,10249
2013-11-05,12.144,12.144,12.121,12.121,800
2013-11-06,12.1408,12.15,12.13,12.14,3099
2013-11-07,11.9844,11.9844,11.9844,11.9844,400
2013-11-08,11.93,11.93,11.93,11.93,100
2013-11-11,12.12,12.12,12.0,12.03,1687
2013-11-12,11.994,11.994,11.91,11.94,632
2013-11-13,11.95,11.95,11.91,11.91,200
2013-11-14,11.91,11.91,11.91,11.91,0
2013-11-15,12.54,12.54,12.475,12.475,500
2013-11-18,12.679,12.784,12.679,12.784,2230
2013-11-19,12.61,12.62,12.56,12.62,2200
2013-11-20,12.62,12.62,12.62,12.62,0
2013-11-21,12.62,12.62,12.62,12.62,0
2013-11-22,12.63,12.63,12.61,12.61,5027
2013-11-25,12.61,12.7491,12.55,12.58,8472
2013-11-26,12.55,12.55,12.55,12.55,500
2013-11-27,12.55,12.55,12.55,12.55,0
2013-11-29,12.95,12.95,12.95,12.95,200
2013-12-02,12.86,12.86,12.77,12.77,3581
2013-12-03,12.77,12.77,12.77,12.77,0
2013-12-04,12.77,12.77,12.77,12.77,0
2013-12-05,12.77,12.77,12.77,12.77,0
2013-12-06,12.98,13.08,12.98,13.01,2000
2013-12-09,12.97,12.99,12.9,12.91,2350
2013-12-10,12.74,12.74,12.701,12.701,602
2013-12-11,12.48,12.48,12.47,12.47,3500
2013-12-12,12.47,12.47,12.47,12.47,0
2013-12-13,12.47,12.47,12.47,12.47,25
2013-12-16,12.47,12.47,12.47,12.47,10
2013-12-17,12.47,12.47,12.47,12.47,1
2013-12-18,12.55,12.55,12.55,12.55,430
2013-12-19,12.55,12.55,12.55,12.55,25
2013-12-20,12.55,12.55,12.55,12.55,32
2013-12-23,12.2326,12.2445,12.2326,12.2445,855
2013-12-24,12.2445,12.2445,12.2445,12.2445,1
2013-12-26,12.26,12.2743,12.26,12.27,3127
2013-12-27,12.2,12.29,12.2,12.29,6518
2013-12-30,12.21,12.211,12.18,12.21,6078
2013-12-31,12.21,12.3,12.19,12.26,8150
2014-01-02,12.26,12.26,12.26,12.26,0
2014-01-03,12.0899,12.0899,12.017,12.017,430
2014-01-06,11.7301,11.751,11.7301,11.75,884
2014-01-07,11.75,11.75,11.75,11.75,0
2014-01-08,11.85,11.8936,11.85,11.8936,531
2014-01-09,11.64,11.641,11.64,11.641,222
2014-01-10,11.641,11.641,11.641,11.641,21
2014-01-13,11.63,11.63,11.59,11.59,1580
2014-01-14,11.58,11.58,11.48,11.57,4450
2014-01-15,11.75,11.75,11.67,11.67,200
2014-01-16,11.5299,11.5299,11.52,11.52,906
2014-01-17,11.52,11.52,11.52,11.52,0
2014-01-21,11.75,11.75,11.66,11.68,2720
2014-01-22,11.77,11.86,11.75,11.85,2124
2014-01-23,11.7388,11.7388,11.68,11.6865,1240
2014-01-24,11.6865,11.6865,11.6865,11.6865,1
2014-01-27,11.182,11.22,11.182,11.22,19520
2014-01-28,11.3,11.34,11.3,11.34,500
2014-01-29,11.2276,11.2276,11.12,11.12,1583
2014-01-30,11.21,11.33,11.21,11.2509,900
2014-01-31,11.19,11.19,11.1,11.1,1816
2014-02-03,10.97,10.97,10.93,10.93,220
2014-02-04,11.2,11.2,11.2,11.2,100
2014-02-05,10.86,11.07,10.86,11.07,272
2014-02-06,11.12,11.25,11.12,11.24,6278
2014-02-07,11.45,11.45,11.36,11.4,901
2014-02-10,11.4,11.4,11.4,11.4,0
2014-02-11,11.4,11.4,11.4,11.4,0
2014-02-12,11.4,11.4,11.4,11.4,68
2014-02-13,11.4,11.4,11.4,11.4,1
2014-02-14,11.74,11.74,11.74,11.74,145
2014-02-18,11.56,11.56,11.56,11.56,235
2014-02-19,11.73,11.73,11.57,11.61,1426
2014-02-20,11.61,11.61,11.61,11.61,10
2014-02-21,11.63,11.63,11.56,11.56,2436
2014-02-24,11.56,11.56,11.4301,11.4301,511
2014-02-25,11.4301,11.4301,11.4301,11.4301,1
2014-02-26,11.4301,11.4301,11.4301,11.4301,0
2014-02-27,11.5001,11.5001,11.5001,11.5001,118
2014-02-28,11.64,11.64,11.64,11.64,203
2014-03-03,11.6186,11.6186,11.6186,11.6186,110
2014-03-04,11.65,11.65,11.59,11.59,1400
2014-03-05,11.59,11.59,11.59,11.59,0
2014-03-06,11.648,11.7,11.648,11.6601,2025
2014-03-07,11.6601,11.6601,11.6601,11.6601,17
2014-03-10,11.6601,11.6601,11.6601,11.6601,0
2014-03-11,11.2882,11.2882,11.25,11.26,401
2014-03-12,11.09,11.2089,11.09,11.2089,1627
2014-03-13,10.94,10.94,10.94,10.94,100
2014-03-14,10.94,10.94,10.94,10.94,1
2014-03-17,11.18,11.18,11.18,11.18,300
2014-03-18,11.33,11.35,11.33,11.35,1076
2014-03-19,11.43,11.43,11.35,11.35,800
2014-03-20,11.27,11.28,11.27,11.27,5100
2014-03-21,11.52,11.52,11.52,11.52,2101
2014-03-24,11.47,11.5012,11.42,11.42,480
2014-03-25,11.43,11.452,11.42,11.444,1280
2014-03-26,11.444,11.444,11.444,11.444,0
2014-03-27,11.45,11.45,11.45,11.45,100
2014-03-28,11.7,11.7,11.698,11.698,300
2014-03-31,11.7189,11.7189,11.7189,11.7189,168
2014-04-01,11.7189,11.7189,11.7189,11.7189,87
2014-04-02,11.84,11.9001,11.84,11.9001,1414
2014-04-03,11.97,11.97,11.95,11.96,514
2014-04-04,12.16,12.16,12.06,12.06,562
2014-04-07,11.99,11.99,11.82,11.8201,2350
2014-04-08,11.92,12.0,11.92,11.99,2380
2014-04-09,11.99,11.99,11.95,11.95,305
2014-04-10,12.204,12.204,12.09,12.09,500
2014-04-11,11.89,11.91,11.89,11.91,203
2014-04-14,11.91,11.91,11.91,11.91,10
2014-04-15,11.91,11.91,11.91,11.91,0
2014-04-16,11.75,11.75,11.72,11.72,466
2014-04-17,11.72,11.72,11.72,11.72,0
2014-04-21,11.68,11.79,11.68,11.71,2401
2014-04-22,11.73,11.78,11.7,11.7139,1390
2014-04-23,11.7139,11.7139,11.7139,11.7139,0
2014-04-24,11.55,11.58,11.55,11.57,2300
2014-04-25,11.57,11.57,11.57,11.57,0
2014-04-28,11.2,11.24,11.15,11.19,6500
2014-04-29,11.19,11.19,11.19,11.19,0
2014-04-30,11.12,11.12,11.12,11.12,525
2014-05-01,11.05,11.05,11.05,11.05,750
2014-05-02,11.33,11.38,11.33,11.33,3447
2014-05-05,11.25,11.25,11.18,11.18,2341
2014-05-06,11.23,11.2448,11.2,11.2,620
2014-05-07,11.04,11.06,11.01,11.06,2404
2014-05-08,10.94,10.945,10.93,10.945,415
2014-05-09,10.945,10.945,10.945,10.945,40
2014-05-12,11.17,11.17,11.06,11.07,4101
2014-05-13,11.07,11.07,11.07,11.07,0
2014-05-14,11.29,11.29,11.24,11.24,1202
2014-05-15,11.24,11.24,11.24,11.24,0
2014-05-16,11.24,11.24,11.24,11.24,0
2014-05-19,11.0401,11.0401,11.0401,11.0401,700
2014-05-20,11.0,11.0,11.0,11.0,1000
2014-05-21,11.07,11.07,11.07,11.07,175
2014-05-22,11.07,11.07,11.07,11.07,12
2014-05-23,11.07,11.07,11.07,11.07,25
2014-05-27,11.25,11.25,11.25,11.25,559
2014-05-28,11.25,11.25,11.25,11.25,0
2014-05-29,11.2319,11.27,11.23,11.23,1500
2014-05-30,11.23,11.23,11.23,11.23,71
2014-06-02,11.25,11.25,11.25,11.25,597
2014-06-03,11.37,11.37,11.35,11.35,200
2014-06-04,11.35,11.35,11.35,11.35,0
2014-06-05,11.35,11.35,11.35,11.35,0
2014-06-06,11.41,11.48,11.4,11.48,2897
2014-06-09,11.55,11.55,11.55,11.55,1164
2014-06-10,11.57,11.57,11.57,11.57,2090
2014-06-11,11.57,11.57,11.57,11.57,0
2014-06-12,11.57,11.57,11.57,11.57,10
2014-06-13,11.57,11.57,11.57,11.57,0
2014-06-16,11.65,11.664,11.65,11.664,601
2014-06-17,11.664,11.664,11.664,11.664,1
2014-06-18,11.586,11.6001,11.586,11.6001,1775
2014-06-19,11.6001,11.6001,11.6001,11.6001,0
2014-06-20,11.6001,11.6001,11.6001,11.6001,20
2014-06-23,11.6001,11.6001,11.6001,11.6001,0
2014-06-24,11.6001,11.6001,11.6001,11.6001,60
2014-06-25,11.57,11.5899,11.56,11.5899,3300
2014-06-26,11.5899,11.5899,11.5899,11.5899,0
2014-06-27,11.5899,11.5899,11.5899,11.5899,0
2014-06-30,11.5999,11.5999,11.5999,11.5999,1403
2014-07-01,11.6527,11.6527,11.6527,11.6527,179
2014-07-02,11.6527,11.6527,11.6527,11.6527,4
2014-07-03,11.6527,11.6527,11.6527,11.6527,38
2014-07-07,12.01,12.01,12.01,12.01,685
2014-07-08,12.01,12.01,12.01,12.01,384
2014-07-09,11.92,11.94,11.92,11.94,797
2014-07-10,11.8,11.99,11.8,11.99,10218
2014-07-11,12.0,12.06,12.0,12.06,1634
2014-07-14,12.06,12.06,12.06,12.06,1
2014-07-15,12.06,12.06,12.06,12.06,0
2014-07-16,12.3,12.32,12.3,12.32,1801
2014-07-17,12.32,12.32,12.32,12.32,0
2014-07-18,12.23,12.23,12.23,12.23,615
2014-07-21,12.23,12.23,12.23,12.23,0
2014-07-22,12.44,12.44,12.438,12.438,1117
2014-07-23,12.438,12.438,12.438,12.438,1
2014-07-24,12.438,12.438,12.438,12.438,2
2014-07-25,12.438,12.438,12.438,12.438,13
2014-07-28,12.65,12.75,12.64,12.75,4294
2014-07-29,12.9,12.9,12.71,12.71,4906
2014-07-30,12.8,12.8,12.8,12.8,1405
2014-07-31,12.635,12.635,12.51,12.51,1003
2014-08-01,12.4999,12.4999,12.4001,12.4001,2560
2014-08-04,12.65,12.7797,12.65,12.7797,3362
2014-08-05,12.74,12.74,12.7,12.7,1000
2014-08-06,12.76,12.8,12.7,12.75,1201
2014-08-07,12.77,12.77,12.5672,12.69,2101
2014-08-08,12.7601,12.9,12.76,12.9,3633
2014-08-11,12.8278,12.92,12.75,12.91,3200
2014-08-12,12.871,12.98,12.871,12.98,1500
2014-08-13,13.08,13.23,13.08,13.18,9154
2014-08-14,13.09,13.1,13.015,13.02,3101
2014-08-15,13.02,13.02,13.02,13.02,72
2014-08-18,12.85,13.02,12.85,12.99,1804
2014-08-19,12.99,12.99,12.99,12.99,729
2014-08-20,12.99,12.99,12.99,12.99,0
2014-08-21,12.9,12.9,12.76,12.76,6098
2014-08-22,12.75,12.83,12.75,12.78,6357
2014-08-25,12.9,12.9,12.9,12.9,400
2014-08-26,12.82,12.82,12.7934,12.7934,660
2014-08-27,12.68,12.68,12.68,12.68,147
2014-08-28,12.5,12.5,12.5,12.5,728
2014-08-29,12.63,12.63,12.63,12.63,664
2014-09-02,12.63,12.63,12.63,12.63,82
2014-09-03,12.98,13.0,12.98,12.99,2436
2014-09-04,13.08,13.08,13.08,13.08,258
2014-09-05,12.99,13.05,12.98,13.05,12719
2014-09-08,12.9825,13.0,12.9825,12.995,1824
2014-09-09,12.91,12.95,12.86,12.87,7903
2014-09-10,12.83,12.83,12.81,12.81,302
2014-09-11,12.79,12.8,12.79,12.8,370
2014-09-12,12.8,12.81,12.77,12.78,4316
2014-09-15,12.63,12.63,12.63,12.63,293
2014-09-16,12.68,12.89,12.68,12.88,4900
2014-09-17,12.72,12.73,12.72,12.72,2000
2014-09-18,12.72,12.72,12.72,12.72,28
2014-09-19,12.72,12.72,12.72,12.72,0
2014-09-22,12.46,12.47,12.38,12.42,7362
2014-09-23,12.42,12.42,12.42,12.42,0
2014-09-24,12.6,12.6,12.59,12.59,517
2014-09-25,12.59,12.59,12.59,12.59,12
2014-09-26,12.6242,12.6242,12.6242,12.6242,645
2014-09-29,12.444,12.46,12.43,12.46,8650
2014-09-30,12.41,12.42,12.41,12.42,400
2014-10-01,12.46,12.48,12.33,12.35,12080
2014-10-02,12.04,12.09,12.02,12.09,8400
2014-10-03,12.09,12.09,12.09,12.09,66
2014-10-06,12.09,12.09,12.09,12.09,159
2014-10-07,12.09,12.09,12.09,12.09,5
2014-10-08,12.65,12.73,12.65,12.73,7120
2014-10-09,12.57,12.62,12.56,12.57,10601
2014-10-10,12.57,12.57,12.57,12.57,31
2014-10-13,12.34,12.41,12.26,12.26,11211
2014-10-14,12.29,12.34,12.24,12.29,66301
2014-10-15,12.31,12.32,12.31,12.32,3027
2014-10-16,12.33,12.48,12.33,12.48,62200
2014-10-17,12.54,12.54,12.3801,12.3801,4700
2014-10-20,12.4,12.4,12.3701,12.3701,2129
2014-10-21,12.5,12.56,12.41,12.435,93360
2014-10-22,12.57,12.6,12.57,12.58,12805
2014-10-23,12.66,12.68,12.6,12.61,63286
2014-10-24,12.59,12.59,12.59,12.59,100
2014-10-27,12.48,12.5245,12.48,12.5245,3702
2014-10-28,12.79,12.87,12.7,12.84,14105
2014-10-29,13.04,13.04,12.98,12.98,7442
2014-10-30,12.864,12.99,12.864,12.97,12664
2014-10-31,13.08,13.08,12.98,12.98,449
2014-11-03,13.04,13.08,13.04,13.08,3801
2014-11-04,13.08,13.08,13.08,13.08,8
2014-11-05,13.19,13.231,13.18,13.21,8188
2014-11-06,13.25,13.28,13.19,13.19,34642
2014-11-07,13.142,13.2425,13.1375,13.17,2228
2014-11-10,13.52,13.52,13.488,13.499,7337
2014-11-11,13.3699,13.3699,13.3005,13.31,1250
2014-11-12,13.441,13.459,13.441,13.459,908
2014-11-13,13.4901,13.51,13.4901,13.51,1351
2014-11-14,13.51,13.51,13.51,13.51,65
2014-11-17,13.38,13.38,13.25,13.25,1427
2014-11-18,13.077,13.17,13.077,13.17,1160
2014-11-19,13.0,13.11,13.0,13.1,4191
2014-11-20,12.95,13.04,12.95,13.03,4140
2014-11-21,13.56,13.78,13.54,13.54,29765
2014-11-24,13.5539,13.5539,13.478,13.48,1726
2014-11-25,13.48,13.48,13.48,13.48,13
2014-11-26,13.636,13.7799,13.636,13.7452,5121
2014-11-28,13.609,13.609,13.609,13.609,108
2014-12-01,13.2094,13.23,13.2094,13.23,441
2014-12-02,13.34,13.442,13.34,13.4399,63295
2014-12-03,13.4,13.4,13.3,13.31,25729
2014-12-04,13.5299,13.58,13.47,13.58,31818
2014-12-05,13.44,13.52,13.44,13.52,17702
2014-12-08,13.6324,13.6324,13.5101,13.5101,1300
2014-12-09,13.4,13.4,13.169,13.27,76260
2014-12-10,13.53,13.53,13.32,13.405,5795
2014-12-11,13.39,13.52,13.39,13.5,6239
2014-12-12,13.5,13.5,13.5,13.5,3
2014-12-15,13.44,13.4823,13.43,13.4823,2038
2014-12-16,13.28,13.62,13.28,13.46,49490
2014-12-17,13.59,13.77,13.59,13.77,4127
2014-12-18,13.71,13.74,13.71,13.74,49824
2014-12-19,13.54,13.73,13.3101,13.73,19396
2014-12-22,13.71,13.83,13.68,13.81,17300
2014-12-23,13.59,13.59,13.49,13.51,2859
2014-12-24,13.51,13.51,13.51,13.51,0
2014-12-26,13.68,13.68,13.68,13.68,615
2014-12-29,13.57,13.68,13.57,13.68,2104
2014-12-30,13.6,13.66,13.6,13.64,4610
2014-12-31,14.11,14.125,14.007,14.07,16162
2015-01-02,14.42,14.7399,14.415,14.66,38780
2015-01-05,14.4,14.57,14.33,14.45,27616
2015-01-06,14.2,14.29,14.14,14.16,52430
2015-01-07,14.26,14.34,14.22,14.34,508
2015-01-08,14.3,14.3,14.3,14.3,486
2015-01-09,14.299,14.299,14.1,14.22,3107
2015-01-12,13.98,14.02,13.8901,13.9244,47907
2015-01-13,14.25,14.29,14.25,14.2599,656
2015-01-14,14.2599,14.2599,14.2599,14.2599,75
2015-01-15,14.19,14.19,14.19,14.19,260
2015-01-16,14.099,14.18,14.01,14.18,5600
2015-01-20,13.87,13.94,13.8401,13.935,1042
2015-01-21,14.2,14.26,14.181,14.24,3273
2015-01-22,14.2253,14.2253,14.2101,14.2101,579
2015-01-23,14.05,14.081,14.05,14.081,504
2015-01-26,14.1499,14.1499,14.129,14.129,601
2015-01-27,13.97,13.99,13.97,13.97,1314
2015-01-28,13.93,13.93,13.7299,13.7299,2287
2015-01-29,13.64,13.6707,13.6,13.6,50021
2015-01-30,13.58,13.58,13.5,13.5,303
2015-02-02,13.37,13.38,13.25,13.31,683
2015-02-03,13.57,13.58,13.38,13.58,63264
2015-02-04,13.63,13.75,13.6,13.6,3386
2015-02-05,13.31,13.33,13.24,13.28,93941
2015-02-06,13.12,13.12,13.09,13.09,440
2015-02-09,12.96,12.96,12.84,12.93,11434
2015-02-10,13.042,13.042,12.94,12.94,47583
2015-02-11,13.02,13.02,13.02,13.02,205
2015-02-12,13.02,13.02,13.02,13.02,27
2015-02-13,13.49,13.51,13.49,13.51,1200
2015-02-17,13.51,13.51,13.51,13.51,20
2015-02-18,13.52,13.52,13.52,13.52,246
2015-02-19,13.48,13.55,13.47,13.5,12203
2015-02-20,13.5,13.5,13.5,13.5,42
2015-02-23,13.5,13.5,13.5,13.5,10
2015-02-24,13.8,13.81,13.8,13.81,1216
2015-02-25,13.81,13.81,13.81,13.81,10
2015-02-26,13.87,13.995,13.86,13.995,2156
2015-02-27,14.01,14.01,13.94,13.94,403
2015-03-02,13.894,13.94,13.894,13.94,497
2015-03-03,13.8,13.8,13.64,13.73,2126
2015-03-04,13.73,13.73,13.73,13.73,1
2015-03-05,13.52,13.64,13.511,13.64,2310
2015-03-06,13.64,13.64,13.64,13.64,0
2015-03-09,13.64,13.64,13.64,13.64,2
2015-03-10,13.36,13.36,13.33,13.33,204
2015-03-11,13.33,13.33,13.33,13.33,11
2015-03-12,13.33,13.33,13.33,13.33,11
2015-03-13,13.44,13.44,13.41,13.41,201
2015-03-16,13.52,13.61,13.52,13.61,566
2015-03-17,13.76,13.9,13.76,13.9,2100
2015-03-18,13.99,14.23,13.99,14.15,8812
2015-03-19,14.15,14.15,14.15,14.15,3
2015-03-20,14.15,14.15,14.15,14.15,0
2015-03-23,14.3,14.3899,14.3,14.3899,295
2015-03-24,14.3075,14.3075,14.27,14.3,2402
2015-03-25,14.3,14.3,14.3,14.3,35
2015-03-26,14.3,14.3,14.3,14.3,1
2015-03-27,14.49,14.49,14.48,14.49,2403
2015-03-30,15.51,15.65,15.38,15.6,6852
2015-03-31,15.0901,15.48,15.0901,15.4,51770
2015-04-01,15.52,15.9776,15.51,15.74,67141
2015-04-02,16.03,16.3,16.02,16.2899,6307
2015-04-06,16.25,16.6099,16.23,16.55,15447
2015-04-07,17.18,17.18,16.631,16.7001,59986
2015-04-08,18.8,19.35,18.6,19.11,31392
2015-04-09,19.3,19.77,18.9701,19.69,82993
2015-04-10,19.56,19.71,19.18,19.58,46723
2015-04-13,20.38,20.52,20.13,20.1925,59308
2015-04-14,20.0,20.0,19.6,19.94,33809
2015-04-15,19.81,19.85,19.5,19.8,41747
2015-04-16,19.96,20.415,19.9001,20.38,46895
2015-04-17,19.88,20.03,19.8,20.0,45086
2015-04-20,19.86,19.86,19.25,19.8,20922
2015-04-21,19.55,19.55,19.07,19.2424,60258
2015-04-22,19.88,20.198,19.88,20.01,17994
2015-04-23,20.07,20.1999,19.9901,20.1899,3089
2015-04-24,20.27,20.27,20.05,20.19,3699
2015-04-27,20.59,20.6499,20.32,20.59,14644
2015-04-28,20.55,20.55,20.17,20.31,9873
2015-04-29,19.96,20.1,19.55,20.04,13287
2015-04-30,19.64,19.74,19.56,19.56,9848
2015-05-01,19.5701,19.94,19.5701,19.94,4908
2015-05-04,19.76,19.839,19.6101,19.67,16354
2015-05-05,19.24,19.37,18.79,19.08,18886
2015-05-06,18.83,18.83,18.14,18.14,20129
2015-05-07,17.81,17.8682,17.7,17.75,11378
2015-05-08,18.63,18.99,18.63,18.69,8406
2015-05-11,19.08,19.1172,18.76,19.0099,8404
2015-05-12,18.87,18.87,18.5,18.652,4208
2015-05-13,18.64,18.64,18.33,18.44,3811
2015-05-14,18.41,18.7,18.37,18.5101,21003
2015-05-15,18.8898,18.8898,18.6501,18.71,1723
2015-05-18,18.87,18.9299,18.66,18.6901,8018
2015-05-19,19.05,19.2699,19.0,19.2147,11962
2015-05-20,19.4,19.4099,19.278,19.3766,2608
2015-05-21,19.0971,19.58,19.0971,19.57,9496
2015-05-22,19.75,19.78,19.38,19.72,21829
2015-05-26,20.18,20.25,19.74,20.05,13989
2015-05-27,20.03,20.08,19.69,19.93,17026
2015-05-28,19.4,19.5,18.7002,19.4299,40399
2015-05-29,19.46,19.61,19.242,19.2484,4005
2015-06-01,19.1438,19.5899,19.1438,19.44,7946
2015-06-02,19.53,19.53,19.2,19.476,3291
2015-06-03,19.48,19.54,19.4,19.4837,7191
2015-06-04,19.32,19.47,19.2501,19.26,8057
2015-06-05,18.91,19.24,18.91,19.22,7120
2015-06-08,18.98,19.0,18.859,18.859,2708
2015-06-09,18.13,18.219,17.82,17.9,7658
2015-06-10,17.55,17.818,17.48,17.818,11441
2015-06-11,17.91,18.03,17.9,17.94,3372
2015-06-12,18.36,18.4396,18.3,18.3,2928
2015-06-15,17.92,18.14,17.62,17.7704,2751
2015-06-16,17.28,17.35,17.1,17.211,67716
2015-06-17,17.34,17.7099,16.99,17.7099,11560
2015-06-18,17.634900000000002,17.634900000000002,17.4001,17.44,44916
2015-06-19,17.25,17.25,17.0501,17.0801,3864
2015-06-22,17.2898,17.2898,17.26,17.26,2119
2015-06-23,17.97,17.97,17.6,17.66,57676
2015-06-24,17.79,17.826,17.74,17.74,1425
2015-06-25,17.66,17.66,17.4017,17.56,65877
2015-06-26,17.16,17.25,17.0,17.0,8734
2015-06-29,16.41,16.6,16.41,16.5,10381
2015-06-30,16.8428,16.9045,16.81,16.8205,8004
2015-07-01,16.7,16.81,16.7,16.75,15945
2015-07-02,16.27,16.4862,16.27,16.39,5828
2015-07-06,14.74,15.05,14.49,14.85,53465
2015-07-07,14.08,14.08,13.38,13.68,19641
2015-07-08,12.93,13.37,12.71,12.71,16581
2015-07-09,13.734,14.728,13.734,14.46,14677
2015-07-10,15.21,15.3886,15.14,15.26,2300
2015-07-13,16.25,16.25,15.54,15.54,27021
2015-07-14,15.322,15.35,15.3,15.33,21019
2015-07-15,15.12,15.12,14.74,14.79,35057
2015-07-16,14.98,15.14,14.98,15.14,6194
2015-07-17,15.53,15.53,15.32,15.41,493
2015-07-20,15.4,15.5024,15.4,15.5024,649
2015-07-21,15.44,15.51,15.44,15.49,31840
2015-07-22,15.33,15.36,15.28,15.34,36739
2015-07-23,15.53,15.61,15.46,15.46,13486
2015-07-24,15.18,15.28,15.12,15.12,7168
2015-07-27,14.04,14.32,14.04,14.1101,5267
2015-07-28,14.22,14.39,14.21,14.34,20516
2015-07-29,14.66,14.791,14.55,14.79,6233
2015-07-30,14.41,14.541,14.41,14.53,6920
2015-07-31,14.34,14.56,14.25,14.39,8584
2015-08-03,14.24,14.24,14.04,14.13,4677
2015-08-04,14.24,14.24,14.24,14.24,100
2015-08-05,14.51,14.5764,14.47,14.47,4015
2015-08-06,14.63,14.63,14.63,14.63,212
2015-08-07,14.91,14.927,14.91,14.927,513
2015-08-10,15.6,15.6863,15.6,15.6863,5453
2015-08-11,15.37,15.37,15.37,15.37,8310
2015-08-12,15.06,15.0899,14.96,15.06,58740
2015-08-13,15.13,15.232,15.13,15.14,68976
2015-08-14,15.15,15.22,15.15,15.22,1102
2015-08-17,15.08,15.14,14.945,15.14,13568
2015-08-18,14.88,14.88,14.88,14.88,1206
2015-08-19,14.39,14.49,14.23,14.23,39247
2015-08-20,13.99,13.99,13.78,13.85,18261
2015-08-21,13.47,13.5645,13.06,13.24,10427
2015-08-24,12.5,12.98,12.13,12.13,3381
2015-08-25,13.5,13.5,12.66,12.66,18477
2015-08-26,12.681000000000001,12.81,12.5899,12.8,5668
2015-08-27,13.59,13.6,13.59,13.6,9425
2015-08-28,13.4995,13.5,13.3201,13.37,2485
2015-08-31,13.01,13.13,13.01,13.13,2768
2015-09-01,12.71,12.71,12.32,12.32,29674
2015-09-02,12.56,12.57,12.55,12.56,35203
2015-09-03,12.92,12.98,12.75,12.79,106154
2015-09-04,12.4,12.66,12.3,12.36,4116
2015-09-08,13.27,13.48,13.19,13.43,2660
2015-09-09,13.44,13.44,13.43,13.43,1834
2015-09-10,13.69,13.75,13.61,13.64,17399
2015-09-11,13.63,13.83,13.405,13.405,603
2015-09-14,13.405,13.405,13.405,13.405,48
2015-09-15,13.05,13.05,13.02,13.02,590
2015-09-16,13.89,14.24,13.89,14.03,1736
2015-09-17,13.84,13.84,13.8,13.8,215
2015-09-18,14.24,14.26,13.79,13.83,6434
2015-09-21,14.56,14.57,14.0,14.0,1976
2015-09-22,14.0,14.0,14.0,14.0,2
2015-09-23,13.6599,13.6599,13.05,13.05,1653
2015-09-24,13.01,13.01,12.9801,12.9801,1104
2015-09-25,12.9801,12.9801,12.9801,12.9801,0
2015-09-28,13.09,13.09,13.09,13.09,222
2015-09-29,12.8801,13.42,12.8801,13.25,89429
2015-09-30,13.6,13.68,13.45,13.65,1227
2015-10-01,13.68,13.87,13.68,13.8,2106
2015-10-02,14.18,14.46,14.18,14.24,2704
2015-10-05,14.28,14.7,14.28,14.55,24662
2015-10-06,14.4199,14.44,14.2,14.41,8274
2015-10-07,14.7,14.94,14.7,14.94,2569
2015-10-08,14.52,15.0,14.44,15.0,5524
2015-10-09,15.14,15.14,14.43,14.69,27561
2015-10-12,14.8,14.86,14.65,14.81,12369
2015-10-13,14.94,14.94,14.3801,14.3801,3491
2015-10-14,14.3801,14.3801,14.3801,14.3801,3
2015-10-15,15.05,15.05,14.9,14.915,1656
2015-10-16,14.8415,15.23,14.8415,15.2,82645
2015-10-19,15.08,15.08,14.77,14.91,7206
2015-10-20,14.98,15.06,14.780100000000001,15.06,1471
2015-10-21,14.98,14.98,14.73,14.73,1878
2015-10-22,14.97,15.23,14.96,15.23,4613
2015-10-23,15.23,15.34,15.2,15.32,1555
2015-10-26,15.07,15.07,15.01,15.03,2307
2015-10-27,15.03,15.03,15.03,15.03,6
2015-10-28,14.72,14.72,14.46,14.57,1218
2015-10-29,14.37,14.55,14.37,14.52,9709
2015-10-30,14.58,14.64,14.55,14.6123,6852
2015-11-02,14.29,14.62,14.29,14.62,6758
2015-11-03,14.49,14.64,14.468,14.58,8170
2015-11-04,14.7,14.7,14.65,14.65,3016
2015-11-05,14.6994,14.7201,14.6994,14.7201,3563
2015-11-06,14.7201,14.7201,14.7201,14.7201,40
2015-11-09,14.52,14.5699,14.26,14.33,98592
2015-11-10,14.17,14.26,14.17,14.2,13374
2015-11-11,14.39,14.39,14.12,14.33,27376
2015-11-12,14.04,14.16,13.875,13.98,19791
2015-11-13,13.81,13.86,13.5905,13.81,29574
2015-11-16,13.88,14.33,13.87,13.88,103254
2015-11-17,13.94,14.25,13.83,14.09,84431
2015-11-18,13.8,14.1,13.8,13.99,18700
2015-11-19,14.0,14.38,13.97,14.25,13952
2015-11-20,14.07,14.42,14.07,14.31,49901
2015-11-23,14.16,14.26,14.07,14.07,28800
2015-11-24,13.96,13.96,13.95,13.9588,1225
2015-11-25,14.0,14.0,13.83,13.9101,1944
2015-11-27,13.51,13.6,13.51,13.53,4648
2015-11-30,13.53,13.53,13.53,13.53,0
2015-12-01,13.53,13.53,13.53,13.53,4
2015-12-02,13.53,13.53,13.53,13.53,8
2015-12-03,13.53,13.53,13.53,13.53,9
2015-12-04,13.53,13.53,13.53,13.53,20
2015-12-07,13.53,13.53,13.53,13.53,3
2015-12-08,13.53,13.53,13.53,13.53,1
2015-12-09,13.415,13.415,13.13,13.13,2305
2015-12-10,12.96,12.96,12.95,12.96,831
2015-12-11,12.643,12.669,12.643,12.665,1175
2015-12-14,12.7,12.81,12.68,12.81,10001
2015-12-15,13.03,13.03,13.03,13.03,100
2015-12-16,13.21,13.3,12.82,12.99,43148
2015-12-17,13.07,13.07,13.036,13.036,3230
2015-12-18,12.9104,13.06,12.891,13.06,10684
2015-12-21,13.42,13.62,12.4801,13.43,38265
2015-12-22,13.07,13.14,12.97,13.1099,14100
2015-12-23,13.234,13.5043,12.85,13.08,20499
2015-12-24,13.147,13.18,13.147,13.18,1219
2015-12-28,13.35,13.4,12.8,13.17,50984
2015-12-29,12.81,12.89,12.74,12.89,10606
2015-12-30,12.77,12.78,12.57,12.63,12301
2015-12-31,12.48,12.646,12.48,12.646,1804
2016-01-04,12.35,12.4,12.0,12.0,30847
2016-01-05,12.26,12.28,12.01,12.2,12117
2016-01-06,12.07,12.1214,11.98,11.98,1245
2016-01-07,11.53,11.53,11.2192,11.2192,2841
2016-01-08,11.1416,11.23,11.0796,11.0796,1361
2016-01-11,11.058,11.058,11.058,11.058,114
2016-01-12,10.99,11.0,10.94,10.94,1606
2016-01-13,10.6801,10.8,10.68,10.8,11658
2016-01-14,10.93,11.5087,10.57,11.5087,11930
2016-01-15,10.355,10.355,10.201,10.35,1020
2016-01-19,10.7,10.7,10.7,10.7,1533
2016-01-20,10.54,10.54,9.9601,10.5,5687
2016-01-21,10.5,10.5,10.5,10.5,119
2016-01-22,10.39,10.39,10.3805,10.3805,225
2016-01-25,10.3805,10.3805,10.3805,10.3805,63
2016-01-26,10.13,10.2516,10.13,10.2516,840
2016-01-27,10.2622,10.2622,10.1301,10.1301,435
2016-01-28,10.25,10.52,10.19,10.33,16360
2016-01-29,10.57,10.61,10.57,10.6026,1661
2016-02-01,10.3751,10.3751,10.3751,10.3751,313
2016-02-02,10.3751,10.3751,10.3751,10.3751,8
2016-02-03,10.3751,10.3751,10.3751,10.3751,4
2016-02-04,10.61,10.61,10.6,10.6,7707
2016-02-05,10.29,10.29,9.97,9.9701,4907
2016-02-08,10.2,10.2,9.6405,9.6405,4745
2016-02-09,9.85,9.85,9.77,9.83,306
2016-02-10,10.02,10.02,10.02,10.02,101
2016-02-11,10.02,10.02,10.02,10.02,61
2016-02-12,9.79,9.9625,9.75,9.93,14908
2016-02-16,10.2,10.56,10.17,10.45,25226
2016-02-17,10.62,10.87,10.62,10.8,3554
2016-02-18,10.89,11.03,10.74,10.83,4800
2016-02-19,10.74,10.82,10.74,10.82,5706
2016-02-22,10.91,11.07,10.91,11.0,3800
2016-02-23,11.0,11.0,11.0,11.0,6
2016-02-24,10.8799,10.8899,10.8799,10.8899,1930
2016-02-25,10.638,10.638,10.638,10.638,277
2016-02-26,10.638,10.638,10.638,10.638,29
2016-02-29,10.62,10.62,10.4001,10.4001,559
2016-03-01,10.4001,10.4001,10.4001,10.4001,4
2016-03-02,11.0,11.0,11.0,11.0,107
2016-03-03,11.0904,11.0904,11.0904,11.0904,104
2016-03-04,11.61,11.8,11.3708,11.48,1327
2016-03-07,11.6799,11.6799,11.33,11.614,1030
2016-03-08,11.4001,11.41,11.3,11.3499,1010
2016-03-09,11.19,11.29,11.19,11.29,1781
2016-03-10,10.9901,11.01,10.9901,11.01,308
2016-03-11,11.6701,11.8,11.6701,11.8,2679
2016-03-14,11.79,11.79,11.6803,11.7599,1007
2016-03-15,11.7599,11.7599,11.7599,11.7599,8
2016-03-16,11.55,11.55,11.55,11.55,396
2016-03-17,11.6447,11.6447,11.6447,11.6447,104
2016-03-18,11.6447,11.6447,11.6447,11.6447,27
2016-03-21,12.17,12.17,12.17,12.17,197
2016-03-22,12.1,12.1,11.96,12.08,2625
2016-03-23,12.1,12.1,12.1,12.1,130
2016-03-24,11.496,11.603,11.496,11.603,1104
2016-03-28,12.14,12.14,11.6,11.6285,1106
2016-03-29,11.6285,11.6285,11.6285,11.6285,0
2016-03-30,12.1299,12.1299,11.9301,11.9301,654
2016-03-31,11.9301,11.9301,11.9301,11.9301,4
2016-04-01,11.9301,11.9301,11.9301,11.9301,0
2016-04-04,11.81,11.81,11.81,11.81,100
2016-04-05,11.81,11.81,11.81,11.81,0
2016-04-06,11.85,11.85,11.85,11.85,1045
2016-04-07,11.85,11.85,11.85,11.85,1
2016-04-08,11.9,11.9,11.9,11.9,800
2016-04-11,11.9,11.9,11.9,11.9,1
2016-04-12,11.9,11.9,11.9,11.9,0
2016-04-13,12.88,13.0,12.62,12.98,1305
2016-04-14,13.1,13.1,13.1,13.1,100
2016-04-15,12.19,12.19,12.19,12.19,104
2016-04-18,12.35,12.8066,12.35,12.3501,421
2016-04-19,12.3501,12.3501,12.3501,12.3501,45
2016-04-20,12.92,12.92,12.8999,12.91,2403
2016-04-21,12.34,12.34,12.34,12.34,2045
2016-04-22,12.34,12.34,12.34,12.34,0
2016-04-25,12.34,12.34,12.34,12.34,0
2016-04-26,12.34,12.34,12.34,12.34,0
2016-04-27,12.42,12.5,12.42,12.5,568
2016-04-28,12.5,12.5,12.5,12.5,0
2016-04-29,11.8,12.304,11.780100000000001,11.780100000000001,4900
2016-05-02,12.0,12.0,11.8601,11.8601,276
2016-05-03,11.9,11.9,11.9,11.9,1300
2016-05-04,11.9,11.9,11.9,11.9,0
2016-05-05,11.9,11.9,11.9,11.9,1
2016-05-06,11.9,11.9,11.9,11.9,0
2016-05-09,11.9,11.9,11.9,11.9,0
2016-05-10,11.19,11.2099,11.19,11.2099,1588
2016-05-11,11.2099,11.2099,11.2099,11.2099,0
2016-05-12,11.2099,11.2099,11.2099,11.2099,0
2016-05-13,11.22,11.3,11.19,11.22,1600
2016-05-16,11.22,11.22,11.22,11.22,0
2016-05-17,11.42,11.42,11.215,11.35,8582
2016-05-18,11.37,11.4901,11.3101,11.4101,15139
2016-05-19,11.34,11.34,11.19,11.19,2000
2016-05-20,11.19,11.19,11.19,11.19,0
2016-05-23,11.19,11.19,11.19,11.19,2
2016-05-24,11.4283,11.4283,11.4283,11.4283,259
2016-05-25,11.454,11.454,11.454,11.454,523
2016-05-26,11.21,11.488,11.09,11.38,2100
2016-05-27,11.38,11.38,11.38,11.38,0
2016-05-31,11.38,11.77,11.38,11.77,2281
2016-06-01,11.63,11.63,11.63,11.63,500
2016-06-02,11.78,11.78,11.66,11.732,10088
2016-06-03,11.6711,11.6711,11.6711,11.6711,232
2016-06-06,11.2501,11.2501,11.2501,11.2501,109
2016-06-07,11.91,12.1799,11.91,12.0848,1600
2016-06-08,11.78,12.05,11.78,12.0499,1221
2016-06-09,11.9899,11.9999,11.86,11.86,3800
2016-06-10,11.4422,11.53,11.4422,11.53,1150
2016-06-13,11.53,11.53,11.53,11.53,9
2016-06-14,11.05,11.08,10.81,11.08,11082
2016-06-15,11.22,11.3457,11.22,11.2565,12700
2016-06-16,11.19,11.39,11.178,11.3,3680
2016-06-17,11.28,11.28,11.28,11.28,100
2016-06-20,11.28,11.28,11.28,11.28,0
2016-06-21,11.1,11.1,11.1,11.1,135
2016-06-22,11.3,11.3,11.3,11.3,135
2016-06-23,11.3,11.3,11.3,11.3,10
2016-06-24,10.22,11.12,10.22,11.07,3011
2016-06-27,11.07,11.07,11.07,11.07,19
2016-06-28,11.083,11.083,11.083,11.083,236
2016-06-29,11.49,11.49,11.49,11.49,100
2016-06-30,11.51,11.55,11.51,11.51,900
2016-07-01,11.6101,11.6101,11.6101,11.6101,100
2016-07-05,11.6101,11.6101,11.6101,11.6101,7
2016-07-06,11.6101,11.6101,11.6101,11.6101,0
2016-07-07,11.6101,11.6101,11.6101,11.6101,0
2016-07-08,11.47,11.47,11.32,11.32,375
2016-07-11,11.66,11.68,11.5883,11.5901,658
2016-07-12,11.91,11.91,11.9017,11.9017,272
2016-07-13,11.91,11.91,11.85,11.88,550
2016-07-14,12.0,12.0,12.0,12.0,120
2016-07-15,11.8641,12.012,11.8501,11.96,1646
2016-07-18,11.96,11.96,11.96,11.96,0
2016-07-19,11.95,11.95,11.9,11.9,1200
2016-07-20,11.5256,11.98,11.5256,11.98,701
2016-07-21,12.05,12.05,12.04,12.04,420
2016-07-22,12.04,12.04,12.04,12.04,0
2016-07-25,12.04,12.04,12.04,12.04,28
2016-07-26,12.0,12.0,12.0,12.0,1000
2016-07-27,11.95,11.99,11.94,11.97,900
2016-07-28,11.93,12.02,11.93,12.02,3330
2016-07-29,11.97,12.08,11.95,12.05,7501
2016-08-01,12.05,12.05,12.05,12.05,48
2016-08-02,12.03,12.08,11.93,11.9599,950
2016-08-03,11.71,11.88,11.71,11.88,4660
2016-08-04,11.88,11.88,11.88,11.88,0
2016-08-05,12.26,12.26,12.26,12.26,205
2016-08-08,12.26,12.26,12.26,12.26,1
2016-08-09,12.4601,12.4601,12.4601,12.4601,275
2016-08-10,12.4601,12.4601,12.4601,12.4601,0
2016-08-11,12.79,12.79,12.79,12.79,105
2016-08-12,12.5672,12.63,12.54,12.63,1235
2016-08-15,12.63,12.63,12.63,12.63,0
2016-08-16,12.91,12.91,12.91,12.91,100
2016-08-17,12.67,12.67,12.67,12.67,100
2016-08-18,12.67,12.67,12.67,12.67,38
2016-08-19,12.67,12.67,12.67,12.67,3
2016-08-22,12.67,12.67,12.67,12.67,0
2016-08-23,12.67,12.67,12.67,12.67,0
2016-08-24,12.67,12.67,12.67,12.67,1
2016-08-25,12.67,12.67,12.67,12.67,6
2016-08-26,12.67,12.67,12.67,12.67,3
2016-08-29,12.67,12.67,12.67,12.67,0
2016-08-30,12.67,12.67,12.67,12.67,0
2016-08-31,12.67,12.67,12.67,12.67,0
2016-09-01,12.67,12.67,12.67,12.67,0
2016-09-02,12.67,12.67,12.67,12.67,0
2016-09-06,12.67,12.67,12.67,12.67,46
2016-09-07,12.87,12.87,12.87,12.87,200
2016-09-08,12.9,12.93,12.86,12.93,575
2016-09-09,12.88,12.88,12.75,12.8068,1110
2016-09-12,12.8068,12.8068,12.8068,12.8068,2
2016-09-13,12.8068,12.8068,12.8068,12.8068,2
2016-09-14,12.8068,12.8068,12.8068,12.8068,10
2016-09-15,12.8068,12.8068,12.8068,12.8068,0
2016-09-16,12.8068,12.8068,12.8068,12.8068,1
2016-09-19,12.86,12.86,12.55,12.55,8403
2016-09-20,12.55,12.55,12.55,12.55,13
2016-09-21,12.55,12.55,12.55,12.55,14
2016-09-22,12.92,12.92,12.92,12.92,120
2016-09-23,12.92,12.92,12.92,12.92,2
2016-09-26,12.3791,12.3791,12.3791,12.3791,174
2016-09-27,12.3275,12.35,12.28,12.35,3400
2016-09-28,12.35,12.35,12.35,12.35,1
2016-09-29,12.35,12.35,12.35,12.35,1
2016-09-30,12.35,12.35,12.35,12.35,27
2016-10-03,12.35,12.35,12.35,12.35,1
2016-10-04,12.35,12.35,12.35,12.35,0
2016-10-05,12.35,12.35,12.35,12.35,1
2016-10-06,12.35,12.35,12.35,12.35,0
2016-10-07,12.35,12.35,12.35,12.35,0
2016-10-10,12.35,12.35,12.35,12.35,0
2016-10-11,12.35,12.35,12.35,12.35,1
2016-10-12,12.53,12.55,12.44,12.461,860
2016-10-13,12.43,12.45,12.43,12.45,218
2016-10-14,12.45,12.45,12.45,12.45,10
2016-10-17,12.45,12.45,12.45,12.45,1
2016-10-18,12.45,12.45,12.45,12.45,0
2016-10-19,12.45,12.45,12.45,12.45,0
2016-10-20,12.763,12.763,12.763,12.763,200
2016-10-21,12.763,12.763,12.763,12.763,15
2016-10-24,12.763,12.763,12.763,12.763,1
2016-10-25,12.8,12.81,12.8,12.81,301
2016-10-26,12.81,12.81,12.81,12.81,8
2016-10-27,12.81,12.81,12.81,12.81,0
2016-10-28,12.41,12.52,12.3601,12.3601,1908
2016-10-31,12.3601,12.3601,12.3601,12.3601,26
2016-11-01,12.36,12.423,12.36,12.423,301
2016-11-02,12.423,12.423,12.423,12.423,1
2016-11-03,12.3,12.3,12.3,12.3,108
2016-11-04,12.3,12.3,12.3,12.3,301
2016-11-07,12.48,12.866,12.48,12.7188,3336
2016-11-08,12.7188,12.7188,12.7188,12.7188,90
2016-11-09,12.9209,12.9209,12.7325,12.7325,300
2016-11-10,12.7325,12.7325,12.7325,12.7325,0
2016-11-11,12.7325,12.7325,12.7325,12.7325,0
2016-11-14,12.82,12.82,12.7,12.7,487
2016-11-15,12.7,12.7,12.7,12.7,0
2016-11-16,12.75,12.75,12.75,12.75,701
2016-11-17,12.64,12.64,12.64,12.64,110
2016-11-18,12.64,12.64,12.64,12.64,0
2016-11-21,12.9071,12.9071,12.9071,12.9071,101
2016-11-22,13.0,13.0,13.0,13.0,263
2016-11-23,13.0,13.0,13.0,13.0,2
2016-11-25,13.0,13.0,13.0,13.0,305
2016-11-28,13.0,13.0,13.0,13.0,0
2016-11-29,13.0,13.0,13.0,13.0,0
2016-11-30,13.0,13.0,13.0,13.0,31
2016-12-01,13.0272,13.0816,13.0,13.08,1100
2016-12-02,13.1218,13.1218,13.1218,13.1218,100
2016-12-05,12.93,13.08,12.92,13.08,601
2016-12-06,12.7,12.87,12.5418,12.87,401
2016-12-07,12.94,12.94,12.91,12.91,2132
2016-12-08,12.808,12.808,12.808,12.808,157
2016-12-09,12.808,12.808,12.808,12.808,3
2016-12-12,12.808,12.808,12.808,12.808,1
2016-12-13,12.57,12.6,12.57,12.6,301
2016-12-14,12.6,12.6,12.6,12.6,15
2016-12-15,12.6,12.6,12.6,12.6,1
2016-12-16,12.6,12.6,12.6,12.6,0
2016-12-19,12.41,12.41,12.33,12.33,601
2016-12-20,12.33,12.33,12.33,12.33,1
2016-12-21,12.33,12.33,12.33,12.33,5
2016-12-22,12.0207,12.0207,11.8752,11.9,2103
2016-12-23,11.9,11.9,11.9,11.9,500
2016-12-27,11.9,11.9,11.9,11.9,1
2016-12-28,11.73,11.73,11.73,11.73,1179
2016-12-29,11.73,11.73,11.73,11.73,2148
2016-12-30,11.8756,11.8756,11.8756,11.8756,320
2017-01-03,11.9101,12.05,11.91,11.9956,6312
2017-01-04,12.23,12.23,12.21,12.21,238
2017-01-05,12.251,12.3827,12.251,12.3827,1200
2017-01-06,12.3827,12.3827,12.3827,12.3827,52
2017-01-09,12.24,12.25,12.2,12.25,2054
2017-01-10,12.45,12.52,12.45,12.5,2041
2017-01-11,12.6,12.6,12.6,12.6,3938
2017-01-12,12.55,12.55,12.55,12.55,100
2017-01-13,12.55,12.55,12.55,12.55,30
2017-01-17,12.54,12.54,12.54,12.54,951
2017-01-18,12.72,12.72,12.7,12.7,505
2017-01-19,12.7399,12.74,12.7399,12.74,1492
2017-01-20,12.74,12.74,12.74,12.74,10
2017-01-23,12.77,12.81,12.755,12.755,410
2017-01-24,13.06,13.06,13.06,13.06,126
2017-01-25,13.06,13.06,13.06,13.06,502
2017-01-26,13.06,13.06,13.05,13.05,2325
2017-01-27,13.0,13.01,13.0,13.01,400
2017-01-30,13.01,13.01,13.01,13.01,14
2017-01-31,12.96,12.96,12.94,12.94,2108
2017-02-01,13.03,13.03,13.03,13.03,311
2017-02-02,13.03,13.03,13.03,13.03,0
2017-02-03,13.11,13.11,13.11,13.11,108
2017-02-06,12.96,12.98,12.96,12.98,401
2017-02-07,12.98,12.98,12.98,12.98,23
2017-02-08,13.24,13.26,13.23,13.26,1856
2017-02-09,13.55,13.55,13.55,13.55,1001
2017-02-10,13.55,13.55,13.55,13.55,1816
2017-02-13,13.85,13.85,13.84,13.84,811
2017-02-14,13.89,13.89,13.89,13.89,114
2017-02-15,13.88,13.88,13.88,13.88,100
2017-02-16,13.84,13.84,13.78,13.78,653
2017-02-17,13.6,13.61,13.6,13.61,340
2017-02-21,13.77,13.78,13.77,13.78,3514
2017-02-22,13.94,14.01,13.94,14.0,5731
2017-02-23,13.99,14.03,13.98,14.0,4440
2017-02-24,13.68,13.7,13.6,13.7,9200
2017-02-27,13.64,13.77,13.58,13.77,7371
2017-02-28,13.77,13.77,13.77,13.77,0
2017-03-01,13.77,13.77,13.77,13.77,4
2017-03-02,13.77,13.77,13.77,13.77,13
2017-03-03,13.77,13.77,13.77,13.77,7
2017-03-06,14.03,14.03,14.01,14.03,960
2017-03-07,14.03,14.03,14.03,14.03,0
2017-03-08,14.03,14.03,14.03,14.03,0
2017-03-09,13.58,13.58,13.58,13.58,714
2017-03-10,13.93,13.96,13.93,13.95,4246
2017-03-13,13.95,13.95,13.95,13.95,3
2017-03-14,13.95,13.95,13.95,13.95,9
2017-03-15,14.21,14.21,14.21,14.21,275
2017-03-16,14.41,14.42,14.37,14.4,4783
2017-03-17,14.4,14.41,14.33,14.4,1150
2017-03-20,14.59,14.59,14.52,14.55,4613
2017-03-21,14.55,14.55,14.55,14.55,46
2017-03-22,14.38,14.51,14.36,14.42,604
2017-03-23,14.5,14.62,14.5,14.57,5919
2017-03-24,14.4,14.51,14.4,14.51,1869
2017-03-27,14.32,14.32,14.32,14.32,101
2017-03-28,14.29,14.29,14.29,14.29,151
2017-03-29,14.32,14.32,14.32,14.32,111
2017-03-30,14.21,14.3,14.21,14.3,1493
2017-03-31,14.17,14.18,14.1,14.17,4700
2017-04-03,14.14,14.3,14.14,14.22,14396
2017-04-04,14.35,14.39,14.3,14.31,8369
2017-04-05,14.37,14.4,14.37,14.38,990
2017-04-06,14.28,14.28,14.28,14.28,151
2017-04-07,14.31,14.41,14.31,14.41,1255
2017-04-10,14.41,14.41,14.41,14.41,0
2017-04-11,14.34,14.34,14.17,14.17,6094
2017-04-12,14.16,14.16,14.16,14.16,100
2017-04-13,14.31,14.31,14.28,14.28,880
2017-04-17,14.28,14.28,14.28,14.28,25
2017-04-18,14.07,14.07,13.86,13.88,1588
2017-04-19,13.94,13.94,13.9,13.9,380
2017-04-20,14.05,14.05,14.05,14.05,100
2017-04-21,14.04,14.09,14.04,14.07,393
2017-04-24,14.04,14.04,14.04,14.04,212
2017-04-25,14.07,14.12,14.07,14.12,411
2017-04-26,14.24,14.24,14.24,14.24,378
2017-04-27,14.24,14.24,14.24,14.24,15
2017-04-28,14.24,14.24,14.24,14.24,0
2017-05-01,14.02,14.02,14.02,14.02,208
2017-05-02,14.09,14.13,14.09,14.12,3100
2017-05-03,14.12,14.12,14.12,14.12,50
2017-05-04,13.92,13.94,13.65,13.65,4201
2017-05-05,13.75,13.75,13.75,13.75,141
2017-05-08,13.73,13.73,13.64,13.65,4299
2017-05-09,13.89,13.89,13.89,13.89,302
2017-05-10,13.89,13.89,13.89,13.89,220
2017-05-11,13.71,13.71,13.71,13.71,213
2017-05-12,13.68,13.68,13.68,13.68,126
2017-05-15,13.82,13.82,13.78,13.8,2058
2017-05-16,13.8,13.8,13.8,13.8,20
2017-05-17,13.8,13.8,13.8,13.8,3
2017-05-18,13.66,13.66,13.66,13.66,334
2017-05-19,13.66,13.66,13.66,13.66,0
2017-05-22,13.64,14.1,13.64,13.79,2355
2017-05-23,13.71,13.71,13.71,13.71,200
2017-05-24,13.71,13.71,13.71,13.71,1
2017-05-25,13.66,13.66,13.66,13.66,120
2017-05-26,13.66,13.66,13.66,13.66,0
2017-05-30,13.66,13.66,13.66,13.66,0
2017-05-31,13.66,13.66,13.66,13.66,0
2017-06-01,13.66,13.66,13.66,13.66,79
2017-06-02,13.66,13.66,13.66,13.66,12
2017-06-05,13.66,13.66,13.66,13.66,6
2017-06-06,13.69,13.69,13.69,13.69,400
2017-06-07,13.86,13.86,13.86,13.86,1012
2017-06-08,13.85,13.88,13.84,13.88,600
2017-06-09,13.88,13.88,13.85,13.85,3505
2017-06-12,13.68,13.68,13.51,13.64,993
2017-06-13,13.75,13.75,13.75,13.75,288
2017-06-14,13.64,13.64,13.64,13.64,125
2017-06-15,13.44,13.44,13.44,13.44,104
2017-06-16,13.44,13.44,13.44,13.44,17
2017-06-19,13.61,13.68,13.61,13.68,7667
2017-06-20,13.53,13.54,13.5,13.54,1907
2017-06-21,13.81,13.81,13.66,13.66,1550
2017-06-22,13.76,13.78,13.76,13.78,2010
2017-06-23,13.78,13.78,13.78,13.78,0
2017-06-26,13.78,13.78,13.78,13.78,5
2017-06-27,13.78,13.78,13.78,13.78,30
2017-06-28,14.01,14.01,14.01,14.01,510
2017-06-29,14.05,14.05,13.92,13.96,2185
2017-06-30,14.02,14.02,13.99,13.99,946
2017-07-03,14.5,14.5,14.13,14.13,2722
2017-07-05,13.88,14.0,13.88,14.0,1400
2017-07-06,14.0,14.0,14.0,14.0,18
2017-07-07,13.95,13.95,13.95,13.95,506
2017-07-10,13.77,14.1,13.77,14.1,1404
2017-07-11,14.15,14.16,14.1,14.1,2482
2017-07-12,14.5,14.5,14.29,14.39,3949
2017-07-13,14.39,14.39,14.39,14.39,646
2017-07-14,14.61,14.63,14.6,14.6,3864
2017-07-17,14.78,14.78,14.5,14.54,3422
2017-07-18,14.99,14.99,14.6,14.663,4516
2017-07-19,14.88,14.91,14.88,14.9,1726
2017-07-20,15.01,15.1,14.95,14.95,1988
2017-07-21,14.92,14.92,14.69,14.69,1131
2017-07-24,14.86,14.86,14.86,14.86,779
2017-07-25,14.89,14.89,14.89,14.89,295
2017-07-26,14.95,14.95,14.94,14.95,464
2017-07-27,14.79,14.79,14.58,14.6,1916
2017-07-28,14.68,14.68,14.68,14.68,658
2017-07-31,14.85,15.0,14.85,15.0,829
2017-08-01,14.98,14.98,14.61,14.65,3620
2017-08-02,14.65,14.65,14.65,14.65,50
2017-08-03,14.7,14.7,14.7,14.7,400
2017-08-04,14.95,15.0,14.93,15.0,1293
2017-08-07,15.0,15.35,15.0,15.2,3399
2017-08-08,15.2,15.3,15.2,15.2,1400
2017-08-09,15.09,15.25,15.09,15.23,471
2017-08-10,14.99,14.99,14.93,14.93,470
2017-08-11,14.6,14.61,14.53,14.61,4242
2017-08-14,14.78,15.08,14.77,15.0,1281
2017-08-15,14.83,14.83,14.83,14.83,241
2017-08-16,14.95,14.95,14.93,14.94,688
2017-08-17,14.94,14.94,14.74,14.74,864
2017-08-18,14.96,14.96,14.96,14.96,658
2017-08-21,14.86,15.24,14.86,14.99,839
2017-08-22,14.99,14.99,14.99,14.99,10
2017-08-23,15.1,15.1,15.03,15.06,1003
2017-08-24,15.06,15.06,15.06,15.06,27
2017-08-25,15.06,15.06,15.06,15.06,24
2017-08-28,15.14,15.15,15.14,15.15,1712
2017-08-29,15.15,15.15,15.15,15.15,13
2017-08-30,14.95,14.95,14.95,14.95,219
2017-08-31,15.03,15.03,15.03,15.03,213
2017-09-01,15.19,15.19,15.19,15.19,2068
2017-09-05,15.14,15.14,15.14,15.14,279
2017-09-06,15.06,15.31,15.06,15.31,495
2017-09-07,15.3,15.3,15.3,15.3,187
2017-09-08,15.35,15.35,15.2,15.2,283
2017-09-11,15.15,15.16,15.15,15.16,628
2017-09-12,15.3,15.35,15.28,15.35,1373
2017-09-13,15.77,16.01,15.77,15.86,3028
2017-09-14,15.71,15.71,15.39,15.39,5057
2017-09-15,15.99,15.99,15.79,15.96,422
2017-09-18,15.82,16.13,15.82,16.13,524
2017-09-19,15.96,15.96,15.85,15.92,370
2017-09-20,16.19,16.25,16.0,16.0,875
2017-09-21,15.98,15.98,15.98,15.98,248
2017-09-22,15.89,15.89,15.89,15.89,224
2017-09-25,15.49,15.54,15.49,15.54,484
2017-09-26,15.54,15.54,15.54,15.54,0
2017-09-27,15.72,15.96,15.72,15.96,234
2017-09-28,15.72,15.72,15.72,15.72,837
2017-09-29,15.73,15.82,15.73,15.82,912
