2009-12-09,51.03,51.03,50.9,50.9,10200
2009-12-10,50.9,50.9,50.9,50.9,0
2009-12-11,50.27,50.56,50.27,50.56,4400
2009-12-14,50.85,50.87,50.85,50.87,500
2009-12-15,50.87,50.87,50.87,50.87,0
2009-12-16,51.14,51.14,50.95,50.95,400
2009-12-17,50.95,50.95,50.95,50.95,0
2009-12-18,51.49,51.5,51.49,51.5,294
2009-12-21,51.5,51.5,51.5,51.5,0
2009-12-22,50.49,50.49,50.49,50.49,200
2009-12-23,50.49,50.49,50.49,50.49,0
2009-12-24,50.49,50.49,50.49,50.49,0
2009-12-28,50.49,50.49,50.49,50.49,1500
2009-12-29,50.22,50.22,50.22,50.22,0
2009-12-30,50.64,50.64,50.64,50.64,100
2009-12-31,50.5,50.5,50.5,50.5,400
2010-01-04,50.64,50.65,50.64,50.65,200
2010-01-05,50.97,51.21,50.97,51.18,681
2010-01-06,51.18,51.18,51.18,51.18,0
2010-01-07,51.15,51.15,51.15,51.15,1000
2010-01-08,51.04,51.13,51.04,51.13,696
2010-01-11,51.13,51.13,51.13,51.13,0
2010-01-12,51.33,51.33,51.33,51.33,100
2010-01-13,51.33,51.33,51.33,51.33,0
2010-01-14,51.33,51.33,51.33,51.33,0
2010-01-15,51.62,51.62,51.62,51.62,1395
2010-01-19,51.62,51.62,51.62,51.62,0
2010-01-20,51.62,51.62,51.62,51.62,0
2010-01-21,51.5,51.5,51.5,51.5,400
2010-01-22,51.65,51.66,51.65,51.66,7000
2010-01-25,51.25,51.25,51.25,51.25,286
2010-01-26,51.21,51.23,51.134,51.18,1320
2010-01-27,51.16,51.17,50.95,50.97,3454
2010-01-28,50.97,50.97,50.97,50.97,0
2010-01-29,50.97,50.97,50.97,50.97,800
2010-02-01,50.8,50.8,50.8,50.8,400
2010-02-02,50.47,50.47,50.47,50.47,159
2010-02-03,50.39,50.39,50.39,50.39,400
2010-02-04,50.76,50.89,50.75,50.89,6100
2010-02-05,50.54,51.13,50.54,51.012,155439
2010-02-08,50.53,50.53,50.4399,50.4399,9673
2010-02-09,50.4399,50.4399,50.4399,50.4399,0
2010-02-10,50.4399,50.4399,50.4399,50.4399,0
2010-02-11,50.03,50.04,49.9799,49.98,6835
2010-02-12,50.12,50.12,50.12,50.12,200
2010-02-16,50.04,50.25,50.04,50.25,6195
2010-02-17,50.0,50.0,49.71,49.824,1606
2010-02-18,49.6099,49.74,49.57,49.74,1353
2010-02-19,49.74,49.74,49.74,49.74,0
2010-02-22,50.21,50.345,50.16,50.16,1016
2010-02-23,50.51,50.5199,50.34,50.5199,4069
2010-02-24,50.31,50.38,50.2599,50.32,1863
2010-02-25,50.37,50.52,50.2512,50.461,764
2010-02-26,50.461,50.461,50.461,50.461,7000
2010-03-01,50.54,50.91,50.54,50.844,1701
2010-03-02,50.83,50.83,50.78,50.78,2000
2010-03-03,50.75,50.75,50.75,50.75,175
2010-03-04,51.0899,51.0899,51.01,51.0299,5224
2010-03-05,50.62,50.62,50.29,50.38,4925
2010-03-08,50.39,50.39,50.304,50.304,424
2010-03-09,50.51,50.51,50.49,50.49,345
2010-03-10,50.2999,50.31,50.2999,50.31,711
2010-03-11,50.68,50.68,50.57,50.57,956
2010-03-12,50.8399,50.8399,50.7799,50.78,788
2010-03-15,50.6599,50.78,50.6599,50.78,258
2010-03-16,51.0599,51.0599,51.05,51.05,389
2010-03-17,51.21,51.24,51.18,51.19,7750
2010-03-18,51.415,51.452,51.36,51.36,1433
2010-03-19,51.49,51.49,51.4567,51.4567,670
2010-03-22,51.4567,51.4567,51.4567,51.4567,0
2010-03-23,51.24,51.24,51.1165,51.19,407
2010-03-24,50.8,51.03,50.557,50.58,1489
2010-03-25,50.61,50.72,50.538,50.72,1405
2010-03-26,50.59,50.59,50.45,50.4608,962
2010-03-29,50.51,50.62,50.51,50.62,2835
2010-03-30,50.58,50.72,50.5799,50.72,7506
2010-03-31,50.72,50.72,50.72,50.72,500
2010-04-01,50.4936,50.6335,50.4936,50.6099,790
2010-04-05,49.91,50.1535,49.9,49.91,1570
2010-04-06,50.0,50.12,50.0,50.12,1438
2010-04-07,50.33,50.6299,50.33,50.5,301
2010-04-08,50.6506,50.6506,50.5,50.5,370
2010-04-09,50.78,50.78,50.38,50.52,628
2010-04-12,51.0,51.0,50.83,50.88,1326
2010-04-13,50.98,51.008,50.98,51.008,785
2010-04-14,50.96,50.9799,50.85,50.85,1606
2010-04-15,50.81,51.05,50.81,51.05,2378
2010-04-16,51.38,51.43,51.3,51.34,6870
2010-04-19,51.3155,51.3155,51.19,51.19,1456
2010-04-20,51.18,51.28,51.15,51.28,3218
2010-04-21,51.46,51.65,51.46,51.65,2765
2010-04-22,51.82,51.82,51.61,51.61,790
2010-04-23,51.3901,51.42,51.39,51.42,1365
2010-04-26,51.49,51.5,51.49,51.5,5375
2010-04-27,51.96,51.96,51.9,51.9,3219
2010-04-28,51.9,51.9,51.9,51.9,0
2010-04-29,51.67,51.67,51.67,51.67,6187
2010-04-30,51.67,51.67,51.67,51.67,3400
2010-05-03,51.9,51.9,51.9,51.9,200
2010-05-04,52.22,52.3,52.22,52.3,5107
2010-05-05,52.3,52.3,52.3,52.3,8479
2010-05-06,52.02,52.505,52.02,52.505,6972
2010-05-07,52.26,52.26,51.87,52.0,14087
2010-05-10,51.0,51.24,50.7,51.24,12400
2010-05-11,51.25,51.46,51.23,51.46,14232
2010-05-12,51.24,51.24,51.058,51.06,1832
2010-05-13,51.55,51.55,51.22,51.27,572
2010-05-14,52.07,52.44,52.07,52.12,1900
2010-05-17,52.07,52.28,51.855,51.92,2646
2010-05-18,52.26,52.52,52.22,52.52,2404
2010-05-19,52.46,52.46,52.46,52.46,190
2010-05-20,52.83,52.83,52.32,52.429,4227
2010-05-21,53.08,53.08,52.5,52.5,3800
2010-05-24,52.46,52.46,52.24,52.24,3594
2010-05-25,52.3,52.41,52.3,52.41,1320
2010-05-26,51.66,51.75,51.48,51.74,2764
2010-05-27,50.9236,51.2965,50.918,51.12,986
2010-05-28,51.54,51.54,50.9601,50.9601,217
2010-06-01,51.195,51.195,51.19,51.19,464
2010-06-02,51.08,51.08,51.08,51.08,140
2010-06-03,50.79,50.79,50.79,50.79,100
2010-06-04,51.38,51.38,51.38,51.38,200
2010-06-07,51.38,51.38,51.38,51.38,0
2010-06-08,51.43,51.43,51.37,51.37,334
2010-06-09,51.19,51.26,51.19,51.26,517
2010-06-10,50.88,50.88,50.66,50.66,757
2010-06-11,51.28,51.3599,51.28,51.3599,425
2010-06-14,50.62,50.82,50.58,50.635,1749
2010-06-15,50.75,50.75,50.48,50.4801,923
2010-06-16,50.98,51.016,50.85,51.016,1075
2010-06-17,51.33,51.57,51.33,51.57,1125
2010-06-18,51.57,51.57,51.57,51.57,0
2010-06-21,51.47,51.47,51.4699,51.4699,700
2010-06-22,51.846,51.846,51.846,51.846,100
2010-06-23,52.51,52.52,52.51,52.52,625
2010-06-24,52.07,52.17,52.07,52.17,1243
2010-06-25,52.2,52.2,52.2,52.2,166
2010-06-28,52.2,52.2,52.2,52.2,0
2010-06-29,52.68,52.76,52.68,52.76,1436
2010-06-30,52.82,52.82,52.82,52.82,200
2010-07-01,53.0,53.1,53.0,53.08,686
2010-07-02,52.4,52.61,52.4,52.61,6436
2010-07-06,52.6,52.87,52.6,52.74,3013
2010-07-07,52.79,52.81,52.58,52.65,7801
2010-07-08,52.49,52.61,52.41,52.58,2146
2010-07-09,52.21,52.421,52.2,52.4,1514
2010-07-12,52.45,52.45,52.45,52.45,775
2010-07-13,52.62,52.62,52.109,52.26,5542
2010-07-14,52.6999,52.6999,52.6999,52.6999,100
2010-07-15,53.2,53.25,53.2,53.25,522
2010-07-16,53.23,53.23,53.22,53.22,550
2010-07-19,53.29,53.35,53.2,53.2,2100
2010-07-20,53.31,53.31,53.17,53.18,3999
2010-07-21,53.25,53.78,53.25,53.78,1175
2010-07-22,53.39,53.572,53.39,53.5599,1620
2010-07-23,53.61,53.76,53.34,53.34,1146
2010-07-26,53.37,53.4215,53.0601,53.35,824
2010-07-27,53.14,53.14,53.12,53.12,203
2010-07-28,53.28,53.58,53.28,53.58,1737
2010-07-29,53.48,53.56,53.3,53.52,4360
2010-07-30,54.08,54.08,54.0154,54.0154,3200
2010-08-02,53.64,53.67,53.64,53.66,1472
2010-08-03,53.51,53.57,53.39,53.57,1914
2010-08-04,53.383,53.4,53.35,53.35,2639
2010-08-05,53.72,53.84,53.67,53.84,4618
2010-08-06,54.07,54.17,54.07,54.17,1814
2010-08-09,53.96,54.07,53.96,54.07,400
2010-08-10,54.065,54.3399,54.065,54.3399,400
2010-08-11,54.19,54.48,54.18,54.48,5370
2010-08-12,54.65,54.65,54.3,54.33,9523
2010-08-13,54.66,54.66,54.5658,54.601,974
2010-08-16,54.601,54.601,54.601,54.601,0
2010-08-17,55.47,55.47,55.208,55.28,5075
2010-08-18,55.62,55.93,55.58,55.59,2652
2010-08-19,56.03,56.03,55.99,55.99,1140
2010-08-20,56.22,56.22,56.22,56.22,5000
2010-08-23,55.9,56.04,55.876,56.04,2215
2010-08-24,56.39,56.67,56.255,56.255,3878
2010-08-25,56.65,56.66,56.14,56.15,9115
2010-08-26,56.21,56.59,56.21,56.55,1726
2010-08-27,56.37,56.37,55.48,55.66,13882
2010-08-30,55.93,56.08,55.7,56.08,5245
2010-08-31,55.71,56.06,55.71,56.025,1160
2010-09-01,55.06,55.06,55.06,55.06,840
2010-09-02,55.03,55.03,54.487,54.49,11054
2010-09-03,53.82,54.18,53.82,54.15,169450
2010-09-07,54.81,55.05,54.78,55.05,687
2010-09-08,54.995,54.995,54.995,54.995,180
2010-09-09,54.65,54.65,54.37,54.37,12866
2010-09-10,54.015,54.1,53.9701,54.1,7320
2010-09-13,53.9,54.31,53.9,54.31,42915
2010-09-14,54.5,54.77,54.5,54.77,770
2010-09-15,54.665,54.73,54.23,54.23,5017
2010-09-16,53.775,53.775,53.775,53.775,893
2010-09-17,53.8601,53.8601,53.8601,53.8601,149
2010-09-20,54.07,54.07,53.851,53.9388,900
2010-09-21,53.9388,53.9388,53.9388,53.9388,0
2010-09-22,55.125,55.125,55.125,55.125,155
2010-09-23,55.265,55.265,55.265,55.265,117
2010-09-24,54.51,54.732,54.5,54.57,3907
2010-09-27,54.57,54.57,54.57,54.57,0
2010-09-28,55.5899,55.5899,55.51,55.55,511
2010-09-29,55.2599,55.2599,55.23,55.23,3629
2010-09-30,55.375,55.57,54.995,55.52,1810
2010-10-01,55.14,55.14,55.14,55.14,100
2010-10-04,55.19,55.27,55.19,55.21,3625
2010-10-05,54.94,55.044,54.94,55.044,2388
2010-10-06,55.72,55.72,55.64,55.64,630
2010-10-07,55.76,55.76,55.54,55.64,3231
2010-10-08,55.6,55.6,55.53,55.54,1700
2010-10-11,55.76,55.76,54.98,55.6599,1265
2010-10-12,55.51,55.51,55.51,55.51,200
2010-10-13,54.79,55.12,54.79,55.03,1318
2010-10-14,55.03,55.16,55.03,55.05,1460
2010-10-15,54.15,54.24,54.15,54.24,888
2010-10-18,54.47,54.64,54.12,54.155,4744
2010-10-19,54.51,54.51,54.2,54.2,200
2010-10-20,54.68,54.92,54.68,54.82,2724
2010-10-21,54.86,54.86,54.86,54.86,500
2010-10-22,54.86,54.86,54.86,54.86,0
2010-10-25,55.17,55.17,54.58,54.735,1209
2010-10-26,54.67,54.67,54.37,54.395,831
2010-10-27,54.42,54.52,54.3299,54.3299,832
2010-10-28,54.4199,54.4274,54.06,54.4274,1635
2010-10-29,54.6,54.75,54.23,54.23,7467
2010-11-01,54.03,54.2,54.02,54.1999,1435
2010-11-02,54.36,54.53,54.36,54.53,3835
2010-11-03,54.88,54.8801,54.01,54.358,1520
2010-11-04,54.16,54.865,54.05,54.76,13354
2010-11-05,54.39,54.41,54.2,54.384,4609
2010-11-08,54.3,54.39,54.1485,54.19,8400
2010-11-09,54.33,54.33,53.74,53.86,1672
2010-11-10,53.52,53.52,53.02,53.02,17740
2010-11-11,53.08,53.11,52.88,53.0204,15397
2010-11-12,52.98,52.98,52.96,52.96,364
2010-11-15,52.53,52.53,52.11,52.11,32365
2010-11-16,52.36,52.93,52.1,52.92,8168
2010-11-17,52.93,53.12,52.8,52.8,3905
2010-11-18,52.94,52.95,52.746,52.8973,891
2010-11-19,53.08,53.39,52.995,53.0501,1723
2010-11-22,53.0501,53.0501,53.0501,53.0501,0
2010-11-23,53.78,53.85,53.78,53.85,850
2010-11-24,53.0,53.0,53.0,53.0,150
2010-11-26,53.45,53.45,53.39,53.39,1278
2010-11-29,53.61,53.615,53.575,53.615,1948
2010-11-30,53.615,53.615,53.615,53.615,1300
2010-12-01,53.35,53.35,53.0,53.04,1329
2010-12-02,53.28,53.28,52.78,52.925,1932
2010-12-03,52.8,52.9,52.62,52.78,22368
2010-12-06,52.81,52.99,52.79,52.99,10059
2010-12-07,52.68,52.7,52.315,52.315,2337
2010-12-08,51.92,51.92,51.378,51.7682,4262
2010-12-09,51.83,52.24,51.83,52.2,2012
2010-12-10,52.19,52.2,52.0,52.11,53763
2010-12-13,51.835,52.3,51.835,52.3,900
2010-12-14,51.85,51.89,51.53,51.71,3504
2010-12-15,51.715,51.715,51.66,51.66,690
2010-12-16,51.46,51.625,51.15,51.45,20495
2010-12-17,51.89,52.305,51.54,52.24,12331
2010-12-20,52.39,52.4099,52.16,52.16,6080
2010-12-21,52.24,52.256,52.1118,52.256,765
2010-12-22,52.43,52.5288,52.2735,52.2735,1612
2010-12-23,52.29,52.29,52.13,52.13,529
2010-12-27,52.42,52.42,51.98,51.98,1060
2010-12-28,52.29,52.38,51.862,51.862,3868
2010-12-29,52.4399,52.45,52.42,52.45,11064
2010-12-30,52.62,52.62,52.35,52.35,4000
2010-12-31,52.69,53.07,52.6,52.98,2068
2011-01-03,52.69,52.98,52.6,52.98,4403
2011-01-04,52.95,52.97,52.62,52.67,31123
2011-01-05,52.65,52.65,52.03,52.03,1301
2011-01-06,52.2,52.585,52.2,52.48,3473
2011-01-07,52.7,52.79,52.7,52.705,2228
2011-01-10,52.88,52.88,52.79,52.79,485
2011-01-11,52.74,52.74,52.41,52.42,1400
2011-01-12,52.55,52.78,52.27,52.78,317
2011-01-13,52.78,52.78,52.78,52.78,0
2011-01-14,53.08,53.08,52.52,52.5348,4271
2011-01-18,52.59,52.59,52.1,52.39,2646
2011-01-19,52.5128,52.61,52.4901,52.54,2437
2011-01-20,52.44,52.44,52.14,52.14,1035
2011-01-21,52.17,52.41,52.16,52.41,2701
2011-01-24,52.42,52.42,52.42,52.42,552
2011-01-25,52.69,53.09,52.49,53.09,3840
2011-01-26,53.03,53.03,52.1,52.225,4894
2011-01-27,52.25,52.51,52.25,52.51,4591
2011-01-28,52.27,52.65,52.27,52.65,1971
2011-01-31,52.53,52.53,52.21,52.26,774
2011-02-01,52.12,52.16,51.9376,52.0593,6474
2011-02-02,52.25,52.25,51.76,51.76,855
2011-02-03,52.01,52.07,51.6901,51.8,2341
2011-02-04,51.728,51.728,51.3,51.55,4270
2011-02-07,51.52,51.68,51.494,51.67,1611
2011-02-08,51.6,51.6,51.375,51.44,10483
2011-02-09,51.64,52.05,51.55,52.04,13081
2011-02-10,51.66,51.79,51.57,51.6,8152
2011-02-11,52.12,52.12,51.79,51.81,4778
2011-02-14,51.95,51.95,51.81,51.81,593
2011-02-15,51.8248,51.8248,51.72,51.7201,5606
2011-02-16,51.93,51.94,51.74,51.78,45136
2011-02-17,51.8301,52.05,51.8301,51.92,1494
2011-02-18,51.8499,51.87,51.73,51.73,2069
2011-02-22,51.99,52.43,51.99,52.33,7428
2011-02-23,52.67,52.67,52.36,52.36,2245
2011-02-24,52.59,52.61,52.3,52.33,12538
2011-02-25,52.47,52.55,52.34,52.55,6656
2011-02-28,52.7,52.86,52.62,52.64,3805
2011-03-01,52.57,52.84,52.55,52.68,11055
2011-03-02,52.55,52.63,52.3,52.31,2920
2011-03-03,52.22,52.22,51.84,51.96,2486
2011-03-04,52.16,52.33,52.1101,52.18,5950
2011-03-07,52.12,52.32,52.04,52.04,675
2011-03-08,52.14,52.16,51.79,51.98,8543
2011-03-09,52.25,52.37,51.9514,52.28,3717
2011-03-10,52.45,52.63,52.35,52.63,9300
2011-03-11,52.86,52.86,52.39,52.48,7811
2011-03-14,52.54,52.58,52.44,52.44,1815
2011-03-15,52.97,52.97,52.64,52.71,2580
2011-03-16,52.94,53.29,52.71,52.88,6192
2011-03-17,52.45,52.86,52.43,52.76,3073
2011-03-18,52.88,52.93,52.75,52.93,3472
2011-03-21,52.6,52.83,52.6,52.83,1605
2011-03-22,52.83,52.83,52.83,52.83,0
2011-03-23,53.16,53.16,52.76,52.8,4435
2011-03-24,52.81,52.81,52.54,52.54,5128
2011-03-25,52.82,52.82,52.4,52.45,2150
2011-03-28,52.18,52.5,52.18,52.5,560
2011-03-29,52.63,52.63,52.41,52.44,2425
2011-03-30,52.34,52.56,52.34,52.45,2571
2011-03-31,52.98,52.98,52.36,52.41,4191
2011-04-01,52.27,52.48,52.1,52.48,13482
2011-04-04,52.71,52.71,52.49,52.49,8286
2011-04-05,52.5,52.6499,52.3,52.3,14438
2011-04-06,52.0899,52.1,52.04,52.1,800
2011-04-07,51.98,52.01,51.98,52.01,1150
2011-04-08,51.85,51.86,51.55,51.81,8781
2011-04-11,51.77,51.92,51.77,51.87,925
2011-04-12,52.07,52.26,51.96,52.18,1946
2011-04-13,52.08,52.28,52.08,52.28,200
2011-04-14,52.25,52.385,52.25,52.385,406
2011-04-15,52.89,52.89,52.54,52.54,700
2011-04-18,52.83,52.83,52.58,52.58,1102
2011-04-19,52.9699,52.9699,52.79,52.79,620
2011-04-20,53.19,53.19,52.9,52.9,2269
2011-04-21,53.0,53.06,52.828,52.828,3504
2011-04-25,53.04,53.0655,52.77,52.8,4466
2011-04-26,53.07,53.23,53.01,53.23,4053
2011-04-27,53.08,53.08,52.952,52.952,1048
2011-04-28,53.25,53.26,53.12,53.19,1955
2011-04-29,53.5,53.5,53.21,53.38,12917
2011-05-02,53.79,53.79,53.44,53.54,1495
2011-05-03,53.64,53.64,53.45,53.53,1622
2011-05-04,53.99,53.99,53.8,53.89,38752
2011-05-05,53.94,54.09,53.93,53.95,873
2011-05-06,54.1,54.15,53.89,54.14,6446
2011-05-09,53.94,54.1,53.73,54.1,5222
2011-05-10,54.18,54.18,54.0599,54.0599,1290
2011-05-11,53.88,54.06,53.88,54.06,985
2011-05-12,53.5,53.98,53.5,53.8,8361
2011-05-13,54.06,54.17,53.94,54.1299,3598
2011-05-16,54.16,54.17,54.14,54.14,1380
2011-05-17,54.48,54.52,54.34,54.5,3002
2011-05-18,54.7,54.7,53.9109,54.426,3785
2011-05-19,54.13,54.16,53.59,54.15,8377
2011-05-20,54.2699,54.2699,54.15,54.15,375
2011-05-23,54.27,54.48,54.27,54.32,9987
2011-05-24,54.4599,54.59,54.24,54.31,4090
2011-05-25,54.27,54.62,54.24,54.43,2805
2011-05-26,54.35,54.74,54.2801,54.72,3970
2011-05-27,54.36,55.62,54.35,55.6,3546
2011-05-31,54.33,54.85,54.33,54.56,7080
2011-06-01,54.65,54.98,54.59,54.88,5107
2011-06-02,54.24,54.46,53.9901,54.13,8565
2011-06-03,54.01,54.33,54.0,54.28,4850
2011-06-06,53.49,54.26,53.49,54.14,3069
2011-06-07,53.74,54.1575,53.71,54.05,4435
2011-06-08,54.35,54.59,54.3,54.55,16683
2011-06-09,54.67,54.81,54.2,54.5,5518
2011-06-10,55.41,55.5299,54.67,55.29,3017
2011-06-13,54.47,54.75,54.2501,54.35,6716
2011-06-14,54.29,54.29,53.99,54.17,23038
2011-06-15,53.84,54.52,53.84,54.335,2230
2011-06-16,54.38,54.84,54.36,54.84,3967
2011-06-17,54.65,54.81,54.4,54.78,4574
2011-06-20,54.31,54.92,54.211,54.66,19538
2011-06-21,54.11,54.7899,54.1,54.76,8112
2011-06-22,54.25,54.61,54.16,54.61,4600
2011-06-23,54.9099,54.92,54.2501,54.635,3491
2011-06-24,54.31,54.44,54.31,54.41,2958
2011-06-27,53.96,54.3799,53.53,54.1299,1250
2011-06-28,53.62,54.27,53.302,53.9499,2140
2011-06-29,53.7,54.23,53.7,54.06,2676
2011-06-30,53.41,54.0999,52.99,53.9,4947
2011-07-01,53.26,54.0,53.26,54.0,5954
2011-07-05,53.486,54.25,53.43,54.16,5765
2011-07-06,53.51,54.38,53.51,54.056,1974
2011-07-07,54.22,54.61,54.22,54.52,6553
2011-07-08,53.92,54.84,53.92,54.8,1350
2011-07-11,54.43,54.77,54.2,54.77,4057
2011-07-12,55.06,55.095,54.8,54.92,2714
2011-07-13,55.34,55.38,55.17,55.17,4080
2011-07-14,54.51,55.21,54.47,54.75,9392
2011-07-15,54.87,55.32,54.23,55.18,9582
2011-07-18,54.27,55.1,54.06,54.06,1531
2011-07-19,54.06,55.6,53.93,55.6,1425
2011-07-20,55.45,55.45,55.05,55.05,1608
2011-07-21,54.12,54.9,53.96,54.9,2610
2011-07-22,55.09,55.25,55.0,55.2,4758
2011-07-25,54.9,55.01,54.1,54.75,2059
2011-07-26,54.18,55.28,54.18,55.24,1330
2011-07-27,55.21,55.64,54.16,55.6,3425
2011-07-28,54.75,56.03,54.75,55.73,1083
2011-07-29,54.96,56.24,54.95,56.19,60934
2011-08-01,57.02,57.27,55.32,55.8,8948
2011-08-02,56.0,56.5,55.9,56.5,14305
2011-08-03,57.43,58.02,56.56,57.94,1162499
2011-08-04,58.13,58.13,57.536,57.68,814709
2011-08-05,57.38,58.23,56.61,56.85,563887
2011-08-08,56.23,58.88,55.99,57.2199,272026
2011-08-09,57.29,59.22,56.8,58.13,264266
2011-08-10,58.0,58.58,56.93,58.3,109521
2011-08-11,57.02,57.48,54.68,56.3,219370
2011-08-12,55.74,57.01,55.74,56.84,133080
2011-08-15,56.33,57.14,56.33,56.71,187274
2011-08-16,56.32,57.21,55.9046,57.16,56924
2011-08-17,56.75,57.55,56.75,57.55,27957
2011-08-18,57.55,58.04,57.1,57.9,50800
2011-08-19,57.8,58.39,57.4908,58.13,15274
2011-08-22,57.75,58.17,57.53,57.93,33641
2011-08-23,56.98,57.88,56.7845,56.79,29113
2011-08-24,56.69,56.87,55.85,55.85,46083
2011-08-25,55.96,56.64,55.651,56.45,31365
2011-08-26,56.41,56.8,56.0,56.5,34148
2011-08-29,55.93,56.4701,55.49,55.91,79759
2011-08-30,56.29,56.95,55.94,56.6,44975
2011-08-31,56.75,56.94,56.22,56.48,40793
2011-09-01,56.42,56.95,55.96,56.95,36149
2011-09-02,57.32,57.71,57.08,57.71,99654
2011-09-06,58.1,58.23,57.76,58.01,92423
2011-09-07,57.55,57.73,57.205,57.57,31435
2011-09-08,57.46,57.654,57.1216,57.6,32784
2011-09-09,57.42,57.68,57.25,57.52,39534
2011-09-12,57.233,57.57,56.99,57.43,20196
2011-09-13,56.9,57.14,56.82,57.11,43680
2011-09-14,56.97,57.34,56.6401,57.22,20868
2011-09-15,56.85,57.06,56.53,56.78,14283
2011-09-16,56.62,57.0,56.44,56.98,10145
2011-09-19,57.35,57.55,57.06,57.14,18793
2011-09-20,57.39,57.59,57.07,57.59,20460
2011-09-21,57.4535,58.44,57.0,58.41,22108
2011-09-22,58.76,59.12,58.2501,59.02,45009
2011-09-23,58.33,58.45,57.41,57.95,39374
2011-09-26,57.86,57.93,57.23,57.51,18722
2011-09-27,56.78,57.18,56.6401,57.03,153328
2011-09-28,56.85,56.86,56.29,56.75,42189
2011-09-29,56.98,57.309,56.51,56.98,52897
2011-09-30,58.13,58.13,57.09,57.54,171747
2011-10-03,58.18,58.62,57.73,58.22,83461
2011-10-04,58.11,58.5,56.95,56.95,198133
2011-10-05,57.1,57.27,56.402,56.7,184011
2011-10-06,57.11,57.28,56.16,56.58,64559
2011-10-07,56.69,57.14,56.424,56.6,150026
2011-10-10,56.03,56.69,56.02,56.67,27111
2011-10-11,56.82,56.91,56.38,56.71,65756
2011-10-12,56.25,56.79,56.15,56.75,71376
2011-10-13,56.3,57.1781,56.3,56.94,45735
2011-10-14,56.45,56.98,56.02,56.7,78366
2011-10-17,56.83,57.37,56.66,57.37,39130
2011-10-18,57.05,57.82,57.03,57.41,61024
2011-10-19,57.2,57.873,57.03,57.69,27637
2011-10-20,57.39,58.01,57.39,57.71,162131
2011-10-21,57.67,58.07,57.6,57.81,99002
2011-10-24,58.08,58.08,57.31,57.56,305901
2011-10-25,57.5,58.82,57.5,58.8,32292
2011-10-26,58.68,58.98,58.16,58.27,41586
2011-10-27,58.47,58.47,57.483,57.83,62339
2011-10-28,57.72,58.19,57.69,58.07,76915
2011-10-31,58.43,59.33,58.43,59.33,38993
2011-11-01,60.12,60.12,58.97,59.88,59317
2011-11-02,59.12,59.73,58.52,59.46,61386
2011-11-03,58.97,59.59,58.97,59.37,36435
2011-11-04,58.68,59.2735,58.68,59.18,46675
2011-11-07,59.0,59.71,59.0,59.36,64858
2011-11-08,59.07,59.46,58.41,58.66,32265
2011-11-09,58.91,59.289,58.85,59.2,147693
2011-11-10,58.49,58.89,58.02,58.55,77268
2011-11-11,58.03,58.47,58.03,58.36,60329
2011-11-14,58.64,58.93,58.276,58.41,28882
2011-11-15,58.08,58.539,57.86,58.24,31191
2011-11-16,58.07,58.38,57.84,58.38,29708
2011-11-17,57.92,58.41,57.6,58.25,43059
2011-11-18,58.17,58.37,58.02,58.28,41690
2011-11-21,58.13,58.19,57.951,58.02,83411
2011-11-22,57.85,58.2,57.69,58.2,29686
2011-11-23,57.92,58.24,57.74,58.18,51439
2011-11-25,58.49,58.799,57.58,57.58,11832
2011-11-28,57.07,58.0,56.58,57.97,52234
2011-11-29,57.62,57.799,57.249,57.41,50506
2011-11-30,57.22,57.477,57.0096,57.32,51556
2011-12-01,57.3,57.34,56.3856,57.08,64336
2011-12-02,57.07,57.4,57.05,57.3,106086
2011-12-05,57.23,57.8,57.23,57.8,81472
2011-12-06,57.63,57.63,57.106,57.54,38227
2011-12-07,57.5,57.82,57.13,57.72,40674
2011-12-08,57.68,58.05,57.34,57.98,101400
2011-12-09,57.87,57.87,57.21,57.21,44340
2011-12-12,57.34,57.81,56.88,57.04,43642
2011-12-13,57.35,58.17,57.05,58.0,28348
2011-12-14,57.98,58.49,57.98,58.32,35871
2011-12-15,58.34,58.53,58.04,58.3582,126621
2011-12-16,58.46,58.9471,58.27,58.76,84065
2011-12-19,58.81,59.28,58.73,59.27,59465
2011-12-20,58.89,59.11,58.58,58.66,96757
2011-12-21,58.12,58.34,57.91,57.98,63803
2011-12-22,58.25,58.45,57.91,58.32,46528
2011-12-23,58.63,58.92,58.02,58.25,22695
2011-12-27,57.83,58.65,57.83,58.31,40987
2011-12-28,58.29,58.96,57.85,58.85,27809
2011-12-29,58.62,59.09,58.21,59.02,41807
2011-12-30,58.79,59.14,58.79,59.02,75184
2012-01-03,58.46,58.8,58.04,58.14,69276
2012-01-04,58.56,58.68,58.072,58.6,46098
2012-01-05,58.26,58.71,58.1,58.229,304279
2012-01-06,58.08,58.72,58.078,58.68,36737
2012-01-09,58.65,58.97,58.44,58.68,51989
2012-01-10,58.41,58.73,58.0,58.62,47925
2012-01-11,58.45,59.0,58.25,58.65,61636
2012-01-12,58.55,59.05,58.02,58.06,337358
2012-01-13,58.6,58.92,58.52,58.71,35619
2012-01-17,58.84,59.1,58.4491,59.1,30571
2012-01-18,59.1,59.18,58.25,58.65,52269
2012-01-19,58.54,58.72,58.261,58.55,74861
2012-01-20,58.53,58.53,58.08,58.16,68898
2012-01-23,57.93,58.1091,57.67,57.87,43839
2012-01-24,58.0,58.07,57.65,58.07,48003
2012-01-25,58.11,58.44,57.85,58.11,94785
2012-01-26,58.27,58.3394,57.12,57.46,1068416
2012-01-27,57.82,58.06,57.365,57.9,503341
2012-01-30,58.4,58.6091,58.17,58.27,424186
2012-01-31,58.64,59.06,58.41,59.06,122823
2012-02-01,58.71,58.83,58.37,58.5,230054
2012-02-02,58.59,58.59,58.29,58.49,208990
2012-02-03,58.02,58.19,57.86,58.19,84307
2012-02-06,58.28,58.43,58.15,58.42,1437285
2012-02-07,58.39,58.39,57.91,58.35,329510
2012-02-08,58.47,58.57,58.1605,58.34,91851
2012-02-09,58.37,58.37,57.89,58.105,102176
2012-02-10,58.24,58.25,57.89,58.13,131637
2012-02-13,58.29,58.46,58.163,58.4,83767
2012-02-14,58.54,58.7287,58.41,58.6,86070
2012-02-15,58.65,58.93,58.55,58.71,216166
2012-02-16,58.5,58.51,58.19,58.5,57112
2012-02-17,58.24,58.49,58.2,58.47,22342
2012-02-21,58.41,58.47,58.17,58.18,31208
2012-02-22,58.45,58.72,58.41,58.72,33693
2012-02-23,58.65,58.899,58.51,58.86,60485
2012-02-24,58.88,59.0491,58.88,59.03,15390
2012-02-27,59.35,59.4591,59.2309,59.33,24680
2012-02-28,59.6,59.71,59.3932,59.62,193472
2012-02-29,59.76,59.76,59.2101,59.39,69392
2012-03-01,58.87,59.08,58.72,59.02,87883
2012-03-02,59.04,59.42,58.9,59.34,420950
2012-03-05,59.24,59.41,59.06,59.17,90007
2012-03-06,59.15,59.3399,59.09,59.14,18379
2012-03-07,59.13,59.28,59.024,59.17,21374
2012-03-08,58.9,59.1384,58.786,58.84,9468
2012-03-09,58.58,58.91,58.51,58.91,18613
2012-03-12,58.87,59.09,58.69,58.73,24587
2012-03-13,58.62,58.8,58.3005,58.44,56397
2012-03-14,58.01,58.24,57.51,57.59,19857
2012-03-15,57.57,57.82,57.52,57.53,34726
2012-03-16,57.32,57.8782,57.2114,57.75,54511
2012-03-19,57.79,57.84,57.05,57.07,36549
2012-03-20,57.57,57.57,56.92,57.08,11254
2012-03-21,57.4,57.67,57.25,57.53,65415
2012-03-22,57.65,57.65,57.34,57.43,38775
2012-03-23,57.83,58.0282,57.7,58.0,18693
2012-03-26,58.01,58.11,57.55,57.9618,12532
2012-03-27,57.99,58.29,57.91,58.13,32496
2012-03-28,58.06,58.34,58.06,58.2,15085
2012-03-29,58.18,58.37,58.071,58.37,31837
2012-03-30,58.38,58.44,57.7187,57.77,35575
2012-04-02,57.82,57.978,57.47,57.52,69024
2012-04-03,57.81,57.942,56.89,56.91,42458
2012-04-04,57.26,57.38,57.16,57.38,18367
2012-04-05,57.55,57.6599,57.34,57.6,25211
2012-04-09,58.26,58.4,58.13,58.185,10173
2012-04-10,58.22,58.5982,58.22,58.47,18952
2012-04-11,58.45,58.45,57.9801,58.24,10838
2012-04-12,58.27,58.32,58.0,58.18,67606
2012-04-13,58.59,58.68,58.464,58.66,15048
2012-04-16,58.67,58.88,58.57,58.59,23487
2012-04-17,58.63,58.68,58.4863,58.68,13272
2012-04-18,58.69,58.83,58.58,58.77,41415
2012-04-19,58.85,58.97,58.67,58.77,31107
2012-04-20,58.54,58.96,58.54,58.93,29647
2012-04-23,58.88,59.04,58.772,58.82,15158
2012-04-24,58.81,58.83,58.67,58.72,27616
2012-04-25,58.68,58.78,58.37,58.63,16081
2012-04-26,58.71,58.97,58.6905,58.76,32678
2012-04-27,58.79,58.91,58.746,58.75,15265
2012-04-30,58.92,59.0,58.75,58.83,19871
2012-05-01,58.73,58.9,58.42,58.7,28524
2012-05-02,58.9,58.9,58.7109,58.76,8938
2012-05-03,58.82,59.06,58.77,59.0,11914
2012-05-04,59.09,59.2,59.01,59.2,46031
2012-05-07,59.25,59.28,59.15,59.24,14397
2012-05-08,59.31,59.44,59.2,59.28,42878
2012-05-09,59.33,59.38,59.11,59.37,184343
2012-05-10,59.2,59.26,58.93,59.13,28138
2012-05-11,59.52,59.52,59.25,59.36,78293
2012-05-14,59.72,59.72,59.51,59.56,108501
2012-05-15,59.58,59.7,59.4314,59.55,58370
2012-05-16,59.4,59.76,59.22,59.71,199227
2012-05-17,59.4,59.79,59.281,59.39,173916
2012-05-18,59.19,59.33,58.93,59.05,96266
2012-05-21,59.0776,59.19,58.95,59.03,143214
2012-05-22,58.7,58.8291,58.5275,58.6501,48782
2012-05-23,58.95,59.21,58.95,58.96,20456
2012-05-24,58.96,59.03,58.5,58.53,51738
2012-05-25,58.82,58.86,58.5,58.56,122552
2012-05-29,58.8,59.07,58.72,58.81,39530
2012-05-30,59.23,59.492,59.19,59.44,62403
2012-05-31,59.71,60.17,59.53,59.8299,12948
2012-06-01,59.73,60.21,59.65,60.1928,31804
2012-06-04,60.07,60.25,59.7819,60.06,43076
2012-06-05,59.74,59.74,59.4,59.4,5286
2012-06-06,59.53,59.53,59.12,59.12,6820
2012-06-07,59.21,59.45,59.09,59.45,15964
2012-06-08,59.86,59.93,59.2745,59.49,13279
2012-06-11,59.47,59.8,59.34,59.53,15683
2012-06-12,59.41,59.5399,59.21,59.3,33595
2012-06-13,59.33,59.689,59.3,59.62,9333
2012-06-14,59.625,59.7785,59.55,59.56,38315
2012-06-15,60.01,60.07,59.83,60.048,49082
2012-06-18,60.21,60.5,60.06,60.38,139336
2012-06-19,60.14,60.2399,59.885,60.06,31649
2012-06-20,59.85,60.5199,59.78,60.47,22644
2012-06-21,60.47,60.859,60.44,60.65,53355
2012-06-22,60.49,60.6,60.2,60.25,20853
2012-06-25,60.52,60.73,60.515,60.67,23529
2012-06-26,60.41,60.72,60.41,60.57,35019
2012-06-27,60.53,60.7299,60.42,60.62,42447
2012-06-28,60.77,60.88,60.629,60.72,25093
2012-06-29,60.4,60.6088,60.33,60.48,19379
2012-07-02,60.6901,61.13,60.6901,60.92,100429
2012-07-03,60.75,60.939,60.74,60.78,42113
2012-07-05,60.58,61.05,60.58,60.895,29750
2012-07-06,60.86,61.37,60.86,61.29,18178
2012-07-09,61.13,61.43,61.09,61.43,36043
2012-07-10,61.43,61.6499,61.38,61.64,28804
2012-07-11,61.64,61.7906,61.4835,61.72,79184
2012-07-12,61.66,62.0,61.66,61.96,29682
2012-07-13,62.03,62.19,61.82,62.12,21162
2012-07-16,62.19,62.54,62.12,62.3,30060
2012-07-17,62.26,62.5,62.24,62.37,15168
2012-07-18,62.71,62.71,62.04,62.3,142329
2012-07-19,61.81,62.6,61.81,62.4593,88174
2012-07-20,62.75,62.8693,62.48,62.81,16047
2012-07-23,62.9,63.01,62.7244,62.79,45081
2012-07-24,62.64,63.21,62.64,63.091,32297
2012-07-25,63.09,63.3,63.011,63.2,20515
2012-07-26,63.19,63.37,62.89,62.89,32837
2012-07-27,62.84,62.84,62.12,62.59,142207
2012-07-30,62.7,63.15,62.45,63.15,20567
2012-07-31,63.18,63.3091,62.91,63.25,13907
2012-08-01,63.0,63.1866,62.74,62.9268,27535
2012-08-02,63.06,63.3175,62.64,62.7,46400
2012-08-03,62.64,62.6899,62.26,62.45,24658
2012-08-06,62.63,62.74,62.44,62.63,17127
2012-08-07,62.28,62.28,62.0403,62.2,12762
2012-08-08,62.28,62.31,61.75,62.1,70187
2012-08-09,62.03,62.1,61.69,61.89,193704
2012-08-10,62.28,62.39,62.03,62.18,18817
2012-08-13,62.3,62.4,62.1928,62.2,14907
2012-08-14,61.78,61.7952,61.48,61.53,27486
2012-08-15,61.35,61.35,60.99,61.0701,33099
2012-08-16,61.33,61.54,60.87,61.03,1818952
2012-08-17,61.1,61.32,61.03,61.13,410619
2012-08-20,61.12,61.36,61.12,61.28,246828
2012-08-21,61.22,61.43,60.86,61.42,309315
2012-08-22,61.71,62.13,61.71,62.12,178825
2012-08-23,62.14,62.3965,62.12,62.28,119259
2012-08-24,62.33,62.431,62.091,62.2,29602
2012-08-27,62.38,62.501,62.21,62.47,69941
2012-08-28,62.37,62.72,62.249,62.57,84280
2012-08-29,62.47,62.47,62.3,62.41,76234
2012-08-30,62.64,62.64,62.42,62.46,25480
2012-08-31,62.41,63.09,62.375,63.09,79080
2012-09-04,62.65,62.77,62.46,62.76,46350
2012-09-05,62.52,62.67,62.41,62.6399,70192
2012-09-06,62.31,62.34,61.96,62.02,57736
2012-09-07,62.58,62.65,61.86,62.11,217912
2012-09-10,61.78,62.2789,61.78,62.26,63826
2012-09-11,62.23,62.24,62.03,62.2,378267
2012-09-12,61.77,61.9488,61.71,61.84,33423
2012-09-13,61.9,62.25,61.44,61.83,68572
2012-09-14,61.57,61.57,61.04,61.14,25787
2012-09-17,61.4,61.796,61.388,61.6,126795
2012-09-18,61.95,62.11,61.69,61.84,35570
2012-09-19,62.2,62.4,62.09,62.16,84280
2012-09-20,62.45,62.49,62.1,62.22,56909
2012-09-21,61.93,62.32,61.93,62.32,45750
2012-09-24,62.45,62.49,62.4,62.48,36411
2012-09-25,62.62,62.76,62.41,62.76,15937
2012-09-26,62.89,63.18,62.76,63.18,78093
2012-09-27,62.86,63.14,62.86,62.99,13994
2012-09-28,62.95,63.2765,62.85,63.02,33192
2012-10-01,62.75,63.013,62.45,63.013,81677
2012-10-02,62.89,63.0699,62.73,62.99,39498
2012-10-03,62.91,63.23,62.91,63.11,48463
2012-10-04,63.03,63.16,62.95,63.02,57988
2012-10-05,62.47,62.71,62.47,62.61,28587
2012-10-08,62.61,62.95,62.52,62.95,68763
2012-10-09,62.74,63.0699,62.74,62.82,23620
2012-10-10,62.62,63.246,62.62,63.11,82695
2012-10-11,63.09,63.3299,62.9,63.25,215437
2012-10-12,63.6,63.8696,63.6,63.67,15262
2012-10-15,63.8,63.91,63.7053,63.85,23990
2012-10-16,63.68,63.72,63.5135,63.58,70167
2012-10-17,63.57,63.58,63.398,63.56,121022
2012-10-18,63.55,63.8198,63.34,63.47,84699
2012-10-19,63.49,63.84,63.49,63.84,60811
2012-10-22,63.6,63.7699,63.51,63.53,22228
2012-10-23,63.54,63.82,63.3535,63.81,62085
2012-10-24,63.51,63.72,63.42,63.49,43792
2012-10-25,63.26,63.52,63.15,63.26,45416
2012-10-26,63.39,63.74,63.12,63.7007,36194
2012-10-31,63.7,64.13,63.64,63.97,45241
2012-11-01,63.67,63.81,63.44,63.7,97124
2012-11-02,63.53,63.65,63.35,63.55,74739
2012-11-05,63.66,63.78,63.564,63.6,23779
2012-11-06,63.48,63.5486,63.222,63.28,38480
2012-11-07,63.81,63.89,63.6284,63.7,38880
2012-11-08,63.54,63.88,63.384,63.88,122640
2012-11-09,63.97,63.98,63.34,63.79,35918
2012-11-12,63.66,63.96,63.5601,63.87,33968
2012-11-13,63.99,63.99,63.65,63.99,137043
2012-11-14,63.69,63.8691,63.41,63.73,101114
2012-11-15,63.44,63.7077,63.31,63.49,75846
2012-11-16,63.42,63.6096,63.36,63.52,51456
2012-11-19,63.43,63.7,63.3501,63.66,39673
2012-11-20,63.58,63.61,63.2101,63.31,139431
2012-11-21,63.13,63.33,63.13,63.33,38569
2012-11-23,63.28,63.32,63.13,63.26,17117
2012-11-26,63.54,63.6299,63.42,63.43,28188
2012-11-27,63.41,63.66,63.41,63.65,39214
2012-11-28,63.59,63.78,63.53,63.53,60038
2012-11-29,63.49,63.73,63.292,63.64,84098
2012-11-30,63.72,63.73,63.46,63.51,56037
2012-12-03,62.96,63.4099,62.87,63.3383,106361
2012-12-04,63.49,63.62,63.38,63.6,56448
2012-12-05,63.51,63.73,63.51,63.6,61648
2012-12-06,63.58,63.72,63.51,63.59,59231
2012-12-07,63.38,63.42,63.23,63.37,106339
2012-12-10,63.46,63.52,63.3,63.38,125095
2012-12-11,63.2,63.24,63.05,63.18,69910
2012-12-12,63.12,63.2,62.78,62.84,76504
2012-12-13,62.72,62.8,62.56,62.78,74722
2012-12-14,62.96,63.04,62.92,63.03,23599
2012-12-17,62.96,63.02,62.43,62.44,54236
2012-12-18,62.45,62.56,62.1,62.24,114787
2012-12-19,62.47,62.49,62.3508,62.4,93468
2012-12-20,62.73,62.73,62.36,62.47,48693
2012-12-21,62.65,62.85,62.65,62.76,29046
2012-12-24,62.73,62.84,62.73,62.79,19719
2012-12-26,62.74,62.79,62.6601,62.78,21686
2012-12-27,62.76,63.11,62.654,62.99,24212
2012-12-28,63.24,63.24,63.0,63.21,29509
2012-12-31,63.07,63.07,62.65,62.67,37849
2013-01-02,62.64,62.64,62.3235,62.46,73569
2013-01-03,62.5,62.52,61.97,62.04,66351
2013-01-04,61.99,62.13,61.76,62.13,63329
2013-01-07,62.32,62.32,61.97,62.17,58215
2013-01-08,62.3,62.4199,62.3,62.4,28466
2013-01-09,62.41,62.42,62.12,62.26,65384
2013-01-10,62.13,62.33,61.92,62.11,47845
2013-01-11,62.12,62.45,62.1004,62.45,79799
2013-01-14,62.43,62.581,61.95,61.98,162188
2013-01-15,62.46,62.49,62.16,62.36,73722
2013-01-16,62.6,62.6,62.16,62.16,105729
2013-01-17,62.07,62.14,61.87,62.09,55222
2013-01-18,62.07,62.41,62.07,62.41,35709
2013-01-22,62.11,62.21,61.99,62.21,79241
2013-01-23,62.36,62.53,62.2558,62.49,56064
2013-01-24,62.3,62.3725,62.12,62.305,80952
2013-01-25,61.94,62.0319,61.64,61.7857,53633
2013-01-28,61.51,61.51,61.05,61.24,83252
2013-01-29,61.41,61.41,60.83,60.89,95239
2013-01-30,60.86,60.86,60.27,60.34,346327
2013-01-31,60.77,60.77,60.23,60.51,297567
2013-02-01,60.79,60.8684,60.09,60.23,469046
2013-02-04,60.37,60.57,60.21,60.56,230982
2013-02-05,60.44,60.44,60.172,60.36,187938
2013-02-06,60.45,60.48,60.1708,60.48,49511
2013-02-07,60.53,60.69,60.374,60.63,44688
2013-02-08,60.63,60.73,60.38,60.66,49371
2013-02-11,60.67,60.79,60.54,60.69,62234
2013-02-12,60.65,60.7,60.43,60.53,32858
2013-02-13,60.32,60.45,60.1058,60.35,96202
2013-02-14,60.48,60.554,60.37,60.549,49322
2013-02-15,60.54,60.591,60.3,60.36,188088
2013-02-19,60.45,60.5599,60.29,60.29,33492
2013-02-20,60.32,60.46,60.31,60.46,93213
2013-02-21,60.48,60.71,60.4401,60.66,102758
2013-02-22,60.64,60.84,60.64,60.74,91014
2013-02-25,60.55,61.34,60.55,61.28,97477
2013-02-26,61.23,61.46,61.112,61.21,51448
2013-02-27,61.36,61.43,60.938,61.05,73914
2013-02-28,61.18,61.23,60.94,61.22,79094
2013-03-01,60.98,61.16,60.98,61.12,55502
2013-03-04,61.11,61.14,60.95,61.03,44859
2013-03-05,60.86,61.01,60.85,61.0,43867
2013-03-06,60.78,60.83,60.64,60.66,57324
2013-03-07,60.55,60.55,60.37,60.47,35251
2013-03-08,60.14,60.258,59.87,59.88,74249
2013-03-11,60.14,60.14,59.89,59.97,35391
2013-03-12,60.01,60.2644,59.98,60.19,99255
2013-03-13,60.05,60.334,60.05,60.24,106324
2013-03-14,59.99,60.14,59.72,59.89,901253
2013-03-15,59.91,60.095,59.91,60.0,556840
2013-03-18,60.34,60.35,60.03,60.23,258117
2013-03-19,60.27,60.57,60.22,60.49,200108
2013-03-20,60.18,60.32,60.0,60.03,202478
2013-03-21,60.13,60.23,60.01,60.18,324529
2013-03-22,60.33,60.35,60.08,60.31,122549
2013-03-25,60.19,60.38,60.05,60.12,159298
2013-03-26,60.05,60.3394,60.02,60.305,333366
2013-03-27,60.51,60.61,60.37,60.4875,137441
2013-03-28,60.48,60.61,60.35,60.46,268887
2013-04-01,60.11,60.37,60.08,60.25,128209
2013-04-02,60.22,60.3,60.164,60.22,188006
2013-04-03,60.47,60.69,60.39,60.66,138533
2013-04-04,60.79,61.26,60.79,61.2499,81405
2013-04-05,61.95,62.24,61.891,62.09,57209
2013-04-08,62.15,62.21,61.83,61.91,75107
2013-04-09,62.02,62.0499,61.78,61.81,122296
2013-04-10,61.65,61.65,61.4199,61.43,196802
2013-04-11,61.53,61.67,61.4801,61.5855,93051
2013-04-12,61.93,62.19,61.804,62.16,152574
2013-04-15,62.15,62.36,62.0738,62.36,71456
2013-04-16,62.1,62.4,62.1,62.22,215798
2013-04-17,62.24,62.532,62.208,62.31,43409
2013-04-18,62.34,62.46,62.258,62.39,69343
2013-04-19,62.36,62.37,62.2599,62.35,69019
2013-04-22,62.34,62.41,62.27,62.38,216825
2013-04-23,62.51,62.51,62.3,62.31,40029
2013-04-24,62.23,62.4726,62.23,62.46,63398
2013-04-25,62.3,62.38,62.25,62.2632,43034
2013-04-26,62.49,62.71,62.45,62.7,49297
2013-04-29,62.68,62.86,62.55,62.67,63857
2013-04-30,62.67,62.925,62.618,62.65,58787
2013-05-01,62.61,63.0,62.61,62.93,108908
2013-05-02,62.89,63.05,62.74,63.04,48660
2013-05-03,62.53,62.53,62.07,62.229,61191
2013-05-06,62.19,62.23,61.9517,62.07,39113
2013-05-07,61.95,62.0399,61.79,61.83,134869
2013-05-08,61.9,62.18,61.84,62.02,59396
2013-05-09,62.09,62.272,61.91,61.94,30568
2013-05-10,61.87,61.87,61.15,61.34,99549
2013-05-13,61.04,61.2,60.9999,61.03,28771
2013-05-14,61.31,61.4599,60.71,60.75,42165
2013-05-15,61.0,61.19,60.7452,61.02,55652
2013-05-16,61.18,61.5899,61.18,61.36,154344
2013-05-17,61.16,61.33,60.85,61.07,277447
2013-05-20,61.22,61.23,60.99,61.1,46100
2013-05-21,61.0,61.41,60.91,61.41,70627
2013-05-22,61.44,61.72,60.56,60.63,75071
2013-05-23,60.83,60.8918,60.471,60.79,40993
2013-05-24,60.84,61.079,60.78,60.94,14564
2013-05-28,60.57,60.768,59.7,59.7,26462
2013-05-29,59.78,59.99,59.52,59.62,64651
2013-05-30,59.74,59.832300000000004,59.44,59.5,37676
2013-05-31,59.44,59.49,58.64,59.16,64080
2013-06-03,58.76,59.0199,58.39,58.89,163365
2013-06-04,58.82,58.8999,58.47,58.47,80152
2013-06-05,58.47,58.51,58.28,58.36,40380
2013-06-06,58.34,58.73,58.09,58.6,207091
2013-06-07,58.36,58.49,57.95,58.14,202772
2013-06-10,57.8,57.95,57.5701,57.72,149748
2013-06-11,57.24,57.62,57.0,57.62,576103
2013-06-12,57.69,57.69,57.03,57.03,114233
2013-06-13,57.58,57.99,57.39,57.95,75508
2013-06-14,58.04,58.3192,57.89,58.18,258170
2013-06-17,58.13,58.24,57.8,57.8,34449
2013-06-18,57.53,57.72,57.43,57.66,291174
2013-06-19,57.88,57.88,56.83,56.91,175067
2013-06-20,55.85,56.08,55.35,55.95,189886
2013-06-21,55.65,55.94,54.64,54.64,81363
2013-06-24,54.19,54.36,53.5,53.95,76489
2013-06-25,54.85,54.86,54.19,54.2,104079
2013-06-26,54.75,55.18,54.64,54.68,121217
2013-06-27,55.33,55.77,55.32,55.64,98582
2013-06-28,55.41,56.02,55.26,56.02,196074
2013-07-01,55.5,56.28,55.5,56.16,88821
2013-07-02,56.2,56.7399,56.2,56.44,65972
2013-07-03,56.2,56.5699,56.1501,56.18,88563
2013-07-05,55.05,55.1,54.69,54.74,43950
2013-07-08,55.0,55.38,54.9,55.34,40910
2013-07-09,55.23,55.64,55.23,55.47,23394
2013-07-10,55.56,55.56,54.98,54.99,98728
2013-07-11,55.84,56.09,55.71,56.04,62767
2013-07-12,56.26,56.45,55.93,56.09,96362
2013-07-15,56.07,56.39,56.02,56.31,87906
2013-07-16,56.57,56.607,56.4,56.56,26258
2013-07-17,56.78,56.93,56.59,56.63,91422
2013-07-18,56.69,56.84,56.41,56.54,32099
2013-07-19,56.68,57.07,56.65,57.07,31629
2013-07-22,57.22,57.31,57.08,57.13,24762
2013-07-23,56.96,57.1112,56.91,57.07,13055
2013-07-24,56.62,56.745,56.34,56.49,39708
2013-07-25,56.36,56.48,56.18,56.365,35820
2013-07-26,56.67,56.71,56.42,56.55,55502
2013-07-29,56.49,56.49,56.23,56.23,35847
2013-07-30,56.52,56.52,56.18,56.27,20892
2013-07-31,55.85,56.35,55.69,56.35,43748
2013-08-01,55.8,55.93,55.298,55.37,64733
2013-08-02,55.72,55.858,55.63,55.7,38774
2013-08-05,55.62,55.7,55.41,55.41,24328
2013-08-06,55.445,55.56,55.3072,55.43,36364
2013-08-07,55.51,55.79,55.51,55.76,22565
2013-08-08,55.77,56.0109,55.69,55.75,29337
2013-08-09,55.61,55.88,55.56,55.86,35274
2013-08-12,55.98,55.98,55.51,55.52,11702
2013-08-13,55.27,55.27,54.92,54.99,14805
2013-08-14,55.11,55.18,54.91,54.94,35427
2013-08-15,54.48,54.6828,54.32,54.42,38806
2013-08-16,54.41,54.4376,53.9501,54.12,27403
2013-08-19,53.86,54.0,53.61,53.64,116004
2013-08-20,53.78,54.0,53.71,53.87,90602
2013-08-21,53.65,53.9,53.53,53.57,113930
2013-08-22,53.53,53.75,53.42,53.71,22971
2013-08-23,53.79,54.305,53.71,54.28,31163
2013-08-26,54.33,54.56,54.29,54.42,107203
2013-08-27,54.51,54.84,54.49,54.71,41841
2013-08-28,54.64,54.809,54.49,54.775,57714
2013-08-29,54.66,55.03,54.56,54.9,20622
2013-08-30,54.8,55.23,54.8,55.01,40387
2013-09-03,54.78,54.78,54.028,54.34,40974
2013-09-04,54.27,54.421,54.1,54.13,13620
2013-09-05,53.95,53.95,53.49,53.5,26397
2013-09-06,53.71,53.91,53.57,53.61,17558
2013-09-09,53.89,54.1349,53.81,54.07,450617
2013-09-10,53.66,54.042,53.631,53.631,43731
2013-09-11,53.7,54.01,53.643,53.97,33831
2013-09-12,54.24,54.3499,53.89,53.9,100953
2013-09-13,54.04,54.28,53.911,54.21,61946
2013-09-16,54.5,54.67,53.93,53.95,20230
2013-09-17,54.23,54.44,54.02,54.43,107011
2013-09-18,54.25,55.1,54.09,55.07,96262
2013-09-19,55.24,55.24,54.73,54.8,53904
2013-09-20,54.89,55.18,54.89,54.97,17895
2013-09-23,55.07,55.26,55.07,55.22,13449
2013-09-24,55.25,55.66,55.2214,55.53,14810
2013-09-25,55.4,56.17,55.4,55.7,311628
2013-09-26,55.77,55.88,55.6329,55.86,117993
2013-09-27,55.55,55.91,55.46,55.78,13620
2013-09-30,55.55,55.65,55.445,55.52,50569
2013-10-01,55.43,55.46,55.04,55.195,53793
2013-10-02,55.31,55.52,55.2001,55.47,49159
2013-10-03,55.25,55.5399,55.25,55.33,24555
2013-10-04,55.25,55.46,55.22,55.33,19653
2013-10-07,55.48,55.54,55.36,55.51,27344
2013-10-08,55.42,55.69,55.42,55.49,12739
2013-10-09,55.4,55.5832,55.28,55.3,13411
2013-10-10,55.34,55.59,55.11,55.58,51869
2013-10-11,55.96,55.96,55.5201,55.54,11285
2013-10-14,55.58,55.6472,55.25,55.28,4260
2013-10-15,55.58,55.732,55.33,55.42,23017
2013-10-16,55.33,55.89,55.31,55.73,80135
2013-10-17,56.01,56.4699,56.01,56.42,18021
2013-10-18,56.55,56.55,56.2801,56.32,38844
2013-10-21,56.48,56.48,56.25,56.3,62350
2013-10-22,56.58,56.9,56.5301,56.85,9143
2013-10-23,56.76,57.08,56.76,56.94,11937
2013-10-24,56.96,57.11,56.74,56.77,11452
2013-10-25,56.67,56.99,56.67,56.94,14496
2013-10-28,56.7,56.96,56.7,56.89,38331
2013-10-29,56.52,56.81,56.52,56.81,8596
2013-10-30,56.8,57.08,56.47,56.645,24443
2013-10-31,56.63,56.86,56.37,56.46,373982
2013-11-01,56.24,56.29,55.8,55.88,51708
2013-11-04,55.93,56.115,55.77,55.82,51048
2013-11-05,55.57,55.58,55.27,55.27,45642
2013-11-06,55.31,55.52,55.26,55.45,26113
2013-11-07,55.53,55.7599,55.38,55.59,12410
2013-11-08,54.99,55.03,54.64,54.64,11853
2013-11-11,54.63,54.87,54.48,54.48,16904
2013-11-12,54.525,54.77,54.525,54.71,24362
2013-11-13,54.86,54.9499,54.71,54.85,51353
2013-11-14,55.1,55.3699,54.79,54.9,49948
2013-11-15,55.13,55.3399,55.01,55.23,42819
2013-11-18,55.28,55.6299,55.26,55.6299,17283
2013-11-19,55.5,55.62,55.26,55.34,133061
2013-11-20,55.31,55.47,54.64,54.73,56867
2013-11-21,54.65,54.96,54.53,54.77,56892
2013-11-22,55.06,55.339,55.06,55.11,25760
2013-11-25,55.13,55.31,55.13,55.21,34984
2013-11-26,55.32,55.57,55.3,55.4,13576
2013-11-27,55.34,55.47,55.14,55.29,24620
2013-11-29,55.18,55.58,55.16,55.58,9643
2013-12-02,54.88,55.02,54.8057,54.88,36626
2013-12-03,54.88,55.01,54.84,54.94,26636
2013-12-04,54.67,54.67,54.4565,54.57,17872
2013-12-05,54.47,54.63,54.37,54.41,40719
2013-12-06,54.49,54.76,54.481,54.68,26805
2013-12-09,54.77,54.881,54.72,54.8,30781
2013-12-10,55.14,55.2599,54.99,55.185,15255
2013-12-11,55.11,55.21,54.88,55.06,39746
2013-12-12,55.05,55.11,54.8601,54.923,44895
2013-12-13,55.06,55.24,54.99,55.1,83637
2013-12-16,55.3,55.45,55.04,55.115,41201
2013-12-17,55.0,55.35,54.97,55.35,49500
2013-12-18,55.19,55.55,55.01,55.21,43498
2013-12-19,55.26,55.4108,55.106,55.15,43349
2013-12-20,55.52,55.7585,55.45,55.68,30397
2013-12-23,55.88,55.9299,55.59,55.66,25885
2013-12-24,55.64,55.7,55.38,55.56,23762
2013-12-26,55.24,55.25,55.08,55.14,15000
2013-12-27,55.07,55.11,54.89,54.92,26923
2013-12-30,55.12,55.466,55.12,55.23,43541
2013-12-31,55.31,55.51,54.8801,55.005,35852
2014-01-02,55.11,55.7299,55.1001,55.425,383943
2014-01-03,55.45,55.7,55.38,55.66,124865
2014-01-06,55.74,55.99,55.67,55.85,23407
2014-01-07,55.94,56.03,55.84,55.98,24650
2014-01-08,55.76,55.83,55.45,55.66,27931
2014-01-09,55.77,55.9,55.72,55.8501,13591
2014-01-10,55.89,56.3953,55.89,56.29,9794
2014-01-13,56.27,56.5802,56.19,56.53,90973
2014-01-14,56.17,56.47,56.1,56.32,16953
2014-01-15,56.13,56.34,55.97,56.25,32087
2014-01-16,56.38,56.57,56.32,56.35,92941
2014-01-17,56.49,56.57,56.37,56.57,30174
2014-01-21,56.62,56.8,56.47,56.63,180954
2014-01-22,56.65,56.6968,56.3701,56.5,56772
2014-01-23,56.47,56.7999,56.41,56.65,104597
2014-01-24,56.59,56.7699,56.41,56.72,25039
2014-01-27,56.68,56.79,56.4101,56.63,40563
2014-01-28,56.61,56.81,56.59,56.68,10553
2014-01-29,56.69,56.8,56.61,56.67,46606
2014-01-30,56.65,56.92,56.6,56.82,8900
2014-01-31,56.97,57.135,56.68,56.94,107283
2014-02-03,56.64,57.13,56.46,57.03,112346
2014-02-04,57.16,57.17,56.6,56.72,56902
2014-02-05,56.82,56.94,56.39,56.44,52966
2014-02-06,56.54,56.66,56.3101,56.4,39206
2014-02-07,56.52,56.7199,56.51,56.5313,11530
2014-02-10,56.71,56.71,56.58,56.63,12277
2014-02-11,56.56,56.71,56.44,56.62,15666
2014-02-12,56.58,56.6,56.3,56.4,39431
2014-02-13,56.7,56.79,56.49,56.7409,13756
2014-02-14,56.775,56.87,56.66,56.751,32287
2014-02-18,56.93,57.179,56.9,57.03,12548
2014-02-19,57.13,57.19,56.87,56.89,113885
2014-02-20,56.93,56.99,56.73,56.94,52210
2014-02-21,56.91,57.13,56.8304,57.13,13792
2014-02-24,57.03,57.2,56.95,57.03,11026
2014-02-25,57.19,57.46,57.186,57.34,18311
2014-02-26,57.37,57.66,57.34,57.66,11818
2014-02-27,57.88,57.92,57.684,57.92,38405
2014-02-28,57.88,58.1,57.6994,57.95,22736
2014-03-03,57.86,57.9,57.805,57.88,9400
2014-03-04,57.84,57.84,57.44,57.44,28617
2014-03-05,57.5,57.6299,57.4316,57.48,11829
2014-03-06,57.23,57.2799,57.06,57.1,31986
2014-03-07,56.85,56.96,56.68,56.79,28374
2014-03-10,56.87,56.8899,56.6801,56.85,12329
2014-03-11,56.88,56.91,56.74,56.91,20552
2014-03-12,57.05,57.12,56.88,57.0499,6490
2014-03-13,56.82,57.444,56.7995,57.4,30572
2014-03-14,57.51,57.51,57.29,57.29,36464
2014-03-17,57.3,57.31,57.13,57.13,21970
2014-03-18,57.23,57.37,57.187,57.33,17161
2014-03-19,57.35,57.41,57.1219,57.17,11674
2014-03-20,57.16,57.3199,57.151,57.21,10715
2014-03-21,57.36,57.59,57.28,57.4301,31433
2014-03-24,57.55,57.85,57.47,57.75,28915
2014-03-25,57.6,57.87,57.56,57.8,50281
2014-03-26,57.8,58.14,57.8,58.14,16726
2014-03-27,58.21,58.439,58.1495,58.31,11222
2014-03-28,58.25,58.343,58.01,58.15,24637
2014-03-31,57.99,58.2499,57.89,57.89,11562
2014-04-01,57.78,57.99,57.7401,57.92,12090
2014-04-02,57.68,57.99,57.5807,57.982,122405
2014-04-03,57.82,57.9804,57.801,57.92,304502
2014-04-04,58.2,58.38,58.128,58.192,87302
2014-04-07,58.4,58.48,58.34,58.48,16515
2014-04-08,58.537,58.6,58.3301,58.56,29256
2014-04-09,58.42,58.66,58.41,58.53,12767
2014-04-10,58.67,58.93,58.66,58.87,35581
2014-04-11,59.08,59.1199,58.88,58.99,14500
2014-04-14,59.06,59.08,58.9,59.08,18892
2014-04-15,59.08,59.33,58.98,59.27,12782
2014-04-16,59.09,59.34,59.01,59.11,76169
2014-04-17,59.31,59.35,58.76,58.91,31799
2014-04-21,58.99,59.07,58.8401,58.9,28071
2014-04-22,58.79,59.1,58.79,59.095,98305
2014-04-23,59.03,59.31,59.03,59.31,26347
2014-04-24,59.17,59.39,59.16,59.39,13908
2014-04-25,59.32,59.56,59.32,59.38,14532
2014-04-28,59.32,59.3452,59.07,59.23,31279
2014-04-29,59.08,59.28,59.0,59.15,118251
2014-04-30,59.07,59.32,59.07,59.3,39500
2014-05-01,59.1,59.5258,59.1,59.41,28075
2014-05-02,59.41,59.905,59.27,59.81,60484
2014-05-05,59.82,59.82,59.53,59.54,20850
2014-05-06,59.63,59.88,59.6075,59.81,79361
2014-05-07,59.73,59.86,59.65,59.78,39782
2014-05-08,59.88,60.21,59.699,59.77,1276568
2014-05-09,59.68,59.81,59.56,59.66,255090
2014-05-12,59.5,59.52,59.35,59.41,239311
2014-05-13,59.62,59.75,59.58,59.71,129061
2014-05-14,60.08,60.274,60.08,60.2,125200
2014-05-15,60.51,60.6696,60.3882,60.48,551922
2014-05-16,60.35,60.56,60.286,60.445,610464
2014-05-19,60.52,60.54,60.17,60.2,176244
2014-05-20,60.12,60.37,60.12,60.18,270215
2014-05-21,59.9,59.9,59.73,59.79,188878
2014-05-22,59.9,59.9,59.63,59.76,107389
2014-05-23,59.88,59.9899,59.806,59.87,74737
2014-05-27,60.03,60.17,59.87,60.15,94578
2014-05-28,60.46,60.66,60.44,60.63,67224
2014-05-29,60.72,60.81,60.43,60.45,66581
2014-05-30,60.47,60.65,60.37,60.47,68800
2014-06-02,60.05,60.195,59.81,59.955,62325
2014-06-03,59.81,59.8407,59.4,59.57,58507
2014-06-04,59.55,59.55,59.34,59.47,65837
2014-06-05,59.32,59.71,59.32,59.55,93532
2014-06-06,59.83,59.94,59.74,59.86,144748
2014-06-09,59.81,59.83,59.71,59.714,199002
2014-06-10,59.66,59.74,59.26,59.62,202174
2014-06-11,59.63,59.69,59.4515,59.58,186565
2014-06-12,59.62,59.92,59.47,59.81,139193
2014-06-13,59.62,59.89,59.608,59.87,86126
2014-06-16,59.78,59.92,59.7301,59.87,86168
2014-06-17,59.72,59.76,59.57,59.61,135967
2014-06-18,59.68,60.13,59.54,60.04,84325
2014-06-19,60.13,60.13,59.432,59.48,269713
2014-06-20,59.51,59.8,59.42,59.78,53505
2014-06-23,59.84,59.9825,59.69,59.74,135124
2014-06-24,59.96,60.14,59.88,60.14,90880
2014-06-25,60.37,60.47,60.2501,60.3,89948
2014-06-26,60.46,60.5594,60.4,60.46,63210
2014-06-27,60.53,60.6599,60.37,60.42,107795
2014-06-30,60.42,60.68,60.34,60.34,108698
2014-07-01,60.05,60.199,59.76,59.79,718433
2014-07-02,59.68,59.749,59.4,59.4,140133
2014-07-03,59.28,59.43,59.15,59.19,166049
2014-07-07,59.39,59.5999,59.32,59.32,200496
2014-07-08,59.67,59.87,59.54,59.7,455689
2014-07-09,59.64,59.92,59.56,59.82,54161
2014-07-10,59.93,60.04,59.67,59.77,44365
2014-07-11,59.92,60.1224,59.9,60.07,78130
2014-07-14,60.02,60.0638,59.76,59.9,101312
2014-07-15,59.73,60.08,59.6001,59.98,153558
2014-07-16,59.93,60.2,59.89,60.05,110640
2014-07-17,60.36,60.55,60.18,60.49,64300
2014-07-18,60.58,60.63,60.31,60.5,78480
2014-07-21,60.61,60.79,60.58,60.71,69654
2014-07-22,60.68,60.82,60.5564,60.82,69139
2014-07-23,60.92,61.0,60.7717,60.86,51619
2014-07-24,60.61,60.76,60.5,60.62,35537
2014-07-25,60.85,61.0,60.8,60.93,49894
2014-07-28,60.97,61.0,60.8199,60.91,39098
2014-07-29,61.04,61.14,60.92,61.06,41976
2014-07-30,60.79,60.8854,60.45,60.49,72247
2014-07-31,60.07,60.41,59.98,60.2,52300
2014-08-01,59.91,60.24,59.69,60.23,77442
2014-08-04,60.14,60.495,60.14,60.31,115119
2014-08-05,60.08,60.28,59.94,60.27,38185
2014-08-06,60.29,60.425,60.0624,60.2,56956
2014-08-07,60.24,60.51,60.17,60.49,36245
2014-08-08,60.44,60.725,60.4101,60.55,37633
2014-08-11,60.52,60.73,60.37,60.65,203180
2014-08-12,60.53,60.6216,60.27,60.33,55094
2014-08-13,60.31,60.53,60.289,60.46,149822
2014-08-14,60.61,60.7899,60.46,60.7,225693
2014-08-15,60.82,61.3155,60.82,61.08,267361
2014-08-18,60.93,60.93,60.6156,60.7,96642
2014-08-19,60.86,60.87,60.5,60.71,71517
2014-08-20,60.63,60.71,60.44,60.53,123388
2014-08-21,60.69,60.964,60.69,60.82,58298
2014-08-22,60.99,61.1781,60.8423,60.97,110138
2014-08-25,61.14,61.34,60.9901,61.3,49574
2014-08-26,61.38,61.41,61.1733,61.24,43987
2014-08-27,61.36,61.65,61.18,61.6,27469
2014-08-28,61.86,61.92,61.789,61.89,24270
2014-08-29,61.84,62.12,61.78,61.78,41534
2014-09-02,61.19,61.35,60.96,60.98,115427
2014-09-03,60.89,61.18,60.77,61.18,77181
2014-09-04,60.98,61.0,60.63,60.64,31691
2014-09-05,60.84,60.86,60.4546,60.47,77070
2014-09-08,60.74,60.7499,60.37,60.38,119018
2014-09-09,60.36,60.38,60.2201,60.25,79376
2014-09-10,60.02,60.0899,59.9264,60.0,122946
2014-09-11,60.16,60.16,59.85,59.85,41428
2014-09-12,59.67,59.69,59.3401,59.4,61530
2014-09-15,59.53,59.54,59.26,59.43,76899
2014-09-16,59.41,59.5,59.24,59.27,146974
2014-09-17,59.43,59.47,59.01,59.01,94758
2014-09-18,59.22,59.34,59.0806,59.27,129418
2014-09-19,59.4,59.68,59.2301,59.68,93452
2014-09-22,59.7,59.88,59.64,59.79,119815
2014-09-23,59.77,59.967,59.76,59.96,93813
2014-09-24,59.81,59.97,59.62,59.68,48040
2014-09-25,59.77,60.0,59.77,59.965,43999
2014-09-26,59.72,59.918,59.58,59.87,56229
2014-09-29,59.92,60.08,59.88,60.05,55060
2014-09-30,59.88,60.15,59.79,59.94,67559
2014-10-01,59.97,60.41,59.97,60.41,68693
2014-10-02,60.32,60.46,60.04,60.0801,64599
2014-10-03,60.22,60.44,60.18,60.39,223368
2014-10-06,60.41,60.59,60.35,60.54,78081
2014-10-07,60.67,61.01,60.51,60.99,41571
2014-10-08,61.02,61.2,60.658,61.14,127927
2014-10-09,61.08,61.1,60.7994,60.9396,54265
2014-10-10,60.86,61.08,60.86,61.04,32226
2014-10-13,61.08,61.41,60.78,61.3,26509
2014-10-14,61.49,61.61,61.19,61.56,61483
2014-10-15,62.26,63.98,61.4801,61.77,1387423
2014-10-16,61.27,61.57,61.14,61.56,94655
2014-10-17,61.27,61.57,61.14,61.56,94655
2014-10-20,61.5,61.6099,61.34,61.54,846090
2014-10-21,61.46,61.53,61.35,61.44,214387
2014-10-22,61.32,61.33,61.09,61.12,391770
2014-10-23,61.09,61.09,60.72,60.88,118623
2014-10-24,60.92,61.1,60.8176,60.96,404568
2014-10-27,60.99,61.065,60.835,61.01,44498
2014-10-28,60.87,60.989,60.84,60.84,120704
2014-10-29,60.72,60.8453,60.49,60.53,517351
2014-10-30,60.93,61.135,60.81,60.82,368045
2014-10-31,60.87,60.94,60.65,60.795,171911
2014-11-03,60.5,60.545,60.2501,60.32,157602
2014-11-04,60.48,60.657,60.3,60.43,67285
2014-11-05,60.3,60.44,60.17,60.42,84071
2014-11-06,60.17,60.33,60.07,60.2,948281
2014-11-07,60.29,60.59,60.186,60.59,88848
2014-11-10,60.44,60.44,60.08,60.18,76588
2014-11-11,60.02,60.2,59.94,60.16,197172
2014-11-12,60.28,60.42,59.96,60.05,235063
2014-11-13,60.08,60.15,59.91,60.14,156855
2014-11-14,60.05,60.32,59.93,60.21,71395
2014-11-17,60.2,60.2,59.82,59.86,148423
2014-11-18,59.97,60.05,59.91,60.0,162520
2014-11-19,59.72,59.94,59.61,59.75,326488
2014-11-20,60.02,60.04,59.79,59.84,114391
2014-11-21,60.07,60.3,60.01,60.22,60220
2014-11-24,60.25,60.41,60.151,60.41,52750
2014-11-25,60.6,60.849,60.48,60.77,29123
2014-11-26,60.99,61.1499,60.7,61.04,92419
2014-11-28,61.2,61.5,61.13,61.5,215428
2014-12-01,61.17,61.17,60.7301,60.8,160260
2014-12-02,60.42,60.53,60.3,60.4,78776
2014-12-03,60.35,60.51,60.14,60.49,40251
2014-12-04,60.39,60.63,60.3,60.61,266748
2014-12-05,60.59,60.59,60.1958,60.35,35970
2014-12-08,60.51,60.79,60.39,60.57,156747
2014-12-09,60.86,61.0,60.59,60.62,83937
2014-12-10,60.75,60.91,60.47,60.82,94108
2014-12-11,60.68,60.89,60.5,60.79,253147
2014-12-12,61.0,61.19,60.8293,61.15,58867
2014-12-15,60.99,61.27,60.78,60.81,46916
2014-12-16,60.95,61.23,60.73,61.03,44332
2014-12-17,61.04,61.39,60.8731,61.32,305538
2014-12-18,61.16,61.16,60.71,60.8,187754
2014-12-19,60.96,61.2999,60.81,61.15,115398
2014-12-22,61.2,61.5,61.17,61.5,57586
2014-12-23,61.44,61.49,60.91,60.91,99691
2014-12-24,60.66,61.08,60.6,61.08,20046
2014-12-26,61.17,61.27,61.06,61.206,61043
2014-12-29,61.3,61.4999,61.16,61.38,139290
2014-12-30,61.53,61.712,61.37,61.46,105682
2014-12-31,61.46,61.6197,61.37,61.52,101733
2015-01-02,61.64,62.0,61.512,61.9272,162167
2015-01-05,62.06,62.36,62.0,62.03,571249
2015-01-06,62.41,62.9599,62.23,62.6,302465
2015-01-07,62.38,62.83,62.3,62.69,89959
2015-01-08,62.5,62.5,62.08,62.36,361164
2015-01-09,62.17,62.7,62.0,62.68,48475
2015-01-12,62.58,63.0,62.58,62.8599,68085
2015-01-13,62.77,62.98,62.66,62.79,100297
2015-01-14,63.02,63.2,62.811,62.86,80471
2015-01-15,62.86,63.5299,62.86,63.32,145319
2015-01-16,63.02,63.14,62.55,62.65,499275
2015-01-20,63.07,63.37,62.96,63.31,342287
2015-01-21,63.4,63.6,62.8,63.1,254157
2015-01-22,63.2,63.2,62.79,63.14,109648
2015-01-23,63.43,63.7186,63.3708,63.68,55229
2015-01-26,63.69,63.87,63.38,63.68,180868
2015-01-27,63.98,64.14,63.5,63.7,44450
2015-01-28,63.72,64.68,63.67,64.35,100387
2015-01-29,64.24,64.395,63.981,64.24,210359
2015-01-30,64.73,64.92,64.4901,64.79,260187
2015-02-02,64.29,64.62,64.16,64.46,246552
2015-02-03,64.12,64.148,63.56,63.95,848396
2015-02-04,63.57,63.88,63.28,63.72,102492
2015-02-05,63.66,63.7599,63.39,63.4,85176
2015-02-06,63.13,63.2,62.6916,62.75,58502
2015-02-09,62.99,63.13,62.74,62.77,79273
2015-02-10,62.64,62.73,62.3479,62.51,895248
2015-02-11,62.47,62.5961,62.24,62.5,552328
2015-02-12,62.49,62.74,62.29,62.43,136649
2015-02-13,62.5,62.7299,62.03,62.03,265346
2015-02-17,62.05,62.08,61.374,61.55,195486
2015-02-18,61.67,62.03,61.45,61.84,225459
2015-02-19,61.8,62.05,61.5701,61.7,145713
2015-02-20,62.12,62.35,61.7,61.75,191136
2015-02-23,62.08,62.452,62.0,62.32,73161
2015-02-24,62.42,63.045,62.05,62.95,87011
2015-02-25,63.16,63.2099,62.31,63.05,161978
2015-02-26,62.96,63.21,62.6,62.62,291717
2015-02-27,62.77,63.0099,62.5,62.81,98603
2015-03-02,62.49,62.6,61.85,62.01,279898
2015-03-03,61.97,62.2399,61.85,61.85,281874
2015-03-04,61.97,62.07,61.77,61.8,68585
2015-03-05,61.93,61.98,61.6512,61.91,85991
2015-03-06,61.37,61.45,60.79,61.0,92114
2015-03-09,61.27,61.36,60.8901,61.02,93036
2015-03-10,61.57,61.81,61.248,61.64,466820
2015-03-11,61.66,62.06,61.45,61.97,398958
2015-03-12,62.12,62.2399,61.655,61.75,151384
2015-03-13,61.62,61.74,61.43,61.43,70024
2015-03-16,61.88,61.96,61.43,61.59,175422
2015-03-17,61.72,61.9699,61.5699,61.78,171310
2015-03-18,62.21,62.83,61.7275,62.83,91732
2015-03-19,62.58,62.7692,62.26,62.59,145126
2015-03-20,62.55,62.83,62.54,62.7,50542
2015-03-23,62.78,62.83,62.64,62.79,47082
2015-03-24,62.84,63.1599,62.7876,63.1,138946
2015-03-25,63.0,63.22,62.7217,62.78,116640
2015-03-26,62.7,62.72,62.0101,62.22,60196
2015-03-27,62.35,62.7399,62.35,62.71,105437
2015-03-30,62.53,62.7652,62.37,62.6,60541
2015-03-31,62.53,62.8,62.3354,62.6,72172
2015-04-01,62.73,63.11,62.6701,62.92,189402
2015-04-02,62.84,62.9197,62.55,62.58,39833
2015-04-06,62.76,62.92,62.3353,62.535,110487
2015-04-07,62.56,62.93,62.4,62.9,101161
2015-04-08,62.8,63.1599,62.6903,62.86,45303
2015-04-09,63.03,63.06,62.32,62.48,54921
2015-04-10,62.85,62.85,62.547,62.56,55611
2015-04-13,62.55,62.7083,62.435,62.49,60395
2015-04-14,62.98,63.1985,62.68,62.68,57666
2015-04-15,62.97,63.08,62.72,62.75,101126
2015-04-16,62.86,63.02,62.31,62.44,245163
2015-04-17,62.49,63.08,62.38,62.875,151929
2015-04-20,62.85,62.89,62.52,62.65,92359
2015-04-21,62.67,62.75,62.48,62.51,114863
2015-04-22,62.5,62.5499,61.9001,61.97,153692
2015-04-23,61.95,62.34,61.905,61.96,220024
2015-04-24,62.21,62.5799,62.18,62.37,43377
2015-04-27,62.42,62.6388,62.18,62.35,81162
2015-04-28,62.13,62.3084,62.06,62.09,588528
2015-04-29,61.34,61.59,61.22,61.43,154004
2015-04-30,61.16,61.27,60.87,61.27,123764
2015-05-01,60.7,60.75,60.27,60.39,146153
2015-05-04,60.36,60.56,59.92,60.05,213097
2015-05-05,60.04,60.07,59.46,59.76,205052
2015-05-06,59.57,59.6,58.99,59.16,210319
2015-05-07,59.41,59.5,59.09,59.5,998358
2015-05-08,59.88,60.043,59.58,59.8,527771
2015-05-11,59.44,59.44,58.64,58.64,294045
2015-05-12,58.64,58.98,58.42,58.77,307416
2015-05-13,59.09,59.1,58.37,58.46,354962
2015-05-14,58.63,58.86,58.4101,58.61,423795
2015-05-15,58.99,59.6087,58.99,59.47,321250
2015-05-18,59.23,59.23,58.79,58.9,131600
2015-05-19,58.43,58.9397,58.42,58.49,123677
2015-05-20,58.5,58.66,58.3,58.56,53010
2015-05-21,58.56,59.01,58.56,58.87,129532
2015-05-22,58.95,59.0699,58.69,58.93,125894
2015-05-26,58.93,59.489,58.93,59.34,50034
2015-05-27,59.44,59.6294,59.25,59.59,61784
2015-05-28,59.44,59.57,59.3255,59.33,51320
2015-05-29,59.6,59.7,59.3001,59.41,62153
2015-06-01,58.97,59.17,58.55,58.7,82832
2015-06-02,58.39,58.57,57.9401,58.11,146718
2015-06-03,57.73,57.91,57.4601,57.64,211348
2015-06-04,57.95,58.12,57.773,58.02,92325
2015-06-05,57.78,57.9499,57.4755,57.62,89323
2015-06-08,57.61,57.79,57.44,57.48,77386
2015-06-09,57.25,57.3299,56.9901,57.05,67963
2015-06-10,56.95,56.9594,56.67,56.77,163016
2015-06-11,57.07,57.5558,57.0612,57.5405,66232
2015-06-12,57.42,57.909,57.42,57.47,40789
2015-06-15,57.68,57.69,57.3701,57.45,39301
2015-06-16,57.59,57.705,57.36,57.58,62655
2015-06-17,57.59,57.642,57.1001,57.41,119406
2015-06-18,57.34,57.4799,57.0889,57.33,56920
2015-06-19,57.58,57.83,57.58,57.76,89084
2015-06-22,57.5,57.6,57.06,57.14,101968
2015-06-23,56.85,57.1543,56.76,56.89,78561
2015-06-24,57.02,57.24,56.909,57.07,48084
2015-06-25,57.19,57.21,56.89,56.91,80715
2015-06-26,56.77,56.8099,56.4001,56.56,52462
2015-06-29,56.89,57.29,56.62,57.19,54128
2015-06-30,57.04,57.49,57.04,57.15,115230
2015-07-01,56.64,56.8499,56.5501,56.68,239666
2015-07-02,57.01,57.03,56.7503,56.81,50153
2015-07-06,57.37,57.55,57.05,57.44,279182
2015-07-07,57.92,58.04,57.62,57.76,110289
2015-07-08,57.9,57.9999,57.6201,57.93,70319
2015-07-09,57.55,57.62,57.21,57.21,39374
2015-07-10,56.74,56.8968,56.62,56.71,61978
2015-07-13,56.51,56.88,56.51,56.64,256350
2015-07-14,56.75,56.75,56.4806,56.68,60153
2015-07-15,56.61,57.12,56.53,56.98,149570
2015-07-16,56.83,57.24,56.825,57.24,187805
2015-07-17,57.24,57.4999,57.19,57.23,158081
2015-07-20,57.26,57.26,57.0203,57.18,286432
2015-07-21,56.94,57.3899,56.94,57.38,223478
2015-07-22,57.38,57.61,57.31,57.41,213451
2015-07-23,57.47,57.89,57.355,57.86,68775
2015-07-24,57.96,57.96,57.65,57.81,41985
2015-07-27,57.89,57.91,57.57,57.77,145955
2015-07-28,57.62,57.62,57.4,57.52,129934
2015-07-29,57.53,57.57,57.25,57.51,182135
2015-07-30,57.57,57.79,57.5601,57.71,54217
2015-07-31,58.1,58.1578,57.84,58.0,55820
2015-08-03,57.82,58.24,57.7901,58.13,304337
2015-08-04,58.0,58.11,57.7575,57.77,28698
2015-08-05,57.6,57.78,57.446,57.5,61894
2015-08-06,57.64,57.86,57.56,57.65,64026
2015-08-07,57.8,58.1848,57.79,58.15,91935
2015-08-10,57.83,57.895,57.51,57.57,54789
2015-08-11,57.84,58.2636,57.84,58.11,77737
2015-08-12,58.03,58.28,57.72,57.73,63438
2015-08-13,57.7,57.87,57.55,57.58,32889
2015-08-14,57.56,57.84,57.4519,57.63,25428
2015-08-17,57.89,58.0399,57.71,57.72,85853
2015-08-18,57.72,57.8599,57.52,57.52,23783
2015-08-19,57.35,57.89,57.33,57.78,47571
2015-08-20,57.9,58.13,57.87,57.88,129297
2015-08-21,57.98,58.19,57.7914,58.03,42334
2015-08-24,57.77,58.4,57.35,57.42,66140
2015-08-25,57.2,57.48,56.843,56.95,75778
2015-08-26,56.85,57.09,56.4151,56.66,505742
2015-08-27,56.61,57.2,56.61,56.72,90047
2015-08-28,57.25,57.34,56.85,56.87,65884
2015-08-31,57.19,57.48,56.63,56.63,67434
2015-09-01,56.67,56.995,56.39,56.88,67982
2015-09-02,56.78,57.03,56.38,56.94,71133
2015-09-03,56.98,57.13,56.82,57.04,33781
2015-09-04,57.16,57.4599,57.08,57.28,32816
2015-09-08,57.05,57.12,56.66,56.83,295752
2015-09-09,56.49,57.08,56.435,56.98,82400
2015-09-10,56.97,56.97,56.64,56.64,44836
2015-09-11,57.0,57.09,56.8101,56.87,29497
2015-09-14,57.2,57.2,56.89,56.93,22258
2015-09-15,56.72,56.77,56.15,56.19,51946
2015-09-16,56.19,56.48,56.175,56.23,27340
2015-09-17,56.43,56.9476,56.2401,56.84,34353
2015-09-18,57.19,57.4299,57.0801,57.35,34015
2015-09-21,57.07,57.1,56.63,56.76,63529
2015-09-22,57.05,57.215,56.94,57.1,61117
2015-09-23,57.14,57.2199,56.911,57.06,21700
2015-09-24,57.37,57.47,57.06,57.09,17084
2015-09-25,56.91,56.95,56.73,56.78,145111
2015-09-28,56.84,57.12,56.7989,56.91,439261
2015-09-29,56.91,57.06,56.81,56.85,67555
2015-09-30,56.83,57.07,56.71,57.03,45734
2015-10-01,56.85,57.02,56.6701,56.68,65139
2015-10-02,57.28,57.4,56.89,57.09,69503
2015-10-05,56.78,56.98,56.66,56.79,91323
2015-10-06,56.76,57.168,56.76,57.1225,116459
2015-10-07,57.19,57.4149,56.9901,57.37,111299
2015-10-08,57.41,57.41,56.7901,57.13,118805
2015-10-09,57.18,57.3099,56.9901,57.28,52893
2015-10-12,57.37,57.72,57.29,57.45,176452
2015-10-13,57.59,57.67,57.27,57.64,286311
2015-10-14,57.66,57.9,57.49,57.79,325370
2015-10-15,57.79,57.867,57.5,57.72,329672
2015-10-16,57.77,57.84,57.55,57.82,291689
2015-10-19,57.71,57.79,57.28,57.72,431091
2015-10-20,57.45,57.58,57.26,57.54,184035
2015-10-21,57.74,57.91,57.59,57.86,231373
2015-10-22,57.99,58.22,57.7,57.98,221494
2015-10-23,57.63,57.9625,57.63,57.95,93411
2015-10-26,58.06,58.18,57.9019,58.07,173121
2015-10-27,58.25,58.28,57.97,58.0,312296
2015-10-28,58.01,58.01,57.7101,57.94,76703
2015-10-29,57.62,57.64,57.09,57.18,125337
2015-10-30,57.29,57.525,57.16,57.5,62256
2015-11-02,57.11,57.38,56.9945,57.27,161666
2015-11-03,57.18,57.18,56.83,56.93,102562
2015-11-04,57.11,57.172,56.89,56.97,116288
2015-11-05,57.04,57.13,56.7656,57.11,437212
2015-11-06,56.65,56.65,56.35,56.57,723169
2015-11-09,56.2,56.3499,56.04,56.19,387409
2015-11-10,56.49,56.49,56.1171,56.24,267077
2015-11-11,56.19,56.22,55.84,56.19,171705
2015-11-12,56.19,56.45,56.13,56.31,120624
2015-11-13,56.33,56.51,56.16,56.48,136868
2015-11-16,56.5,56.53,56.22,56.41,199645
2015-11-17,56.23,56.62,56.05,56.57,146414
2015-11-18,56.53,56.6912,56.38,56.65,115541
2015-11-19,56.87,56.94,56.75,56.82,59964
2015-11-20,56.94,56.98,56.69,56.73,27504
2015-11-23,56.75,56.9275,56.74,56.83,40458
2015-11-24,56.84,56.94,56.8,56.84,57069
2015-11-25,56.91,57.011,56.75,56.87,67953
2015-11-27,56.95,56.99,56.76,56.85,21031
2015-11-30,56.89,57.04,56.86,57.02,36257
2015-12-01,56.83,57.38,56.83,57.3,192650
2015-12-02,57.21,57.34,57.02,57.2,63073
2015-12-03,56.75,56.75,56.0,56.12,51448
2015-12-04,56.14,56.7,56.14,56.48,113351
2015-12-07,56.6,57.098,56.6,56.8,70386
2015-12-08,56.86,56.95,56.58,56.64,33998
2015-12-09,56.55,56.7499,56.241,56.54,131876
2015-12-10,56.62,56.7099,56.46,56.46,119313
2015-12-11,56.72,56.7368,56.45,56.49,86602
2015-12-14,56.32,56.48,55.85,55.89,295480
2015-12-15,55.79,56.05,55.76,55.98,311345
2015-12-16,55.9,56.16,55.7101,56.03,115890
2015-12-17,56.34,56.4799,55.99,56.27,173270
2015-12-18,56.47,56.55,56.36,56.4,123884
2015-12-21,56.49,56.58,56.24,56.31,251419
2015-12-22,56.29,56.3433,55.9,56.06,201746
2015-12-23,55.85,56.0299,55.76,56.01,287146
2015-12-24,55.95,56.0699,55.8501,56.0,39267
2015-12-28,55.94,56.21,55.91,56.0,69923
2015-12-29,56.01,56.01,55.3701,55.39,134410
2015-12-30,55.38,55.6107,55.3127,55.39,354303
2015-12-31,55.73,55.7799,55.54,55.67,173429
2016-01-04,55.95,56.12,55.57,55.72,59256
2016-01-05,55.71,55.8673,55.58,55.81,283367
2016-01-06,56.06,56.29,55.9501,56.23,117131
2016-01-07,56.13,56.25,55.88,56.11,51694
2016-01-08,56.0,56.28,55.93,56.13,57008
2016-01-11,55.88,55.9899,55.68,55.71,51141
2016-01-12,55.93,56.41,55.84,56.26,182905
2016-01-13,56.24,56.3799,56.05,56.28,138113
2016-01-14,56.09,56.1754,55.63,55.76,149980
2016-01-15,56.01,56.09,55.5,55.81,243490
2016-01-19,55.64,55.86,55.47,55.55,389737
2016-01-20,55.73,55.9199,55.08,55.44,204760
2016-01-21,55.41,55.62,55.1901,55.31,95864
2016-01-22,55.38,55.6,55.1126,55.6,199638
2016-01-25,55.78,55.87,55.5901,55.87,375306
2016-01-26,55.81,55.9779,55.64,55.85,183272
2016-01-27,55.54,55.76,55.31,55.54,78585
2016-01-28,55.48,55.7836,55.47,55.63,102219
2016-01-29,56.0,56.07,55.67,55.87,82425
2016-02-01,55.33,55.5599,55.26,55.5,178328
2016-02-02,55.79,56.0,55.61,55.94,102087
2016-02-03,55.85,56.14,55.62,55.74,233622
2016-02-04,55.74,55.89,55.53,55.89,618101
2016-02-05,55.54,55.75,55.48,55.61,271765
2016-02-08,55.77,56.205,55.71,56.16,344288
2016-02-09,56.2,56.4,55.81,56.05,606921
2016-02-10,56.34,56.54,56.2,56.4,298341
2016-02-11,56.56,56.85,55.9201,56.07,401464
2016-02-12,55.82,55.96,55.51,55.9,135041
2016-02-16,55.69,55.83,55.4101,55.58,192717
2016-02-17,55.62,55.75,55.19,55.73,224835
2016-02-18,55.81,56.12,55.64,56.12,193110
2016-02-19,56.04,56.265,55.88,56.01,215446
2016-02-22,56.28,56.28,55.93,56.15,43173
2016-02-23,55.72,56.35,55.72,56.18,80287
2016-02-24,56.44,56.6199,55.99,56.24,72076
2016-02-25,56.22,56.6358,56.21,56.44,126925
2016-02-26,56.21,56.418,56.2,56.37,145466
2016-02-29,56.33,56.68,56.33,56.49,96584
2016-03-01,56.32,56.4699,55.88,55.96,178105
2016-03-02,56.32,56.32,55.94,56.13,180831
2016-03-03,56.3,56.6491,56.18,56.51,122594
2016-03-04,56.74,56.74,56.326,56.66,388795
2016-03-07,56.89,56.89,56.38,56.65,216485
2016-03-08,57.1,57.32,56.86,56.91,351021
2016-03-09,57.08,57.22,56.69,56.89,430019
2016-03-10,56.96,57.35,56.7,57.25,189125
2016-03-11,57.36,57.51,57.14,57.45,131750
2016-03-14,57.51,57.82,57.22,57.66,157457
2016-03-15,57.79,57.9699,57.6,57.79,115224
2016-03-16,57.84,58.1,57.6503,58.0,151807
2016-03-17,58.04,58.55,57.91,58.34,268288
2016-03-18,58.34,58.66,58.265,58.46,386619
2016-03-21,58.26,58.5199,58.23,58.48,126820
2016-03-22,58.5,58.74,58.225,58.4,85854
2016-03-23,58.54,58.73,58.24,58.71,95928
2016-03-24,58.81,59.0899,58.4101,58.85,80454
2016-03-28,58.56,58.9999,58.56,58.8,53797
2016-03-29,58.97,59.26,58.78,59.12,149914
2016-03-30,58.98,59.2273,58.8,58.88,205287
2016-03-31,58.96,59.37,58.943,59.28,273701
2016-04-01,59.45,59.456,59.01,59.27,216902
2016-04-04,59.27,59.3799,59.123,59.35,78958
2016-04-05,59.6,59.68,59.48,59.63,36555
2016-04-06,59.6,59.7,59.42,59.61,439033
2016-04-07,59.82,60.1399,59.82,60.07,139004
2016-04-08,60.02,60.1299,59.73,59.93,94083
2016-04-11,59.88,60.02,59.76,59.87,148393
2016-04-12,59.75,59.78,59.36,59.54,123649
2016-04-13,59.58,59.86,59.32,59.74,181878
2016-04-14,59.68,59.8501,59.6199,59.7,77187
2016-04-15,59.94,60.28,59.71,59.88,1037597
2016-04-18,59.9,60.29,59.74,60.29,205154
2016-04-19,60.11,60.52,60.0001,60.3,334115
2016-04-20,60.36,60.63,60.0001,60.08,215738
2016-04-21,59.88,60.04,59.63,59.92,106379
2016-04-22,60.29,60.53,60.0,60.38,227665
2016-04-25,60.34,60.34,59.9199,60.0,90307
2016-04-26,60.02,60.02,59.6101,59.79,102355
2016-04-27,59.95,60.2899,59.755,60.17,89300
2016-04-28,60.14,60.47,60.1,60.23,172303
2016-04-29,60.12,60.4598,59.92,60.38,75197
2016-05-02,60.1,60.17,59.81,59.86,121642
2016-05-03,60.34,60.45,60.1701,60.39,76799
2016-05-04,60.22,60.484,60.13,60.41,154914
2016-05-05,60.32,60.62,60.242,60.55,228600
2016-05-06,60.61,60.61,60.2572,60.4,358689
2016-05-09,60.24,60.3386,60.1202,60.23,201518
2016-05-10,60.25,60.2539,60.02,60.24,112542
2016-05-11,60.28,60.365,59.99,60.33,487389
2016-05-12,60.1,60.3493,60.01,60.27,151056
2016-05-13,60.12,60.48,60.1,60.42,62095
2016-05-16,60.45,60.45,60.137,60.24,127505
2016-05-17,60.27,60.4099,60.1,60.24,55646
2016-05-18,60.1,60.2,59.48,59.61,55550
2016-05-19,59.66,59.74,59.32,59.71,97306
2016-05-20,59.61,59.84,59.528,59.82,105411
2016-05-23,59.55,59.8371,59.5301,59.73,59944
2016-05-24,59.68,59.775,59.478,59.61,64503
2016-05-25,59.74,59.86,59.54,59.66,151033
2016-05-26,59.78,60.06,59.673,59.94,74768
2016-05-27,60.2,60.2,59.72,59.85,123167
2016-05-31,59.67,60.0213,59.56,59.9,139800
2016-06-01,59.98,60.1201,59.74,59.83,147057
2016-06-02,60.01,60.3299,59.9,60.04,102293
2016-06-03,60.62,60.83,60.3601,60.83,53442
2016-06-06,60.79,60.84,60.69,60.78,116920
2016-06-07,60.87,61.0499,60.68,60.88,245329
2016-06-08,61.08,61.14,60.83,61.06,139717
2016-06-09,61.37,61.512,61.26,61.4,236956
2016-06-10,61.71,61.83,61.4523,61.6,133059
2016-06-13,61.66,61.66,61.31,61.48,97255
2016-06-14,61.72,61.72,61.3,61.36,133742
2016-06-15,61.43,61.64,61.26,61.59,51512
2016-06-16,61.68,61.776,61.3601,61.61,30662
2016-06-17,61.43,61.53,61.2,61.41,240259
2016-06-20,61.12,61.5,61.03,61.38,141662
2016-06-21,61.38,61.61,61.005,61.12,205537
2016-06-22,61.1,61.269,61.02,61.02,182043
2016-06-23,60.98,61.1099,60.71,61.01,147412
2016-06-24,61.43,61.74,61.1,61.49,276307
2016-06-27,62.01,62.3,61.79,62.27,206388
2016-06-28,62.3,62.51,62.118,62.28,236354
2016-06-29,62.61,62.7625,62.1,62.19,89112
2016-06-30,62.58,62.9768,62.48,62.65,99527
2016-07-01,62.91,63.35,62.73,63.3,109344
2016-07-05,63.66,63.92,63.44,63.82,140900
2016-07-06,63.81,64.1015,63.78,63.96,288230
2016-07-07,63.9,64.1,63.72,63.78,111919
2016-07-08,64.1,64.41,64.06,64.41,116693
2016-07-11,64.13,64.42,64.13,64.36,115950
2016-07-12,64.03,64.06,63.77,63.86,167064
2016-07-13,64.11,64.2,63.86,64.08,239911
2016-07-14,63.54,63.9,63.39,63.73,79004
2016-07-15,63.57,63.68,63.29,63.29,331482
2016-07-18,63.46,63.559,63.1277,63.43,267950
2016-07-19,63.53,63.64,63.2801,63.46,340679
2016-07-20,63.51,63.51,63.09,63.21,195793
2016-07-21,63.12,63.419,62.74,63.4,119620
2016-07-22,63.15,63.65,63.15,63.54,233788
2016-07-25,63.46,63.54,63.31,63.47,229730
2016-07-26,63.63,63.63,63.3429,63.47,91065
2016-07-27,63.7,63.929,63.51,63.79,195245
2016-07-28,63.67,63.889,63.53,63.76,87175
2016-07-29,63.81,64.16,63.75,64.08,69288
2016-08-01,63.6,63.69,63.1501,63.34,141388
2016-08-02,62.94,63.152,62.63,62.69,124116
2016-08-03,63.02,63.02,62.5,62.88,278986
2016-08-04,62.93,63.325,62.93,63.17,87868
2016-08-05,63.17,63.2095,62.8,62.91,77595
2016-08-08,62.92,63.18,62.711,63.12,91905
2016-08-09,63.29,63.6299,63.1653,63.55,122134
2016-08-10,63.72,64.09,63.56,63.95,211704
2016-08-11,63.95,64.0599,63.37,63.63,282234
2016-08-12,63.9,64.19,63.69,64.0,161203
2016-08-15,63.8,63.8399,63.48,63.6,192571
2016-08-16,63.77,63.77,63.229,63.47,97050
2016-08-17,63.46,63.78,63.46,63.71,92852
2016-08-18,63.77,64.0,63.71,63.91,427094
2016-08-19,63.46,63.69,63.34,63.57,126297
2016-08-22,63.82,63.95,63.73,63.86,150237
2016-08-23,63.88,64.0956,63.79,64.01,98087
2016-08-24,64.09,64.2,63.88,63.91,133734
2016-08-25,63.83,64.0599,63.61,63.71,60082
2016-08-26,63.86,64.21,63.441,63.56,83573
2016-08-29,63.87,64.2499,63.84,64.18,70599
2016-08-30,64.1,64.23,63.9986,64.12,114653
2016-08-31,64.11,64.28,63.98,64.14,343647
2016-09-01,63.55,63.9556,63.4912,63.84,57503
2016-09-02,63.56,63.64,63.2801,63.57,125534
2016-09-06,63.54,63.93,63.41,63.72,163478
2016-09-07,64.01,64.03,63.73,63.73,132356
2016-09-08,63.53,63.667,62.92,63.17,56031
2016-09-09,62.69,62.703,62.22,62.43,121594
2016-09-12,62.17,62.4799,62.04,62.18,77473
2016-09-13,62.31,62.4,61.44,61.85,262087
2016-09-14,61.65,62.085,61.38,61.57,141827
2016-09-15,61.41,61.78,61.27,61.72,104894
2016-09-16,61.76,61.96,61.76,61.96,67539
2016-09-19,61.85,62.1199,61.85,61.95,69364
2016-09-20,62.21,62.4399,61.95,62.15,215918
2016-09-21,62.07,62.68,61.9801,62.64,106653
2016-09-22,62.9,63.36,62.71,63.0,177061
2016-09-23,63.17,63.2999,62.76,62.78,128461
2016-09-26,63.1,63.2599,63.0,63.22,102638
2016-09-27,63.36,63.535,63.2546,63.36,81810
2016-09-28,63.44,63.635,63.23,63.49,28288
2016-09-29,63.29,63.59,63.22,63.44,65777
2016-09-30,63.43,63.5499,62.89,63.26,450597
2016-10-03,63.07,63.27,62.68,62.87,74209
2016-10-04,62.94,63.0,62.26,62.47,172832
2016-10-05,62.42,62.44,61.935,62.34,542361
2016-10-06,62.27,62.39,61.99,62.26,211594
2016-10-07,62.37,62.44,62.0216,62.37,130766
2016-10-10,62.3,62.37,62.09,62.25,77081
2016-10-11,62.12,62.3,61.86,61.97,566499
2016-10-12,61.96,62.17,61.72,62.05,138653
2016-10-13,62.32,62.42,62.17,62.31,205646
2016-10-14,62.0,62.4099,61.77,61.83,311790
2016-10-17,61.96,62.29,61.911,62.07,240837
2016-10-18,61.9,62.42,61.891,62.39,222167
2016-10-19,62.36,62.68,62.19,62.62,285816
2016-10-20,62.79,62.91,62.57,62.71,146525
2016-10-21,62.77,62.91,62.595,62.67,94738
2016-10-24,62.62,62.67,62.28,62.45,73103
2016-10-25,62.36,62.66,62.3,62.58,64922
2016-10-26,62.29,62.35,61.99,61.99,122873
2016-10-27,61.8,61.86,61.3,61.44,86047
2016-10-28,61.42,61.67,61.25,61.42,133335
2016-10-31,61.5,61.59,61.32,61.38,290298
2016-11-01,60.88,61.27,60.79,61.23,131054
2016-11-02,61.11,61.3699,60.861,61.07,93846
2016-11-03,61.07,61.1036,60.81,60.92,77475
2016-11-04,61.28,61.2999,61.08,61.29,75214
2016-11-07,60.98,61.2599,60.98,61.13,47203
2016-11-08,61.28,61.3608,60.8979,61.04,319526
2016-11-09,60.15,60.2373,59.28,59.42,177866
2016-11-10,59.43,59.5999,58.74,58.96,166170
2016-11-11,58.95,59.0,58.51,58.7,147228
2016-11-14,58.45,58.7066,57.93,57.93,281869
2016-11-15,58.39,59.21,58.3661,58.59,110910
2016-11-16,58.69,59.0,58.6,58.68,54604
2016-11-17,58.49,58.7799,58.08,58.14,546580
2016-11-18,58.38,58.5099,57.8485,58.01,124673
2016-11-21,58.26,58.34,57.97,58.06,174643
2016-11-22,58.18,58.302,57.95,58.05,227953
2016-11-23,57.86,58.0175,57.5306,57.94,201921
2016-11-25,58.18,58.249,57.81,58.09,43019
2016-11-28,58.29,58.45,58.1,58.42,138205
2016-11-29,58.43,58.61,58.22,58.54,174596
2016-11-30,58.09,58.24,57.7801,57.89,339183
2016-12-01,57.52,57.59,57.15,57.55,134056
2016-12-02,57.69,58.05,57.69,57.82,233749
2016-12-05,57.63,58.17,57.54,57.92,211167
2016-12-06,57.98,58.16,57.83,57.96,123128
2016-12-07,58.21,58.5,58.14,58.41,113019
2016-12-08,58.26,58.26,57.94,57.97,137998
2016-12-09,57.98,58.0,57.49,57.65,140885
2016-12-12,57.63,57.6399,57.31,57.5,98044
2016-12-13,57.82,57.92,57.5382,57.9,135905
2016-12-14,58.07,58.36,57.61,57.61,133223
2016-12-15,57.72,57.94,57.505,57.55,213605
2016-12-16,57.79,57.79,57.3906,57.52,57471
2016-12-19,57.77,58.05,57.77,58.02,98561
2016-12-20,57.93,58.05,57.78,57.84,173923
2016-12-21,58.1,58.2299,57.89,58.12,336631
2016-12-22,57.81,58.1235,57.775,58.05,131316
2016-12-23,58.24,58.3,58.05,58.26,183442
2016-12-27,58.0,58.22,57.9,58.06,115780
2016-12-28,58.21,58.63,58.1487,58.51,187958
2016-12-29,58.61,58.86,58.4,58.79,288163
2016-12-30,58.61,58.969,58.506,58.7,333034
2017-01-03,58.6,59.1299,58.5,59.07,190067
2017-01-04,59.09,59.2137,58.93,59.08,270787
2017-01-05,59.46,59.765,59.2098,59.66,130528
2017-01-06,59.55,59.555,59.2816,59.41,315865
2017-01-09,59.69,59.69,59.35,59.53,263076
2017-01-10,59.49,59.65,59.46,59.55,169139
2017-01-11,59.56,59.7915,59.35,59.65,145325
2017-01-12,59.96,60.05,59.64,59.71,157643
2017-01-13,59.45,59.54,59.15,59.4,639869
2017-01-17,59.81,59.91,59.49,59.68,642024
2017-01-18,59.56,59.59,59.2205,59.31,460417
2017-01-19,59.07,59.13,58.7601,58.97,240914
2017-01-20,58.88,58.98,58.61,58.85,203626
2017-01-23,58.98,59.39,58.86,59.18,163317
2017-01-24,59.1,59.215,58.8,58.96,180282
2017-01-25,58.71,58.8499,58.42,58.55,436777
2017-01-26,58.51,58.75,58.34,58.71,386842
2017-01-27,58.84,59.0,58.73,58.93,132274
2017-01-30,58.99,59.04,58.79,58.85,274477
2017-01-31,58.96,59.17,58.86,59.02,92648
2017-02-01,58.64,58.83,58.39,58.58,207032
2017-02-02,58.89,58.89,58.43,58.51,305470
2017-02-03,58.7,58.79,58.32,58.53,72100
2017-02-06,58.8,59.02,58.49,58.82,128617
2017-02-07,58.81,59.21,58.71,59.1,130052
2017-02-08,59.29,59.53,59.26,59.49,100457
2017-02-09,59.49,59.49,59.03,59.17,47676
2017-02-10,58.84,59.17,58.84,59.13,82196
2017-02-13,58.97,59.03,58.85,59.02,65175
2017-02-14,59.04,59.06,58.57,58.81,60086
2017-02-15,58.59,58.82,58.54,58.79,110158
2017-02-16,58.8,59.13,58.78,58.97,110792
2017-02-17,59.29,59.3,59.09,59.21,207850
2017-02-21,58.99,59.31,58.89,59.15,33564
2017-02-22,59.29,59.41,58.98,59.24,75453
2017-02-23,59.31,59.45,59.21,59.36,78813
2017-02-24,59.7,59.99,59.59,59.9,232540
2017-02-27,59.96,60.0,59.7,59.72,61649
2017-02-28,59.79,59.96,59.77,59.9,55995
2017-03-01,59.11,59.16,58.9,59.1,48832
2017-03-02,58.96,59.04,58.79,58.93,68570
2017-03-03,59.12,59.14,58.78,59.01,66787
2017-03-06,58.98,59.05,58.82,58.91,288372
2017-03-07,58.81,58.88,58.58,58.61,117354
2017-03-08,58.21,58.42,58.15,58.33,126692
2017-03-09,58.08,58.17,57.74,57.88,185710
2017-03-10,57.86,58.06,57.74,57.95,98804
2017-03-13,57.89,58.04,57.68,57.75,57644
2017-03-14,57.76,57.97,57.64,57.74,48648
2017-03-15,58.02,58.47,57.92,58.41,79970
2017-03-16,58.41,58.41,58.21,58.33,134108
2017-03-17,58.45,58.7,58.36,58.62,46267
2017-03-20,58.51,58.74,58.51,58.59,149534
2017-03-21,58.66,59.14,58.66,59.02,33456
2017-03-22,59.15,59.42,59.0,59.16,36330
2017-03-23,59.22,59.29,58.95,59.01,54964
2017-03-24,59.19,59.38,58.96,59.16,53774
2017-03-27,59.54,59.55,59.25,59.34,42867
2017-03-28,59.48,59.5,59.05,59.11,54675
2017-03-29,59.27,59.47,59.24,59.38,18079
2017-03-30,59.45,59.5,59.13,59.22,35130
2017-03-31,59.27,59.3,59.01,59.24,49746
2017-04-03,59.2,59.45,59.0,59.4,63351
2017-04-04,59.56,59.56,59.2,59.34,393053
2017-04-05,59.18,59.5,59.17,59.41,119575
2017-04-06,59.5,59.57,59.21,59.44,398767
2017-04-07,59.74,59.83,59.18,59.18,52973
2017-04-10,59.52,59.55,59.3,59.33,386277
2017-04-11,59.58,59.96,59.45,59.77,330840
2017-04-12,59.89,60.15,59.73,60.1,122992
2017-04-13,60.13,60.21,59.93,60.01,218072
2017-04-17,60.18,60.3,60.0,60.08,67674
2017-04-18,60.43,60.67,60.23,60.64,56537
2017-04-19,60.55,60.57,60.28,60.39,39951
2017-04-20,60.37,60.46,60.08,60.26,50746
2017-04-21,60.33,60.39,60.16,60.21,29324
2017-04-24,60.07,60.14,59.85,59.99,105905
2017-04-25,59.95,59.95,59.41,59.49,89067
2017-04-26,59.54,59.8,59.49,59.73,69258
2017-04-27,59.87,59.95,59.6,59.86,30351
2017-04-28,59.86,59.95,59.68,59.94,60505
2017-05-01,59.72,59.85,59.3,59.5,43366
2017-05-02,59.4,59.81,59.4,59.69,43533
2017-05-03,59.93,60.01,59.77,59.85,40047
2017-05-04,59.62,59.64,59.42,59.58,26808
2017-05-05,59.71,59.71,59.43,59.62,126142
2017-05-08,59.64,59.64,59.3,59.49,58296
2017-05-09,59.47,59.53,59.31,59.53,33184
2017-05-10,59.71,59.74,59.39,59.52,30278
2017-05-11,59.46,59.67,59.27,59.58,32843
2017-05-12,59.94,60.07,59.78,60.05,147900
2017-05-15,59.9,60.07,59.85,59.96,50841
2017-05-16,60.08,60.37,59.98,60.19,27494
2017-05-17,60.52,60.81,60.5,60.69,29094
2017-05-18,60.78,60.85,60.57,60.75,40813
2017-05-19,60.66,60.77,60.54,60.74,27686
2017-05-22,60.68,60.74,60.61,60.74,34476
2017-05-23,60.78,60.82,60.35,60.37,26689
2017-05-24,60.58,60.66,60.41,60.65,21672
2017-05-25,60.56,60.69,60.5,60.6,135711
2017-05-26,60.69,60.76,60.64,60.75,18980
2017-05-30,60.83,60.95,60.76,60.94,27403
2017-05-31,60.94,61.11,60.84,61.07,29506
2017-06-01,60.79,60.97,60.61,60.94,71590
2017-06-02,61.2,61.44,61.04,61.37,47548
2017-06-05,61.24,61.24,61.07,61.15,327868
2017-06-06,61.38,61.48,61.25,61.37,136111
2017-06-07,61.3,61.4,61.14,61.21,44331
2017-06-08,61.16,61.21,61.03,61.13,35921
2017-06-09,60.93,61.19,60.92,61.12,21053
2017-06-12,61.08,61.25,61.01,61.1,25261
2017-06-13,61.05,61.18,60.95,61.17,26183
2017-06-14,61.57,62.0,61.57,61.88,38127
2017-06-15,61.69,61.82,61.66,61.76,91387
2017-06-16,61.73,61.86,61.65,61.79,34060
2017-06-19,61.94,61.94,61.77,61.82,57032
2017-06-20,61.96,62.13,61.92,62.1,56165
2017-06-21,61.96,62.2,61.96,62.09,31248
2017-06-22,62.13,62.35,62.01,62.26,111610
2017-06-23,62.15,62.34,62.15,62.22,19846
2017-06-26,62.51,62.65,62.39,62.46,60840
2017-06-27,62.2,62.24,61.91,61.98,169141
2017-06-28,61.95,62.09,61.73,62.01,80546
2017-06-29,61.5,61.71,61.47,61.56,56305
2017-06-30,61.54,61.75,61.39,61.64,80031
2017-07-03,61.44,61.52,61.1,61.28,24398
2017-07-05,61.14,61.28,60.99,61.24,581254
2017-07-06,60.96,61.0,60.69,60.88,92965
2017-07-07,60.78,60.83,60.65,60.8,40565
2017-07-10,60.78,60.93,60.72,60.92,206006
2017-07-11,60.92,61.08,60.86,60.99,80090
2017-07-12,61.26,61.42,61.16,61.4,93047
2017-07-13,61.33,61.33,61.08,61.23,20358
2017-07-14,61.51,61.51,61.19,61.34,35905
2017-07-17,61.3,61.48,61.28,61.37,147511
2017-07-18,61.71,61.83,61.63,61.83,143670
2017-07-19,61.8,61.94,61.78,61.84,72155
2017-07-20,62.12,62.18,61.95,61.98,546669
2017-07-21,62.17,62.31,62.16,62.22,48177
2017-07-24,62.1,62.18,62.02,62.06,124835
2017-07-25,61.71,61.71,61.51,61.53,94317
2017-07-26,61.44,61.81,61.41,61.7,136629
2017-07-27,61.51,61.56,61.37,61.48,65051
2017-07-28,61.48,61.73,61.48,61.73,16227
2017-07-31,61.58,61.8,61.58,61.79,68120
2017-08-01,61.44,61.92,61.44,61.92,31324
2017-08-02,61.98,62.08,61.88,61.92,31324
2017-08-03,62.01,62.17,61.98,62.15,45243
2017-08-04,61.88,61.88,61.62,61.71,60809
2017-08-07,61.67,61.73,61.62,61.73,13476
2017-08-08,61.67,61.67,61.32,61.39,30776
2017-08-09,61.7,61.7,61.42,61.43,31668
2017-08-10,61.52,61.55,61.23,61.53,93633
2017-08-11,61.25,61.53,61.24,61.47,28320
2017-08-14,61.5,61.63,61.41,61.55,79560
2017-08-15,61.25,61.43,61.25,61.4,26063
2017-08-16,61.35,61.76,61.34,61.59,47819
2017-08-17,61.54,61.74,61.48,61.74,34856
2017-08-18,61.84,61.89,61.66,61.72,21206
2017-08-21,61.75,61.9,61.71,61.9,21963
2017-08-22,61.92,61.92,61.66,61.76,110952
2017-08-23,61.94,62.06,61.86,62.05,348375
2017-08-24,61.98,62.06,61.86,61.93,21859
2017-08-25,61.99,62.18,61.99,62.13,17800
2017-08-28,62.03,62.16,61.92,62.16,30316
2017-08-29,62.47,62.47,62.11,62.21,63325
2017-08-30,62.18,62.28,62.1,62.21,66494
2017-08-31,62.24,62.5,62.24,62.35,75180
2017-09-01,62.04,62.1,61.79,61.92,42680
2017-09-05,62.16,62.45,62.083,62.45,300174
2017-09-06,62.4,62.4,62.03,62.11,300444
2017-09-07,62.27,62.62,62.27,62.55,43280
2017-09-08,62.38,62.38,62.16,62.29,47975
2017-09-11,62.08,62.16,61.92,61.96,39726
2017-09-12,61.83,61.86,61.7,61.78,106485
2017-09-13,61.87,61.87,61.67,61.69,28001
2017-09-14,61.71,61.92,61.69,61.92,85856
2017-09-15,62.03,62.05,61.87,62.05,24500
2017-09-18,61.97,62.0,61.78,61.89,14750
2017-09-19,61.94,61.99,61.87,61.95,20370
2017-09-20,61.95,62.01,61.69,61.91,34718
2017-09-21,62.02,62.08,61.85,61.86,55268
2017-09-22,62.03,62.1,61.9,61.98,32121
2017-09-25,62.07,62.34,62.04,62.33,42556
2017-09-26,62.23,62.36,62.15,62.3,22505
2017-09-27,61.8,61.9,61.75,61.85,39374
2017-09-28,61.65,61.88,61.64,61.87,22422
2017-09-29,62.04,62.14,61.81,62.06,61084
