2008-05-22,27.1,27.21,27.1,27.1232,17600
2008-05-23,26.75,26.75,25.86,26.73,4900
2008-05-27,26.49,26.6,26.49,26.6,300
2008-05-28,26.6,26.6,26.6,26.6,0
2008-05-29,26.09,26.09,26.09,26.09,100
2008-05-30,26.02,26.02,26.02,26.02,200
2008-06-02,26.02,26.02,26.02,26.02,0
2008-06-03,26.02,26.02,26.02,26.02,0
2008-06-04,26.02,26.02,26.02,26.02,0
2008-06-05,25.79,26.26,25.79,26.26,5400
2008-06-06,27.3,27.3,27.3,27.3,2500
2008-06-09,27.69,27.69,27.2653,27.2653,7100
2008-06-10,27.27,27.27,27.27,27.27,0
2008-06-11,28.35,28.35,28.35,28.35,100
2008-06-12,27.74,28.23,27.709,28.23,6300
2008-06-13,27.94,28.0,27.94,28.0,200
2008-06-16,28.67,28.67,28.49,28.49,4500
2008-06-17,28.49,28.49,28.49,28.49,0
2008-06-18,28.49,28.49,28.49,28.49,0
2008-06-19,28.49,28.49,28.49,28.49,0
2008-06-20,28.49,28.49,28.49,28.49,0
2008-06-23,28.2,28.2,28.2,28.2,200
2008-06-24,28.2,28.2,28.2,28.2,0
2008-06-25,28.29,28.29,28.29,28.29,100
2008-06-26,29.32,29.32,29.11,29.11,3100
2008-06-27,29.63,29.63,29.2955,29.2955,3800
2008-06-30,29.2955,29.2955,29.2955,29.2955,100
2008-07-01,29.22,29.22,29.22,29.22,100
2008-07-02,29.15,29.87,29.15,29.87,800
2008-07-03,29.75,29.75,29.7,29.7,400
2008-07-07,29.31,29.31,29.08,29.13,1300
2008-07-08,29.13,29.13,29.13,29.13,0
2008-07-09,29.13,29.13,29.13,29.13,0
2008-07-10,29.13,29.13,29.13,29.13,0
2008-07-11,29.13,29.13,29.13,29.13,0
2008-07-14,29.13,29.13,29.13,29.13,0
2008-07-15,28.27,28.27,28.27,28.27,3000
2008-07-16,27.9999,28.0,27.9999,28.0,200
2008-07-17,28.01,28.01,27.42,27.42,3100
2008-07-18,27.54,27.54,27.02,27.02,600
2008-07-21,27.02,27.02,27.02,27.02,0
2008-07-22,27.02,27.02,27.02,27.02,0
2008-07-23,27.02,27.02,27.02,27.02,0
2008-07-24,27.02,27.02,27.02,27.02,0
2008-07-25,25.97,25.97,25.95,25.95,400
2008-07-28,26.23,26.23,26.23,26.23,400
2008-07-29,26.23,26.23,26.23,26.23,0
2008-07-30,26.23,26.23,26.23,26.23,0
2008-07-31,26.34,26.34,26.34,26.34,300
2008-08-01,25.53,25.9,25.53,25.9,4900
2008-08-04,25.63,25.63,25.05,25.05,25000
2008-08-05,25.05,25.05,25.05,25.05,0
2008-08-06,25.05,25.05,25.05,25.05,0
2008-08-07,24.71,24.71,24.71,24.71,600
2008-08-08,24.02,24.02,23.94,23.94,3200
2008-08-11,23.94,23.94,23.94,23.94,0
2008-08-12,23.84,23.84,23.84,23.84,200
2008-08-13,24.51,24.51,24.38,24.38,600
2008-08-14,24.38,24.38,24.38,24.38,0
2008-08-15,24.05,24.05,23.87,23.9435,900
2008-08-18,24.17,24.17,24.09,24.09,800
2008-08-19,24.32,24.32,24.32,24.32,100
2008-08-20,24.27,24.62,24.26,24.62,700
2008-08-21,25.2,25.21,25.2,25.21,6000
2008-08-22,25.07,25.07,24.84,24.84,1300
2008-08-25,24.84,24.84,24.84,24.84,0
2008-08-26,24.75,24.78,24.73,24.73,900
2008-08-27,24.73,24.73,24.73,24.73,0
2008-08-28,24.73,24.73,24.73,24.73,0
2008-08-29,24.73,24.73,24.73,24.73,0
2008-09-02,23.29,23.53,23.13,23.53,2800
2008-09-03,23.37,23.37,23.37,23.37,200
2008-09-04,23.37,23.37,23.37,23.37,0
2008-09-05,23.37,23.37,23.37,23.37,0
2008-09-08,22.99,22.99,22.9,22.9,600
2008-09-09,22.35,22.35,22.35,22.35,100
2008-09-10,22.35,22.35,22.35,22.35,0
2008-09-11,21.88,21.89,21.88,21.89,10000
2008-09-12,21.89,21.89,21.89,21.89,0
2008-09-15,21.42,21.68,21.42,21.68,8900
2008-09-16,21.68,21.68,21.68,21.68,0
2008-09-17,21.68,21.68,21.68,21.68,0
2008-09-18,21.47,21.47,21.47,21.47,500
2008-09-19,21.75,21.75,21.75,21.75,500
2008-09-22,24.56,24.62,22.5,23.14,3000
2008-09-23,22.67,22.92,22.484,22.484,1800
2008-09-24,22.62,22.62,22.62,22.62,200
2008-09-25,22.93,22.93,22.93,22.93,200
2008-09-26,22.27,22.66,22.27,22.66,40600
2008-09-29,22.66,22.66,22.66,22.66,0
2008-09-30,21.62,21.65,21.48,21.6,4300
2008-10-01,21.31,21.31,21.31,21.31,200
2008-10-02,20.88,20.88,20.43,20.43,300
2008-10-03,20.22,20.22,20.13,20.13,500
2008-10-06,19.06,19.06,19.06,19.06,300
2008-10-07,19.37,19.37,19.37,19.37,400
2008-10-08,19.37,19.37,19.37,19.37,0
2008-10-09,18.93,18.93,18.93,18.93,1000
2008-10-10,18.39,18.43,17.77,18.41,38500
2008-10-13,18.41,18.41,18.4099,18.4099,300
2008-10-14,18.99,18.99,18.43,18.43,400
2008-10-15,17.4701,17.69,17.44,17.621,6700
2008-10-16,16.7999,16.7999,16.7999,16.7999,200
2008-10-17,17.1,17.16,17.1,17.16,2400
2008-10-20,17.16,17.53,17.11,17.53,3300
2008-10-21,17.11,17.11,17.11,17.11,700
2008-10-22,15.79,15.79,15.79,15.79,300
2008-10-23,15.77,15.77,15.77,15.77,500
2008-10-24,15.44,15.7,15.44,15.49,50500
2008-10-27,15.08,15.85,15.08,15.84,29900
2008-10-28,15.84,15.84,15.84,15.84,0
2008-10-29,16.83,16.83,16.76,16.76,900
2008-10-30,16.34,16.34,16.34,16.34,700
2008-10-31,16.34,16.34,16.34,16.34,0
2008-11-03,16.34,16.34,16.34,16.34,0
2008-11-04,17.2899,17.29,17.09,17.09,3000
2008-11-05,16.69,16.69,16.3899,16.3899,1800
2008-11-06,16.39,16.39,16.39,16.39,0
2008-11-07,16.39,16.39,16.39,16.39,0
2008-11-10,16.47,16.47,16.31,16.31,600
2008-11-11,15.68,15.68,15.68,15.68,400
2008-11-12,15.68,15.68,15.68,15.68,0
2008-11-13,15.68,15.68,15.68,15.68,0
2008-11-14,14.94,14.94,14.94,14.94,700
2008-11-17,14.94,14.94,14.94,14.94,0
2008-11-18,14.94,14.94,14.94,14.94,0
2008-11-19,14.55,14.55,14.55,14.55,1700
2008-11-20,14.55,14.55,14.55,14.55,0
2008-11-21,13.86,14.33,13.83,14.24,74000
2008-11-24,14.24,14.24,14.24,14.24,0
2008-11-25,14.48,14.58,14.4799,14.551,4300
2008-11-26,14.91,15.08,14.69,14.69,6600
2008-11-28,14.58,14.75,14.58,14.75,10600
2008-12-01,14.12,14.32,14.0,14.1899,7500
2008-12-02,13.87,13.87,13.75,13.78,600
2008-12-03,13.76,13.85,13.6,13.85,10400
2008-12-04,13.65,13.65,13.2199,13.37,21900
2008-12-05,12.44,12.44,12.44,12.44,600
2008-12-08,13.18,13.18,13.18,13.18,200
2008-12-09,13.31,13.45,13.12,13.12,2600
2008-12-10,13.2799,13.43,13.2799,13.32,1100
2008-12-11,13.3,13.3,13.3,13.3,200
2008-12-12,13.43,13.79,13.43,13.79,7500
2008-12-15,14.26,14.26,13.98,13.98,1300
2008-12-16,13.76,13.78,13.704,13.75,1800
2008-12-17,13.75,13.75,13.75,13.75,300
2008-12-18,13.05,13.05,13.05,13.05,1000
2008-12-19,13.05,13.05,13.05,13.05,0
2008-12-22,13.2799,13.505,13.14,13.19,11900
2008-12-23,13.08,13.08,12.92,12.92,4200
2008-12-24,12.87,12.97,12.86,12.97,1500
2008-12-26,13.052,13.052,13.052,13.052,600
2008-12-29,13.32,13.32,12.92,12.92,2500
2008-12-30,13.1499,13.15,13.115,13.115,900
2008-12-31,13.88,14.11,13.86,13.95,322000
2009-01-02,14.0,14.0,14.0,14.0,100
2009-01-05,14.36,14.51,14.19,14.51,3900
2009-01-06,14.85,14.95,14.55,14.77,23000
2009-01-07,14.5,14.5,14.07,14.07,4600
2009-01-08,13.9,14.15,13.9,14.09,2100
2009-01-09,14.09,14.09,14.09,14.09,0
2009-01-12,13.81,14.0,13.27,13.51,12200
2009-01-13,13.4,13.452,13.4,13.452,500
2009-01-14,13.54,13.54,13.25,13.25,300
2009-01-15,13.2499,13.71,13.2499,13.71,600
2009-01-16,13.62,13.71,13.5,13.5,800
2009-01-20,13.01,13.37,13.0,13.01,1400
2009-01-21,12.88,12.88,12.842,12.842,300
2009-01-22,12.58,12.65,12.58,12.65,1000
2009-01-23,12.98,13.32,12.7,13.32,297900
2009-01-26,13.23,13.69,13.23,13.53,28400
2009-01-27,13.06,13.06,13.06,13.06,100
2009-01-28,13.06,13.06,13.06,13.06,0
2009-01-29,13.06,13.06,13.06,13.06,0
2009-01-30,13.06,13.06,13.06,13.06,0
2009-02-02,12.88,12.88,12.87,12.88,1200
2009-02-03,13.0,13.0,12.6,12.6,5800
2009-02-04,13.0599,13.0599,13.0599,13.0599,500
2009-02-05,13.0299,13.0299,13.0299,13.0299,200
2009-02-06,13.03,13.03,13.03,13.03,0
2009-02-09,13.144,13.144,13.144,13.144,200
2009-02-10,13.05,13.0614,13.05,13.0614,600
2009-02-11,12.88,12.9,12.76,12.76,1300
2009-02-12,12.8499,12.93,12.63,12.63,1100
2009-02-13,12.546,12.546,12.546,12.546,300
2009-02-17,12.27,12.27,12.2499,12.2499,1000
2009-02-18,11.9999,11.9999,11.99,11.99,600
2009-02-19,11.99,11.99,11.99,11.99,0
2009-02-20,12.08,12.08,12.08,12.08,700
2009-02-23,12.09,12.09,11.886,11.886,1000
2009-02-24,11.916,12.03,11.78,12.03,900
2009-02-25,12.21,12.21,12.21,12.21,600
2009-02-26,12.21,12.21,12.21,12.21,0
2009-02-27,12.34,12.34,12.34,12.34,200
2009-03-02,11.77,11.77,11.77,11.77,100
2009-03-03,11.77,11.85,11.7,11.7001,4800
2009-03-04,12.12,12.12,12.12,12.12,400
2009-03-05,12.09,12.0901,12.09,12.0901,700
2009-03-06,12.26,12.2852,12.26,12.2852,400
2009-03-09,12.13,12.13,12.13,12.13,800
2009-03-10,12.55,12.55,12.55,12.55,500
2009-03-11,12.4499,12.4499,12.0,12.0,1300
2009-03-12,12.0,12.0,12.0,12.0,0
2009-03-13,12.37,12.37,12.34,12.34,600
2009-03-16,12.53,12.5345,12.53,12.5345,500
2009-03-17,12.79,12.98,12.79,12.98,6000
2009-03-18,12.95,12.95,12.6,12.6,1700
2009-03-19,13.75,13.75,13.53,13.63,2400
2009-03-20,13.44,13.62,13.3101,13.574,3900
2009-03-23,13.77,13.84,13.77,13.81,21600
2009-03-24,13.74,13.76,13.65,13.72,2800
2009-03-25,13.63,13.644,13.42,13.48,3400
2009-03-26,13.51,13.67,13.5,13.67,1600
2009-03-27,13.39,13.39,13.3,13.37,600
2009-03-30,13.04,13.04,12.899000000000001,12.96,19200
2009-03-31,13.1,13.2,12.89,13.2,1300
2009-04-01,12.8599,12.8599,12.8599,12.8599,700
2009-04-02,13.5192,13.55,13.48,13.55,1900
2009-04-03,13.42,13.64,13.42,13.64,3500
2009-04-06,13.38,13.38,13.38,13.38,300
2009-04-07,13.33,13.41,13.26,13.26,1600
2009-04-08,12.6,13.31,12.6,13.222,1200
2009-04-09,13.77,13.77,13.53,13.53,3200
2009-04-13,13.41,13.4401,13.41,13.4401,500
2009-04-14,13.4,13.41,13.364,13.364,1800
2009-04-15,13.236,13.236,13.236,13.236,400
2009-04-16,13.28,13.28,13.2478,13.2478,1500
2009-04-17,13.47,13.47,13.07,13.07,1700
2009-04-20,12.91,12.91,12.644,12.644,3100
2009-04-21,12.26,12.738,12.26,12.738,1100
2009-04-22,12.15,12.15,12.15,12.15,400
2009-04-23,12.9,12.9,12.54,12.87,2600
2009-04-24,13.82,13.82,12.922,12.922,1500
2009-04-27,13.55,13.55,13.55,13.55,300
2009-04-28,13.55,13.55,13.55,13.55,0
2009-04-29,13.6,13.6,12.806000000000001,12.806000000000001,400
2009-04-30,13.716,13.716,13.6099,13.6099,5200
2009-05-01,13.61,13.61,13.61,13.61,0
2009-05-04,13.73,14.7,13.45,13.45,4100
2009-05-05,14.46,14.46,14.32,14.38,7400
2009-05-06,14.54,14.54,14.4876,14.4876,3500
2009-05-07,14.25,14.25,13.87,13.87,5800
2009-05-08,13.94,14.6,13.94,14.6,1900
2009-05-11,14.25,14.32,14.0,14.29,3400
2009-05-12,14.72,14.72,14.39,14.56,2700
2009-05-13,14.884,14.884,14.884,14.884,700
2009-05-14,14.792,14.792,13.15,14.52,1100
2009-05-15,13.77,13.77,13.77,13.77,500
2009-05-18,14.67,14.67,13.89,14.26,1100
2009-05-19,14.2,14.62,14.2,14.46,8900
2009-05-20,14.6,14.73,14.6,14.62,5100
2009-05-21,13.8,14.5081,13.56,14.5081,2800
2009-05-22,15.178,15.3499,15.124,15.294,1900
2009-05-26,15.05,15.05,15.05,15.05,300
2009-05-27,13.698,15.424,13.698,14.83,2600
2009-05-28,15.22,15.22,14.84,14.84,12400
2009-05-29,15.858,15.858,14.99,15.42,10300
2009-06-01,16.2,16.2,15.56,15.67,21000
2009-06-02,15.71,15.71,14.91,15.6,15100
2009-06-03,15.85,15.85,15.0,15.25,5000
2009-06-04,15.91,15.91,15.774000000000001,15.81,2400
2009-06-05,15.4,15.78,15.39,15.3901,4100
2009-06-08,15.0301,15.85,15.0301,15.46,3300
2009-06-09,15.124,15.7774,15.124,15.7774,5100
2009-06-10,16.57,16.57,15.8,15.81,3400
2009-06-11,15.83,16.12,15.81,16.02,8700
2009-06-12,15.87,15.87,15.5,15.7,6600
2009-06-15,15.4,15.46,15.392,15.402,1700
2009-06-16,15.4,15.46,14.96,15.1101,6500
2009-06-17,15.14,15.51,15.0988,15.5,14100
2009-06-18,15.47,15.4701,15.11,15.2999,13300
2009-06-19,15.35,15.35,15.3,15.3,1400
2009-06-22,14.82,14.82,14.59,14.59,15500
2009-06-23,14.47,15.01,14.47,14.99,15800
2009-06-24,15.01,15.01,14.79,14.836,5500
2009-06-25,14.9,15.01,14.9,15.0099,7100
2009-06-26,15.01,15.01,15.01,15.01,0
2009-06-29,15.03,15.03,14.89,15.0285,1600
2009-06-30,15.16,15.16,14.47,14.69,5700
2009-07-01,14.54,14.54,14.54,14.54,200
2009-07-02,14.34,14.43,14.34,14.4,800
2009-07-06,14.2,14.2,13.67,13.936,4300
2009-07-07,13.795,13.9212,13.73,13.865,4400
2009-07-08,13.548,13.548,13.4994,13.4994,1200
2009-07-09,13.64,13.64,13.64,13.64,200
2009-07-10,13.32,13.49,13.32,13.48,1200
2009-07-13,13.53,13.55,13.53,13.55,200
2009-07-14,13.5404,13.5404,13.5404,13.5404,200
2009-07-15,13.95,13.95,13.822,13.8255,2700
2009-07-16,13.8401,13.94,13.78,13.9399,1200
2009-07-17,14.1299,14.19,14.1299,14.19,2400
2009-07-20,14.22,14.3,14.22,14.3,7400
2009-07-21,14.3,14.3,14.3,14.3,0
2009-07-22,14.16,14.39,14.13,14.39,2300
2009-07-23,14.45,14.45,14.45,14.45,500
2009-07-24,14.6599,14.7,14.61,14.7,1700
2009-07-27,14.74,14.74,14.74,14.74,500
2009-07-28,14.57,14.57,14.5699,14.57,2700
2009-07-29,14.2,14.2,14.2,14.2,300
2009-07-30,14.6,14.6,14.6,14.6,400
2009-07-31,14.69,14.69,14.69,14.69,300
2009-08-03,14.69,14.69,14.69,14.69,0
2009-08-04,14.69,14.69,14.69,14.69,0
2009-08-05,15.51,15.51,15.5099,15.5099,300
2009-08-06,15.3092,15.3092,15.18,15.18,500
2009-08-07,15.18,15.18,15.0401,15.05,1300
2009-08-10,15.0292,15.0292,15.0,15.0,200
2009-08-11,15.0,15.0,15.0,15.0,0
2009-08-12,14.79,14.99,14.76,14.975,1000
2009-08-13,15.098,15.098,15.098,15.098,400
2009-08-14,15.02,16.37,14.6511,14.69,15500
2009-08-17,15.4099,15.4099,15.24,15.24,600
2009-08-18,15.24,15.24,15.24,15.24,0
2009-08-19,14.282,14.282,14.282,14.282,300
2009-08-20,14.8,14.8,14.8,14.8,300
2009-08-21,14.84,14.84,14.84,14.84,100
2009-08-24,14.89,14.91,14.89,14.9,1100
2009-08-25,15.21,15.21,14.565,14.565,13200
2009-08-26,14.49,14.506,14.37,14.389,23800
2009-08-27,14.6,14.6,14.51,14.566,2600
2009-08-28,14.77,14.81,14.7499,14.7499,2300
2009-08-31,14.39,14.5,14.3,14.46,12700
2009-09-01,14.3101,14.38,14.2025,14.2198,6800
2009-09-02,15.07,15.16,14.2,14.2,2600
2009-09-03,15.17,15.17,15.15,15.15,400
2009-09-04,14.98,14.98,13.35,14.1999,2600
2009-09-08,15.382,15.43,14.385,14.385,2700
2009-09-09,15.43,15.43,15.43,15.43,400
2009-09-10,13.5,15.29,13.5,14.6085,3200
2009-09-11,14.4,14.9,14.14,14.876,5400
2009-09-14,14.11,14.98,13.94,14.936,2400
2009-09-15,14.85,14.93,14.46,14.85,2900
2009-09-16,14.61,14.64,14.186,14.64,2500
2009-09-17,14.61,14.78,14.61,14.78,3600
2009-09-18,14.68,14.73,14.66,14.66,1100
2009-09-21,13.558,14.39,13.558,14.31,4300
2009-09-22,14.52,14.52,14.52,14.52,900
2009-09-23,14.42,14.42,14.19,14.33,3100
2009-09-24,14.22,14.22,13.0,13.88,4000
2009-09-25,14.5999,14.5999,13.84,13.875,1000
2009-09-28,14.01,14.01,13.89,13.936,3100
2009-09-29,13.92,14.03,13.92,14.03,3400
2009-09-30,14.6,14.6,14.6,14.6,300
2009-10-01,14.6,14.6,14.6,14.6,0
2009-10-02,14.5999,14.5999,14.24,14.5899,1100
2009-10-05,14.25,14.3099,14.25,14.3099,2800
2009-10-06,14.6,14.6,14.48,14.52,2100
2009-10-07,14.6,14.6,14.39,14.39,1900
2009-10-08,14.64,15.5,14.64,14.73,4700
2009-10-09,15.35,15.63,14.83,14.83,3600
2009-10-12,14.94,16.005,14.94,15.75,6600
2009-10-13,16.0,16.0,15.06,15.06,600
2009-10-14,16.04,16.152,14.33,15.92,10000
2009-10-15,15.92,15.92,15.35,15.35,7200
2009-10-16,14.66,16.46,14.66,16.324,11000
2009-10-19,15.51,16.48,15.51,16.25,2100
2009-10-20,16.7,16.7,15.602,16.077,7800
2009-10-21,16.55,19.87,16.35,16.35,16100
2009-10-22,16.68,16.74,16.138,16.138,3700
2009-10-23,16.8,17.0,15.99,16.18,43000
2009-10-26,16.2701,16.2701,15.75,15.75,2500
2009-10-27,15.64,15.73,15.62,15.62,3300
2009-10-28,15.46,15.596,15.28,15.312,11000
2009-10-29,15.69,15.69,15.69,15.69,300
2009-10-30,15.37,15.54,15.25,15.43,8100
2009-11-02,15.5,16.252,15.42,16.252,2100
2009-11-03,15.52,15.91,15.49,15.78,3800
2009-11-04,15.9595,16.05,15.9595,16.05,500
2009-11-05,15.99,15.99,15.884,15.94,3000
2009-11-06,15.8043,15.81,15.4,15.4,1100
2009-11-09,15.88,15.94,15.84,15.84,15700
2009-11-10,16.05,16.05,15.81,15.81,300
2009-11-11,15.93,15.9348,15.93,15.9348,300
2009-11-12,15.88,15.9,15.88,15.9,2300
2009-11-13,16.59,16.59,15.47,15.78,20500
2009-11-16,15.92,16.14,15.92,16.14,7800
2009-11-17,16.1825,16.33,16.1825,16.26,1200
2009-11-18,16.3,16.3,16.2438,16.2438,4400
2009-11-19,15.99,16.106,15.89,15.89,1000
2009-11-20,15.89,15.89,15.89,15.89,0
2009-11-23,16.2,16.37,16.06,16.06,6300
2009-11-24,15.82,17.0,15.75,15.76,9300
2009-11-25,16.07,16.07,16.07,16.07,700
2009-11-27,15.68,15.82,15.5,15.82,1000
2009-11-30,16.07,16.23,16.02,16.23,1700
2009-12-01,16.52,16.52,16.366,16.366,6800
2009-12-02,16.2726,16.31,16.2682,16.31,600
2009-12-03,16.37,16.38,16.24,16.24,4100
2009-12-04,16.24,16.24,16.05,16.09,2500
2009-12-07,15.94,16.04,15.8,15.81,15100
2009-12-08,15.82,15.82,15.69,15.69,800
2009-12-09,15.75,15.75,15.45,15.45,2900
2009-12-10,15.48,15.48,15.48,15.48,200
2009-12-11,15.53,15.55,15.528,15.55,4000
2009-12-14,15.64,15.64,15.57,15.57,800
2009-12-15,15.45,15.45,15.45,15.45,400
2009-12-16,15.68,15.81,15.55,15.72,15400
2009-12-17,15.5,15.53,15.43,15.52,5100
2009-12-18,15.51,15.68,15.51,15.55,6400
2009-12-21,15.55,15.55,15.532,15.55,1300
2009-12-22,15.41,15.61,15.41,15.54,15300
2009-12-23,15.71,15.83,15.69,15.83,4500
2009-12-24,16.42,16.42,15.86,15.92,22000
2009-12-28,16.24,16.24,16.24,16.24,1000
2009-12-29,16.26,16.26,16.17,16.17,1200
2009-12-30,16.17,16.17,16.04,16.04,300
2009-12-31,16.32,16.38,16.08,16.3799,22800
2010-01-04,16.38,16.406,15.91,15.91,14400
2010-01-05,16.52,16.55,16.51,16.55,4100
2010-01-06,16.54,16.55,16.54,16.55,900
2010-01-07,16.56,16.5999,16.56,16.5999,700
2010-01-08,16.57,16.57,16.57,16.57,300
2010-01-11,16.6992,16.6992,16.6992,16.6992,100
2010-01-12,16.47,16.74,16.114,16.1699,8000
2010-01-13,16.09,16.135,15.93,16.13,5100
2010-01-14,16.08,16.08,16.08,16.08,300
2010-01-15,16.05,16.05,16.05,16.05,500
2010-01-19,15.87,15.87,15.26,15.8268,9300
2010-01-20,15.65,15.65,15.65,15.65,400
2010-01-21,15.51,15.6,15.51,15.57,4300
2010-01-22,15.26,15.27,14.73,15.11,40800
2010-01-25,15.1499,15.38,15.12,15.38,7200
2010-01-26,15.05,15.05,14.5,14.99,3800
2010-01-27,14.99,14.99,14.99,14.99,0
2010-01-28,14.83,14.86,14.42,14.86,4200
2010-01-29,14.81,14.81,14.63,14.64,2400
2010-02-01,14.82,14.9499,14.7211,14.9499,17600
2010-02-02,15.13,15.35,15.13,15.31,1200
2010-02-03,15.3,15.3,15.2,15.2,400
2010-02-04,15.2,15.2,15.2,15.2,0
2010-02-05,14.6,14.6,14.22,14.46,5000
2010-02-08,14.37,14.45,14.37,14.45,500
2010-02-09,14.67,14.79,14.67,14.79,1400
2010-02-10,14.73,14.87,14.73,14.87,900
2010-02-11,14.87,14.87,14.87,14.87,0
2010-02-12,14.87,14.87,14.87,14.87,0
2010-02-16,15.3199,15.3199,15.3199,15.3199,300
2010-02-17,15.3199,15.3199,15.3199,15.3199,0
2010-02-18,15.33,15.41,15.22,15.41,7200
2010-02-19,15.4,15.4,15.39,15.3901,8500
2010-02-22,15.53,15.6315,15.516,15.6315,3000
2010-02-23,15.5,15.5,15.37,15.37,4400
2010-02-24,15.48,15.5,15.476,15.476,800
2010-02-25,15.27,15.27,15.181,15.24,900
2010-02-26,15.3444,15.4866,15.3444,15.4866,400
2010-03-01,15.4866,15.4866,15.4866,15.4866,0
2010-03-02,15.4999,15.5,15.397,15.397,800
2010-03-03,15.397,15.397,15.397,15.397,0
2010-03-04,15.5,15.5113,15.11,15.43,16700
2010-03-05,15.74,15.77,14.61,15.73,37000
2010-03-08,15.81,15.83,15.5,15.67,34700
2010-03-09,15.52,15.56,15.3,15.52,35100
2010-03-10,15.67,15.69,15.54,15.656,3300
2010-03-11,15.53,15.530100000000001,15.53,15.530100000000001,1600
2010-03-12,15.530100000000001,15.530100000000001,15.530100000000001,15.530100000000001,0
2010-03-15,15.49,15.49,15.345,15.345,1000
2010-03-16,15.44,15.64,15.44,15.63,13600
2010-03-17,15.7,15.89,15.7,15.86,6500
2010-03-18,15.86,15.86,15.86,15.86,0
2010-03-19,15.53,15.53,15.53,15.53,200
2010-03-22,15.24,15.66,15.24,15.66,12400
2010-03-23,15.66,15.66,15.66,15.66,1000
2010-03-24,15.31,15.43,15.31,15.397,2000
2010-03-25,15.36,15.49,15.36,15.36,2100
2010-03-26,15.43,15.47,15.374,15.42,5200
2010-03-29,15.67,15.67,15.48,15.48,5000
2010-03-30,15.71,15.74,15.615,15.615,900
2010-03-31,15.77,15.77,15.77,15.77,600
2010-04-01,15.92,15.92,15.92,15.92,300
2010-04-05,16.1,16.1,16.1,16.1,100
2010-04-06,16.1,16.1,16.1,16.1,0
2010-04-07,16.26,16.28,16.05,16.11,10800
2010-04-08,16.06,16.06,16.038,16.05,1400
2010-04-09,16.13,16.314,16.092,16.092,7300
2010-04-12,16.26,16.27,16.26,16.27,1100
2010-04-13,16.0001,16.25,16.0001,16.22,3800
2010-04-14,16.4,16.4,16.23,16.23,3400
2010-04-15,16.48,16.53,16.48,16.53,6200
2010-04-16,16.53,16.53,16.53,16.53,0
2010-04-19,16.0,16.02,15.87,15.87,2300
2010-04-20,16.13,16.13,16.0899,16.0899,1400
2010-04-21,16.09,16.09,16.09,16.09,0
2010-04-22,15.92,16.04,15.92,15.98,5500
2010-04-23,16.16,16.22,16.16,16.22,35500
2010-04-26,16.22,16.22,16.22,16.22,0
2010-04-27,15.82,15.82,15.75,15.76,1600
2010-04-28,15.89,15.8978,15.89,15.8978,300
2010-04-29,16.09,16.09,16.09,16.09,100
2010-04-30,16.28,16.45,16.28,16.42,10800
2010-05-03,16.4,16.4,16.386,16.386,1200
2010-05-04,16.06,16.06,16.06,16.06,300
2010-05-05,16.06,16.06,16.06,16.06,0
2010-05-06,15.68,15.68,14.21,14.2101,3700
2010-05-07,15.21,15.45,14.5,15.26,3700
2010-05-10,15.73,15.73,15.73,15.73,200
2010-05-11,15.73,15.73,15.73,15.73,0
2010-05-12,15.56,15.61,15.486,15.486,2000
2010-05-13,15.41,15.41,15.41,15.41,300
2010-05-14,15.04,15.09,15.04,15.09,800
2010-05-17,14.58,14.5825,14.58,14.5825,500
2010-05-18,14.89,14.89,14.45,14.5429,1100
2010-05-19,14.4,14.42,14.36,14.39,400
2010-05-20,14.08,14.08,14.038,14.038,1200
2010-05-21,14.04,14.3355,14.04,14.3355,400
2010-05-24,14.34,14.34,14.34,14.34,0
2010-05-25,14.04,14.15,13.9,14.15,4400
2010-05-26,14.34,14.34,14.34,14.34,600
2010-05-27,14.47,14.79,14.47,14.6801,3500
2010-05-28,14.68,14.82,14.63,14.63,5300
2010-06-01,14.56,14.57,14.549,14.558,2700
2010-06-02,14.42,14.55,14.41,14.55,1900
2010-06-03,14.55,14.55,14.29,14.46,2200
2010-06-04,14.21,14.245,14.05,14.05,2400
2010-06-07,13.97,14.1,13.97,14.09,1400
2010-06-08,14.19,14.19,14.0,14.0,2500
2010-06-09,14.34,14.34,14.34,14.34,500
2010-06-10,14.426,14.55,14.426,14.55,800
2010-06-11,14.91,14.91,14.26,14.5,2500
2010-06-14,14.5,14.5,14.5,14.5,0
2010-06-15,14.64,14.664,14.567,14.567,1800
2010-06-16,14.74,14.82,14.664,14.686,3400
2010-06-17,14.83,14.83,14.83,14.83,300
2010-06-18,14.88,14.9,14.65,14.6501,3400
2010-06-21,15.01,15.01,14.66,14.79,4600
2010-06-22,14.81,14.82,14.69,14.69,1600
2010-06-23,14.68,14.68,14.25,14.2501,2200
2010-06-24,14.58,14.58,14.3,14.487,6400
2010-06-25,14.41,14.41,14.39,14.39,2300
2010-06-28,14.52,14.52,14.52,14.52,300
2010-06-29,14.18,14.1801,14.1,14.1,18600
2010-06-30,14.51,14.51,14.35,14.35,500
2010-07-01,13.93,13.93,12.92,13.92,26600
2010-07-02,13.98,14.0,13.93,14.0,2300
2010-07-06,14.1364,14.16,14.1364,14.15,700
2010-07-07,14.23,14.37,14.23,14.37,14500
2010-07-08,14.3795,14.512,14.34,14.512,2100
2010-07-09,14.44,14.49,14.43,14.49,1800
2010-07-12,14.3,14.3,14.3,14.3,1500
2010-07-13,14.49,14.6,14.49,14.6,1800
2010-07-14,14.615,14.62,14.615,14.62,300
2010-07-15,14.62,14.62,14.62,14.62,0
2010-07-16,14.43,14.43,14.43,14.43,500
2010-07-19,14.43,14.454,14.42,14.454,3400
2010-07-20,14.45,14.45,14.45,14.45,0
2010-07-21,14.65,14.65,14.65,14.65,2900
2010-07-22,14.69,14.77,14.69,14.77,400
2010-07-23,14.77,14.77,14.77,14.77,0
2010-07-26,14.69,14.69,14.65,14.65,2400
2010-07-27,14.73,14.8999,14.6514,14.6514,900
2010-07-28,14.65,14.65,14.65,14.65,0
2010-07-29,14.81,14.81,14.81,14.81,100
2010-07-30,14.81,14.81,14.81,14.81,0
2010-08-02,15.46,15.4655,15.41,15.4655,600
2010-08-03,15.41,15.424,15.41,15.424,300
2010-08-04,15.69,15.69,15.61,15.61,3700
2010-08-05,15.6486,15.73,15.62,15.73,600
2010-08-06,15.56,15.56,15.3,15.3,900
2010-08-09,15.58,15.58,15.57,15.58,1700
2010-08-10,15.58,15.58,15.58,15.58,0
2010-08-11,15.16,15.16,14.97,14.97,2200
2010-08-12,14.97,14.97,14.97,14.97,0
2010-08-13,14.97,14.97,14.97,14.97,0
2010-08-16,14.97,14.97,14.97,14.97,0
2010-08-17,14.97,14.97,14.97,14.97,1700
2010-08-18,14.97,14.97,14.97,14.97,0
2010-08-19,14.98,14.98,14.77,14.794,1300
2010-08-20,14.79,14.79,14.79,14.79,0
2010-08-23,14.76,14.76,14.76,14.76,100
2010-08-24,14.76,14.76,14.76,14.76,0
2010-08-25,14.55,14.59,14.51,14.522,13700
2010-08-26,14.52,14.52,14.52,14.52,0
2010-08-27,14.82,14.82,14.82,14.82,400
2010-08-30,15.09,15.09,15.09,15.09,100
2010-08-31,14.73,14.73,14.73,14.73,1500
2010-09-01,15.15,15.15,15.15,15.15,1200
2010-09-02,15.04,15.073,15.04,15.073,300
2010-09-03,15.07,15.07,15.07,15.07,0
2010-09-07,15.42,15.42,15.42,15.42,300
2010-09-08,15.42,15.42,15.42,15.42,0
2010-09-09,15.41,15.41,15.4099,15.4099,300
2010-09-10,15.41,15.41,15.41,15.41,0
2010-09-13,15.6,15.61,15.6,15.61,2500
2010-09-14,15.61,15.61,15.61,15.61,0
2010-09-15,15.51,15.56,15.51,15.56,400
2010-09-16,15.6,15.6,15.6,15.6,200
2010-09-17,15.6,15.6,15.6,15.6,0
2010-09-20,15.67,15.68,15.67,15.6701,500
2010-09-21,15.62,15.63,15.62,15.63,400
2010-09-22,15.63,15.63,15.63,15.63,0
2010-09-23,15.63,15.63,15.63,15.63,0
2010-09-24,15.9,15.9,15.9,15.9,800
2010-09-27,15.9,15.9,15.9,15.9,0
2010-09-28,15.9,15.9,15.9,15.9,0
2010-09-29,15.67,15.98,15.6599,15.98,2800
2010-09-30,15.95,16.09,15.95,16.07,2500
2010-10-01,15.93,16.01,15.92,16.0099,4000
2010-10-04,15.88,15.91,15.875,15.91,400
2010-10-05,16.18,16.18,16.18,16.18,300
2010-10-06,16.18,16.18,16.17,16.17,700
2010-10-07,16.25,16.25,16.116,16.14,700
2010-10-08,16.15,16.15,15.39,15.39,900
2010-10-11,16.62,16.62,16.62,16.62,1000
2010-10-12,16.5454,16.66,16.5454,16.59,2100
2010-10-13,16.74,16.79,16.71,16.712,1200
2010-10-14,16.71,16.71,16.71,16.71,0
2010-10-15,16.74,16.74,16.5,16.5,1300
2010-10-18,16.52,16.68,16.52,16.68,1600
2010-10-19,16.17,16.17,16.088,16.088,600
2010-10-20,16.3,16.4,16.3,16.4,1100
2010-10-21,16.4,16.4,16.4,16.4,0
2010-10-22,16.4,16.4,16.4,16.4,0
2010-10-25,16.45,16.5,16.45,16.5,1500
2010-10-26,16.44,16.59,16.44,16.5,2800
2010-10-27,16.5,16.5,16.5,16.5,100
2010-10-28,16.53,16.53,16.53,16.53,200
2010-10-29,16.51,16.5899,16.5,16.5899,1400
2010-11-01,16.59,16.59,16.59,16.59,0
2010-11-02,16.67,16.67,16.67,16.67,500
2010-11-03,16.85,16.88,16.85,16.8799,800
2010-11-04,17.0,17.3,17.0,17.25,3800
2010-11-05,17.26,17.3,17.26,17.2999,2200
2010-11-08,17.16,17.16,17.16,17.16,300
2010-11-09,17.45,17.45,17.15,17.15,1500
2010-11-10,17.26,17.31,16.81,17.31,2700
2010-11-11,17.33,17.36,17.33,17.36,5000
2010-11-12,16.7,16.74,16.7,16.74,200
2010-11-15,16.86,16.86,16.86,16.86,600
2010-11-16,16.01,16.2,16.01,16.2,700
2010-11-17,16.05,16.05,16.05,16.05,1600
2010-11-18,16.34,16.35,16.34,16.35,300
2010-11-19,16.35,16.35,16.35,16.35,0
2010-11-22,16.4,16.4,16.01,16.06,1300
2010-11-23,16.1499,16.1499,16.1,16.1,400
2010-11-24,16.44,16.45,16.44,16.45,1000
2010-11-26,16.45,16.45,16.45,16.45,0
2010-11-29,16.34,16.4,16.32,16.4,1200
2010-11-30,16.57,16.57,16.3612,16.372,800
2010-12-01,16.49,16.96,15.76,16.918,7400
2010-12-02,17.02,17.05,17.02,17.0499,1000
2010-12-03,17.09,17.0901,17.09,17.0901,700
2010-12-06,16.98,17.2299,16.89,17.1975,1600
2010-12-07,17.22,17.22,17.22,17.22,600
2010-12-08,17.2,17.48,17.15,17.48,8700
2010-12-09,17.49,17.49,17.48,17.48,400
2010-12-10,17.48,17.48,17.48,17.48,0
2010-12-13,15.75,18.02,15.75,17.239,3000
2010-12-14,17.12,17.165,17.12,17.165,800
2010-12-15,17.35,17.35,17.35,17.35,300
2010-12-16,17.3599,17.3599,17.31,17.31,900
2010-12-17,17.42,17.44,17.4,17.4,400
2010-12-20,17.4,17.5,17.4,17.5,2700
2010-12-21,17.77,17.96,17.7699,17.96,900
2010-12-22,17.96,17.96,17.96,17.96,0
2010-12-23,18.0,18.5,17.87,17.92,4700
2010-12-27,17.2,18.32,17.2,17.99,600
2010-12-28,19.3599,19.3599,17.87,17.87,1700
2010-12-29,18.97,18.97,17.92,18.05,1400
2010-12-30,17.86,18.04,17.86,17.99,1700
2010-12-31,17.995,17.995,17.995,17.995,200
2011-01-03,18.28,18.29,17.85,17.85,44000
2011-01-04,17.51,17.75,17.33,17.75,3100
2011-01-05,17.776,17.93,17.776,17.93,2400
2011-01-06,17.72,17.75,17.58,17.706,1100
2011-01-07,17.41,17.4101,17.41,17.4101,400
2011-01-10,17.78,17.8099,17.78,17.8099,700
2011-01-11,17.74,17.91,17.74,17.91,300
2011-01-12,17.9701,17.9701,17.9701,17.9701,700
2011-01-13,18.0,18.0,18.0,18.0,200
2011-01-14,18.0,18.06,17.94,17.9401,900
2011-01-18,17.94,17.94,17.94,17.94,0
2011-01-19,18.05,18.05,18.05,18.05,200
2011-01-20,17.88,17.88,17.8299,17.8299,200
2011-01-21,17.95,18.05,17.85,17.9,7800
2011-01-24,17.9,17.9,17.9,17.9,0
2011-01-25,17.54,17.63,17.49,17.63,5500
2011-01-26,17.79,18.13,17.78,18.078,4300
2011-01-27,18.03,18.03,18.0199,18.02,900
2011-01-28,17.88,17.987,17.88,17.987,300
2011-01-31,18.335,18.449,18.14,18.449,1000
2011-02-01,19.34,19.34,18.3801,18.3801,2800
2011-02-02,18.65,18.72,18.44,18.72,5600
2011-02-03,18.75,18.75,18.6,18.6899,1000
2011-02-04,18.57,18.57,18.56,18.57,1200
2011-02-07,18.63,18.64,18.63,18.64,1700
2011-02-08,18.53,18.71,18.53,18.664,800
2011-02-09,18.87,18.87,18.79,18.79,700
2011-02-10,18.55,18.703,18.51,18.703,1800
2011-02-11,18.65,18.65,18.4501,18.549,5400
2011-02-14,18.79,18.81,18.63,18.64,2600
2011-02-15,18.48,18.63,18.32,18.614,27900
2011-02-16,18.56,18.64,18.55,18.608,6100
2011-02-17,18.5,18.62,18.5,18.62,2000
2011-02-18,18.68,18.709,18.592,18.64,7900
2011-02-22,19.28,19.28,18.87,18.87,500
2011-02-23,19.47,19.49,18.8,19.48,7200
2011-02-24,19.48,19.48,18.025,18.83,3000
2011-02-25,18.83,18.83,18.83,18.83,100
2011-02-28,18.83,18.83,18.83,18.83,0
2011-03-01,19.18,19.49,19.18,19.4028,2600
2011-03-02,19.84,19.84,19.31,19.3101,1200
2011-03-03,19.31,19.31,19.31,19.31,0
2011-03-04,19.69,20.3399,19.69,20.3399,400
2011-03-07,20.85,20.89,19.72,19.8,5700
2011-03-08,20.19,20.42,18.73,19.3501,8600
2011-03-09,19.65,20.16,19.62,20.09,3700
2011-03-10,19.69,20.34,19.41,20.34,1400
2011-03-11,19.56,20.01,19.146,19.58,2400
2011-03-14,19.95,19.95,18.24,19.3,1500
2011-03-15,18.26,19.88,17.52,19.743,2600
2011-03-16,18.8,19.41,18.8,18.8799,1400
2011-03-17,19.7,19.91,19.07,19.89,4900
2011-03-18,19.79,20.1994,19.79,19.8,1300
2011-03-21,20.33,20.33,19.4,19.426,1500
2011-03-22,19.38,20.65,19.38,20.317,3100
2011-03-23,20.09,20.54,19.62,20.54,1100
2011-03-24,20.54,20.54,20.54,20.54,0
2011-03-25,20.0,20.0,19.16,19.3001,3600
2011-03-28,20.19,20.19,19.73,20.0,300
2011-03-29,19.725,20.0,19.4,19.4,800
2011-03-30,19.31,19.6,19.31,19.6,1200
2011-03-31,20.2,20.2,19.95,19.95,1000
2011-04-01,20.3,20.3,20.135,20.135,300
2011-04-04,20.06,20.0601,20.06,20.0601,300
2011-04-05,19.91,19.91,19.91,19.91,1100
2011-04-06,19.86,20.458,19.86,20.19,3300
2011-04-07,20.468,20.48,19.6,20.31,1500
2011-04-08,20.25,20.93,20.06,20.93,6000
2011-04-11,20.5,20.8799,20.36,20.406,2100
2011-04-12,19.642,20.258,19.61,19.86,1800
2011-04-13,20.0,20.108,19.68,19.85,8600
2011-04-14,20.0899,20.0899,19.66,19.66,400
2011-04-15,19.64,20.684,19.64,20.4795,3800
2011-04-18,20.47,20.47,20.04,20.04,300
2011-04-19,20.6899,20.6899,20.4899,20.4899,400
2011-04-20,20.3,21.008,20.08,20.186,1300
2011-04-21,20.646,21.13,20.646,20.99,1000
2011-04-25,21.79,21.79,20.586,20.878,2300
2011-04-26,21.0,21.0,20.682,20.7,1900
2011-04-27,21.74,21.74,20.59,21.035,9100
2011-04-28,21.03,21.39,20.51,20.56,2100
2011-04-29,20.58,21.4599,20.58,20.84,5500
2011-05-02,21.508,21.54,20.7,20.7,5200
2011-05-03,21.16,21.16,20.35,20.35,8700
2011-05-04,20.45,20.824,20.166,20.166,1200
2011-05-05,20.0,20.0,18.52,18.712,8300
2011-05-06,18.98,19.2,18.98,19.08,1600
2011-05-09,19.59,19.59,18.963,19.52,2300
2011-05-10,19.5,21.14,19.5,19.801,6200
2011-05-11,18.46,19.79,18.46,18.83,3000
2011-05-12,18.11,19.041,18.06,18.81,14000
2011-05-13,18.82,18.953,18.8,18.953,500
2011-05-16,18.762,18.762,18.69,18.75,700
2011-05-17,18.75,18.75,18.75,18.75,0
2011-05-18,19.6199,19.6199,19.6199,19.6199,100
2011-05-19,19.97,19.99,19.04,19.15,4200
2011-05-20,19.62,19.62,18.231,18.231,300
2011-05-23,18.65,19.371,18.65,19.02,3100
2011-05-24,19.21,19.4,18.9401,19.15,2900
2011-05-25,18.242,19.26,18.242,19.26,7300
2011-05-26,19.26,19.26,19.26,19.26,0
2011-05-27,19.48,19.66,19.318,19.56,2900
2011-05-31,19.77,19.77,19.55,19.747,2300
2011-06-01,19.82,19.82,19.744,19.744,1600
2011-06-02,19.45,19.62,19.291,19.322,3400
2011-06-03,19.32,19.32,19.32,19.32,0
2011-06-06,19.21,19.37,19.18,19.37,2400
2011-06-07,19.37,19.37,19.37,19.37,0
2011-06-08,19.39,19.73,19.39,19.451,2900
2011-06-09,19.66,19.74,19.66,19.71,900
2011-06-10,19.5,19.5,19.3,19.307,3200
2011-06-13,19.55,19.55,19.27,19.55,1600
2011-06-14,19.54,19.54,19.54,19.54,200
2011-06-15,19.16,19.17,18.76,18.76,1500
2011-06-16,18.56,18.56,18.46,18.491,4900
2011-06-17,18.31,18.3108,18.31,18.3108,600
2011-06-20,18.29,18.29,18.29,18.29,800
2011-06-21,18.44,18.55,18.44,18.5164,700
2011-06-22,18.52,18.52,18.52,18.52,0
2011-06-23,18.0,18.1,17.98,18.09,1200
2011-06-24,18.09,18.09,18.09,18.09,0
2011-06-27,18.09,18.09,18.09,18.09,0
2011-06-28,18.18,18.24,18.18,18.24,300
2011-06-29,18.24,18.24,18.24,18.24,100
2011-06-30,18.29,18.29,18.29,18.29,500
2011-07-01,18.27,18.289,17.89,18.289,1200
2011-07-05,18.28,18.39,18.28,18.39,1100
2011-07-06,18.49,18.54,18.49,18.54,300
2011-07-07,18.788,18.92,18.77,18.8,2500
2011-07-08,18.86,18.86,18.86,18.86,600
2011-07-11,18.66,18.66,18.35,18.578,3900
2011-07-12,18.82,18.82,18.82,18.82,300
2011-07-13,18.83,19.0,18.83,18.9,16100
2011-07-14,18.9,18.9,18.9,18.9,0
2011-07-15,18.85,18.85,18.836,18.836,600
2011-07-18,18.74,18.74,18.74,18.74,200
2011-07-19,19.05,19.05,19.05,19.05,500
2011-07-20,19.05,19.05,18.951,18.951,300
2011-07-21,19.04,19.2,19.02,19.02,900
2011-07-22,19.02,19.02,19.02,19.02,0
2011-07-25,19.04,19.04,19.03,19.03,200
2011-07-26,19.32,19.32,19.32,19.32,200
2011-07-27,19.29,19.3,19.2899,19.3,1800
2011-07-28,19.18,19.18,19.08,19.08,400
2011-07-29,18.9,18.98,18.76,18.85,800
2011-08-01,18.85,18.9844,18.85,18.9844,800
2011-08-02,18.93,18.93,18.93,18.93,800
2011-08-03,18.86,18.98,18.69,18.88,15900
2011-08-04,18.51,18.51,18.02,18.174,2000
2011-08-05,18.09,18.188,17.91,17.9301,2600
2011-08-08,17.71,17.71,17.092,17.092,1900
2011-08-09,17.53,17.8,17.33,17.33,6500
2011-08-10,17.6,17.89,17.6,17.89,1400
2011-08-11,17.96,17.96,17.96,17.96,200
2011-08-12,18.22,18.22,18.17,18.2,400
2011-08-15,18.53,18.53,18.39,18.39,300
2011-08-16,18.39,18.39,18.39,18.39,0
2011-08-17,18.53,18.53,18.45,18.45,800
2011-08-18,18.38,18.43,17.98,17.98,700
2011-08-19,18.06,18.21,17.85,17.85,7800
2011-08-22,18.2,18.2,18.2,18.2,300
2011-08-23,18.02,18.25,17.93,18.25,5200
2011-08-24,17.79,18.2765,17.52,17.55,7000
2011-08-25,18.09,18.22,18.09,18.22,200
2011-08-26,18.22,18.22,18.22,18.22,0
2011-08-29,18.22,18.22,18.22,18.22,0
2011-08-30,18.87,18.87,18.76,18.76,3900
2011-08-31,18.71,18.83,18.71,18.83,400
2011-09-01,18.78,18.78,18.624,18.624,1400
2011-09-02,18.62,18.62,18.62,18.62,0
2011-09-06,18.42,18.42,18.05,18.05,600
2011-09-07,18.05,18.05,18.05,18.05,0
2011-09-08,18.05,18.05,18.05,18.05,0
2011-09-09,18.22,18.22,18.22,18.22,100
2011-09-12,18.0,18.04,17.99,17.9901,1700
2011-09-13,17.8,17.896,17.8,17.89,300
2011-09-14,17.705,17.94,17.535,17.8,1300
2011-09-15,18.25,18.25,17.94,17.94,1600
2011-09-16,17.69,17.82,17.56,17.65,20700
2011-09-19,17.7185,17.72,17.63,17.67,1800
2011-09-20,17.2,17.61,17.2,17.54,2200
2011-09-21,17.43,17.43,17.43,17.43,200
2011-09-22,16.49,16.49,16.35,16.35,1300
2011-09-23,15.97,16.5,15.89,16.48,11000
2011-09-26,15.94,16.4,15.94,16.16,900
2011-09-27,16.972,16.99,16.95,16.99,2000
2011-09-28,16.3,16.3,16.12,16.13,4100
2011-09-29,16.45,16.49,16.16,16.45,22500
2011-09-30,16.45,16.45,16.45,16.45,0
2011-10-03,16.01,16.237,15.09,15.65,2600
2011-10-04,15.65,15.65,15.65,15.65,0
2011-10-05,15.65,15.65,15.65,15.65,0
2011-10-06,15.65,15.65,15.65,15.65,0
2011-10-07,15.48,16.1899,15.48,16.1,3900
2011-10-10,16.8,16.8,16.8,16.8,1600
2011-10-11,16.95,16.95,16.95,16.95,200
2011-10-12,16.95,16.95,16.95,16.95,0
2011-10-13,16.91,16.91,16.1,16.45,5100
2011-10-14,16.4,16.8,16.4,16.79,7700
2011-10-17,16.64,16.94,16.59,16.714,3000
2011-10-18,16.68,16.68,16.68,16.68,200
2011-10-19,16.39,16.79,16.36,16.56,3300
2011-10-20,16.9,16.92,15.73,16.92,3700
2011-10-21,16.92,16.92,16.92,16.92,0
2011-10-24,17.5,17.5,17.35,17.35,200
2011-10-25,17.66,17.66,17.66,17.66,200
2011-10-26,17.44,17.44,17.44,17.44,200
2011-10-27,17.44,17.44,17.44,17.44,0
2011-10-28,17.44,17.44,17.44,17.44,0
2011-10-31,17.44,17.44,17.44,17.44,0
2011-11-01,17.44,17.44,17.44,17.44,0
2011-11-02,17.25,17.25,17.25,17.25,300
2011-11-03,17.25,17.25,17.25,17.25,0
2011-11-04,17.25,17.25,17.25,17.25,0
2011-11-07,17.25,17.25,17.25,17.25,0
2011-11-08,18.08,18.17,18.08,18.17,700
2011-11-09,17.97,17.97,17.9,17.93,3100
2011-11-10,17.93,17.93,17.93,17.93,0
2011-11-11,17.93,17.93,17.93,17.93,0
2011-11-14,17.006,17.006,17.006,17.006,500
2011-11-15,18.15,18.15,18.15,18.15,200
2011-11-16,18.15,18.15,18.15,18.15,0
2011-11-17,18.15,18.15,18.15,18.15,0
2011-11-18,17.29,17.53,16.84,17.42,3400
2011-11-21,17.75,17.75,17.42,17.42,1800
2011-11-22,17.42,17.42,17.42,17.42,0
2011-11-23,17.42,17.42,17.42,17.42,0
2011-11-25,17.42,17.42,17.42,17.42,0
2011-11-28,17.65,17.65,17.65,17.65,400
2011-11-29,15.53,17.43,15.53,17.34,1100
2011-11-30,17.34,17.51,16.671,17.51,1100
2011-12-01,17.32,18.21,17.32,18.0,500
2011-12-02,17.4,17.65,17.4,17.58,800
2011-12-05,18.99,18.99,17.85,17.85,1400
2011-12-06,18.1,18.1,17.7,18.053,600
2011-12-07,18.05,18.05,18.05,18.05,0
2011-12-08,16.77,17.65,16.77,17.6,2200
2011-12-09,17.6,17.6,17.6,17.6,0
2011-12-12,17.7219,17.7219,17.7219,17.7219,800
2011-12-13,17.65,17.65,17.65,17.65,300
2011-12-14,17.65,17.65,17.65,17.65,0
2011-12-15,17.65,17.65,17.65,17.65,0
2011-12-16,17.65,17.65,17.65,17.65,0
2011-12-19,17.19,17.19,16.484,16.484,500
2011-12-20,18.73,18.73,18.73,18.73,200
2011-12-21,17.61,17.766,16.98,17.766,1600
2011-12-22,17.77,18.46,17.77,18.46,1500
2011-12-23,18.23,18.23,16.97,16.97,600
2011-12-27,16.97,16.97,16.97,16.97,0
2011-12-28,17.5,17.5,17.5,17.5,600
2011-12-29,17.69,17.69,16.65,17.4,4400
2011-12-30,17.4,17.4,17.4,17.4,0
2012-01-03,17.0,17.86,16.84,17.8,5900
2012-01-04,17.8,18.512,17.8,18.25,800
2012-01-05,18.0,18.0,17.8799,17.8799,1000
2012-01-06,18.0,18.0,17.45,17.5042,1400
2012-01-09,17.5,17.5,17.5,17.5,200
2012-01-10,17.32,18.06,17.1,18.06,1200
2012-01-11,18.06,18.06,18.06,18.06,0
2012-01-12,16.94,17.7,16.94,17.59,1300
2012-01-13,17.59,17.59,17.59,17.59,0
2012-01-17,17.36,17.72,17.36,17.52,1300
2012-01-18,17.61,17.75,17.2008,17.62,3000
2012-01-19,18.0,18.0,18.0,18.0,100
2012-01-20,17.9,18.477,17.9,18.0,800
2012-01-23,18.05,18.05,18.05,18.05,1300
2012-01-24,16.62,18.05,16.62,17.82,1800
2012-01-25,17.9999,18.0,17.98,17.98,800
2012-01-26,17.98,17.98,17.98,17.98,0
2012-01-27,16.7,18.01,16.7,17.91,4900
2012-01-30,16.76,16.76,16.76,16.76,400
2012-01-31,16.76,16.76,16.76,16.76,0
2012-02-01,18.25,18.436,18.25,18.25,400
2012-02-02,18.25,18.25,18.25,18.25,0
2012-02-03,18.25,18.25,18.25,18.25,0
2012-02-06,18.25,18.25,18.19,18.19,1200
2012-02-07,18.19,18.19,18.19,18.19,0
2012-02-08,18.2,18.21,18.2,18.21,700
2012-02-09,18.2,18.25,18.2,18.25,800
2012-02-10,18.19,18.37,18.062,18.24,9400
2012-02-13,18.79,19.649,18.36,18.43,4700
2012-02-14,18.43,18.43,18.43,18.43,0
2012-02-15,18.46,18.69,18.46,18.68,1200
2012-02-16,18.68,18.68,18.68,18.68,0
2012-02-17,18.68,18.68,18.68,18.68,0
2012-02-21,19.82,19.97,18.65,19.97,9500
2012-02-22,19.45,19.72,18.95,19.65,1200
2012-02-23,18.93,19.02,18.93,19.02,500
2012-02-24,19.05,19.4,19.05,19.2,300
2012-02-27,19.2,19.2,19.2,19.2,0
2012-02-28,19.21,19.29,18.71,18.97,2800
2012-02-29,19.08,19.08,19.03,19.03,1800
2012-03-01,19.51,19.59,19.06,19.1,5100
2012-03-02,19.1,19.1,19.1,19.1,0
2012-03-05,19.1,19.1,19.1,19.1,0
2012-03-06,19.0,19.0,18.94,18.94,700
2012-03-07,19.8,19.9599,19.23,19.23,2900
2012-03-08,19.23,19.23,19.23,19.23,0
2012-03-09,19.74,19.74,19.125,19.16,2400
2012-03-12,19.5,19.5301,19.05,19.5301,800
2012-03-13,19.53,19.53,19.53,19.53,0
2012-03-14,18.9,18.9,18.9,18.9,700
2012-03-15,19.3801,19.52,19.1999,19.52,700
2012-03-16,19.44,19.44,19.25,19.25,200
2012-03-19,19.9299,19.9299,19.76,19.81,700
2012-03-20,19.81,19.81,19.81,19.81,0
2012-03-21,19.19,19.19,18.65,18.65,9600
2012-03-22,18.9101,18.93,18.5899,18.63,1000
2012-03-23,18.6,18.92,18.6,18.92,2100
2012-03-26,18.92,18.92,18.92,18.92,0
2012-03-27,18.92,18.92,18.92,18.92,0
2012-03-28,19.27,19.2799,18.16,19.11,18900
2012-03-29,18.51,18.79,18.406,18.45,1800
2012-03-30,18.45,18.45,18.45,18.45,0
2012-04-02,19.1,19.1,18.27,18.65,8100
2012-04-03,18.99,18.99,18.99,18.99,300
2012-04-04,18.7,18.7,18.22,18.22,200
2012-04-05,19.73,19.73,18.77,18.83,2100
2012-04-09,18.87,18.87,18.2,18.3,700
2012-04-10,18.979,18.979,18.53,18.53,1100
2012-04-11,19.42,19.42,18.3,18.71,3000
2012-04-12,19.79,19.79,19.79,19.79,100
2012-04-13,18.356,18.356,18.356,18.356,200
2012-04-16,18.11,18.11,18.11,18.11,600
2012-04-17,18.11,18.11,18.11,18.11,0
2012-04-18,18.16,18.21,17.83,17.88,12500
2012-04-19,17.99,18.01,17.99,18.01,400
2012-04-20,18.05,18.1,18.05,18.07,700
2012-04-23,17.83,17.89,17.69,17.82,5100
2012-04-24,17.82,17.82,17.82,17.82,0
2012-04-25,18.21,18.21,17.99,18.134,500
2012-04-26,18.2,18.41,18.2,18.41,2900
2012-04-27,18.41,18.41,18.41,18.41,0
2012-04-30,18.41,18.41,18.41,18.41,0
2012-05-01,18.41,18.41,18.41,18.41,0
2012-05-02,18.41,18.41,18.41,18.41,0
2012-05-03,18.41,18.41,18.41,18.41,0
2012-05-04,17.28,17.28,17.28,17.28,600
2012-05-07,17.06,17.3,17.06,17.09,6500
2012-05-08,17.1,17.21,17.1,17.21,300
2012-05-09,18.27,19.76,17.34,18.59,61700
2012-05-10,18.69,18.69,18.055,18.57,300
2012-05-11,18.25,18.49,18.14,18.3,2300
2012-05-14,18.09,18.3,17.3501,18.3,5500
2012-05-15,17.7,18.46,17.7,18.0,3200
2012-05-16,18.8,18.8,18.8,18.8,1600
2012-05-17,18.8,18.8,18.8,18.8,0
2012-05-18,18.5,18.5,18.08,18.08,200
2012-05-21,18.08,18.08,18.08,18.08,0
2012-05-22,18.13,18.25,17.39,18.25,6400
2012-05-23,17.6,18.0,17.46,17.47,2700
2012-05-24,17.3,17.3,17.14,17.16,2500
2012-05-25,17.16,17.16,17.16,17.16,0
2012-05-29,17.11,17.11,17.078,17.078,1000
2012-05-30,16.476,17.1,16.476,17.01,1200
2012-05-31,16.976,16.976,16.976,16.976,600
2012-06-01,16.08,16.26,16.08,16.26,2900
2012-06-04,15.9,16.37,15.85,16.37,5000
2012-06-05,16.05,16.44,16.05,16.44,800
2012-06-06,17.11,17.17,16.21,16.26,1200
2012-06-07,16.36,16.36,16.28,16.28,3500
2012-06-08,16.01,16.28,15.9,16.28,2200
2012-06-11,17.15,17.44,16.16,16.16,2100
2012-06-12,16.21,16.29,16.2,16.25,3000
2012-06-13,16.7706,16.7706,16.7706,16.7706,400
2012-06-14,16.18,18.015,16.18,18.015,400
2012-06-15,16.1,16.1,16.1,16.1,700
2012-06-18,16.1,16.1,16.1,16.1,0
2012-06-19,16.35,16.35,16.088,16.088,1200
2012-06-20,16.09,16.09,16.09,16.09,0
2012-06-21,16.11,16.17,16.08,16.08,3000
2012-06-22,15.5,16.01,15.5,15.98,1200
2012-06-25,16.03,16.03,16.03,16.03,200
2012-06-26,16.03,16.03,16.03,16.03,0
2012-06-27,16.03,16.03,16.03,16.03,0
2012-06-28,16.03,16.03,16.03,16.03,0
2012-06-29,16.3,16.3,16.3,16.3,200
2012-07-02,16.2,16.2,16.2,16.2,1000
2012-07-03,16.79,16.79,16.79,16.79,400
2012-07-05,16.79,16.79,16.79,16.79,0
2012-07-06,17.06,17.06,17.06,17.06,200
2012-07-09,17.06,17.06,17.06,17.06,0
2012-07-10,18.3568,18.3568,18.3568,18.3568,1500
2012-07-11,18.36,18.36,18.36,18.36,0
2012-07-12,18.36,18.36,18.36,18.36,0
2012-07-13,18.36,18.36,18.36,18.36,0
2012-07-16,18.36,18.36,18.36,18.36,0
2012-07-17,18.36,18.36,18.36,18.36,0
2012-07-18,17.17,17.17,17.17,17.17,800
2012-07-19,17.17,17.17,17.17,17.17,0
2012-07-20,17.73,17.73,17.73,17.73,600
2012-07-23,16.42,16.966,16.42,16.966,800
2012-07-24,16.12,17.2135,16.12,16.6,1400
2012-07-25,17.79,17.79,17.3,17.39,53900
2012-07-26,17.61,17.61,17.61,17.61,200
2012-07-27,17.46,17.59,17.46,17.59,1100
2012-07-30,18.6,18.6,17.775,17.775,1400
2012-07-31,18.19,18.4,17.3401,17.55,1000
2012-08-01,17.33,18.2115,17.33,18.2115,300
2012-08-02,18.21,18.21,18.21,18.21,0
2012-08-03,17.65,17.74,17.6,17.65,400
2012-08-06,17.56,18.0,17.56,18.0,700
2012-08-07,18.1,18.15,18.1,18.15,800
2012-08-08,18.23,18.51,18.23,18.43,2500
2012-08-09,18.54,18.54,18.54,18.54,1200
2012-08-10,18.24,18.24,18.24,18.24,200
2012-08-13,18.24,18.24,18.24,18.24,0
2012-08-14,17.59,18.73,17.59,18.45,4000
2012-08-15,18.08,18.47,18.0045,18.28,5900
2012-08-16,18.3,18.3,18.3,18.3,100
2012-08-17,18.15,18.33,18.13,18.312,2100
2012-08-20,18.3,18.38,18.2301,18.3443,2200
2012-08-21,18.04,18.6,18.04,18.6,500
2012-08-22,18.6,18.6,18.6,18.6,0
2012-08-23,18.55,18.55,18.43,18.48,900
2012-08-24,18.74,18.74,18.74,18.74,400
2012-08-27,18.74,18.74,18.74,18.74,0
2012-08-28,18.74,18.74,18.74,18.74,0
2012-08-29,18.74,18.74,18.74,18.74,0
2012-08-30,18.74,18.74,18.74,18.74,0
2012-08-31,18.36,18.36,18.33,18.33,800
2012-09-04,18.33,18.33,18.33,18.33,0
2012-09-05,18.33,18.33,18.33,18.33,0
2012-09-06,18.33,18.33,18.33,18.33,0
2012-09-07,18.33,18.33,18.33,18.33,0
2012-09-10,18.33,18.33,18.33,18.33,0
2012-09-11,18.33,18.33,18.33,18.33,0
2012-09-12,18.4,18.6,18.4,18.6,1100
2012-09-13,18.6,18.6,18.6,18.6,0
2012-09-14,18.74,19.9699,18.74,19.9,2000
2012-09-17,20.0,20.0,18.5,18.74,4100
2012-09-18,18.74,18.74,18.74,18.74,0
2012-09-19,18.36,18.7475,18.08,18.0817,1100
2012-09-20,18.08,18.08,18.08,18.08,0
2012-09-21,19.394,19.394,19.394,19.394,300
2012-09-24,18.0,18.0,18.0,18.0,600
2012-09-25,18.0,18.0,18.0,18.0,0
2012-09-26,17.52,17.52,17.52,17.52,200
2012-09-27,17.39,17.39,17.39,17.39,200
2012-09-28,18.05,18.05,18.05,18.05,4400
2012-10-01,17.23,18.75,17.23,18.75,2500
2012-10-02,18.75,18.75,18.75,18.75,0
2012-10-03,17.6401,17.6401,17.64,17.64,200
2012-10-04,17.64,17.64,17.64,17.64,100
2012-10-05,17.64,17.64,17.64,17.64,0
2012-10-08,17.44,17.734,17.44,17.734,300
2012-10-09,17.8,17.9,17.75,17.9,3800
2012-10-10,17.75,17.75,17.75,17.75,200
2012-10-11,18.45,18.45,18.34,18.34,700
2012-10-12,18.05,18.05,18.05,18.05,900
2012-10-15,18.05,18.05,18.05,18.05,0
2012-10-16,17.76,17.76,17.76,17.76,100
2012-10-17,17.76,17.76,17.76,17.76,0
2012-10-18,18.0476,18.4192,17.98,18.13,800
2012-10-19,18.4,18.4,18.08,18.08,5600
2012-10-22,17.75,17.75,17.43,17.65,2600
2012-10-23,17.4992,17.4992,17.4992,17.4992,100
2012-10-24,17.5,17.5,17.0635,17.0866,500
2012-10-25,17.5,17.52,17.5,17.52,400
2012-10-26,17.37,17.37,17.37,17.37,700
2012-10-31,17.05,17.05,17.05,17.05,100
2012-11-01,16.99,17.5483,16.99,17.5483,400
2012-11-02,17.4,17.78,17.35,17.35,1500
2012-11-05,17.3,17.3,17.3,17.3,9100
2012-11-06,17.3,17.3,17.3,17.3,0
2012-11-07,17.92,17.92,17.92,17.92,100
2012-11-08,18.2899,18.2899,18.2899,18.2899,700
2012-11-09,18.31,18.31,17.03,17.4,700
2012-11-12,16.2001,16.2001,16.2001,16.2001,500
2012-11-13,16.2,16.2,16.2,16.2,0
2012-11-14,17.2,17.22,17.2,17.22,200
2012-11-15,17.0,17.23,16.88,16.999,14700
2012-11-16,17.14,17.1587,16.85,17.1587,3900
2012-11-19,17.11,17.3,17.11,17.3,200
2012-11-20,17.3,17.3,17.3,17.3,0
2012-11-21,17.14,17.2801,17.11,17.17,2300
2012-11-23,17.17,17.17,17.17,17.17,0
2012-11-26,17.46,17.64,17.33,17.58,2500
2012-11-27,17.1,17.57,17.1,17.53,1300
2012-11-28,17.6,17.61,17.6,17.61,1600
2012-11-29,17.37,17.37,17.37,17.37,200
2012-11-30,17.5499,17.6401,17.4,17.64,800
2012-12-03,17.669,17.669,17.5,17.5,300
2012-12-04,17.89,17.89,17.89,17.89,100
2012-12-05,17.66,17.9,17.66,17.8999,700
2012-12-06,16.85,17.65,16.85,17.65,700
2012-12-07,17.2799,17.4301,17.2,17.25,3500
2012-12-10,17.3,17.6939,17.3,17.6939,1200
2012-12-11,17.28,17.58,17.05,17.05,10600
2012-12-12,17.57,17.93,17.57,17.93,1600
2012-12-13,17.5,17.5,17.5,17.5,200
2012-12-14,17.5,17.5,17.5,17.5,0
2012-12-17,17.06,17.41,17.06,17.17,1800
2012-12-18,17.49,17.5,17.45,17.47,2300
2012-12-19,17.8758,17.8758,17.8758,17.8758,100
2012-12-20,17.47,17.56,17.06,17.48,4000
2012-12-21,17.15,17.31,17.0162,17.13,5000
2012-12-24,17.16,17.3801,17.15,17.38,7200
2012-12-26,17.88,17.88,16.06,17.25,19200
2012-12-27,17.06,17.665,17.06,17.665,5700
2012-12-28,17.67,17.67,17.67,17.67,0
2012-12-31,17.15,17.15,17.0618,17.0618,1300
2013-01-02,17.38,17.38,17.38,17.38,100
2013-01-03,17.5,17.5,17.5,17.5,100
2013-01-04,17.5,17.5,17.5,17.5,0
2013-01-07,17.5,17.5,17.5,17.5,0
2013-01-08,17.5,17.5,17.5,17.5,0
2013-01-09,17.5,17.5,17.5,17.5,0
2013-01-10,17.5,17.5,17.5,17.5,0
2013-01-11,17.5,17.5,17.5,17.5,0
2013-01-14,17.5,17.5,17.5,17.5,0
2013-01-15,17.6,17.6,17.6,17.6,900
2013-01-16,17.6,17.6,17.6,17.6,0
2013-01-17,17.6,17.6,17.6,17.6,0
2013-01-18,17.6,17.6,17.6,17.6,0
2013-01-22,17.36,17.3601,17.36,17.36,1200
2013-01-23,17.33,17.93,17.33,17.3501,3800
2013-01-24,17.35,17.35,17.35,17.35,0
2013-01-25,17.4,17.52,17.31,17.52,600
2013-01-28,17.52,17.52,17.52,17.52,0
2013-01-29,17.5,17.93,17.5,17.93,2900
2013-01-30,18.24,18.24,18.24,18.24,100
2013-01-31,18.2247,18.2247,17.55,17.55,6700
2013-02-01,17.66,17.66,17.66,17.66,100
2013-02-04,17.66,17.66,17.66,17.66,0
2013-02-05,18.4164,18.43,18.4164,18.428,600
2013-02-06,18.316,18.316,18.316,18.316,2100
2013-02-07,17.66,17.66,17.66,17.66,100
2013-02-08,17.56,17.57,17.56,17.57,2200
2013-02-11,17.82,17.82,17.38,17.4582,3900
2013-02-12,17.46,17.46,17.46,17.46,0
2013-02-13,17.46,17.46,17.46,17.46,0
2013-02-14,17.99,18.06,17.99,18.06,2300
2013-02-15,18.06,18.06,18.06,18.06,0
2013-02-19,18.75,18.75,17.521,18.5499,2600
2013-02-20,17.62,17.7,17.33,17.63,6900
2013-02-21,17.59,17.59,17.132,17.132,400
2013-02-22,17.25,17.25,17.25,17.25,700
2013-02-25,17.25,17.25,17.25,17.25,0
2013-02-26,17.25,17.25,17.25,17.25,0
2013-02-27,17.14,17.14,16.54,16.64,700
2013-02-28,16.56,16.96,16.56,16.96,600
2013-03-01,16.61,16.93,16.31,16.93,1600
2013-03-04,16.37,16.586,16.37,16.586,1200
2013-03-05,16.85,16.85,16.85,16.85,600
2013-03-06,17.9999,17.9999,17.9999,17.9999,300
2013-03-07,18.0,18.0,18.0,18.0,0
2013-03-08,17.35,17.35,16.26,16.8,900
2013-03-11,16.85,16.85,16.85,16.85,500
2013-03-12,16.85,16.85,16.85,16.85,0
2013-03-13,16.85,16.85,16.85,16.85,0
2013-03-14,16.85,16.85,16.85,16.85,0
2013-03-15,16.85,16.85,16.85,16.85,0
2013-03-18,16.85,16.85,16.85,16.85,0
2013-03-19,18.326,18.326,18.326,18.326,1600
2013-03-20,18.33,18.33,18.33,18.33,0
2013-03-21,18.33,18.33,18.33,18.33,0
2013-03-22,16.65,16.65,16.51,16.51,3900
2013-03-25,16.51,16.51,16.51,16.51,0
2013-03-26,17.2,17.2,17.2,17.2,800
2013-03-27,17.14,17.2,17.14,17.2,1900
2013-03-28,17.2,17.2,17.2,17.2,0
2013-04-01,17.1,17.1,17.1,17.1,2600
2013-04-02,17.056,17.056,17.056,17.056,200
2013-04-03,16.69,16.69,16.5,16.5,1300
2013-04-04,16.5,16.5,16.5,16.5,0
2013-04-05,16.58,16.58,16.58,16.58,200
2013-04-08,16.69,16.69,16.69,16.69,500
2013-04-09,16.69,16.69,16.69,16.69,0
2013-04-10,16.45,16.47,16.39,16.42,2900
2013-04-11,16.4114,16.4114,16.4114,16.4114,300
2013-04-12,16.42,16.42,16.42,16.42,300
2013-04-15,16.42,16.42,16.42,16.42,0
2013-04-16,16.1404,16.1404,16.1404,16.1404,200
2013-04-17,15.6151,15.68,15.49,15.584,2500
2013-04-18,15.5801,15.5801,15.5801,15.5801,100
2013-04-19,15.58,15.58,15.58,15.58,0
2013-04-22,15.58,15.58,15.58,15.58,0
2013-04-23,15.7101,15.7101,15.7101,15.7101,200
2013-04-24,15.73,15.88,15.73,15.88,300
2013-04-25,15.88,15.88,15.88,15.88,0
2013-04-26,15.88,15.88,15.88,15.88,0
2013-04-29,16.11,16.31,16.11,16.31,200
2013-04-30,16.6999,16.6999,16.22,16.22,600
2013-05-01,16.22,16.22,16.22,16.22,0
2013-05-02,16.22,16.22,16.22,16.22,0
2013-05-03,16.22,16.22,16.22,16.22,0
2013-05-06,16.22,16.22,16.22,16.22,0
2013-05-07,16.75,16.75,16.75,16.75,200
2013-05-08,16.75,16.75,16.75,16.75,0
2013-05-09,16.7627,16.7627,16.7627,16.7627,100
2013-05-10,16.12,16.12,16.12,16.12,100
2013-05-13,16.12,16.12,16.12,16.12,0
2013-05-14,15.6901,15.6901,15.69,15.69,400
2013-05-15,16.0,16.0,16.0,16.0,100
2013-05-16,16.0,16.0,16.0,16.0,0
2013-05-17,15.7,16.09,15.54,15.54,83000
2013-05-20,15.38,15.498,15.0201,15.46,1000
2013-05-21,15.021,15.2783,15.021,15.2783,1800
2013-05-22,15.28,15.28,15.28,15.28,0
2013-05-23,15.02,15.687,14.9,15.687,8600
2013-05-24,15.69,15.69,15.69,15.69,0
2013-05-28,14.65,15.02,14.57,15.02,5900
2013-05-29,15.02,15.02,15.02,15.02,0
2013-05-30,15.02,15.02,15.02,15.02,0
2013-05-31,15.7117,15.7117,15.7117,15.7117,200
2013-06-03,15.71,15.71,15.71,15.71,0
2013-06-04,15.71,15.71,15.71,15.71,0
2013-06-05,15.71,15.71,15.71,15.71,0
2013-06-06,16.17,16.17,15.06,15.06,1200
2013-06-07,15.08,15.08,15.08,15.08,200
2013-06-10,15.08,15.08,15.08,15.08,0
2013-06-11,15.08,15.08,15.08,15.08,0
2013-06-12,15.08,15.08,15.08,15.08,0
2013-06-13,15.08,15.08,15.08,15.08,0
2013-06-14,15.67,15.81,15.41,15.79,2000
2013-06-17,15.79,15.79,15.79,15.79,0
2013-06-18,15.79,15.79,15.79,15.79,0
2013-06-19,15.79,15.79,15.79,15.79,0
2013-06-20,15.79,15.79,15.79,15.79,0
2013-06-21,14.8,14.83,14.0687,14.5,9000
2013-06-24,14.5,14.5,14.5,14.5,0
2013-06-25,14.5,14.5,14.5,14.5,0
2013-06-26,14.22,14.22,14.12,14.2,2100
2013-06-27,14.2,14.2,14.2,14.2,0
2013-06-28,14.01,14.01,14.01,14.01,0
2013-07-01,15.7,15.7,14.7,15.0,1000
2013-07-02,15.0,15.0,15.0,15.0,0
2013-07-03,15.0,15.0,15.0,15.0,0
2013-07-05,15.0,15.0,15.0,15.0,0
2013-07-08,15.4,15.4,15.0,15.0,2300
2013-07-09,15.03,15.03,15.0,15.0,700
2013-07-10,15.0,15.0,15.0,15.0,0
2013-07-11,14.46,14.77,14.41,14.5101,4700
2013-07-12,14.51,14.51,14.51,14.51,0
2013-07-15,14.51,14.51,14.51,14.51,0
2013-07-16,14.51,14.51,14.51,14.51,0
2013-07-17,14.51,14.51,14.51,14.51,0
2013-07-18,14.46,15.662,14.46,14.46,1200
2013-07-19,14.46,14.46,14.46,14.46,0
2013-07-22,14.46,14.46,14.46,14.46,0
2013-07-23,14.46,14.46,14.46,14.46,0
2013-07-24,14.41,14.41,14.41,14.41,0
2013-07-25,14.46,14.46,14.46,14.46,0
2013-07-26,14.46,14.46,14.46,14.46,0
2013-07-29,14.46,14.46,14.46,14.46,0
2013-07-30,14.46,14.46,14.46,14.46,0
2013-07-31,14.46,14.46,14.46,14.46,0
2013-08-01,14.43,14.6861,14.36,14.6861,1200
2013-08-02,14.34,14.35,14.34,14.35,300
2013-08-05,14.35,14.35,14.35,14.35,0
2013-08-06,14.35,14.35,14.35,14.35,0
2013-08-07,14.35,14.35,14.35,14.35,0
2013-08-08,14.35,14.35,14.35,14.35,0
2013-08-09,14.35,14.35,14.35,14.35,0
2013-08-12,14.05,14.38,14.05,14.38,1100
2013-08-13,14.38,14.38,14.38,14.38,0
2013-08-14,14.38,14.38,14.38,14.38,0
2013-08-15,14.5,14.55,14.5,14.55,900
2013-08-16,14.55,14.55,14.55,14.55,0
2013-08-19,14.63,14.63,14.62,14.62,1000
2013-08-20,14.35,14.35,14.35,14.35,200
2013-08-21,14.35,14.35,14.35,14.35,0
2013-08-22,14.25,14.25,14.25,14.25,200
2013-08-23,13.86,14.35,13.86,14.35,600
2013-08-26,14.6,14.6,14.6,14.6,100
2013-08-27,14.91,15.5,14.7,14.95,38200
2013-08-28,15.4,15.48,15.0,15.05,12500
2013-08-29,15.05,15.7,15.0,15.0,73400
2013-08-30,15.0,15.0,14.5,14.56,7100
2013-09-03,15.0,15.46,14.6,14.7,22200
2013-09-04,14.85,14.94,14.45,14.67,24500
2013-09-05,14.9,15.4,14.6,14.6,9700
2013-09-06,14.8,15.5,14.65,14.65,22700
2013-09-09,14.8,15.3,14.78,15.0,11200
2013-09-10,14.72,15.2,14.65,14.65,16800
2013-09-11,15.06,15.3,14.7,14.78,19000
2013-09-12,14.75,14.9,14.7,14.7,1200
2013-09-13,14.8,15.0,14.71,14.71,3100
2013-09-16,14.51,15.1,14.51,14.52,8900
2013-09-17,14.64,14.98,14.55,14.6,6700
2013-09-18,14.5501,14.5695,14.55,14.55,900
2013-09-19,14.65,14.85,14.58,14.58,4100
2013-09-20,14.78,14.91,14.44,14.44,8900
2013-09-23,14.05,14.42,14.05,14.37,800
2013-09-24,14.37,14.37,14.37,14.37,0
2013-09-25,14.46,14.46,12.74,14.3,3100
2013-09-26,13.96,13.96,13.96,13.96,200
2013-09-27,13.96,13.96,13.96,13.96,0
2013-09-30,13.96,13.96,13.96,13.96,0
2013-10-01,13.675,14.01,13.5,13.95,2200
2013-10-02,13.95,13.95,13.95,13.95,0
2013-10-03,13.46,14.11,13.46,14.11,200
2013-10-04,14.1,14.1,14.1,14.1,200
2013-10-07,14.1,14.1,14.1,14.1,0
2013-10-08,14.1,14.1,14.1,14.1,0
2013-10-09,14.1,14.1,14.1,14.1,0
2013-10-10,14.1,14.1,14.1,14.1,0
2013-10-11,14.1,14.1,14.1,14.1,0
2013-10-14,14.1,14.1,14.1,14.1,0
2013-10-15,13.61,13.65,12.57,12.57,38000
2013-10-16,14.02,14.02,13.077,13.2999,400
2013-10-17,12.77,12.85,12.77,12.85,600
2013-10-18,12.66,12.8,12.62,12.62,1200
2013-10-21,13.0,13.0,12.9,12.95,400
2013-10-22,12.95,12.95,12.95,12.95,0
2013-10-23,12.75,12.75,12.61,12.72,700
2013-10-24,12.7,12.75,12.62,12.75,500
2013-10-25,12.8,12.81,12.8,12.81,300
2013-10-28,12.85,12.95,12.83,12.95,1100
2013-10-29,12.83,12.83,12.83,12.83,100
2013-10-30,13.4,13.4,13.4,13.4,1300
2013-10-31,13.4,13.4,13.4,13.4,0
2013-11-01,12.84,13.6199,12.84,13.6199,200
2013-11-04,13.62,13.62,13.62,13.62,0
2013-11-05,12.831,12.872,12.2,12.498,14800
2013-11-06,12.5,12.5,12.5,12.5,0
2013-11-07,12.5,12.5,12.5,12.5,0
2013-11-08,12.05,12.05,12.05,12.05,500
2013-11-11,12.2,12.2,12.198,12.198,300
2013-11-12,12.25,12.25,12.25,12.25,100
2013-11-13,12.21,12.312,12.011,12.011,300
2013-11-14,12.12,12.12,12.0,12.07,1300
2013-11-15,12.0,12.11,11.57,11.7,16600
2013-11-18,11.7,11.7,11.36,11.36,800
2013-11-19,11.41,11.41,11.41,11.41,100
2013-11-20,11.26,11.26,11.26,11.26,0
2013-11-21,11.13,11.4952,10.61,11.0,23100
2013-11-22,10.54,11.54,10.54,11.5,6900
2013-11-25,11.5,11.5,11.5,11.5,0
2013-11-26,11.28,11.28,11.1,11.1,400
2013-11-27,11.44,11.44,10.79,11.025,5800
2013-11-29,11.03,11.03,11.03,11.03,0
2013-12-02,11.75,11.75,11.6099,11.6099,500
2013-12-03,10.7093,10.7101,10.7093,10.7101,600
2013-12-04,11.205,11.205,10.75,10.75,1300
2013-12-05,11.0,11.0,11.0,11.0,900
2013-12-06,11.6299,11.6299,11.5,11.5,300
2013-12-09,11.5,11.5,11.5,11.5,225
2013-12-10,11.6299,11.6299,11.6299,11.6299,200
2013-12-11,11.6299,11.6299,11.6299,11.6299,156
2013-12-12,10.81,11.01,10.77,11.01,500
2013-12-13,11.04,11.06,11.0358,11.06,700
2013-12-16,11.06,11.06,11.06,11.06,0
2013-12-17,11.06,11.06,11.06,11.06,12
2013-12-18,11.63,12.08,11.63,12.08,1400
2013-12-19,12.08,12.08,12.08,12.08,0
2013-12-20,12.4092,12.5099,11.815,11.98,7700
2013-12-23,12.39,12.44,11.8,11.8,4200
2013-12-24,12.25,12.25,11.9378,11.9378,300
2013-12-26,11.8001,12.69,11.8,12.6899,800
2013-12-27,11.8,12.49,11.8,11.9318,1000
2013-12-30,12.65,12.65,12.65,12.65,300
2013-12-31,12.65,12.65,12.65,12.65,0
2014-01-02,12.65,12.65,12.65,12.65,0
2014-01-03,11.3,11.3,11.3,11.3,100
2014-01-06,11.3,11.3,11.3,11.3,0
2014-01-07,11.3,11.3,11.3,11.3,8
2014-01-08,11.3,11.3,11.3,11.3,0
2014-01-09,11.3,11.3,11.3,11.3,6
2014-01-10,11.3,11.3,11.3,11.3,0
2014-01-13,11.3,11.3,11.3,11.3,0
2014-01-14,12.0,12.475,12.0,12.475,1300
2014-01-15,12.475,12.475,12.475,12.475,20
2014-01-16,12.475,12.475,12.475,12.475,4
2014-01-17,11.701,11.701,11.701,11.701,900
2014-01-21,11.7,11.7,11.7,11.7,0
2014-01-22,12.46,12.46,12.46,12.46,300
2014-01-23,12.01,12.01,11.600999999999999,11.600999999999999,1200
2014-01-24,11.6,11.6,11.6,11.6,0
2014-01-27,11.6,11.6,11.6,11.6,0
2014-01-28,11.6,11.6,11.6,11.6,0
2014-01-29,11.6,11.6,11.6,11.6,0
2014-01-30,11.600999999999999,11.600999999999999,11.600999999999999,11.600999999999999,59
2014-01-31,11.6,11.6,11.6,11.6,0
2014-02-03,11.6,11.6,11.6,11.6,0
2014-02-04,11.6,11.615,11.35,11.35,2800
2014-02-05,11.35,11.35,11.35,11.35,0
2014-02-06,11.35,11.35,11.35,11.35,75
2014-02-07,11.35,11.35,11.35,11.35,5
2014-02-10,11.4254,11.4254,11.4254,11.4254,300
2014-02-11,11.4254,11.4254,11.4254,11.4254,78
2014-02-12,11.4254,11.4254,11.4254,11.4254,38
2014-02-13,11.43,11.43,11.43,11.43,0
2014-02-14,11.43,11.43,11.43,11.43,0
2014-02-18,11.43,11.43,11.43,11.43,0
2014-02-19,11.43,11.43,11.43,11.43,0
2014-02-20,11.43,11.43,11.43,11.43,0
2014-02-21,11.43,11.43,11.43,11.43,0
2014-02-24,12.0,12.5,12.0,12.5,2800
2014-02-25,12.8,12.9699,12.8,12.95,900
2014-02-26,12.95,12.95,12.95,12.95,0
2014-02-27,12.011,12.011,12.011,12.011,200
2014-02-28,12.95,12.95,12.95,12.95,100
2014-03-03,13.12,13.12,13.12,13.12,400
2014-03-04,12.63,13.08,12.63,13.08,300
2014-03-05,13.08,13.08,13.08,13.08,0
2014-03-06,13.26,13.26,13.26,13.26,100
2014-03-07,13.52,13.9,13.52,13.89,1900
2014-03-10,15.41,16.18,15.41,16.15,44100
2014-03-11,16.15,16.15,16.15,16.15,1400
2014-03-12,16.15,16.15,16.15,16.15,8
2014-03-13,16.0554,16.118,16.03,16.118,2500
2014-03-14,16.18,16.41,16.0,16.13,12900
2014-03-17,16.13,16.13,16.13,16.13,63
2014-03-18,16.13,16.13,16.13,16.13,0
2014-03-19,16.18,17.0165,15.93,15.93,1200
2014-03-20,16.34,16.34,16.1,16.1,200
2014-03-21,16.0,16.0,16.0,16.0,1300
2014-03-24,16.15,17.08,15.925,16.08,17400
2014-03-25,16.22,16.89,16.22,16.49,1400
2014-03-26,16.49,16.49,16.49,16.49,0
2014-03-27,16.49,16.49,16.49,16.49,0
2014-03-28,16.3554,16.4,16.3554,16.4,500
2014-03-31,16.85,16.85,16.85,16.85,1200
2014-04-01,16.302,17.0575,16.302,17.0575,700
2014-04-02,16.41,16.41,16.1701,16.22,1700
2014-04-03,16.22,16.22,16.22,16.22,1
2014-04-04,16.58,16.63,16.47,16.54,15300
2014-04-07,16.48,16.48,16.43,16.46,1600
2014-04-08,16.53,16.6,16.45,16.52,4400
2014-04-09,16.52,16.52,16.52,16.52,0
2014-04-10,16.52,16.52,16.52,16.52,0
2014-04-11,16.5293,16.5293,16.5293,16.5293,100
2014-04-14,16.66,16.66,16.66,16.66,300
2014-04-15,16.66,16.66,16.66,16.66,66
2014-04-16,16.66,16.66,16.66,16.66,0
2014-04-17,16.686,16.686,16.686,16.686,100
2014-04-21,16.686,16.686,16.686,16.686,70
2014-04-22,16.686,16.686,16.686,16.686,20
2014-04-23,16.69,16.69,16.69,16.69,0
2014-04-24,16.686,16.686,16.686,16.686,8
2014-04-25,16.69,16.69,16.69,16.69,0
2014-04-28,16.686,16.686,16.686,16.686,50
2014-04-29,18.32,18.32,16.54,17.5,3000
2014-04-30,17.27,17.27,17.27,17.27,200
2014-05-01,16.3,16.3,16.03,16.03,500
2014-05-02,16.03,16.03,16.03,16.03,12
2014-05-05,17.0,17.0,17.0,17.0,300
2014-05-06,17.0,17.0,17.0,17.0,0
2014-05-07,16.4,16.634,16.4,16.52,4400
2014-05-08,16.7944,16.7944,16.7944,16.7944,200
2014-05-09,16.48,16.48,16.48,16.48,300
2014-05-12,16.48,16.48,16.48,16.48,90
2014-05-13,17.39,17.3906,17.39,17.3906,400
2014-05-14,17.51,17.51,17.0,17.0,3300
2014-05-15,16.47,16.47,16.47,16.47,300
2014-05-16,16.47,16.47,16.47,16.47,25
2014-05-19,16.44,16.44,16.43,16.4301,1600
2014-05-20,16.4301,16.4301,16.4301,16.4301,6
2014-05-21,16.43,16.43,16.43,16.43,0
2014-05-22,17.4499,17.4499,16.6,16.6,200
2014-05-23,16.6,16.6,16.6,16.6,0
2014-05-27,17.2,17.2,17.19,17.1995,600
2014-05-28,17.2,17.2,17.2,17.2,0
2014-05-29,16.421,16.421,16.421,16.421,200
2014-05-30,16.42,16.42,16.42,16.42,0
2014-06-02,16.141,16.141,16.141,16.141,100
2014-06-03,16.14,16.14,16.14,16.14,0
2014-06-04,16.16,16.16,16.16,16.16,100
2014-06-05,16.06,16.11,16.06,16.11,400
2014-06-06,16.11,16.11,16.11,16.11,0
2014-06-09,15.84,16.31,15.84,16.31,600
2014-06-10,16.31,16.31,16.31,16.31,0
2014-06-11,16.31,16.31,16.31,16.31,0
2014-06-12,16.31,16.31,16.31,16.31,0
2014-06-13,16.31,16.31,16.31,16.31,20
2014-06-16,16.31,16.31,16.31,16.31,0
2014-06-17,16.31,16.31,16.31,16.31,0
2014-06-18,16.51,16.8,16.498,16.56,1700
2014-06-19,16.94,17.0,16.7,16.8301,6100
2014-06-20,16.65,17.0,16.65,16.79,22100
2014-06-23,16.65,16.85,16.64,16.68,19700
2014-06-24,16.58,16.72,16.58,16.72,500
2014-06-25,16.64,16.8,16.59,16.62,6400
2014-06-26,16.7,16.8,16.63,16.75,14600
2014-06-27,16.6999,16.8201,16.68,16.71,21500
2014-06-30,16.72,16.72,16.5,16.54,10200
2014-07-01,17.3499,17.3499,17.3499,17.3499,1200
2014-07-02,16.4001,16.4001,16.4001,16.4001,600
2014-07-03,16.4001,16.4001,16.4001,16.4001,25
2014-07-07,16.4001,16.4001,16.4001,16.4001,40
2014-07-08,16.4,16.4,16.4,16.4,0
2014-07-09,16.4,16.4,16.4,16.4,0
2014-07-10,16.45,16.45,16.25,16.25,800
2014-07-11,16.25,16.25,16.25,16.25,0
2014-07-14,15.9101,15.9101,15.9101,15.9101,200
2014-07-15,15.9,15.9,15.9,15.9,600
2014-07-16,15.9,15.9,15.9,15.9,0
2014-07-17,15.9,15.9,15.9,15.9,0
2014-07-18,15.9,15.9,15.9,15.9,0
2014-07-21,15.9,15.9,15.9,15.9,0
2014-07-22,16.06,16.06,16.06,16.06,500
2014-07-23,16.02,16.02,16.02,16.02,400
2014-07-24,16.02,16.02,16.02,16.02,0
2014-07-25,16.47,16.47,16.1,16.1501,1800
2014-07-28,15.94,16.1,15.94,16.1,900
2014-07-29,16.1,16.1,16.1,16.1,0
2014-07-30,16.1,16.1,16.1,16.1,0
2014-07-31,16.1,16.1,16.1,16.1,0
2014-08-01,16.1,16.1,16.1,16.1,0
2014-08-04,16.1,16.1,16.1,16.1,0
2014-08-05,16.1,16.1,16.1,16.1,0
2014-08-06,16.1,16.1,16.1,16.1,0
2014-08-07,15.9,15.96,15.9,15.96,900
2014-08-08,15.77,15.77,15.77,15.77,100
2014-08-11,15.77,15.77,15.77,15.77,0
2014-08-12,15.77,15.77,15.77,15.77,0
2014-08-13,15.77,15.77,15.77,15.77,0
2014-08-14,15.77,15.77,15.77,15.77,0
2014-08-15,15.77,15.77,15.77,15.77,0
2014-08-18,15.77,15.77,15.77,15.77,0
2014-08-19,15.77,15.77,15.77,15.77,1
2014-08-20,15.77,15.77,15.77,15.77,0
2014-08-21,15.58,15.58,15.56,15.56,1000
2014-08-22,15.56,15.56,15.56,15.56,0
2014-08-25,15.71,15.81,15.71,15.73,500
2014-08-26,15.79,15.82,15.75,15.75,500
2014-08-27,15.75,15.75,15.75,15.75,37
2014-08-28,15.3,15.75,15.3,15.7,1000
2014-08-29,15.7,15.7,15.7,15.7,0
2014-09-02,15.7,15.7,15.7,15.7,0
2014-09-03,15.7,15.7,15.7,15.7,0
2014-09-04,15.7,15.7,15.7,15.7,0
2014-09-05,15.7,15.7,15.7,15.7,0
2014-09-08,15.7,15.7,15.7,15.7,0
2014-09-09,15.75,15.75,15.75,15.75,0
2014-09-10,15.75,15.75,15.75,15.75,0
2014-09-11,15.75,15.75,15.75,15.75,0
2014-09-12,15.75,15.75,15.75,15.75,1
2014-09-15,14.8901,14.8901,14.8901,14.8901,1000
2014-09-16,14.8901,14.8901,14.8901,14.8901,120
2014-09-17,14.8901,14.8901,14.8901,14.8901,50
2014-09-18,14.8901,14.8901,14.8901,14.8901,0
2014-09-19,14.8901,14.8901,14.8901,14.8901,0
2014-09-22,14.8901,14.8901,14.8901,14.8901,0
2014-09-23,14.8901,14.8901,14.8901,14.8901,0
2014-09-24,14.8901,14.8901,14.8901,14.8901,0
2014-09-25,14.8901,14.8901,14.8901,14.8901,0
2014-09-26,15.57,15.59,15.496,15.505,3200
2014-09-29,15.505,15.505,15.505,15.505,0
2014-09-30,15.505,15.505,15.505,15.505,0
2014-10-01,15.505,15.505,15.505,15.505,0
2014-10-02,14.32,14.393,14.31,14.393,3600
2014-10-03,14.393,14.393,14.393,14.393,0
2014-10-06,14.393,14.393,14.393,14.393,0
2014-10-07,14.393,14.393,14.393,14.393,0
2014-10-08,14.393,14.393,14.393,14.393,0
2014-10-09,14.393,14.393,14.393,14.393,2
2014-10-10,14.393,14.393,14.393,14.393,0
2014-10-13,14.21,14.21,13.81,14.13,1282
2014-10-14,14.6625,14.6625,14.66,14.66,943
2014-10-15,13.87,13.87,13.86,13.87,1500
2014-10-16,13.87,13.87,13.87,13.87,0
2014-10-17,13.87,13.87,13.87,13.87,0
2014-10-20,13.87,13.87,13.87,13.87,0
2014-10-21,13.87,13.87,13.87,13.87,0
2014-10-22,13.87,13.87,13.87,13.87,0
2014-10-23,13.87,13.87,13.87,13.87,0
2014-10-24,13.87,13.87,13.87,13.87,0
2014-10-27,13.87,13.87,13.87,13.87,0
2014-10-28,13.87,13.87,13.87,13.87,0
2014-10-29,14.2301,14.2301,14.2301,14.2301,100
2014-10-30,14.2301,14.2301,14.2301,14.2301,0
2014-10-31,14.2301,14.2301,14.2301,14.2301,0
2014-11-03,14.9629,14.9629,14.9629,14.9629,140
2014-11-04,14.9629,14.9629,14.9629,14.9629,0
2014-11-05,13.772,13.772,13.772,13.772,150
2014-11-06,13.772,13.772,13.772,13.772,0
2014-11-07,13.95,13.95,13.95,13.95,220
2014-11-10,13.95,13.95,13.95,13.95,0
2014-11-11,13.77,13.77,13.77,13.77,109
2014-11-12,13.77,13.77,13.77,13.77,0
2014-11-13,13.77,13.77,13.77,13.77,0
2014-11-14,13.77,13.77,13.77,13.77,0
2014-11-17,13.77,13.77,13.77,13.77,0
2014-11-18,13.77,13.77,13.77,13.77,0
2014-11-19,13.77,13.77,13.77,13.77,1
2014-11-20,13.77,13.77,13.77,13.77,0
2014-11-21,13.77,13.77,13.77,13.77,0
2014-11-24,14.45,14.45,14.45,14.45,1500
2014-11-25,14.5,14.5,14.5,14.5,250
2014-11-26,13.6,13.6,13.6,13.6,440
2014-11-28,13.16,13.16,13.16,13.16,1771
2014-12-01,13.0,14.01,13.0,14.01,900
2014-12-02,14.01,14.01,14.01,14.01,1
2014-12-03,14.01,14.01,14.01,14.01,4
2014-12-04,14.01,14.01,14.01,14.01,83
2014-12-05,14.01,14.01,14.01,14.01,36
2014-12-08,13.47,13.495,13.47,13.495,383
2014-12-09,13.495,13.495,13.495,13.495,0
2014-12-10,13.495,13.495,13.495,13.495,0
2014-12-11,13.495,13.495,13.495,13.495,0
2014-12-12,13.495,13.495,13.495,13.495,0
2014-12-15,13.495,13.495,13.495,13.495,0
2014-12-16,13.495,13.495,13.495,13.495,0
2014-12-17,13.495,13.495,13.495,13.495,0
2014-12-18,13.495,13.495,13.495,13.495,0
2014-12-19,12.079,12.079,12.079,12.079,790
2014-12-22,12.27,12.27,12.27,12.27,1700
2014-12-23,12.27,12.27,12.27,12.27,0
2014-12-24,12.27,12.27,12.27,12.27,0
2014-12-26,12.115,12.265,11.922,11.924,1063
2014-12-29,11.85,12.09,11.85,12.05,4865
2014-12-30,12.27,12.27,11.7101,11.7101,390
2014-12-31,11.61,11.85,11.61,11.85,8150
2015-01-02,11.67,11.95,11.67,11.95,4000
2015-01-05,12.0,12.0,11.6,11.99,6100
2015-01-06,11.31,11.79,11.31,11.79,1000
2015-01-07,11.79,11.79,11.79,11.79,1
2015-01-08,11.79,11.79,11.79,11.79,0
2015-01-09,11.0769,11.21,11.0769,11.21,452
2015-01-12,10.91,11.0,10.91,11.0,501
2015-01-13,10.878,10.878,10.878,10.878,660
2015-01-14,10.91,11.21,10.91,11.21,800
2015-01-15,11.21,11.21,11.21,11.21,51
2015-01-16,11.21,11.21,11.21,11.21,0
2015-01-20,11.27,11.33,11.27,11.33,786
2015-01-21,10.91,10.92,10.9,10.92,786
2015-01-22,10.92,10.92,10.92,10.92,50
2015-01-23,11.46,11.46,11.46,11.46,102
2015-01-26,11.46,11.46,11.46,11.46,0
2015-01-27,11.46,11.46,11.46,11.46,0
2015-01-28,11.46,11.46,11.46,11.46,0
2015-01-29,11.46,11.46,11.46,11.46,0
2015-01-30,11.46,11.46,11.46,11.46,0
2015-02-02,11.0,11.1,11.0,11.1,300
2015-02-03,11.1,11.1,11.1,11.1,0
2015-02-04,11.1,11.1,11.1,11.1,0
2015-02-05,11.1,11.1,11.1,11.1,0
2015-02-06,11.1,11.1,11.1,11.1,0
2015-02-09,11.1,11.1,11.1,11.1,6
2015-02-10,11.211,11.224,11.211,11.224,300
2015-02-11,11.224,11.224,11.224,11.224,0
2015-02-12,11.224,11.224,11.224,11.224,5
2015-02-13,11.224,11.224,11.224,11.224,0
2015-02-17,11.27,12.0,11.27,12.0,431
2015-02-18,11.321,12.03,11.32,11.87,800
2015-02-19,11.1701,11.1901,11.1701,11.1901,914
2015-02-20,11.1901,11.1901,11.1901,11.1901,0
2015-02-23,11.1901,11.1901,11.1901,11.1901,0
2015-02-24,11.1901,11.1901,11.1901,11.1901,0
2015-02-25,11.1901,11.1901,11.1901,11.1901,0
2015-02-26,11.1901,11.1901,11.1901,11.1901,0
2015-02-27,11.1901,11.1901,11.1901,11.1901,0
2015-03-02,11.1901,11.1901,11.1901,11.1901,59
2015-03-03,11.1901,11.1901,11.1901,11.1901,0
2015-03-04,11.1901,11.1901,11.1901,11.1901,1
2015-03-05,11.1901,11.1901,11.1901,11.1901,0
2015-03-06,11.1901,11.1901,11.1901,11.1901,0
2015-03-09,11.1901,11.1901,11.1901,11.1901,1
2015-03-10,11.1901,11.1901,11.1901,11.1901,0
2015-03-11,11.1901,11.1901,11.1901,11.1901,0
2015-03-12,11.0,11.0,11.0,11.0,100
2015-03-13,11.0,11.0,11.0,11.0,10
2015-03-16,11.0,11.0,11.0,11.0,50
2015-03-17,10.5101,10.5101,10.5101,10.5101,115
2015-03-18,10.5101,10.5101,10.5101,10.5101,1
2015-03-19,10.5101,10.5101,10.5101,10.5101,0
2015-03-20,10.5101,10.5101,10.5101,10.5101,0
2015-03-23,11.53,11.53,11.4377,11.4377,475
2015-03-24,11.4377,11.4377,11.4377,11.4377,1
2015-03-25,11.4377,11.4377,11.4377,11.4377,0
2015-03-26,11.4377,11.4377,11.4377,11.4377,0
2015-03-27,11.4,11.4,11.4,11.4,800
2015-03-30,11.4,11.4,11.4,11.4,0
2015-03-31,11.4,11.4,11.4,11.4,0
2015-04-01,10.89,10.89,10.89,10.89,409
2015-04-02,10.89,10.89,10.89,10.89,0
2015-04-06,10.89,10.89,10.89,10.89,0
2015-04-07,10.89,10.89,10.89,10.89,0
2015-04-08,10.89,10.89,10.89,10.89,0
2015-04-09,10.82,10.82,10.79,10.79,1253
2015-04-10,10.79,10.79,10.79,10.79,0
2015-04-13,10.79,10.79,10.79,10.79,0
2015-04-14,10.79,10.79,10.79,10.79,63
2015-04-15,10.79,10.79,10.79,10.79,0
2015-04-16,10.79,10.79,10.79,10.79,0
2015-04-17,10.79,10.79,10.79,10.79,0
2015-04-20,11.1,11.1,11.1,11.1,800
2015-04-21,11.1,11.1,11.1,11.1,0
2015-04-22,10.8928,10.8928,10.8928,10.8928,100
2015-04-23,10.8928,10.8928,10.8928,10.8928,0
2015-04-24,10.8928,10.8928,10.8928,10.8928,3
2015-04-27,10.8928,10.8928,10.8928,10.8928,0
2015-04-28,10.95,10.95,10.95,10.95,200
2015-04-29,11.03,11.03,11.03,11.03,200
2015-04-30,11.03,11.03,11.03,11.03,0
2015-05-01,11.03,11.03,11.03,11.03,0
2015-05-04,11.29,11.43,11.28,11.31,2286
2015-05-05,11.31,11.31,11.31,11.31,0
2015-05-06,11.31,11.31,11.31,11.31,0
2015-05-07,11.31,11.31,11.31,11.31,0
2015-05-08,11.31,11.31,11.31,11.31,0
2015-05-11,11.31,11.31,11.31,11.31,0
2015-05-12,11.31,11.31,11.31,11.31,0
2015-05-13,11.31,11.31,11.31,11.31,0
2015-05-14,11.31,11.31,11.31,11.31,10
2015-05-15,12.07,12.07,11.13,11.2277,2000
2015-05-18,11.2277,11.2277,11.2277,11.2277,0
2015-05-19,11.2277,11.2277,11.2277,11.2277,0
2015-05-20,11.2277,11.2277,11.2277,11.2277,0
2015-05-21,11.2277,11.2277,11.2277,11.2277,0
2015-05-22,11.2277,11.2277,11.2277,11.2277,0
2015-05-26,11.2277,11.2277,11.2277,11.2277,0
2015-05-27,11.2277,11.2277,11.2277,11.2277,0
2015-05-28,11.2277,11.2277,11.2277,11.2277,0
2015-05-29,11.2277,11.2277,11.2277,11.2277,0
2015-06-01,11.2277,11.2277,11.2277,11.2277,0
2015-06-02,11.2277,11.2277,11.2277,11.2277,0
2015-06-03,11.2277,11.2277,11.2277,11.2277,0
2015-06-04,11.2277,11.2277,11.2277,11.2277,0
2015-06-05,11.2277,11.2277,11.2277,11.2277,0
2015-06-08,11.2277,11.2277,11.2277,11.2277,0
2015-06-09,11.2277,11.2277,11.2277,11.2277,0
2015-06-10,11.2277,11.2277,11.2277,11.2277,1
2015-06-11,11.2277,11.2277,11.2277,11.2277,1
2015-06-12,11.2277,11.2277,11.2277,11.2277,0
2015-06-15,11.2277,11.2277,11.2277,11.2277,0
2015-06-16,11.2277,11.2277,11.2277,11.2277,0
2015-06-17,11.2277,11.2277,11.2277,11.2277,0
2015-06-18,11.2277,11.2277,11.2277,11.2277,26
2015-06-19,11.2277,11.2277,11.2277,11.2277,0
2015-06-22,11.2277,11.2277,11.2277,11.2277,0
2015-06-23,11.2277,11.2277,11.2277,11.2277,0
2015-06-24,11.2277,11.2277,11.2277,11.2277,0
2015-06-25,11.2277,11.2277,11.2277,11.2277,0
2015-06-26,11.2277,11.2277,11.2277,11.2277,0
2015-06-29,11.2277,11.2277,11.2277,11.2277,11
2015-06-30,11.2277,11.2277,11.2277,11.2277,0
2015-07-01,11.2277,11.2277,11.2277,11.2277,0
2015-07-02,11.2277,11.2277,11.2277,11.2277,0
2015-07-06,11.2277,11.2277,11.2277,11.2277,42
2015-07-07,11.2277,11.2277,11.2277,11.2277,0
2015-07-08,11.2277,11.2277,11.2277,11.2277,0
2015-07-09,11.2277,11.2277,11.2277,11.2277,0
2015-07-10,11.3924,11.3924,11.0145,11.0145,245
2015-07-13,11.0145,11.0145,11.0145,11.0145,42
2015-07-14,11.0145,11.0145,11.0145,11.0145,0
2015-07-15,10.43,10.43,10.41,10.41,1420
2015-07-16,10.41,10.41,10.41,10.41,0
2015-07-17,10.41,10.41,10.41,10.41,0
2015-07-20,10.33,10.43,10.33,10.35,1814
2015-07-21,10.35,10.35,10.35,10.35,0
2015-07-22,10.35,10.35,10.35,10.35,0
2015-07-23,10.35,10.35,10.35,10.35,0
2015-07-24,10.35,10.35,10.35,10.35,13
2015-07-27,10.35,10.35,10.35,10.35,0
2015-07-28,10.35,10.35,10.35,10.35,0
2015-07-29,10.35,10.35,10.35,10.35,0
2015-07-30,10.35,10.35,10.35,10.35,0
2015-07-31,10.35,10.35,10.35,10.35,0
2015-08-03,10.35,10.35,10.35,10.35,0
2015-08-04,10.35,10.35,10.35,10.35,0
2015-08-05,9.68,9.83,9.61,9.79,11100
2015-08-06,9.63,9.85,9.63,9.71,11800
2015-08-07,9.41,9.41,9.41,9.41,100
2015-08-10,9.41,9.41,9.41,9.41,0
2015-08-11,9.41,9.41,9.41,9.41,81
2015-08-12,9.41,9.41,9.41,9.41,0
2015-08-13,9.41,9.41,9.41,9.41,0
2015-08-14,9.41,9.41,9.41,9.41,0
2015-08-17,9.41,9.41,9.41,9.41,0
2015-08-18,9.41,9.41,9.41,9.41,0
2015-08-19,9.41,9.41,9.41,9.41,0
2015-08-20,9.41,9.41,9.41,9.41,0
2015-08-21,9.41,9.41,9.41,9.41,25
2015-08-24,8.71,8.8601,8.14,8.8601,2500
2015-08-25,8.96,8.96,8.9501,8.9501,1620
2015-08-26,8.9,8.9,8.9,8.9,957
2015-08-27,9.13,9.13,9.13,9.13,546
2015-08-28,9.13,9.13,9.13,9.13,0
2015-08-31,9.13,9.13,9.13,9.13,61
2015-09-01,9.13,9.13,9.13,9.13,0
2015-09-02,10.1082,10.1082,10.1082,10.1082,514
2015-09-03,10.1082,10.1082,10.1082,10.1082,0
2015-09-04,10.1082,10.1082,10.1082,10.1082,0
2015-09-08,10.1082,10.1082,10.1082,10.1082,0
2015-09-09,10.1082,10.1082,10.1082,10.1082,31
2015-09-10,10.1082,10.1082,10.1082,10.1082,0
2015-09-11,9.408,9.4816,9.408,9.4816,416
2015-09-14,9.4816,9.4816,9.4816,9.4816,0
2015-09-15,9.4816,9.4816,9.4816,9.4816,2
2015-09-16,9.4816,9.4816,9.4816,9.4816,0
2015-09-17,9.46,9.7028,9.46,9.7028,384
2015-09-18,9.7028,9.7028,9.7028,9.7028,0
2015-09-21,9.7028,9.7028,9.7028,9.7028,0
2015-09-22,9.7028,9.7028,9.7028,9.7028,0
2015-09-23,9.7028,9.7028,9.7028,9.7028,0
2015-09-24,9.7028,9.7028,9.7028,9.7028,0
2015-09-25,9.7028,9.7028,9.7028,9.7028,0
2015-09-28,9.7028,9.7028,9.7028,9.7028,0
2015-09-29,9.7028,9.7028,9.7028,9.7028,0
2015-09-30,9.34,9.34,9.34,9.34,500
2015-10-01,9.34,9.34,9.34,9.34,0
2015-10-02,9.34,9.34,9.34,9.34,0
2015-10-05,9.46,9.46,9.43,9.46,500
2015-10-06,9.46,9.46,9.46,9.46,0
2015-10-07,9.46,9.46,9.46,9.46,2
2015-10-08,9.46,9.46,9.46,9.46,0
2015-10-09,9.46,9.46,9.46,9.46,1
2015-10-12,9.57,9.57,9.57,9.57,224
2015-10-13,9.57,9.57,9.57,9.57,0
2015-10-14,9.57,9.57,9.57,9.57,0
2015-10-15,9.57,9.57,9.57,9.57,140
2015-10-16,9.57,9.57,9.57,9.57,0
2015-10-19,9.57,9.57,9.57,9.57,0
2015-10-20,9.57,9.57,9.57,9.57,0
2015-10-21,9.57,9.57,9.57,9.57,0
2015-10-22,9.57,9.57,9.57,9.57,0
2015-10-23,9.57,9.57,9.57,9.57,0
2015-10-26,9.96,9.99,9.96,9.99,1075
2015-10-27,9.99,9.99,9.99,9.99,0
2015-10-28,9.99,9.99,9.99,9.99,0
2015-10-29,9.31,9.31,9.31,9.31,100
2015-10-30,9.31,9.31,9.31,9.31,0
2015-11-02,9.4562,9.4562,9.4562,9.4562,203
2015-11-03,9.4562,9.4562,9.4562,9.4562,0
2015-11-04,9.4562,9.4562,9.4562,9.4562,0
2015-11-05,9.4562,9.4562,9.4562,9.4562,0
2015-11-06,9.4562,9.4562,9.4562,9.4562,0
2015-11-09,9.5,9.5,9.5,9.5,300
2015-11-10,9.5,9.5,9.5,9.5,0
2015-11-11,9.5,9.5,9.5,9.5,26
2015-11-12,9.289,9.289,9.289,9.289,318
2015-11-13,9.289,9.289,9.289,9.289,0
2015-11-16,9.289,9.289,9.289,9.289,0
2015-11-17,9.289,9.289,9.289,9.289,0
2015-11-18,9.289,9.289,9.289,9.289,0
2015-11-19,9.289,9.289,9.289,9.289,0
2015-11-20,9.289,9.289,9.289,9.289,74
2015-11-23,9.289,9.289,9.289,9.289,0
2015-11-24,9.289,9.289,9.289,9.289,0
2015-11-25,9.289,9.289,9.289,9.289,0
2015-11-27,9.289,9.289,9.289,9.289,0
2015-11-30,9.289,9.289,9.289,9.289,46
2015-12-01,9.289,9.289,9.289,9.289,0
2015-12-02,8.58,8.985,8.56,8.985,2940
2015-12-03,8.8,8.8,8.8,8.8,11000
2015-12-04,8.8,8.8,8.8,8.8,0
2015-12-07,8.8,8.8,8.8,8.8,0
2015-12-08,8.8,8.8,8.8,8.8,0
2015-12-09,8.8,8.8,8.8,8.8,0
2015-12-10,8.8,8.8,8.8,8.8,0
2015-12-11,8.8,8.8,8.8,8.8,0
2015-12-14,8.8,8.8,8.8,8.8,0
2015-12-15,8.8,8.8,8.8,8.8,0
2015-12-16,8.8,8.8,8.8,8.8,0
2015-12-17,8.8,8.8,8.8,8.8,0
2015-12-18,8.8,8.8,8.8,8.8,0
2015-12-21,8.8,8.8,8.8,8.8,0
2015-12-22,8.8,8.8,8.8,8.8,0
2015-12-23,8.8,8.8,8.8,8.8,0
2015-12-24,8.8,8.8,8.8,8.8,0
2015-12-28,6.6,7.94,6.6,7.94,880
2015-12-29,7.94,7.94,7.94,7.94,0
2015-12-30,7.94,7.94,7.94,7.94,0
2015-12-31,7.8942,8.54,7.8942,8.54,231
2016-01-04,8.54,8.54,8.54,8.54,0
2016-01-05,8.54,8.54,8.54,8.54,0
2016-01-06,8.54,8.54,8.54,8.54,0
2016-01-07,8.54,8.54,8.54,8.54,0
2016-01-08,8.54,8.54,8.54,8.54,0
2016-01-11,8.54,8.54,8.54,8.54,0
2016-01-12,8.54,8.54,8.54,8.54,0
2016-01-13,8.54,8.54,8.54,8.54,0
2016-01-14,8.54,8.54,8.54,8.54,0
2016-01-15,8.54,8.54,8.54,8.54,0
2016-01-19,8.54,8.54,8.54,8.54,0
2016-01-20,8.54,8.54,8.54,8.54,0
2016-01-21,8.54,8.54,8.54,8.54,0
2016-01-22,6.6,7.0,6.6,7.0,2450
2016-01-25,7.0,7.0,7.0,7.0,0
2016-01-26,7.0,7.0,7.0,7.0,0
2016-01-27,7.0,7.0,7.0,7.0,0
2016-01-28,7.0,7.0,7.0,7.0,0
2016-01-29,7.0,7.0,7.0,7.0,0
2016-02-01,7.0,7.0,7.0,7.0,0
2016-02-02,7.0,7.0,7.0,7.0,0
2016-02-03,7.0,7.0,7.0,7.0,0
2016-02-04,7.0,7.0,7.0,7.0,0
2016-02-05,7.0,7.0,7.0,7.0,0
2016-02-08,7.0,7.0,7.0,7.0,0
2016-02-09,8.25,9.07,8.08,9.07,599
2016-02-10,6.62,6.76,6.62,6.76,580
2016-02-11,6.76,6.76,6.76,6.76,0
2016-02-12,6.76,6.76,6.76,6.76,0
2016-02-16,6.02,6.02,6.02,6.02,1000
2016-02-17,6.02,6.02,6.02,6.02,0
2016-02-18,6.02,6.02,6.02,6.02,0
2016-02-19,6.02,6.02,6.02,6.02,0
2016-02-22,6.02,6.02,6.02,6.02,0
2016-02-23,6.02,6.02,6.02,6.02,0
2016-02-24,6.02,6.02,6.02,6.02,0
2016-02-25,6.02,6.02,6.02,6.02,0
2016-02-26,6.02,6.02,6.02,6.02,0
2016-02-29,6.02,6.02,6.02,6.02,0
2016-03-01,6.02,6.02,6.02,6.02,0
2016-03-02,6.02,6.02,6.02,6.02,0
2016-03-03,6.02,6.02,6.02,6.02,0
2016-03-04,6.02,6.02,6.02,6.02,0
2016-03-07,6.02,6.02,6.02,6.02,0
2016-03-08,6.02,6.02,6.02,6.02,50
2016-03-09,6.02,6.02,6.02,6.02,0
2016-03-10,6.02,6.02,6.02,6.02,0
2016-03-11,6.02,6.02,6.02,6.02,0
2016-03-14,6.02,6.02,6.02,6.02,0
2016-03-15,6.02,6.02,6.02,6.02,0
2016-03-16,6.02,6.02,6.02,6.02,0
2016-03-17,6.02,6.02,6.02,6.02,0
2016-03-18,6.66,6.7,6.4,6.66,2400
2016-03-21,6.66,6.66,6.66,6.66,0
2016-03-22,6.66,6.66,6.66,6.66,0
2016-03-23,6.66,6.66,6.66,6.66,0
2016-03-24,6.66,6.66,6.66,6.66,0
2016-03-28,8.13,8.25,7.42,7.42,1400
2016-03-29,6.25,7.92,6.25,7.92,507
2016-03-30,7.92,7.92,7.92,7.92,0
2016-03-31,6.9,7.75,6.45,7.6,1534
2016-04-01,9.34,9.34,8.4,8.4,502
2016-04-04,8.4,8.4,8.4,8.4,0
2016-04-05,8.4,8.4,8.4,8.4,0
2016-04-06,8.4,8.4,8.4,8.4,0
2016-04-07,8.4,8.4,8.4,8.4,0
2016-04-08,8.4,8.4,8.4,8.4,0
2016-04-11,8.4,8.4,8.4,8.4,0
2016-04-12,8.4,8.4,8.4,8.4,0
2016-04-13,8.4,8.4,8.4,8.4,0
2016-04-14,8.4,8.4,8.4,8.4,0
2016-04-15,9.15,9.15,9.15,9.15,617
2016-04-18,9.15,9.15,9.15,9.15,0
2016-04-19,9.15,9.15,9.15,9.15,0
2016-04-20,9.15,9.15,9.15,9.15,0
2016-04-21,9.15,9.15,9.15,9.15,0
2016-04-22,9.15,9.15,9.15,9.15,0
2016-04-25,9.15,9.15,9.15,9.15,0
2016-04-26,9.15,9.15,9.15,9.15,0
2016-04-27,9.15,9.15,9.15,9.15,0
2016-04-28,9.15,9.15,9.15,9.15,0
2016-04-29,9.15,9.15,9.15,9.15,0
2016-05-02,9.15,9.15,9.15,9.15,0
2016-05-03,9.15,9.15,9.15,9.15,0
2016-05-04,9.15,9.15,9.15,9.15,0
2016-05-05,9.15,9.15,9.15,9.15,0
2016-05-06,9.15,9.15,9.15,9.15,0
2016-05-09,9.15,9.15,9.15,9.15,0
2016-05-10,9.15,9.15,9.15,9.15,0
2016-05-11,9.15,9.15,9.15,9.15,0
2016-05-12,9.15,9.15,9.15,9.15,0
2016-05-13,9.15,9.15,9.15,9.15,0
2016-05-16,9.15,9.15,9.15,9.15,0
2016-05-17,9.15,9.15,9.15,9.15,0
2016-05-18,9.15,9.15,9.15,9.15,0
2016-05-19,9.15,9.15,9.15,9.15,0
2016-05-20,9.15,9.15,9.15,9.15,0
2016-05-23,9.15,9.15,9.15,9.15,0
2016-05-24,9.15,9.15,9.15,9.15,0
2016-05-25,9.15,9.15,9.15,9.15,0
2016-05-26,9.15,9.15,9.15,9.15,0
2016-05-27,9.15,9.15,9.15,9.15,0
2016-05-31,9.15,9.15,9.15,9.15,0
2016-06-01,9.15,9.15,9.15,9.15,0
2016-06-02,9.15,9.15,9.15,9.15,0
2016-06-03,9.15,9.15,9.15,9.15,0
2016-06-06,9.15,9.15,9.15,9.15,0
2016-06-07,9.15,9.15,9.15,9.15,0
2016-06-08,9.15,9.15,9.15,9.15,0
2016-06-09,9.15,9.15,9.15,9.15,0
2016-06-10,9.15,9.15,9.15,9.15,0
2016-06-13,9.15,9.15,9.15,9.15,0
2016-06-14,9.15,9.15,9.15,9.15,0
2016-06-15,9.15,9.15,9.15,9.15,0
2016-06-16,9.15,9.15,9.15,9.15,0
2016-06-17,9.15,9.15,9.15,9.15,0
2016-06-20,9.15,9.15,9.15,9.15,0
2016-06-21,9.15,9.15,9.15,9.15,0
2016-06-22,9.15,9.15,9.15,9.15,0
2016-06-23,9.15,9.15,9.15,9.15,0
2016-06-24,9.15,9.15,9.15,9.15,0
2016-06-27,9.15,9.15,9.15,9.15,0
2016-06-28,9.15,9.15,9.15,9.15,0
2016-06-29,9.15,9.15,9.15,9.15,0
2016-06-30,9.15,9.15,9.15,9.15,0
2016-07-01,9.15,9.15,9.15,9.15,0
2016-07-05,9.15,9.15,9.15,9.15,0
2016-07-06,9.15,9.15,9.15,9.15,0
2016-07-07,9.15,9.15,9.15,9.15,0
2016-07-08,9.15,9.15,9.15,9.15,0
2016-07-11,9.15,9.15,9.15,9.15,0
2016-07-12,9.15,9.15,9.15,9.15,0
2016-07-13,9.15,9.15,9.15,9.15,0
2016-07-14,9.15,9.15,9.15,9.15,0
2016-07-15,9.15,9.15,9.15,9.15,0
2016-07-18,9.15,9.15,9.15,9.15,0
2016-07-19,9.15,9.15,9.15,9.15,0
2016-07-20,9.15,9.15,9.15,9.15,0
2016-07-21,9.15,9.15,9.15,9.15,0
2016-07-22,9.15,9.15,9.15,9.15,0
2016-07-25,9.15,9.15,9.15,9.15,0
2016-07-26,9.15,9.15,9.15,9.15,0
2016-07-27,9.15,9.15,9.15,9.15,0
2016-07-28,9.15,9.15,9.15,9.15,0
2016-07-29,9.15,9.15,9.15,9.15,0
2016-08-01,9.15,9.15,9.15,9.15,0
2016-08-02,9.15,9.15,9.15,9.15,0
2016-08-03,9.15,9.15,9.15,9.15,0
2016-08-04,9.15,9.15,9.15,9.15,0
2016-08-05,9.15,9.15,9.15,9.15,0
2016-08-08,9.15,9.15,9.15,9.15,0
2016-08-09,9.15,9.15,9.15,9.15,0
2016-08-10,9.15,9.15,9.15,9.15,0
2016-08-11,9.15,9.15,9.15,9.15,0
2016-08-12,9.15,9.15,9.15,9.15,0
2016-08-15,9.15,9.15,9.15,9.15,0
2016-08-16,9.15,9.15,9.15,9.15,0
2016-08-17,9.15,9.15,9.15,9.15,0
2016-08-18,9.15,9.15,9.15,9.15,0
2016-08-19,9.15,9.15,9.15,9.15,0
2016-08-22,9.15,9.15,9.15,9.15,0
2016-08-23,9.15,9.15,9.15,9.15,0
2016-08-24,9.15,9.15,9.15,9.15,0
2016-08-25,9.15,9.15,9.15,9.15,0
2016-08-26,9.15,9.15,9.15,9.15,0
2016-08-29,9.15,9.15,9.15,9.15,0
2016-08-30,9.15,9.15,9.15,9.15,0
2016-08-31,9.15,9.15,9.15,9.15,0
2016-09-01,9.15,9.15,9.15,9.15,0
2016-09-02,9.15,9.15,9.15,9.15,0
2016-09-06,9.15,9.15,9.15,9.15,0
2016-09-07,9.15,9.15,9.15,9.15,0
2016-09-08,9.15,9.15,9.15,9.15,0
2016-09-09,9.15,9.15,9.15,9.15,0
2016-09-12,9.15,9.15,9.15,9.15,0
2016-09-13,9.15,9.15,9.15,9.15,0
2016-09-14,9.15,9.15,9.15,9.15,0
2016-09-15,9.15,9.15,9.15,9.15,0
2016-09-16,9.15,9.15,9.15,9.15,0
2016-09-19,9.15,9.15,9.15,9.15,0
2016-09-20,9.15,9.15,9.15,9.15,0
2016-09-21,9.15,9.15,9.15,9.15,0
2016-09-22,9.15,9.15,9.15,9.15,0
2016-09-23,9.15,9.15,9.15,9.15,0
2016-09-26,9.15,9.15,9.15,9.15,0
2016-09-27,9.15,9.15,9.15,9.15,0
2016-09-28,9.15,9.15,9.15,9.15,0
2016-09-29,9.15,9.15,9.15,9.15,0
2016-09-30,9.15,9.15,9.15,9.15,0
2016-10-03,9.15,9.15,9.15,9.15,0
2016-10-04,9.15,9.15,9.15,9.15,0
2016-10-05,9.15,9.15,9.15,9.15,0
2016-10-06,9.15,9.15,9.15,9.15,0
2016-10-07,9.15,9.15,9.15,9.15,0
2016-10-10,9.15,9.15,9.15,9.15,0
2016-10-11,9.15,9.15,9.15,9.15,0
2016-10-12,9.15,9.15,9.15,9.15,0
2016-10-13,9.15,9.15,9.15,9.15,0
2016-10-14,9.15,9.15,9.15,9.15,0
2016-10-17,9.15,9.15,9.15,9.15,0
2016-10-18,9.15,9.15,9.15,9.15,0
2016-10-19,9.15,9.15,9.15,9.15,0
2016-10-20,9.15,9.15,9.15,9.15,0
2016-10-21,9.15,9.15,9.15,9.15,0
2016-10-24,9.15,9.15,9.15,9.15,0
2016-10-25,9.15,9.15,9.15,9.15,0
2016-10-26,9.15,9.15,9.15,9.15,0
2016-10-27,9.15,9.15,9.15,9.15,0
2016-10-28,9.15,9.15,9.15,9.15,0
2016-10-31,9.15,9.15,9.15,9.15,0
2016-11-01,9.15,9.15,9.15,9.15,0
2016-11-02,9.15,9.15,9.15,9.15,0
2016-11-03,9.15,9.15,9.15,9.15,0
2016-11-04,9.15,9.15,9.15,9.15,0
2016-11-07,9.15,9.15,9.15,9.15,0
2016-11-08,9.15,9.15,9.15,9.15,0
2016-11-09,9.15,9.15,9.15,9.15,0
2016-11-10,9.15,9.15,9.15,9.15,0
2016-11-11,9.15,9.15,9.15,9.15,0
2016-11-14,9.15,9.15,9.15,9.15,0
2016-11-15,9.15,9.15,9.15,9.15,0
2016-11-16,9.15,9.15,9.15,9.15,0
2016-11-17,9.15,9.15,9.15,9.15,0
2016-11-18,9.15,9.15,9.15,9.15,0
2016-11-21,9.15,9.15,9.15,9.15,0
2016-11-22,9.15,9.15,9.15,9.15,0
2016-11-23,9.15,9.15,9.15,9.15,0
2016-11-28,9.15,9.15,9.15,9.15,0
2016-11-29,9.15,9.15,9.15,9.15,0
2016-11-30,9.15,9.15,9.15,9.15,0
2016-12-01,9.15,9.15,9.15,9.15,0
2016-12-02,9.15,9.15,9.15,9.15,0
2016-12-05,9.15,9.15,9.15,9.15,0
2016-12-06,9.15,9.15,9.15,9.15,0
2016-12-07,9.15,9.15,9.15,9.15,0
2016-12-08,9.15,9.15,9.15,9.15,0
2016-12-09,9.15,9.15,9.15,9.15,0
2016-12-12,9.15,9.15,9.15,9.15,0
2016-12-13,9.15,9.15,9.15,9.15,0
2016-12-14,9.15,9.15,9.15,9.15,0
2016-12-15,9.15,9.15,9.15,9.15,0
2016-12-16,9.15,9.15,9.15,9.15,0
2016-12-19,9.15,9.15,9.15,9.15,0
2016-12-20,9.15,9.15,9.15,9.15,0
2016-12-21,9.15,9.15,9.15,9.15,0
2016-12-22,9.15,9.15,9.15,9.15,0
2016-12-23,9.15,9.15,9.15,9.15,0
2016-12-27,9.15,9.15,9.15,9.15,0
2016-12-28,9.15,9.15,9.15,9.15,0
2016-12-29,9.15,9.15,9.15,9.15,0
2016-12-30,9.15,9.15,9.15,9.15,0
2017-01-03,9.15,9.15,9.15,9.15,0
2017-01-04,9.15,9.15,9.15,9.15,0
2017-01-05,9.15,9.15,9.15,9.15,0
2017-01-06,9.15,9.15,9.15,9.15,0
2017-01-09,9.15,9.15,9.15,9.15,0
2017-01-10,9.15,9.15,9.15,9.15,0
2017-01-11,9.15,9.15,9.15,9.15,0
2017-01-12,9.15,9.15,9.15,9.15,0
2017-01-13,9.15,9.15,9.15,9.15,0
2017-01-17,9.15,9.15,9.15,9.15,0
2017-01-18,9.15,9.15,9.15,9.15,0
2017-01-19,9.15,9.15,9.15,9.15,0
2017-01-20,9.15,9.15,9.15,9.15,0
2017-01-23,9.15,9.15,9.15,9.15,0
2017-01-24,9.15,9.15,9.15,9.15,0
2017-01-25,9.15,9.15,9.15,9.15,0
2017-01-26,9.15,9.15,9.15,9.15,0
2017-01-27,9.15,9.15,9.15,9.15,0
2017-01-30,9.15,9.15,9.15,9.15,0
2017-01-31,9.15,9.15,9.15,9.15,0
2017-02-01,9.15,9.15,9.15,9.15,0
2017-02-02,9.15,9.15,9.15,9.15,0
2017-02-03,9.15,9.15,9.15,9.15,0
2017-02-06,9.15,9.15,9.15,9.15,0
2017-02-07,9.15,9.15,9.15,9.15,0
2017-02-08,9.15,9.15,9.15,9.15,0
2017-02-09,9.15,9.15,9.15,9.15,0
2017-02-10,9.15,9.15,9.15,9.15,0
2017-02-13,9.15,9.15,9.15,9.15,0
2017-02-14,9.15,9.15,9.15,9.15,0
2017-02-15,9.15,9.15,9.15,9.15,0
2017-02-16,9.15,9.15,9.15,9.15,0
2017-02-17,9.15,9.15,9.15,9.15,0
2017-02-21,9.15,9.15,9.15,9.15,0
2017-02-22,9.15,9.15,9.15,9.15,0
2017-02-23,9.15,9.15,9.15,9.15,0
2017-02-24,9.15,9.15,9.15,9.15,0
2017-02-27,9.15,9.15,9.15,9.15,0
2017-02-28,9.15,9.15,9.15,9.15,0
2017-03-01,9.15,9.15,9.15,9.15,0
2017-03-02,9.15,9.15,9.15,9.15,0
2017-03-03,9.15,9.15,9.15,9.15,0
2017-03-06,9.15,9.15,9.15,9.15,0
2017-03-07,9.15,9.15,9.15,9.15,0
2017-03-08,9.15,9.15,9.15,9.15,0
2017-03-09,9.15,9.15,9.15,9.15,0
2017-03-10,9.15,9.15,9.15,9.15,0
2017-03-13,9.15,9.15,9.15,9.15,0
2017-03-14,9.15,9.15,9.15,9.15,0
2017-03-15,9.15,9.15,9.15,9.15,0
2017-03-16,9.15,9.15,9.15,9.15,0
2017-03-17,9.15,9.15,9.15,9.15,0
2017-03-20,9.15,9.15,9.15,9.15,0
2017-03-21,9.15,9.15,9.15,9.15,0
2017-03-22,9.15,9.15,9.15,9.15,0
2017-03-23,9.15,9.15,9.15,9.15,0
2017-03-24,9.15,9.15,9.15,9.15,0
2017-03-27,9.15,9.15,9.15,9.15,0
2017-03-28,9.15,9.15,9.15,9.15,0
2017-03-29,9.15,9.15,9.15,9.15,0
2017-03-30,9.15,9.15,9.15,9.15,0
2017-03-31,9.15,9.15,9.15,9.15,0
2017-04-03,9.15,9.15,9.15,9.15,0
2017-04-04,9.15,9.15,9.15,9.15,0
2017-04-05,9.15,9.15,9.15,9.15,0
2017-04-06,9.15,9.15,9.15,9.15,0
2017-04-07,9.15,9.15,9.15,9.15,0
2017-04-10,9.15,9.15,9.15,9.15,0
2017-04-11,9.15,9.15,9.15,9.15,0
2017-04-12,9.15,9.15,9.15,9.15,0
2017-04-13,9.15,9.15,9.15,9.15,0
2017-04-17,9.15,9.15,9.15,9.15,0
2017-04-18,9.15,9.15,9.15,9.15,0
2017-04-19,9.15,9.15,9.15,9.15,0
2017-04-20,9.15,9.15,9.15,9.15,0
2017-04-21,9.15,9.15,9.15,9.15,0
2017-04-24,9.15,9.15,9.15,9.15,0
2017-04-25,9.15,9.15,9.15,9.15,0
2017-04-26,9.15,9.15,9.15,9.15,0
2017-04-27,9.15,9.15,9.15,9.15,0
2017-04-28,9.15,9.15,9.15,9.15,0
2017-05-01,9.15,9.15,9.15,9.15,0
2017-05-02,9.15,9.15,9.15,9.15,0
2017-05-03,9.15,9.15,9.15,9.15,0
2017-05-04,9.15,9.15,9.15,9.15,0
2017-05-05,9.15,9.15,9.15,9.15,0
2017-05-08,9.15,9.15,9.15,9.15,0
2017-05-09,9.15,9.15,9.15,9.15,0
2017-05-10,9.15,9.15,9.15,9.15,0
2017-05-11,9.15,9.15,9.15,9.15,0
2017-05-12,9.15,9.15,9.15,9.15,0
2017-05-15,9.15,9.15,9.15,9.15,0
2017-05-16,9.15,9.15,9.15,9.15,0
2017-05-17,9.15,9.15,9.15,9.15,0
2017-05-18,9.15,9.15,9.15,9.15,0
2017-05-19,9.15,9.15,9.15,9.15,0
2017-05-22,9.15,9.15,9.15,9.15,0
2017-05-23,9.15,9.15,9.15,9.15,0
2017-05-24,9.15,9.15,9.15,9.15,0
2017-05-25,9.15,9.15,9.15,9.15,0
2017-05-26,9.15,9.15,9.15,9.15,0
2017-05-30,9.15,9.15,9.15,9.15,0
2017-05-31,9.15,9.15,9.15,9.15,0
2017-06-01,9.15,9.15,9.15,9.15,0
2017-06-02,9.15,9.15,9.15,9.15,0
2017-06-05,9.15,9.15,9.15,9.15,0
2017-06-06,9.15,9.15,9.15,9.15,0
2017-06-07,9.15,9.15,9.15,9.15,0
2017-06-08,9.15,9.15,9.15,9.15,0
2017-06-09,9.15,9.15,9.15,9.15,0
2017-06-12,9.15,9.15,9.15,9.15,0
2017-06-13,9.15,9.15,9.15,9.15,0
2017-06-14,9.15,9.15,9.15,9.15,0
2017-06-15,9.15,9.15,9.15,9.15,0
2017-06-16,9.15,9.15,9.15,9.15,0
2017-06-19,9.15,9.15,9.15,9.15,0
2017-06-20,9.15,9.15,9.15,9.15,0
2017-06-21,9.15,9.15,9.15,9.15,0
2017-06-22,9.15,9.15,9.15,9.15,0
2017-06-23,9.15,9.15,9.15,9.15,0
2017-06-26,9.15,9.15,9.15,9.15,0
2017-06-27,9.15,9.15,9.15,9.15,0
2017-06-28,9.15,9.15,9.15,9.15,0
2017-06-29,9.15,9.15,9.15,9.15,0
2017-06-30,9.15,9.15,9.15,9.15,0
2017-07-03,9.15,9.15,9.15,9.15,0
2017-07-05,9.15,9.15,9.15,9.15,0
2017-07-06,9.15,9.15,9.15,9.15,0
2017-07-07,9.15,9.15,9.15,9.15,0
2017-07-10,9.15,9.15,9.15,9.15,0
2017-07-11,9.15,9.15,9.15,9.15,0
2017-07-12,9.15,9.15,9.15,9.15,0
2017-07-13,9.15,9.15,9.15,9.15,0
2017-07-14,9.15,9.15,9.15,9.15,0
2017-07-17,9.15,9.15,9.15,9.15,0
2017-07-18,9.15,9.15,9.15,9.15,0
2017-07-19,9.15,9.15,9.15,9.15,0
2017-07-20,9.15,9.15,9.15,9.15,0
2017-07-21,9.15,9.15,9.15,9.15,0
2017-07-24,9.15,9.15,9.15,9.15,0
2017-07-25,9.15,9.15,9.15,9.15,0
2017-07-26,9.15,9.15,9.15,9.15,0
2017-07-27,9.15,9.15,9.15,9.15,0
2017-07-28,9.15,9.15,9.15,9.15,0
2017-08-04,9.15,9.15,9.15,9.15,0
2017-08-07,9.15,9.15,9.15,9.15,0
2017-08-08,9.15,9.15,9.15,9.15,0
2017-08-09,9.15,9.15,9.15,9.15,0
2017-08-10,9.15,9.15,9.15,9.15,0
2017-08-11,9.15,9.15,9.15,9.15,0
2017-08-14,9.15,9.15,9.15,9.15,0
2017-08-15,9.15,9.15,9.15,9.15,0
2017-08-16,9.15,9.15,9.15,9.15,0
2017-08-17,9.15,9.15,9.15,9.15,0
2017-08-18,9.15,9.15,9.15,9.15,0
2017-08-21,9.15,9.15,9.15,9.15,0
2017-08-22,9.15,9.15,9.15,9.15,0
2017-08-23,9.15,9.15,9.15,9.15,0
2017-08-24,9.15,9.15,9.15,9.15,0
2017-08-25,9.15,9.15,9.15,9.15,0
2017-08-28,9.15,9.15,9.15,9.15,0
2017-08-29,9.15,9.15,9.15,9.15,0
2017-08-30,9.15,9.15,9.15,9.15,0
2017-08-31,9.15,9.15,9.15,9.15,0
2017-09-05,9.15,9.15,9.15,9.15,0
2017-09-06,9.15,9.15,9.15,9.15,0
2017-09-07,9.15,9.15,9.15,9.15,0
2017-09-12,9.15,9.15,9.15,9.15,0
2017-09-13,9.15,9.15,9.15,9.15,0
2017-09-14,9.15,9.15,9.15,9.15,0
2017-09-18,9.15,9.15,9.15,9.15,0
