2008-11-19,29.22,29.36,20.0,20.97,1660839
2008-11-20,20.03,20.97,13.81,14.65,6042815
2008-11-21,17.65,18.9,11.72,16.0,8173866
2008-11-24,18.63,23.95,17.32,20.99,5989362
2008-11-25,24.5,26.62,21.68,24.8,6343411
2008-11-26,23.04,29.0,22.5,28.742,3623581
2008-11-28,29.02,31.64,28.25,30.72,1382108
2008-12-01,27.53,27.71,17.08,17.5,5057457
2008-12-02,18.31,20.1529,16.23,19.8,8519284
2008-12-03,18.06,23.13,17.81,22.75,8916302
2008-12-04,21.83,25.89,20.86,21.87,8309818
2008-12-05,20.99,27.2499,20.9,26.77,10170065
2008-12-08,30.35,32.68,29.3,31.513,9754258
2008-12-09,30.16,32.5,27.26,27.53,9441848
2008-12-10,28.98,29.14,25.4,27.7,8799980
2008-12-11,26.16,26.85,21.0,21.76,9044880
2008-12-12,18.7,23.02,18.31,22.662,11875194
2008-12-15,22.87,22.87,19.28,20.28,7432511
2008-12-16,21.42,26.28,21.32,26.09,11101184
2008-12-17,24.91,27.95,24.35,25.7,11716894
2008-12-18,26.49,27.11,22.83,23.77,8112993
2008-12-19,25.15,25.46,22.67,23.6,7925163
2008-12-22,24.08,24.1699,20.61,21.77,6535705
2008-12-23,22.22,22.47,20.5,20.502,6528404
2008-12-24,20.68,21.4,20.22,21.15,2296604
2008-12-26,22.0,22.5,20.88,21.4,2317484
2008-12-29,21.75,21.81,19.88,20.76,3821394
2008-12-30,20.91,23.1301,20.91,23.0,4394479
2008-12-31,23.18,25.65,22.91,25.47,6489861
2009-01-02,25.39,26.66,23.59,25.888,7077852
2009-01-05,25.43,26.44,24.36,24.94,6551500
2009-01-06,25.72,27.0,25.25,26.14,8079665
2009-01-07,24.83,25.0,22.5,22.55,7098809
2009-01-08,22.11,23.2,21.68,22.86,6910904
2009-01-09,23.13,23.2,20.32,20.466,8058707
2009-01-12,20.35,20.45,16.75,17.37,10891793
2009-01-13,16.53,18.63,16.32,17.96,14886032
2009-01-14,16.45,16.8,15.02,15.18,18464468
2009-01-15,15.28,15.39,12.05,13.57,39736474
2009-01-16,15.15,15.38,11.29,12.81,40426591
2009-01-20,11.29,11.35,7.5,7.63,72323276
2009-01-21,8.37,10.03,7.6,9.9,74231751
2009-01-22,8.49,9.72,7.74,8.38,82811998
2009-01-23,7.4,9.32,7.21,9.01,79475187
2009-01-26,9.47,10.17,8.31,8.65,73384433
2009-01-27,9.22,9.55,8.73,9.3,57078911
2009-01-28,11.12,12.53,11.03,12.336,86863328
2009-01-29,11.14,11.49,9.74,9.88,59641636
2009-01-30,10.24,10.47,8.75,9.17,81692842
2009-02-02,8.38,9.35,8.26,9.166,65881671
2009-02-03,9.58,9.6,8.35,8.72,69395552
2009-02-04,8.95,9.45,8.34,8.43,68740839
2009-02-05,8.24,9.5,7.64,8.96,111324498
2009-02-06,9.68,10.93,9.48,10.71,79014556
2009-02-09,11.0,11.53,10.51,11.13,65490453
2009-02-10,10.76,10.98,7.92,8.136,160914844
2009-02-11,8.44,9.05,8.28,8.992,89199060
2009-02-12,8.2999,8.84,7.4,8.7,137881919
2009-02-13,8.3,8.65,7.86,7.928,97332431
2009-02-17,7.02,7.06,5.99,6.0,133493140
2009-02-18,6.36,6.38,5.45,5.84,149648815
2009-02-19,6.14,6.27,4.96,5.038,124104580
2009-02-20,4.26,5.4,3.92,4.9,204968463
2009-02-23,5.35,5.43,4.41,4.41,154774387
2009-02-24,4.53,5.7,4.38,5.62,173610267
2009-02-25,5.5,6.3,4.8,5.6,224796047
2009-02-26,6.16,6.58,5.63,5.8100000000000005,173176815
2009-02-27,4.85,5.57,4.79,4.9,157383415
2009-03-02,4.49,4.6,3.9,3.9699999999999998,160371710
2009-03-03,4.28,4.33,3.61,3.8200000000000003,183307025
2009-03-04,4.1601,4.18,3.43,3.7199999999999998,238148163
2009-03-05,3.48,3.51,2.56,2.75,292278206
2009-03-06,2.84,3.0,2.32,2.64,233591030
2009-03-09,2.5300000000000002,2.96,2.45,2.7,296183031
2009-03-10,3.16,3.7800000000000002,3.09,3.73,292884433
2009-03-11,4.13,4.37,3.76,4.016,351200067
2009-03-12,3.94,5.18,3.8,5.05,305947683
2009-03-13,5.33,5.51,4.59,5.15,347379995
2009-03-16,5.5,5.9,4.8100000000000005,4.87,272523455
2009-03-17,4.83,5.7,4.61,5.614,238093176
2009-03-18,5.44,7.2,5.37,7.16,378126652
2009-03-19,7.77,7.8,5.7,5.73,357976569
2009-03-20,5.76,5.8,4.9,5.008,279775686
2009-03-23,6.19,7.16,5.78,7.076,293586071
2009-03-24,6.5,7.41,6.05,6.14,316640019
2009-03-25,6.52,7.0,5.5,6.5809999999999995,411662887
2009-03-26,6.87,7.0,6.21,6.861,323067369
2009-03-27,6.38,6.91,6.27,6.34,253220429
2009-03-30,5.405,5.61,4.76,4.85,295292169
2009-03-31,5.2,5.78,5.0,5.5,302341110
2009-04-01,5.12,6.05,5.1,5.94,289602794
2009-04-02,6.79,6.84,6.22,6.42,335768039
2009-04-03,6.22,7.2,6.2,7.2,229169320
2009-04-06,6.63,6.95,6.42,6.71,251654476
2009-04-07,6.27,6.6,6.1,6.11,203706735
2009-04-08,6.34,6.47,5.86,6.19,201217173
2009-04-09,7.43,8.78,7.36,8.71,320905086
2009-04-13,8.3,10.05,8.11,9.75,329712237
2009-04-14,9.48,9.73,7.72,7.838,372126037
2009-04-15,7.4,8.96,7.21,8.8647,275880666
2009-04-16,9.21,9.49,8.24,9.04,308137459
2009-04-17,8.92,9.82,8.57,9.4,319670211
2009-04-20,8.37,8.41,6.53,6.559,342325275
2009-04-21,5.68,7.83,5.6,7.812,495776929
2009-04-22,7.07,8.35,7.0,7.108,422504834
2009-04-23,7.46,7.95,7.02,7.85,302877861
2009-04-24,7.97,8.81,7.63,8.41,403140123
2009-04-27,7.82,8.4,7.58,7.754,266829845
2009-04-28,7.28,7.88,7.17,7.438,223879227
2009-04-29,7.72,8.48,7.71,8.23,262267902
2009-04-30,8.69,8.91,8.09,8.13,238258283
2009-05-01,8.08,8.33,7.7,7.82,188177186
2009-05-04,8.09,9.93,7.8,9.92,271882320
2009-05-05,9.43,10.0,9.3,9.57,224099801
2009-05-06,10.19,11.6,10.09,11.428,360699087
2009-05-07,12.77,13.27,10.01,10.43,333606539
2009-05-08,11.12,12.6599,10.67,12.5471,274890209
2009-05-11,11.29,11.86,10.44,10.518,206939620
2009-05-12,10.89,10.94,9.08,9.93,328910228
2009-05-13,9.26,9.37,8.33,8.502,265680331
2009-05-14,8.32,9.45,8.28,9.23,278661367
2009-05-15,9.24,9.5,8.51,8.74,209846034
2009-05-18,9.3,10.45,9.21,10.31,214817265
2009-05-19,10.33,10.71,9.64,9.71,246857842
2009-05-20,10.32,10.46,8.88,9.06,301651249
2009-05-21,8.66,9.31,8.6,9.06,258402538
2009-05-22,9.23,9.29,8.77,8.78,147212666
2009-05-26,8.57,9.8,8.56,9.71,216983888
2009-05-27,9.9,9.99,8.8,8.84,226253698
2009-05-28,9.08,9.53,8.63,9.47,240930076
2009-05-29,9.57,10.09,9.25,10.0,170945968
2009-06-01,10.34,10.87,10.07,10.455,238667733
2009-06-02,10.21,10.31,9.84,10.07,174970929
2009-06-03,9.79,10.01,9.4,9.682,145108298
2009-06-04,9.9,10.57,9.82,10.52,182493946
2009-06-05,10.95,11.07,10.12,10.29,222123837
2009-06-08,10.09,10.75,10.0,10.43,158602274
2009-06-09,10.61,10.75,10.37,10.63,157087989
2009-06-10,10.82,10.84,9.93,10.24,186002110
2009-06-11,10.29,10.8,10.23,10.4,162082886
2009-06-12,10.45,10.56,10.28,10.55,87699620
2009-06-15,10.28,10.32,9.68,9.738,154475936
2009-06-16,9.85,9.9,9.2,9.26,162305608
2009-06-17,9.18,9.23,8.41,8.63,235482617
2009-06-18,8.7,9.2,8.65,9.13,152856896
2009-06-19,9.36,9.62,9.08,9.531,158389891
2009-06-22,9.17,9.33,8.02,8.03,228586834
2009-06-23,8.18,8.45,7.93,8.3,221104633
2009-06-24,8.57,8.86,8.34,8.53,171600548
2009-06-25,8.39,8.99,8.29,8.98,178011904
2009-06-26,8.92,9.29,8.82,9.152,134203907
2009-06-29,9.24,9.55,8.98,9.47,131772655
2009-06-30,9.509,9.57,9.06,9.242,153013775
2009-07-01,9.36,9.46,9.15,9.17,101202890
2009-07-02,8.89,8.89,8.32,8.34,144322800
2009-07-06,8.07,8.36,7.89,8.34,153460116
2009-07-07,8.32,8.37,7.85,7.89,148022838
2009-07-08,7.97,7.99,7.02,7.5116,248340451
2009-07-09,39.13,39.95,38.04,38.9,51185920
2009-07-10,37.94,38.39,37.0,37.46,40887787
2009-07-13,39.44,43.96,38.93,43.81,52505277
2009-07-14,44.23,44.25,42.04,43.57,35947635
2009-07-15,45.18,49.83,45.04,48.51,56606115
2009-07-16,47.3,49.71,46.22,48.64,44630928
2009-07-17,48.57,49.05,46.71,47.53,33929882
2009-07-20,48.43,49.42,48.04,49.0,31750857
2009-07-21,48.96,49.45,46.52,47.96,33637094
2009-07-22,45.68,49.07,45.42,48.05,38061263
2009-07-23,48.02,52.5,47.46,51.68,42321501
2009-07-24,50.48,51.98,49.55,51.49,26806062
2009-07-27,51.56,53.76,51.05,53.73,30646140
2009-07-28,52.36,53.73,51.98,53.12,28207060
2009-07-29,52.24,53.67,52.01,52.99,24336040
2009-07-30,54.56,58.25,54.56,56.564,38786249
2009-07-31,56.37,58.02,55.71,57.57,31301874
2009-08-03,60.92,62.17,59.93,62.12,29401605
2009-08-04,61.285,66.64,60.78,65.9,35079376
2009-08-05,66.84,72.78,65.86,71.89,42985792
2009-08-06,75.57,76.0,69.0,70.52,43779692
2009-08-07,73.59,79.36,72.43,76.089,44243440
2009-08-10,76.07,77.4,72.5301,74.63,29445079
2009-08-11,73.33,73.74,67.2,67.54,38002149
2009-08-12,66.64,72.65,66.59,71.152,43886442
2009-08-13,73.96,74.98,70.56,74.95,39189023
2009-08-14,74.61,74.81,70.39,73.612,34678757
2009-08-17,67.41,67.6995,64.6,64.97,38248976
2009-08-18,66.61,68.97,66.2,68.082,31052363
2009-08-19,65.18,69.1899,64.87,68.12,31824395
2009-08-20,68.7,73.0,68.5,72.91,34881464
2009-08-21,75.25,78.28,74.29,77.43,37589648
2009-08-24,80.27,81.5,74.95,75.52,43820655
2009-08-25,77.24,79.99,77.05,77.725,43911615
2009-08-26,77.1199,79.0,75.26,77.65,35847188
2009-08-27,77.53,80.26,75.08,79.71,32373779
2009-08-28,81.7,82.31,77.69,80.2,33132892
2009-08-31,76.14,79.49,76.0,79.15,26854165
2009-09-01,78.01,80.3,67.51,68.1,59733896
2009-09-02,66.11,68.89,65.39,65.82,35292745
2009-09-03,67.9592,70.25,66.54,70.04,26999077
2009-09-04,70.72,71.77,68.75,71.55,26241921
2009-09-08,74.41,74.73,71.65,73.2,26838731
2009-09-09,73.24,76.7,72.65,75.98,29731789
2009-09-10,75.49,78.23,72.85,77.94,32193224
2009-09-11,78.39,78.7,76.31,76.68,28059248
2009-09-14,74.25,79.99,73.9,79.57,28628486
2009-09-15,79.94,82.48,77.6,80.55,38443570
2009-09-16,81.58,88.32,81.12,88.04,40519004
2009-09-17,88.21,91.05,85.51,87.12,44725512
2009-09-18,88.28,88.8,85.52,86.99,27650317
2009-09-21,85.0,85.97,83.87,84.75,21050014
2009-09-22,87.72,90.0,86.5,89.65,25180964
2009-09-23,90.21,91.34,84.51,84.71,34038499
2009-09-24,86.24,86.7,78.45,80.08,32638317
2009-09-25,78.26,80.2,76.01,77.69,26255071
2009-09-28,78.93,85.23,78.5,85.04,25527658
2009-09-29,85.94,87.65,83.39,83.73,29627237
2009-09-30,85.2,85.8,79.88,82.13,38814152
2009-10-01,81.21,81.74,72.5,72.6001,39735574
2009-10-02,68.81,74.94,68.26,72.16,39262053
2009-10-05,74.79,78.81,74.14,78.43,30052254
2009-10-06,81.1,83.6,78.03,81.3,38071872
2009-10-07,80.03,83.49,79.6,83.42,29510001
2009-10-08,85.65,86.93,83.6,84.23,31862755
2009-10-09,83.69,86.57,83.16,86.42,20755828
2009-10-12,88.21,88.59,86.42,88.21,21561082
2009-10-13,86.62,87.49,83.75,85.91,26009007
2009-10-14,90.83,94.54,89.44,93.89,35204124
2009-10-15,91.63,92.21,89.59,91.96,29617843
2009-10-16,87.25,87.93,85.33,85.882,28348265
2009-10-19,87.03,88.39,84.8,87.12,24350825
2009-10-20,86.96,87.85,84.63,85.21,23457362
2009-10-21,84.24,88.41,80.6,80.84,32949548
2009-10-22,81.68,87.48,80.63,87.122,34512195
2009-10-23,87.82,88.24,82.11,83.52,29410568
2009-10-26,83.65,84.35,76.58,77.83,35442050
2009-10-27,77.9,78.85,74.88,76.3,33919807
2009-10-28,75.51,76.25,69.07,69.48,43246909
2009-10-29,73.0,77.48,71.59,77.35,41356668
2009-10-30,75.3,75.6,66.3,67.59,56108384
2009-11-02,69.19,72.03,63.8,68.85,60628038
2009-11-03,66.08,70.25,65.68,69.61,49303824
2009-11-04,72.39,73.18,66.9,67.18,46817073
2009-11-05,68.55,72.0,67.47,71.9509,37749166
2009-11-06,68.49,71.93,68.35,71.15,34026619
2009-11-09,73.74,78.56,72.91,78.56,34172569
2009-11-10,77.53,79.17,75.6503,77.81,34571010
2009-11-11,79.8,82.79,79.05,80.57,44644562
2009-11-12,79.88,81.49,75.86,76.53,39179236
2009-11-13,76.71,77.54,74.36,76.18,31648975
2009-11-16,78.75,81.11,77.44,78.78,41364877
2009-11-17,77.97,79.32,77.32,78.956,27277986
2009-11-18,79.1,80.84,78.5,80.54,28016086
2009-11-19,79.05,79.16,75.4,76.17,32687563
2009-11-20,74.31,76.0,74.14,75.026,23212319
2009-11-23,77.4,79.3,76.77,77.839,27350194
2009-11-24,77.25,77.4,75.0908,76.37,25815617
2009-11-25,77.74,77.77,75.68,76.15,10508150
2009-11-27,69.8,73.53,69.25,70.1,24754309
2009-11-30,71.205,75.75,70.88,75.43,32333129
2009-12-01,76.9,77.43,74.75,76.01,25071371
2009-12-02,75.4,76.95,74.81,75.78,24118330
2009-12-03,77.49,79.57,71.17,71.75,38479151
2009-12-04,75.6,76.33,71.95,75.16,42978578
2009-12-07,74.65,75.79,71.51,72.2,21519201
2009-12-08,71.24,71.91,70.02,70.5,25815111
2009-12-09,70.8,72.15,69.35,71.11,26379273
2009-12-10,71.75,72.58,70.15,70.96,20057761
2009-12-11,71.22,72.4,70.64,72.31,17940404
2009-12-14,73.1,73.99,71.24,73.99,16164478
2009-12-15,72.92,73.31,70.18,70.811,17795434
2009-12-16,72.0,73.2,71.3,72.04,18841316
2009-12-17,70.36,70.97,68.77,68.86,21279250
2009-12-18,69.9,71.53,68.79,71.53,20817665
2009-12-21,72.5,74.13,72.35,74.0,13876861
2009-12-22,74.03,74.99,73.76,74.856,11395264
2009-12-23,75.09,75.5,73.81,74.43,8782974
2009-12-24,75.0,76.15,74.85,76.04,4817220
2009-12-28,76.54,77.14,74.84,75.74,6468590
2009-12-29,76.24,76.37,74.97,74.97,6767889
2009-12-30,74.0,75.1,73.75,75.062,7000002
2009-12-31,75.37,75.95,74.02,74.13,6917429
2010-01-04,75.75,78.45,75.63,77.92,14642669
2010-01-05,77.55,81.18,77.4,80.91,19097276
2010-01-06,80.65,82.28,79.57,81.46,14097024
2010-01-07,81.64,87.14,81.23,86.06,24113884
2010-01-08,84.56,85.94,82.95,84.99,16733440
2010-01-11,86.87,87.02,83.62,84.968,20305278
2010-01-12,83.03,84.08,80.16,81.58,23405951
2010-01-13,81.81,85.13,80.12,84.266,22900763
2010-01-14,83.58,86.13,83.0,85.42,18070940
2010-01-15,83.92,84.37,80.61,81.13,23718009
2010-01-19,79.92,83.98,79.25,83.812,18937364
2010-01-20,82.39,84.4,80.77,83.47,24211790
2010-01-21,83.3,84.73,76.2,77.34,46652557
2010-01-22,76.33,77.42,69.13,70.29,43784459
2010-01-25,72.87,73.48,69.06,71.15,31704624
2010-01-26,71.15,73.05,67.65,67.91,31988569
2010-01-27,68.83,72.69,67.47,72.162,38354700
2010-01-28,73.99,74.16,68.59,71.001,40985376
2010-01-29,72.06,73.83,68.88,69.4,37595037
2010-02-01,70.75,73.0,70.54,72.415,25431704
2010-02-02,72.81,74.99,72.0,74.46,25619810
2010-02-03,73.74,74.7,71.61,72.12,26426617
2010-02-04,70.45,70.62,63.5,63.6,48974829
2010-02-05,64.78,65.75,59.82,65.51,59271388
2010-02-08,65.56,65.97,61.7,61.824,36771360
2010-02-09,64.0,64.75,61.1,63.33,48914534
2010-02-10,63.48,66.56,62.52,64.772,39969541
2010-02-11,64.9,66.13,63.2,65.31,30961490
2010-02-12,63.42,65.51,62.27,65.42,32738096
2010-02-16,67.15,70.07,66.1399,70.0,27264919
2010-02-17,71.28,71.58,69.65,70.67,25929099
2010-02-18,69.75,72.42,69.6,71.79,24747967
2010-02-19,70.57,73.45,70.49,72.63,26159961
2010-02-22,73.5,76.19,73.1,74.84,27883344
2010-02-23,74.16,75.67,70.64,71.37,38059163
2010-02-24,71.53,74.86,71.52,74.56,29999476
2010-02-25,71.97,74.12,70.6,74.03,37353153
2010-02-26,74.04,75.95,72.96,74.96,25697266
2010-03-01,75.89,76.5,75.0,75.81,20604709
2010-03-02,76.39,78.44,76.24,76.81,29661303
2010-03-03,77.03,78.52,74.0,76.65,26185821
2010-03-04,77.16,78.78,76.83,78.46,23921842
2010-03-05,80.01,83.59,79.51,83.29,30573640
2010-03-08,83.63,84.8297,83.38,84.2,19082772
2010-03-09,83.01,86.6,82.33,84.84,29210865
2010-03-10,86.51,89.0,86.03,87.67,36305492
2010-03-11,87.08,89.97,86.9319,89.75,24769233
2010-03-12,91.9,92.25,88.1,89.2,25782466
2010-03-15,87.71,89.69,86.31,89.143,29318765
2010-03-16,90.24,92.65,89.45,92.54,25470676
2010-03-17,93.77,96.84,93.66,95.61,27087791
2010-03-18,95.35,95.73,92.951,94.47,20995500
2010-03-19,95.0,95.49,91.5,92.34,25127624
2010-03-22,92.34,92.34,92.34,92.34,25882000
2010-03-23,94.23,95.81,92.82,95.58,22917070
2010-03-24,94.16,97.21,94.07,96.18,28626558
2010-03-25,98.0,103.0,96.9,97.21,37925232
2010-03-26,98.57,100.9,95.94,97.43,35640504
2010-03-29,99.18,99.69,96.04,97.98,22511965
2010-03-30,97.86,98.96,95.48,96.19,25615335
2010-03-31,94.54,97.84,94.36,96.47,26791279
2010-04-01,98.71,99.55,97.12,98.83,20916049
2010-04-05,100.35,102.21,99.69,102.21,17859035
2010-04-06,101.76,106.228,101.41,105.67,21991629
2010-04-07,105.92,107.4399,102.55,103.97,26508827
2010-04-08,103.0,107.31,102.05,106.4,22704367
2010-04-09,107.73,108.43,106.03,107.88,20752915
2010-04-12,108.65,110.27,108.37,109.22,17878020
2010-04-13,108.72,110.27,107.68,109.58,18630137
2010-04-14,113.61,118.02,113.094,117.88,24116098
2010-04-15,118.49,119.22,115.6,116.6,23608197
2010-04-16,115.04,115.44,100.04,104.39,53927332
2010-04-19,101.11,107.94,101.01,107.1,50036291
2010-04-20,109.71,111.5,107.6,111.49,28059902
2010-04-21,111.69,114.5,106.81,110.07,38122320
2010-04-22,107.3,113.3,105.8,112.649,34641541
2010-04-23,113.2,114.88,111.36,113.93,23641603
2010-04-26,113.79,113.93,108.08,108.49,20273235
2010-04-27,105.34,108.75,97.53,98.15,36445982
2010-04-28,101.92,103.95,99.42,101.92,30277557
2010-04-29,104.79,110.14,104.1701,108.51,19781898
2010-04-30,106.98,107.99,100.32,100.94,26088082
2010-05-03,103.35,106.6,102.131,105.84,17343128
2010-05-04,101.91,102.44,96.0,97.824,28630972
2010-05-05,30.98,33.54,30.72,32.05,45317274
2010-05-06,31.68,32.46,23.48,28.174,82616209
2010-05-07,28.2,29.58,25.88,27.055,95663102
2010-05-10,31.05,31.63,30.0,31.28,58447760
2010-05-11,29.92,32.34,29.88,30.95,48903837
2010-05-12,31.6,32.15,30.95,32.06,34868622
2010-05-13,31.88,32.17,30.59,30.68,34974557
2010-05-14,29.44,29.44,27.13,28.0,60659806
2010-05-17,28.0,28.75,26.08,28.0,54345708
2010-05-18,28.87,28.894,25.0,25.536,71659970
2010-05-19,24.86,26.46,24.18,25.59,88603082
2010-05-20,24.21,24.49,22.14,22.19,97281182
2010-05-21,20.92,24.59,20.88,24.45,109356351
2010-05-24,24.8,24.8,22.43,22.6,67470879
2010-05-25,20.75,23.07,20.31,22.99,92568886
2010-05-26,24.21,24.35,22.29,22.65,62424547
2010-05-27,24.13,25.59,23.71,25.55,57147539
2010-05-28,25.37,25.42,23.82,24.14,52248912
2010-06-01,23.35,24.28,22.49,22.6,50633273
2010-06-02,23.15,24.44,22.6,24.422,51410182
2010-06-03,24.79,24.89,23.48,24.17,53557025
2010-06-04,22.8,23.16,21.03,21.26,83991770
2010-06-07,21.62,21.95,20.03,20.15,66245379
2010-06-08,20.45,21.22,19.32,21.07,95637834
2010-06-09,21.62,22.13,20.36,20.64,59182321
2010-06-10,21.49,22.71,21.27,22.6,58811608
2010-06-11,21.94,23.02,21.82,22.82,47469399
2010-06-14,23.42,23.66,22.4,22.493,54760058
2010-06-15,22.96,24.16,22.61,24.04,50733885
2010-06-16,23.55,24.44,23.45,24.03,46338992
2010-06-17,24.25,24.35,23.2,23.92,42212963
2010-06-18,24.11,24.32,23.72,24.19,31636716
2010-06-21,25.0,25.15,23.73,24.09,42665543
2010-06-22,24.06,24.46,22.85,22.9,45743182
2010-06-23,22.9,23.24,22.15,22.63,46801486
2010-06-24,22.23,22.28,21.1,21.275,62955943
2010-06-25,22.06,23.04,21.41,22.8,65069794
2010-06-28,22.85,22.98,22.06,22.2,32718295
2010-06-29,21.22,21.32,19.39,19.83,88584527
2010-06-30,19.75,20.38,18.96,19.09,54026791
2010-07-01,19.12,19.46,17.4,18.73,85690668
2010-07-02,19.12,19.18,17.71,18.18,59659324
2010-07-06,19.15,19.48,17.73,18.308,63195314
2010-07-07,18.58,20.7,18.55,20.58,68399592
2010-07-08,21.3,21.4117,20.17,21.04,52038809
2010-07-09,20.93,22.09,20.86,22.049,45195234
2010-07-12,21.92,22.22,21.32,22.01,37859922
2010-07-13,22.82,23.85,22.81,23.57,53640846
2010-07-14,23.26,23.32,22.42,23.06,41513281
2010-07-15,23.15,23.23,21.56,22.941,59019510
2010-07-16,22.01,22.2,20.0,20.14,68971986
2010-07-19,20.23,20.48,19.24,20.11,43789713
2010-07-20,18.99,20.9,18.98,20.821,51537790
2010-07-21,21.8,21.8,19.65,19.798000000000002,62165796
2010-07-22,20.54,21.71,20.5,21.489,62627472
2010-07-23,21.32,22.14,20.85,21.98,49111333
2010-07-26,22.04,23.05,21.82,22.94,42027762
2010-07-27,23.67,24.04,22.95,23.121,41932507
2010-07-28,22.82,23.24,22.27,22.502,33424107
2010-07-29,23.11,23.27,21.85,22.6,45624449
2010-07-30,21.78,22.98,21.77,22.61,44022685
2010-08-02,23.48,24.19,23.22,24.121,46569943
2010-08-03,23.84,24.2545,23.31,23.48,33971974
2010-08-04,23.7,23.87,23.27,23.7,35013310
2010-08-05,23.24,23.5,23.04,23.34,26916588
2010-08-06,22.73,23.08,22.03,22.96,50893948
2010-08-09,23.24,23.5,22.69,23.34,21305127
2010-08-10,22.77,23.3,22.27,22.73,38269846
2010-08-11,21.79,21.8,20.39,20.45,56181852
2010-08-12,19.84,20.35,19.6799,20.02,36348079
2010-08-13,20.04,20.48,19.85,19.89,29875014
2010-08-16,19.7,19.98,19.47,19.77,27354270
2010-08-17,20.34,20.78,19.93,20.24,32135989
2010-08-18,20.3,20.9,20.03,20.47,28689316
2010-08-19,20.17,20.38,19.05,19.18,51336379
2010-08-20,19.0,19.11,18.5,18.99,41993245
2010-08-23,19.31,19.35,18.62,18.66,28510147
2010-08-24,18.02,18.28,17.57,17.78,53067858
2010-08-25,17.5,18.17,17.05,17.98,44392079
2010-08-26,18.3,18.56,17.42,17.57,40420169
2010-08-27,17.8,18.66,17.23,18.64,45009264
2010-08-30,18.38,18.5,17.52,17.6,31529889
2010-08-31,17.48,18.11,17.13,17.9,42382747
2010-09-01,18.54,19.9,18.52,19.86,50376472
2010-09-02,19.82,20.45,19.77,20.39,30117135
2010-09-03,21.17,21.65,20.93,21.62,46013421
2010-09-07,21.04,21.07,20.22,20.25,35957750
2010-09-08,20.5,21.13,20.44,20.73,33745256
2010-09-09,21.6,21.84,20.98,21.31,35756314
2010-09-10,21.4,21.67,21.21,21.44,20618722
2010-09-13,22.36,22.8,22.31,22.71,35446218
2010-09-14,22.45,22.71,21.9,22.27,34558733
2010-09-15,21.75,22.65,21.7,22.53,27977724
2010-09-16,22.36,22.4,22.01,22.33,22891190
2010-09-17,22.64,22.73,22.03,22.14,24040906
2010-09-20,22.3,23.53,22.16,23.375,38680786
2010-09-21,23.55,23.65,22.54,22.81,39779859
2010-09-22,22.29,22.89,21.65,21.79,33143058
2010-09-23,21.16,21.7,20.51,20.67,38663162
2010-09-24,21.37,22.2,21.33,22.17,36277642
2010-09-27,22.21,22.24,21.47,21.59,25499911
2010-09-28,21.8,21.89,21.01,21.74,34538053
2010-09-29,21.55,21.85,21.07,21.37,30333779
2010-09-30,21.72,22.39,21.27,21.34,45308813
2010-10-01,21.9,22.0,21.21,21.82,38984646
2010-10-04,21.67,22.14,21.1,21.44,33593277
2010-10-05,21.93,22.95,21.45,22.75,54713659
2010-10-06,22.76,22.98,22.51,22.69,29637105
2010-10-07,22.97,23.17,22.11,22.45,29863752
2010-10-08,22.46,22.69,22.21,22.58,22726608
2010-10-11,22.72,22.75,22.3,22.53,17054985
2010-10-12,22.22,23.3,22.05,23.19,26580337
2010-10-13,23.61,23.92,23.14,23.39,33034585
2010-10-14,22.98,23.07,21.87,22.44,50748779
2010-10-15,22.64,22.83,21.16,21.51,49832486
2010-10-18,21.33,22.77,21.32,22.62,29128413
2010-10-19,22.29,23.15,21.66,21.89,48608577
2010-10-20,21.97,22.86,21.55,22.66,43063670
2010-10-21,22.88,23.29,22.12,22.53,33543047
2010-10-22,22.66,22.91,22.33,22.56,17305847
2010-10-25,23.09,23.13,22.3,22.42,28822509
2010-10-26,22.15,22.53,21.97,22.44,21244792
2010-10-27,22.16,22.57,22.0,22.44,28213671
2010-10-28,22.68,22.8,21.9,22.25,31145770
2010-10-29,22.1,22.3,21.93,22.18,21352092
2010-11-01,22.31,22.76,21.65,22.2,29937509
2010-11-02,22.54,22.64,22.27,22.44,22398792
2010-11-03,22.5,23.02,22.05,22.978,41834249
2010-11-04,23.58,25.19,23.57,25.08,54598703
2010-11-05,25.18,26.97,25.08,26.48,59661836
2010-11-08,26.46,26.48,25.28,25.9,31649493
2010-11-09,26.17,26.2,24.13,24.49,43578312
2010-11-10,24.54,25.33,24.01,25.29,45802839
2010-11-11,24.67,25.06,24.32,24.69,32374901
2010-11-12,24.26,24.54,23.34,23.53,42733548
2010-11-15,23.89,24.56,23.66,23.68,34412367
2010-11-16,23.39,23.4,22.0,22.5,58463573
2010-11-17,22.51,22.68,22.03,22.18,39617181
2010-11-18,22.9901,23.42,22.8,23.01,35349832
2010-11-19,22.64,23.05,22.4,23.01,23629092
2010-11-22,22.72,22.72,21.81,22.249,44497151
2010-11-23,21.49,21.72,21.18,21.28,44585743
2010-11-24,21.68,22.24,21.54,22.22,29637829
2010-11-26,21.65,21.9799,21.46,21.47,13930395
2010-11-29,21.34,22.0,21.07,21.87,40014197
2010-11-30,21.26,21.84,21.21,21.4,32680212
2010-12-01,22.28,22.64,22.07,22.62,38969058
2010-12-02,22.9,24.27,22.84,24.25,47470916
2010-12-03,23.73,24.56,23.45,24.44,37803833
2010-12-06,24.25,24.56,24.01,24.35,23149138
2010-12-07,25.33,25.34,24.23,24.24,37437774
2010-12-08,24.37,25.36,24.33,25.33,35864554
2010-12-09,25.8,26.25,25.42,26.11,30647419
2010-12-10,26.27,26.87,25.96,26.81,28049871
2010-12-13,27.16,27.34,26.61,26.79,26854853
2010-12-14,26.88,27.13,25.9,26.16,24990806
2010-12-15,25.86,26.45,25.42,25.48,29844674
2010-12-16,25.75,26.15,25.2,25.42,29530671
2010-12-17,25.51,25.83,25.2,25.6325,21436841
2010-12-20,25.94,26.08,25.61,25.87,18924543
2010-12-21,26.16,27.03,26.14,26.95,23041704
2010-12-22,27.26,28.05,27.14,27.84,28875154
2010-12-23,27.73,27.79,27.12,27.37,16442564
2010-12-27,26.97,28.05,26.93,28.04,13013051
2010-12-28,28.04,28.2401,27.86,28.061,14601587
2010-12-29,28.14,28.2,27.84,27.971,9910891
2010-12-30,27.98,28.0,27.5,27.73,12144178
2010-12-31,27.57,27.95,27.52,27.844,8158388
2011-01-03,28.84,29.6,28.72,29.44,25012252
2011-01-04,29.71,29.77,28.54,29.16,25279736
2011-01-05,28.92,30.24,28.85,30.12,29045329
2011-01-06,30.28,30.43,29.65,29.71,24725682
2011-01-07,29.95,30.09,28.08,29.0,43143566
2011-01-10,28.53,29.02,28.08,28.82,32782792
2011-01-11,29.35,29.67,28.76,29.21,23245238
2011-01-12,29.97,30.45,29.91,30.41,29014027
2011-01-13,30.45,30.63,29.9,30.16,24557446
2011-01-14,30.08,31.6,30.01,31.46,28936971
2011-01-18,31.2,31.42,30.71,31.16,21356304
2011-01-19,30.49,30.75,29.0,29.23,34583210
2011-01-20,29.07,29.84,28.8,29.49,34767773
2011-01-21,30.09,30.5,29.77,30.1,24728003
2011-01-24,30.2,30.43,29.89,30.15,19089345
2011-01-25,29.8,30.26,29.15,30.17,26826867
2011-01-26,30.42,30.6,29.99,30.1,20205520
2011-01-27,30.08,30.85,30.06,30.78,20378585
2011-01-28,30.91,31.4,29.16,29.22,37180145
2011-01-31,29.51,30.15,29.38,29.95,20931566
2011-02-01,30.47,31.78,30.46,31.6,30221621
2011-02-02,31.36,31.76,31.02,31.1,18249532
2011-02-03,31.03,31.29,30.25,31.1,22712536
2011-02-04,31.16,31.19,30.52,31.12,16093078
2011-02-07,31.49,32.53,31.4,32.36,22063545
2011-02-08,32.36,33.08,32.17,32.96,22730533
2011-02-09,32.43,32.89,31.81,32.39,24063288
2011-02-10,31.9,32.59,31.84,32.5,19624713
2011-02-11,32.2,33.92,32.0,33.67,24597108
2011-02-14,33.58,33.93,33.31,33.85,15145095
2011-02-15,33.65,34.06,33.37,33.63,18199283
2011-02-16,34.0,34.29,33.66,34.11,20171307
2011-02-17,33.8,34.24,33.66,34.08,15848035
2011-02-18,34.2,34.28,33.92,34.26,15957045
2011-02-22,32.87,33.36,31.25,31.45,37991098
2011-02-23,31.39,32.0,29.91,30.94,31462558
2011-02-24,30.71,31.06,29.63,30.7,34096012
2011-02-25,31.29,32.11,31.21,32.02,22840214
2011-02-28,32.57,32.91,32.09,32.53,19665739
2011-03-01,32.73,32.76,30.56,30.6,34439885
2011-03-02,30.49,30.85,29.79,30.13,25820784
2011-03-03,31.02,31.97,31.01,31.88,24991805
2011-03-04,31.71,31.73,30.1,30.72,31291621
2011-03-07,30.94,31.33,29.73,30.13,26976338
2011-03-08,30.49,32.0,30.39,31.84,27990227
2011-03-09,31.67,32.24,31.13,31.73,25236438
2011-03-10,30.72,30.75,27.92,29.92,32892186
2011-03-11,29.42,30.65,29.39,30.47,24370799
2011-03-14,29.78,30.01,29.01,29.8,25965683
2011-03-15,27.67,29.13,27.19,28.65,35579482
2011-03-16,28.85,28.89,26.78,27.25,49331428
2011-03-17,28.21,28.38,27.26,28.16,30867534
2011-03-18,29.07,29.65,28.82,28.969,32274221
2011-03-21,30.04,30.05,29.35,29.68,21065324
2011-03-22,29.7,29.8,29.27,29.28,15860828
2011-03-23,29.0,29.3,28.15,29.06,21057526
2011-03-24,29.32,29.55,28.55,29.45,16916106
2011-03-25,29.63,30.05,29.31,29.68,16749166
2011-03-28,29.75,30.07,29.45,29.46,12344812
2011-03-29,29.35,29.67,28.89,29.67,14038073
2011-03-30,30.12,30.73,29.95,30.47,19437745
2011-03-31,30.08,30.4601,29.96,30.28,13368036
2011-04-01,30.85,31.36,30.66,30.96,18873277
2011-04-04,31.16,31.4,30.69,30.988,12488243
2011-04-05,30.84,31.169,30.64,30.928,13399425
2011-04-06,31.36,31.96,31.11,31.86,18751951
2011-04-07,31.88,32.15,31.19,31.47,20811741
2011-04-08,31.85,31.9801,30.45,30.62,17445255
2011-04-11,30.75,31.29,30.48,30.67,12372897
2011-04-12,30.15,30.75,29.8,30.25,16854391
2011-04-13,30.95,30.98,29.5,29.71,21038085
2011-04-14,29.1701,29.35,28.71,29.14,18879440
2011-04-15,29.48,29.65,29.02,29.28,14540103
2011-04-18,28.39,28.42,27.67,28.13,24275503
2011-04-19,28.48,28.549,27.86,28.34,15894081
2011-04-20,29.08,29.09,28.46,28.74,17159850
2011-04-21,29.03,29.32,28.6,29.21,13438011
2011-04-25,29.01,29.38,29.01,29.15,9730377
2011-04-26,29.41,29.85,29.22,29.65,14390621
2011-04-27,29.82,30.32,29.45,30.19,13752533
2011-04-28,30.07,30.9,30.02,30.78,13533017
2011-04-29,30.69,30.76,30.29,30.68,8516950
2011-05-02,30.95,31.06,30.22,30.4,12366789
2011-05-03,30.14,30.87,30.03,30.65,15281944
2011-05-04,30.7,30.72,29.67,29.88,16689468
2011-05-05,29.4,29.67,28.6,28.94,21519510
2011-05-06,29.75,29.99,28.92,29.15,18520087
2011-05-09,28.99,29.29,28.69,29.1,12337281
2011-05-10,29.24,30.05,29.24,29.92,13671011
2011-05-11,29.79,29.83,28.68,28.87,16542515
2011-05-12,28.57,28.98,27.94,28.88,15563176
2011-05-13,28.85,28.98,27.65,27.71,18466104
2011-05-16,27.39,28.51,27.27,27.63,15142466
2011-05-17,27.36,28.12,27.27,28.07,17328250
2011-05-18,28.05,28.6,27.8,28.55,12832525
2011-05-19,28.83,28.86,28.255,28.61,11295727
2011-05-20,28.39,28.65,27.43,27.52,15149255
2011-05-23,26.59,26.89,26.38,26.41,18967665
2011-05-24,26.63,26.68,25.88,26.3,15907016
2011-05-25,25.95,26.75,25.89,26.37,15633337
2011-05-26,26.22,27.06,26.02,26.83,16245908
2011-05-27,27.04,27.62,27.02,27.42,12453096
2011-05-31,28.16,28.35,27.68,28.22,12672922
2011-06-01,27.91,27.94,25.5,25.53,27308654
2011-06-02,25.7,26.1,25.14,25.66,28595578
2011-06-03,24.77,25.88,24.71,25.11,22468525
2011-06-06,24.8,24.93,23.66,23.77,23475299
2011-06-07,24.26,24.45,23.72,23.75,16090073
2011-06-08,23.52,23.9,22.99,23.1,21437196
2011-06-09,23.33,23.9669,23.0101,23.7,14960613
2011-06-10,23.35,23.63,22.26,23.05,33342340
2011-06-13,23.38,23.8,22.99,23.63,23876034
2011-06-14,24.22,24.57,24.0,24.13,23926876
2011-06-15,23.4301,23.66,22.28,22.65,27483646
2011-06-16,22.62,23.37,22.28,22.98,32810493
2011-06-17,23.71,23.78,23.2,23.502,23813518
2011-06-20,23.18,23.91,23.03,23.53,17148236
2011-06-21,23.93,24.55,23.59,24.42,18129874
2011-06-22,24.16,24.83,23.93,23.98,19518307
2011-06-23,23.22,23.48,22.5,23.29,35372190
2011-06-24,23.35,23.48,22.55,22.79,19789035
2011-06-27,22.73,23.63,22.73,23.44,20159556
2011-06-28,23.71,23.8,23.38,23.79,15868107
2011-06-29,24.45,25.52,24.25,25.43,25987798
2011-06-30,25.63,25.89,25.12,25.64,17193508
2011-07-01,25.62,27.14,25.58,26.99,19537720
2011-07-05,26.83,26.87,26.08,26.45,16391843
2011-07-06,25.98,26.22,25.55,26.2,15417729
2011-07-07,27.03,27.52,26.97,27.31,18023431
2011-07-08,26.12,26.45,25.9,26.39,18213888
2011-07-11,25.4299,25.45,24.12,24.37,22034385
2011-07-12,24.08,25.08,24.01,24.15,22065016
2011-07-13,24.6,25.17,24.15,24.23,22707593
2011-07-14,24.79,24.84,23.57,23.68,29190224
2011-07-15,24.17,24.17,23.04,23.58,21046546
2011-07-18,23.21,23.27,21.95,22.63,30865651
2011-07-19,22.85,23.6,22.72,23.5,26905405
2011-07-20,23.8,24.41,23.76,24.12,20265643
2011-07-21,24.78,25.85,24.75,25.64,38071458
2011-07-22,25.72,25.76,25.1599,25.51,14820470
2011-07-25,24.77,25.22,24.38,24.9,17772318
2011-07-26,24.9101,25.28,24.5,24.88,18983019
2011-07-27,24.49,24.54,23.05,23.13,30067508
2011-07-28,23.29,23.95,23.0105,23.16,24323345
2011-07-29,22.43,23.52,22.15,22.94,34071288
2011-08-01,24.03,24.07,22.24,22.66,45939037
2011-08-02,22.32,22.51,20.83,20.89,37777205
2011-08-03,21.07,21.39,19.95,21.33,50356941
2011-08-04,20.64,20.7,18.08,18.31,51504926
2011-08-05,18.65,18.94,16.15,17.22,65914603
2011-08-08,15.54,16.47,12.08,12.46,94298929
2011-08-09,13.5,15.2,8.72,15.12,103368615
2011-08-10,14.16,14.36,12.36,12.48,96264450
2011-08-11,12.9,15.07,12.54,14.43,86553601
2011-08-12,15.25,15.66,13.81,14.07,84766699
2011-08-15,14.67,15.38,14.57,15.361,50511489
2011-08-16,14.68,15.27,14.25,14.65,47924082
2011-08-17,14.94,15.36,14.46,14.77,40506558
2011-08-18,13.22,13.31,12.31,12.64,57441522
2011-08-19,12.0099,13.18,12.0,12.01,45798957
2011-08-22,12.89,12.9,11.51,11.588,50318476
2011-08-23,11.72,12.71,11.2,12.68,74979818
2011-08-24,12.64,13.685,12.52,13.62,67215588
2011-08-25,14.75,15.28,12.87,13.31,97411591
2011-08-26,12.9,14.0,12.32,13.74,91601687
2011-08-29,14.44,15.37,14.42,15.36,48362010
2011-08-30,15.02,15.465,14.45,15.13,60949862
2011-08-31,15.5,15.95,15.17,15.61,59065555
2011-09-01,15.57,15.75,14.58,14.63,49975211
2011-09-02,13.49,13.68,12.94,13.09,48127281
2011-09-06,11.78,12.46,11.66,12.38,43053632
2011-09-07,13.18,14.08,12.84,14.05,35629985
2011-09-08,13.51,13.99,13.1,13.21,57128605
2011-09-09,12.82,13.01,11.88,12.09,76143953
2011-09-12,11.8003,12.43,11.3737,12.4,51168857
2011-09-13,12.62,12.94,12.2,12.61,58961402
2011-09-14,12.95,13.5,12.192,13.11,62640133
2011-09-15,13.58,14.02,13.24,14.0,59283852
2011-09-16,14.13,14.48,13.46,14.085,50954533
2011-09-19,13.29,13.42,12.72,13.06,54641001
2011-09-20,13.24,13.62,13.0,13.02,46980264
2011-09-21,13.1,13.15,11.5,11.5001,65575188
2011-09-22,10.48,10.66,9.75,10.2,81094666
2011-09-23,10.04,10.63,10.0,10.53,51834990
2011-09-26,10.93,11.78,10.61,11.67,70460501
2011-09-27,12.41,12.75,11.64,11.899000000000001,81972888
2011-09-28,11.99,12.14,10.87,10.94,66887925
2011-09-29,11.73,11.91,10.88,11.73,72033650
2011-09-30,11.13,11.37,10.6,10.62,61622482
2011-10-03,10.38,10.89,9.34,9.35,88369103
2011-10-04,8.89,10.3,8.43,10.2,107953399
2011-10-05,10.14,10.77,9.55,10.56,102490301
2011-10-06,10.43,11.57,10.1,11.51,93336903
2011-10-07,11.7,11.7,10.36,10.41,95075139
2011-10-10,11.09,11.89,11.07,11.89,67764279
2011-10-11,11.45,12.16,11.36,11.83,68347559
2011-10-12,12.22,13.22,12.17,12.65,79115657
2011-10-13,12.19,12.28,11.45,11.98,73643771
2011-10-14,12.45,12.63,11.85,12.43,57582440
2011-10-17,12.11,12.2,11.25,11.33,54589558
2011-10-18,11.52,13.17,11.33,12.83,112556272
2011-10-19,12.79,13.32,12.1,12.21,82248685
2011-10-20,12.23,12.87,11.8,12.76,77248434
2011-10-21,13.2199,13.69,13.11,13.67,74884457
2011-10-24,13.82,14.66,13.75,14.57,68978006
2011-10-25,14.13,14.14,13.21,13.358,59944926
2011-10-26,14.07,14.26,13.25,14.05,75084170
2011-10-27,15.86,16.73,15.3,16.15,112815095
2011-10-28,16.0,16.51,15.78,16.33,63174726
2011-10-31,15.37,15.65,14.67,14.67,53677944
2011-11-01,12.82,13.76,12.72,12.76,94020474
2011-11-02,13.56,13.92,13.17,13.75,56570605
2011-11-03,14.27,14.61,13.11,14.48,83178719
2011-11-04,14.05,14.13,13.47,13.97,55572951
2011-11-07,13.86,14.25,13.49,14.17,53223449
2011-11-08,14.545,15.06,14.04,14.94,71531425
2011-11-09,13.76,13.83,12.61,12.72,67917927
2011-11-10,66.595,66.71,63.0,64.4,10206021
2011-11-11,67.06,69.37,66.95,68.638,14354874
2011-11-14,67.21,67.47,63.5736,64.864,12419235
2011-11-15,63.26,67.0,62.98,65.65,14305281
2011-11-16,63.75,65.39,61.0,61.35,14727487
2011-11-17,61.48,61.89,56.73,57.6,25022930
2011-11-18,58.71,59.25,57.262,58.491,17517339
2011-11-21,55.11,55.6,53.13,54.41,18211358
2011-11-22,54.51,55.09,52.75,53.12,18233992
2011-11-23,51.33,51.42,48.67,48.69,23728394
2011-11-25,48.86,51.24,48.65,49.38,8649800
2011-11-28,54.54,54.79,52.09,53.588,19198971
2011-11-29,53.29,54.33,52.27,52.72,13455011
2011-11-30,58.23,62.35,57.5,62.04,25108038
2011-12-01,60.59,61.6036,58.96,60.89,14240934
2011-12-02,62.61,66.0,62.48,62.82,22396898
2011-12-05,66.25,68.325,64.65,66.069,19779978
2011-12-06,65.0,67.14,64.07,65.95,12886703
2011-12-07,64.44,68.84,63.2,68.3,19880850
2011-12-08,66.28,66.4,60.7,61.42,22467080
2011-12-09,63.15,65.84,62.57,65.12,10700887
2011-12-12,62.09,62.24,59.52,61.04,16218121
2011-12-13,62.41,62.97,56.5688,58.34,17652025
2011-12-14,56.59,59.679,56.58,57.88,21598235
2011-12-15,60.57,60.66,57.9101,58.13,14029924
2011-12-16,59.31,61.22,58.36,58.984,14778553
2011-12-19,59.2,59.66,55.0,55.4,14274289
2011-12-20,58.37,61.93,58.3,61.49,14422552
2011-12-21,61.09,62.68,59.91,62.3,12181596
2011-12-22,63.32,66.08,62.9,65.75,10451681
2011-12-23,66.64,67.17,65.5,67.13,7126210
2011-12-27,66.28,67.86,66.04,66.21,5585047
2011-12-28,66.36,66.405,63.15,63.27,8803084
2011-12-29,63.87,66.0,63.63,65.9,7239190
2011-12-30,65.3,65.97,64.84,64.866,5000796
2012-01-03,68.98,71.17,68.76,69.25,13540612
2012-01-04,67.68,68.88,66.28,68.25,8640659
2012-01-05,66.58,71.6,65.6307,70.67,13222162
2012-01-06,70.88,70.96,68.261,69.49,12138599
2012-01-09,70.47,71.28,69.3,70.39,11718109
2012-01-10,73.51,74.5,72.68,74.12,14085326
2012-01-11,72.91,76.06,72.23,75.83,11561682
2012-01-12,76.99,77.63,74.2,76.81,14179930
2012-01-13,72.63,75.34,71.84,75.25,14896105
2012-01-17,75.33,77.45,73.29,74.07,11747150
2012-01-18,73.81,77.33,72.87,77.17,13211325
2012-01-19,79.49,79.66,78.06,79.07,14150715
2012-01-20,78.16,80.45,77.66,80.4,10042275
2012-01-23,80.35,82.57,79.54,80.86,12510886
2012-01-24,78.52,81.07,77.6,80.7,9586829
2012-01-25,79.43,82.02,78.91,81.54,12252144
2012-01-26,82.81,83.76,78.82,80.0,14176064
2012-01-27,78.69,81.26,78.42,80.64,10636449
2012-01-30,78.1999,78.92,76.81,78.45,11055789
2012-01-31,80.14,80.4,77.97,79.36,7715304
2012-02-01,81.185,84.34,81.13,83.06,12774379
2012-02-02,83.9,85.4501,83.0,84.59,8171966
2012-02-03,88.41,90.81,88.19,90.8,11266481
2012-02-06,89.53,89.8,88.25,89.72,7562834
2012-02-07,88.53,90.29,87.851,89.5,8135405
2012-02-08,90.19,91.15,88.854,90.95,8703911
2012-02-09,92.28,92.98,89.18,90.42,9753830
2012-02-10,87.76,88.6,86.94,88.09,7447750
2012-02-13,91.25,91.32,89.57,90.32,6789745
2012-02-14,89.24,89.29,86.08,88.15,8496280
2012-02-15,89.08,90.03,86.38,86.84,9995419
2012-02-16,86.39,90.46,85.87,90.35,11030707
2012-02-17,90.94,92.18,90.606,91.86,6405834
2012-02-21,92.08,93.0,90.46,91.55,8536983
2012-02-22,90.69,91.3,88.58,88.6,6983939
2012-02-23,88.65,91.33,88.0,91.0,7180261
2012-02-24,91.51,91.86,89.94,90.53,3889024
2012-02-27,88.52,92.73,87.4,92.42,6257959
2012-02-28,92.53,93.39,91.02,92.55,8795986
2012-02-29,93.17,95.0,91.0,91.38,9624311
2012-03-01,92.25,94.97,92.2,94.4141,7531507
2012-03-02,94.26,94.85,92.8,93.02,6979003
2012-03-05,92.38,92.66,91.0,92.37,6140024
2012-03-06,88.67,89.17,85.6236,86.2,11081851
2012-03-07,87.46,89.54,86.73,89.24,6682728
2012-03-08,90.81,91.95,89.58,91.59,6349006
2012-03-09,92.4,94.87,91.74,93.64,7737161
2012-03-12,93.68,93.68,91.5,93.23,6406232
2012-03-13,95.26,102.87,94.89,102.67,13680828
2012-03-14,102.94,104.09,100.16,102.73,8275760
2012-03-15,103.95,107.84,101.61,107.402,11017575
2012-03-16,108.36,108.9,106.72,108.2,7766104
2012-03-19,108.0,112.79,107.01,109.93,8627586
2012-03-20,108.27,111.49,107.28,110.6705,9153441
2012-03-21,111.9,112.18,108.8,109.4101,7947301
2012-03-22,106.6,107.5416,104.34,105.33,8603569
2012-03-23,104.92,108.3,104.3,108.0,7980361
2012-03-26,110.8,112.95,109.961,112.87,8730832
2012-03-27,112.75,113.49,110.0,110.124,7269060
2012-03-28,110.21,111.66,107.45,110.96,9084485
2012-03-29,108.5,109.15,105.18,107.9505,9040992
2012-03-30,109.58,109.8,106.64,109.15,6626652
2012-04-02,108.36,112.85,107.55,111.6,8735954
2012-04-03,110.76,111.49,107.672,110.35,7328741
2012-04-04,106.94,107.63,104.2,105.5,8325983
2012-04-05,104.03,106.45,103.5,104.81,6953189
2012-04-09,99.37,101.85,98.68,100.38,8874699
2012-04-10,100.11,101.23,93.85,93.9811,14331541
2012-04-11,97.5,98.98,96.9,98.03,8866463
2012-04-12,98.66,103.65,98.1,103.37,10569065
2012-04-13,102.74,102.8,97.0,97.174,11939811
2012-04-16,99.7,100.91,96.8,99.09,10211400
2012-04-17,101.49,103.91,100.2,103.18,6756214
2012-04-18,100.98,103.2,100.59,100.85,5983727
2012-04-19,102.36,102.53,97.7905,99.8,9272153
2012-04-20,101.28,101.35,98.73,98.82,6487958
2012-04-23,94.32,96.53,93.66,96.31,9144237
2012-04-24,96.6,99.38,96.6,99.24,5676071
2012-04-25,101.42,102.88,99.9,102.4,6652291
2012-04-26,101.31,105.37,101.27,105.09,5991213
2012-04-27,106.12,106.27,103.17,105.27,4706565
2012-04-30,104.64,104.8,101.88,103.36,3618465
2012-05-01,103.37,108.95,103.3,106.57,5527754
2012-05-02,104.3,105.15,102.0,104.12,6632260
2012-05-03,104.56,104.82,100.72,101.41,5898353
2012-05-04,99.28,100.04,96.3501,97.0,6385980
2012-05-07,95.39,99.46,95.35,98.47,5497417
2012-05-08,96.69,97.94,94.2,96.64,7142334
2012-05-09,93.49,95.98,91.7,93.85,8292828
2012-05-10,96.9,97.53,94.301,95.02,6634592
2012-05-11,89.2,94.74,89.1,92.5,6722623
2012-05-14,89.18,89.93,87.16,87.29,6754937
2012-05-15,87.58,88.92,85.531,85.96,8278671
2012-05-16,87.51,88.55,82.67,82.7,8413708
2012-05-17,82.61,82.71,77.53,77.53,9176430
2012-05-18,78.38,78.49,74.171,74.87,8530989
2012-05-21,75.48,78.29,73.95,77.49,10164656
2012-05-22,78.79,82.3,77.73,79.27,12385266
2012-05-23,77.02,80.465,75.17,80.17,12205430
2012-05-24,81.15,81.62,78.04,80.66,7720266
2012-05-25,80.11,81.34,78.95,79.66,5186756
2012-05-29,81.66,82.87,80.66,82.8,7681009
2012-05-30,80.15,80.28,77.4,77.51,7597975
2012-05-31,77.56,80.45,75.36,78.68,8954824
2012-06-01,74.45,74.89,70.43,70.55,10448980
2012-06-04,71.02,71.3,67.79,68.9,6254428
2012-06-05,68.51,72.43,68.35,72.09,9843832
2012-06-06,74.08,78.12,73.42,78.12,11058680
2012-06-07,81.2,81.8,77.12,77.5,10445315
2012-06-08,76.87,80.1,75.37,80.04,8423347
2012-06-11,83.05,83.11,75.75,76.0,10404757
2012-06-12,76.62,79.18,74.85,79.12,8202199
2012-06-13,77.89,80.95,76.96,77.89,10340345
2012-06-14,78.46,81.8,77.89,80.7,10338439
2012-06-15,81.87,83.83,80.52,83.67,7646068
2012-06-18,82.17,84.67,81.461,83.03,7280052
2012-06-19,84.55,87.79,84.2647,86.64,6248308
2012-06-20,87.4,88.87,84.96,87.376,9164137
2012-06-21,87.66,88.86,81.42,81.69,9690092
2012-06-22,83.28,84.76,82.521,84.079,7344643
2012-06-25,80.77,80.9,78.3,79.38,8206191
2012-06-26,80.01,81.75,78.75,80.67,8194586
2012-06-27,81.65,83.87,80.45,83.33,6910130
2012-06-28,80.72,83.25,79.23,83.05,8929415
2012-06-29,88.54,89.23,87.11,89.2,8689907
2012-07-02,90.25,91.27,88.2,91.16,5184163
2012-07-03,90.86,93.39,90.48,92.72,4126195
2012-07-05,91.26,91.59,89.11,89.61,5365550
2012-07-06,86.27,88.29,86.25,87.77,4839549
2012-07-09,86.75,87.78,85.68,87.08,5022986
2012-07-10,88.66,89.24,83.79,84.97,7027558
2012-07-11,85.14,86.86,84.4,86.15,6884447
2012-07-12,84.1,85.68,82.8,84.44,7653382
2012-07-13,85.52,90.65,85.43,90.27,7310268
2012-07-16,90.65,91.42,89.281,90.08,6261743
2012-07-17,91.95,91.96,87.83,91.67,5308033
2012-07-18,90.71,91.96,89.75,90.57,3552446
2012-07-19,90.8,91.46,87.72,88.6,4356601
2012-07-20,86.75,86.96,84.87,85.03,4434342
2012-07-23,80.8,83.6,80.35,83.03,6087231
2012-07-24,83.36,83.56,80.06,82.0,6085236
2012-07-25,83.29,84.0599,81.38,82.62,4418501
2012-07-26,86.51,86.97,84.9,86.28,4617975
2012-07-27,87.62,92.18,86.85,91.09,6877641
2012-07-30,90.23,92.2,90.06,90.58,3030887
2012-07-31,89.87,90.53,88.64,89.42,3107194
2012-08-01,90.18,90.82,87.84,88.08,3746467
2012-08-02,85.84,87.72,84.0,86.26,5677379
2012-08-03,89.65,92.47,89.4,91.44,5589281
2012-08-06,92.71,94.0,91.83,91.83,2823083
2012-08-07,92.78,94.85,92.74,93.02,3590636
2012-08-08,91.78,93.99,91.68,93.06,2624546
2012-08-09,92.5,94.19,92.24,92.98,2298188
2012-08-10,92.24,93.429,91.46,93.23,2959963
2012-08-13,92.74,93.37,91.37,93.11,2570816
2012-08-14,94.5,95.14,92.55,93.25,3495011
2012-08-15,92.96,94.6,92.64,94.01,2180162
2012-08-16,94.58,96.2,93.1712,95.69,2820618
2012-08-17,96.17,96.5,95.5,96.34,2758575
2012-08-20,96.08,97.11,95.54,96.88,3031807
2012-08-21,97.8,100.21,96.611,97.41,4118159
2012-08-22,96.5,97.93,95.5,97.03,4369014
2012-08-23,96.47,96.85,94.48,94.74,3520361
2012-08-24,93.85,96.75,93.45,96.06,3536420
2012-08-27,97.07,97.18,95.4,96.12,3569628
2012-08-28,95.37,97.279,94.92,95.94,3901010
2012-08-29,96.39,97.13,95.6,96.57,2240445
2012-08-30,95.3,95.86,93.75,95.2,2975103
2012-08-31,96.65,97.35,94.769,96.65,4307884
2012-09-04,96.28,98.06,95.4,97.24,3443560
2012-09-05,97.33,98.06,96.432,97.23,2967542
2012-09-06,98.85,103.53,98.71,103.3,5379682
2012-09-07,104.4,106.49,104.3,106.12,3765243
2012-09-10,105.88,106.5,103.57,103.88,2529556
2012-09-11,103.96,106.39,103.41,106.19,2668884
2012-09-12,107.87,108.55,106.72,107.56,2412755
2012-09-13,107.59,115.598,106.65,114.9,6118084
2012-09-14,117.31,119.97,116.25,117.49,5286707
2012-09-17,116.0,117.3,113.6,114.2,2776988
2012-09-18,113.1,113.85,111.72,112.71,3272107
2012-09-19,113.69,114.4,112.38,112.49,4147026
2012-09-20,109.58,110.87,108.36,110.66,3662283
2012-09-21,113.46,113.5,109.91,109.96,3483636
2012-09-24,107.94,111.35,107.92,109.89,2811712
2012-09-25,110.72,111.699,105.2,105.25,4074228
2012-09-26,104.18,105.07,102.79,103.19,3332185
2012-09-27,105.13,107.37,104.03,106.12,3309035
2012-09-28,104.58,106.54,103.7,104.94,3700482
2012-10-01,107.04,109.5,105.26,106.1381,4056955
2012-10-02,107.56,107.81,105.45,106.82,2485586
2012-10-03,107.58,110.25,106.06,109.41,3023123
2012-10-04,111.22,113.7333,110.44,113.4847,3684182
2012-10-05,115.94,116.43,112.5,113.9,3658502
2012-10-08,112.04,113.72,111.65,113.15,2016636
2012-10-09,113.13,114.34,110.07,110.44,4120900
2012-10-10,110.69,111.849,109.05,110.666,2731905
2012-10-11,113.92,114.32,112.0,112.25,2865715
2012-10-12,110.06,111.76,107.6,108.5,3557044
2012-10-15,109.73,111.76,107.9,111.68,2950749
2012-10-16,112.95,114.69,112.5,113.8,3094915
2012-10-17,114.51,117.81,114.1,117.4253,3146561
2012-10-18,116.75,119.29,116.45,118.11,3478017
2012-10-19,117.19,117.19,112.27,113.8198,4538783
2012-10-22,113.7,114.6,110.84,113.54,4546202
2012-10-23,109.22,109.868,106.96,108.6,5865976
2012-10-24,110.47,110.9,108.0,108.58,3881805
2012-10-25,111.02,111.7599,107.01,109.09,4378401
2012-10-26,108.52,109.098,105.51,107.41,4087515
2012-10-31,108.15,109.1801,106.82,109.13,2706918
2012-11-01,109.59,113.25,108.91,113.25,2529203
2012-11-02,115.18,115.19,110.89,111.4412,3902517
2012-11-05,110.35,111.2,107.65,110.51,3118917
2012-11-06,111.55,114.83,111.25,113.92,3543599
2012-11-07,109.37,109.81,103.2,104.14,8432686
2012-11-08,105.38,107.17,101.6,101.64,6042194
2012-11-09,100.79,104.67,100.02,101.9,5313054
2012-11-12,103.3,103.339,101.44,102.23,2206376
2012-11-13,100.03,104.06,99.54,100.4084,4421287
2012-11-14,101.31,101.86,94.3001,95.16,5621554
2012-11-15,95.19,97.5,94.25,95.77,6736822
2012-11-16,96.36,97.98,93.82,97.769,7463324
2012-11-19,101.79,102.99,101.2,102.7401,4959750
2012-11-20,101.89,105.0,101.42,104.2839,4420346
2012-11-21,104.73,104.93,102.89,104.5,2924449
2012-11-23,105.99,108.21,105.84,108.05,1615851
2012-11-26,106.13,107.24,105.3,107.1124,3481689
2012-11-27,106.59,107.63,104.34,104.54,5893390
2012-11-28,102.93,106.0,100.82,105.86,5787949
2012-11-29,107.4,108.12,105.77,107.33,4317392
2012-11-30,106.92,108.27,106.23,107.24,4137542
2012-12-03,108.6,109.28,106.09,106.434,4052081
2012-12-04,106.38,107.04,104.24,105.38,3152973
2012-12-05,106.62,109.97,105.3,108.7595,5483369
2012-12-06,108.86,109.85,107.95,109.85,3305387
2012-12-07,111.24,111.766,109.86,111.65,4686699
2012-12-10,110.75,112.07,110.04,111.18,2907992
2012-12-11,112.91,114.1,111.61,112.46,2865501
2012-12-12,113.67,116.29,113.15,113.7411,3937368
2012-12-13,113.5,114.34,111.36,111.91,3347657
2012-12-14,111.62,112.2,110.61,111.01,2107147
2012-12-17,112.5,117.09,112.49,117.032,3831217
2012-12-18,118.3999,121.64,117.42,121.4995,4366969
2012-12-19,122.18,122.43,119.46,119.64,3437646
2012-12-20,120.3,124.18,119.87,124.0922,3575962
2012-12-21,118.065,121.68,117.97,120.26,6045143
2012-12-24,120.08,120.455,119.46,119.79,1106934
2012-12-26,120.57,120.84,118.26,119.15,2949679
2012-12-27,119.5,120.41,113.91,118.18,5233593
2012-12-28,115.63,118.25,115.33,115.57,4223439
2012-12-31,114.76,120.53,114.4,119.9204,5217326
2013-01-02,127.52,129.82,126.84,129.499,4949911
2013-01-03,129.19,130.57,128.08,129.48,4386044
2013-01-04,129.85,134.4,129.2,133.95,3622659
2013-01-07,133.2,133.52,131.36,133.2,3502684
2013-01-08,131.95,132.86,130.53,132.34,2886106
2013-01-09,133.27,135.174,131.62,132.42,3786452
2013-01-10,135.18,136.95,133.62,136.95,3812957
2013-01-11,135.6,136.2,133.68,136.01,3387006
2013-01-14,135.3,135.94,133.16,135.3,2586137
2013-01-15,133.24,137.1198,133.0,136.83,2685134
2013-01-16,136.2,137.42,134.9,136.86,2820159
2013-01-17,136.79,137.8899,135.73,136.94,3354520
2013-01-18,137.09,137.48,134.7,137.3,3324929
2013-01-22,136.69,141.04,136.69,140.98,2702096
2013-01-23,140.43,141.05,139.04,140.5,2116372
2013-01-24,141.72,144.469,140.76,142.52,3219110
2013-01-25,144.12,144.15,141.54,144.03,2449011
2013-01-28,144.21,144.68,140.92,142.09,2335200
2013-01-29,141.35,144.35,141.3,144.05,2129832
2013-01-30,143.37,143.729,141.35,142.47,2794353
2013-01-31,141.8,142.95,140.63,142.32,2004983
2013-02-01,144.42,148.09,144.33,147.5,2945336
2013-02-04,144.84,145.66,142.29,142.47,3347963
2013-02-05,145.15,148.2499,144.6,147.23,2397487
2013-02-06,145.28,148.5,144.75,148.46,2452849
2013-02-07,148.63,149.64,144.0,146.52,3958915
2013-02-08,147.07,148.55,147.0,148.33,2715121
2013-02-11,148.2,150.25,147.59,149.47,3060834
2013-02-12,150.06,153.16,148.95,152.83,2333801
2013-02-13,153.63,153.99,150.35,151.75,2913336
2013-02-14,150.35,153.48,150.06,153.2,2022650
2013-02-15,153.67,153.94,150.32,152.16,3451502
2013-02-19,153.0,155.87,152.94,155.65,2157040
2013-02-20,155.5,155.938,149.16,149.44,3800207
2013-02-21,148.8,148.8,144.7,145.95,3647758
2013-02-22,148.8,151.15,148.13,151.15,2777995
2013-02-25,153.99,153.99,140.01,140.116,4786508
2013-02-26,142.25,143.32,138.37,142.32,6821713
2013-02-27,141.805,149.22,141.42,148.69,3777506
2013-02-28,148.01,151.06,146.84,147.7,2666142
2013-03-01,145.11,149.61,142.33,148.646,3187235
2013-03-04,147.4,152.45,147.19,152.45,2590276
2013-03-05,154.91,158.3,153.97,156.28,4765482
2013-03-06,159.0,160.0,156.77,158.74,3655971
2013-03-07,159.5,161.5718,159.1,161.26,4051460
2013-03-08,163.25,164.099,159.64,162.7,4090084
2013-03-11,162.37,166.1,161.56,165.8,2886699
2013-03-12,165.19,165.72,162.0,163.28,2928318
2013-03-13,163.68,165.14,162.07,164.69,2153660
2013-03-14,166.0,168.08,165.5,167.74,2856393
2013-03-15,167.41,169.25,165.65,168.46,3209525
2013-03-18,162.88,166.62,162.26,164.44,4671094
2013-03-19,166.39,166.84,159.49,162.14,6427930
2013-03-20,164.62,166.23,163.9001,165.29,3517308
2013-03-21,163.0,164.9,160.21,160.58,4098827
2013-03-22,162.4,163.77,160.8,162.99,2856002
2013-03-25,165.14,166.21,160.05,162.46,4731896
2013-03-26,164.35,165.88,162.741,165.49,3112438
2013-03-27,162.85,164.66,161.21,164.16,3199828
2013-03-28,164.0,165.94,163.2,165.21,1513893
2013-04-01,165.3,167.23,161.83,163.26,1784348
2013-04-02,55.05,55.45,54.73,55.14,3757813
2013-04-03,55.13,55.35,52.12,52.63,6973492
2013-04-04,52.85,54.05,52.8,53.95,5538355
2013-04-05,51.89,53.65,51.47,53.41,6773302
2013-04-08,53.51,54.97,52.73,54.95,4564902
2013-04-09,55.19,56.15,54.71,55.37,5040362
2013-04-10,56.0,57.46,55.88,57.37,5615720
2013-04-11,57.25,58.6,57.12,57.88,5251609
2013-04-12,56.76,57.55,56.37,57.13,6129920
2013-04-15,56.75,57.37,53.33,53.34,9608963
2013-04-16,55.04,55.89,53.97,55.79,7594653
2013-04-17,54.27,54.43,51.7,52.75,9729373
2013-04-18,52.86,52.94,50.87,51.46,10096319
2013-04-19,52.16,53.52,51.67,53.42,8205915
2013-04-22,53.96,53.99,52.2,53.56,5174962
2013-04-23,54.5,56.2,54.49,56.05,7827887
2013-04-24,56.43,57.371,56.26,57.09,4528016
2013-04-25,57.75,58.83,57.34,57.86,6687192
2013-04-26,57.65,58.07,56.75,57.32,5147843
2013-04-29,58.04,58.3,57.4,58.04,3915809
2013-04-30,58.13,58.85,57.576,58.85,4049943
2013-05-01,58.23,58.48,56.78,56.96,5980503
2013-05-02,57.74,58.56,57.345,58.449,5226544
2013-05-03,60.05,60.79,59.8,59.99,5571091
2013-05-06,60.53,61.75,60.42,61.65,4649001
2013-05-07,62.33,63.11,61.38,62.78,6094890
2013-05-08,62.6,64.19,62.27,64.1,4826546
2013-05-09,64.2,64.2,62.47,62.81,5099780
2013-05-10,63.04,63.5,62.59,63.43,4725602
2013-05-13,63.02,64.42,62.86,64.022,4730706
2013-05-14,64.29,67.05,64.22,67.0,5861633
2013-05-15,66.75,69.04,66.5,68.67,8085932
2013-05-16,68.19,69.24,67.03,67.35,6324035
2013-05-17,68.35,70.08,68.29,70.05,5323981
2013-05-20,69.76,71.14,69.606,70.36,6041335
2013-05-21,70.72,71.55,70.212,70.63,5397487
2013-05-22,71.2,73.5,67.41,68.25,12141010
2013-05-23,65.54,67.93,64.92,67.06,8627634
2013-05-24,65.89,67.13,65.09,67.13,6345728
2013-05-28,69.71,70.62,67.7301,68.63,8650649
2013-05-29,67.58,69.098,66.6,68.22,8660271
2013-05-30,68.36,70.9,68.16,70.09,8971167
2013-05-31,69.79,70.479,67.03,67.14,8738841
2013-06-03,67.77,68.0,64.55,67.06,11027602
2013-06-04,67.37,68.5,65.01,65.53,10742279
2013-06-05,65.0,65.73,61.995,62.44,12422795
2013-06-06,62.19,65.14,61.34,64.94,12136546
2013-06-07,65.96,68.0,65.32,67.8,9805188
2013-06-10,68.73,68.94,67.25,68.05,6968858
2013-06-11,66.07,66.86,64.67,64.806,9344987
2013-06-12,66.07,66.28,62.58,62.97,11378763
2013-06-13,62.81,66.68,62.25,66.42,7771994
2013-06-14,66.09,66.7994,63.88,64.29,7424470
2013-06-17,65.79,66.81,64.97,65.97,6503049
2013-06-18,66.03,67.75,65.99,67.17,5204595
2013-06-19,67.19,67.52,64.36,64.4,15488492
2013-06-20,62.87,63.2,59.5,60.15,16548215
2013-06-21,61.54,61.6,58.42,60.39,13151662
2013-06-24,58.15,59.399,55.7,57.59,13862572
2013-06-25,59.48,61.2,58.54,60.462,10772330
2013-06-26,62.04,62.86,61.27,62.3,9049299
2013-06-27,63.48,65.109,63.378,64.74,8119016
2013-06-28,64.1,64.58,62.72,63.65,9493770
2013-07-01,64.83,66.33,64.51,64.73,6232928
2013-07-02,64.61,66.49,63.85,64.94,6047052
2013-07-03,63.46,64.75,63.01,64.56,4285051
2013-07-05,66.0,67.32,64.65,67.32,7477950
2013-07-08,68.3,69.26,68.0,68.52,7210100
2013-07-09,69.74,70.28,68.34,70.17,6333278
2013-07-10,69.53,70.0,68.08,69.02,8348758
2013-07-11,71.38,71.63,69.8,71.29,8057634
2013-07-12,71.78,72.57,71.26,72.36,5863202
2013-07-15,73.49,73.8,72.56,73.3,4149836
2013-07-16,73.62,73.92,71.7508,72.41,5362261
2013-07-17,72.85,73.95,72.38,73.35,5838760
2013-07-18,73.99,76.17,73.91,76.15,5079464
2013-07-19,75.72,76.1,74.92,76.01,3495980
2013-07-22,76.28,77.51,75.85,77.45,4062334
2013-07-23,78.0,78.29,76.54,76.97,4339521
2013-07-24,77.55,77.65,74.43,74.91,5708362
2013-07-25,74.4,75.58,73.62,75.53,9453109
2013-07-26,74.38,75.2,73.32,75.11,7399014
2013-07-29,74.53,74.87,73.01,73.6,4371907
2013-07-30,74.44,75.0,73.12,73.56,4905319
2013-07-31,73.9,75.24,73.01,73.22,8022229
2013-08-01,75.16,76.84,75.0,76.56,5264839
2013-08-02,76.21,76.85,75.89,76.62,4221894
2013-08-05,76.29,76.9,75.79,76.26,4167480
2013-08-06,75.91,75.99,74.19,74.45,5278268
2013-08-07,73.29,73.46,71.96,73.02,6184473
2013-08-08,74.28,74.6599,72.18,73.52,6234487
2013-08-09,72.97,74.04,72.53,73.07,3993140
2013-08-12,72.06,72.63,71.54,72.1,3871051
2013-08-13,72.6,73.24,71.01,72.66,5783072
2013-08-14,72.55,73.32,71.91,71.92,6852602
2013-08-15,70.36,70.46,68.2,68.69,6541051
2013-08-16,68.46,69.56,67.7,68.09,5312231
2013-08-19,67.75,67.88,65.51,65.51,8966298
2013-08-20,65.96,68.05,65.44,67.55,5329720
2013-08-21,66.77,68.53,65.51,66.45,6245358
2013-08-22,67.16,68.79,67.02,68.52,4050373
2013-08-23,68.98,69.11,67.86,68.73,5610115
2013-08-26,69.02,69.52,67.52,67.53,6033222
2013-08-27,65.2,65.85,63.04,63.04,9413328
2013-08-28,62.8001,64.43,62.22,63.48,6972579
2013-08-29,63.02,64.93,62.88,63.97,5862334
2013-08-30,64.14,64.28,62.25,62.65,6033366
2013-09-03,64.86,65.74,62.9,64.08,8612744
2013-09-04,64.35,66.13,63.59,65.43,4935541
2013-09-05,65.71,66.66,65.28,65.75,3889131
2013-09-06,66.66,67.02,63.88,65.96,5649707
2013-09-09,66.68,68.17,66.34,68.11,4381781
2013-09-10,69.7,70.59,69.61,70.58,6944389
2013-09-11,70.15,71.0,69.74,70.98,3412460
2013-09-12,70.97,71.12,69.46,69.69,3788521
2013-09-13,70.08,70.58,69.55,70.32,3825364
2013-09-16,72.68,73.12,72.0,72.34,4629360
2013-09-17,72.72,73.43,72.37,73.35,3254202
2013-09-18,72.96,76.77,72.47,75.89,8024305
2013-09-19,76.6,76.7,74.51,74.82,4228859
2013-09-20,75.07,75.32,73.29,73.42,4199996
2013-09-23,72.69,72.75,70.6535,70.89,5451915
2013-09-24,70.93,71.49,69.66,69.82,5253170
2013-09-25,70.11,71.29,69.22,70.74,5855509
2013-09-26,71.1,71.92,69.98,70.89,4222794
2013-09-27,69.7,70.56,69.62,70.18,4528434
2013-09-30,68.0001,69.65,67.82,68.77,5374488
2013-10-01,68.98,70.85,68.87,70.45,3907960
2013-10-02,69.03,70.41,68.58,70.15,4282382
2013-10-03,69.85,70.1,67.19,68.51,8689730
2013-10-04,68.82,70.13,68.5,70.12,6120622
2013-10-07,68.3,69.05,67.77,67.81,7563849
2013-10-08,68.01,68.1,65.1,65.39,8279441
2013-10-09,65.73,66.51,64.38,65.78,8115996
2013-10-10,68.14,71.15,68.08,71.0,11838774
2013-10-11,70.47,72.54,70.06,72.46,5965779
2013-10-14,70.86,73.74,70.81,73.5,6197935
2013-10-15,73.27,74.0,71.537,71.8,6572425
2013-10-16,73.3301,76.28,73.13,76.21,8719621
2013-10-17,74.76,78.62,74.67,78.4,6708474
2013-10-18,79.1,79.36,77.56,79.09,5545255
2013-10-21,79.05,79.34,78.24,78.65,4032043
2013-10-22,79.44,80.58,78.91,79.28,6437513
2013-10-23,78.37,78.5299,76.96,77.6,4539296
2013-10-24,78.15,78.4,77.18,78.18,4580455
2013-10-25,78.34,79.19,78.11,79.11,3855240
2013-10-28,79.19,79.2992,78.41,78.93,3327505
2013-10-29,79.46,79.62,78.65,79.43,3020248
2013-10-30,79.72,79.76,77.56,78.27,4907823
2013-10-31,78.0,78.07,75.89,76.005,3365906
2013-11-01,76.3,76.96,75.48,76.53,4539405
2013-11-04,77.25,77.33,76.09,76.67,3145594
2013-11-05,75.8,76.26,75.03,75.49,2924459
2013-11-06,76.42,76.9844,75.91,76.42,2683552
2013-11-07,77.16,77.3,73.7,73.85,5051291
2013-11-08,73.81,77.94,73.81,77.83,7267266
2013-11-11,77.83,78.68,77.4057,78.15,3136693
2013-11-12,77.5,77.86,75.68,76.42,4070453
2013-11-13,75.49,78.25,75.2495,78.25,4271765
2013-11-14,78.7,80.25,78.21,80.07,3687640
2013-11-15,80.34,81.29,80.05,81.11,3467042
2013-11-18,81.94,82.53,80.37,80.81,4532716
2013-11-19,81.14,82.0,80.29,80.73,4198576
2013-11-20,81.23,82.04,79.34,80.01,4690701
2013-11-21,81.04,83.51,80.65,83.19,5311216
2013-11-22,83.39,84.37,82.9,84.25,3333218
2013-11-25,85.0,85.41,84.16,84.62,2644320
2013-11-26,84.57,85.31,84.3,84.32,2826783
2013-11-27,84.65,85.32,84.33,85.12,3177352
2013-11-29,85.76,85.76,84.0,84.151,1730176
2013-12-02,84.49,85.87,83.4501,83.58,3775371
2013-12-03,82.76,83.21,80.6002,81.71,4821837
2013-12-04,80.63,83.27,80.2401,81.97,4939699
2013-12-05,81.27,81.72,80.0999,80.37,3864158
2013-12-06,82.36,83.61,81.77,83.35,5091288
2013-12-09,84.02,84.6,83.78,84.2,2409720
2013-12-10,83.5,84.75,83.4,83.4,2873085
2013-12-11,83.62,83.875,80.1,80.36,5316175
2013-12-12,80.53,81.32,79.78,80.23,3914758
2013-12-13,81.22,81.71,80.13,80.67,4519817
2013-12-16,81.95,82.65,81.73,82.04,2950142
2013-12-17,82.11,82.28,80.6347,81.17,2958078
2013-12-18,82.0,86.35,79.97,86.31,6810000
2013-12-19,85.51,86.23,84.9,85.48,3820152
2013-12-20,86.0,87.66,85.85,87.211,4218747
2013-12-23,88.53,88.93,88.05,88.51,2815297
2013-12-24,89.0,89.14,88.31,88.98,931811
2013-12-26,89.4,89.8,89.04,89.44,1755515
2013-12-27,89.44,89.73,89.0,89.35,1891121
2013-12-30,89.42,89.84,89.0,89.4,1570754
2013-12-31,89.8,90.5799,89.66,90.3,1967000
2014-01-02,89.93,90.08,88.16,88.92,4046253
2014-01-03,89.41,91.12,89.3,90.2,3608896
2014-01-06,91.52,92.12,90.21,90.39,4564910
2014-01-07,91.75,91.99,90.19,90.88,4671494
2014-01-08,91.21,91.88,90.48,91.57,4749043
2014-01-09,92.37,92.69,90.86,92.38,3698483
2014-01-10,92.32,92.77,91.0,92.11,3235328
2014-01-13,91.95,92.05,87.75,88.31,4954337
2014-01-14,89.48,90.58,88.23,90.42,3590402
2014-01-15,91.5,93.24,91.36,93.18,4651766
2014-01-16,92.2,92.46,91.13,91.68,3279597
2014-01-17,91.87,92.5001,90.5901,91.12,3128240
2014-01-21,92.38,92.89,90.14,91.55,3471705
2014-01-22,91.99,92.57,91.39,92.33,2204596
2014-01-23,91.01,91.13,87.1101,88.28,6024984
2014-01-24,86.45,86.5,82.12,82.12,7013628
2014-01-27,82.5,83.3,78.82,80.1,8135554
2014-01-28,81.33,83.49,81.03,83.16,4872762
2014-01-29,80.47,82.69,79.95,80.54,7097734
2014-01-30,82.71,84.2296,81.97,83.64,5045656
2014-01-31,80.09,82.89,79.65,80.66,5883520
2014-02-03,80.55,81.17,74.611,74.92,8820672
2014-02-04,75.97,77.83,75.02,76.79,7431281
2014-02-05,76.29,77.33,75.03,76.77,5823582
2014-02-06,77.29,80.08,77.15,79.97,5101588
2014-02-07,81.23,82.99,80.31,82.82,6045646
2014-02-10,83.16,83.31,81.92,83.3,3549142
2014-02-11,83.8,86.15,82.97,85.51,4489308
2014-02-12,85.85,86.801,84.83,85.66,3767501
2014-02-13,83.85,86.74,83.36,86.49,4489127
2014-02-14,86.48,87.34,85.76,87.0,4014854
2014-02-18,87.16,88.16,86.75,87.74,3135054
2014-02-19,86.95,88.72,84.489,84.81,6552381
2014-02-20,85.0,85.7335,83.4,85.14,6299053
2014-02-21,85.52,86.43,84.7001,85.38,5374063
2014-02-24,85.97,88.73,85.65,87.15,4767873
2014-02-25,87.06,87.79,85.84,86.31,5084016
2014-02-26,87.02,87.1,85.1,86.14,6164266
2014-02-27,85.93,87.35,85.21,87.34,4715665
2014-02-28,87.16,89.93,86.966,88.52,7154976
2014-03-03,85.85,86.9,84.82,86.54,6392521
2014-03-04,89.01,91.53,89.001,91.25,7177244
2014-03-05,91.58,93.0,91.07,92.72,4419575
2014-03-06,93.68,94.78,93.34,94.29,4667394
2014-03-07,95.98,96.35,94.01,95.17,5792967
2014-03-10,94.43,95.4199,93.55,95.0,3709580
2014-03-11,95.56,95.62,93.11,93.67,5439288
2014-03-12,92.33,93.45,91.34,93.33,4111366
2014-03-13,94.29,94.5,89.63,90.28,8834977
2014-03-14,89.71,91.4,88.58,89.12,6949522
2014-03-17,90.65,92.37,90.5,91.49,4295965
2014-03-18,92.3,93.25,91.61,92.81,3569256
2014-03-19,93.02,94.28,90.41,92.33,6740874
2014-03-20,91.82,96.33,91.75,95.96,6226073
2014-03-21,97.29,98.979,95.42,95.78,6725692
2014-03-24,96.96,97.28,93.89,95.07,5498835
2014-03-25,96.5,96.93,93.881,95.01,5165188
2014-03-26,96.3,96.4,92.13,92.15,6571642
2014-03-27,91.8,92.45,89.34,90.89,7449157
2014-03-28,91.83,93.4199,90.86,91.58,5033350
2014-03-31,93.43,94.77,93.3,94.66,3707272
2014-04-01,95.46,95.98,94.44,95.67,4258477
2014-04-02,95.55,96.47,95.04,96.13,4061561
2014-04-03,96.41,96.45,94.52,95.58,3308057
2014-04-04,96.67,96.96,92.11,92.31,6263673
2014-04-07,91.54,92.1,88.01,88.39,4793638
2014-04-08,88.64,89.18,86.62,88.73,4411953
2014-04-09,89.75,91.18,88.18,91.0,3445739
2014-04-10,90.95,91.25,84.84,85.0,6856512
2014-04-11,82.81,84.8399,81.23,82.0,6228555
2014-04-14,84.59,84.8,81.44,83.8101,3843888
2014-04-15,84.88,86.45,82.59,86.05,5124602
2014-04-16,87.25,88.49,86.15,88.44,2571583
2014-04-17,88.5,89.25,87.64,88.58,2660890
2014-04-21,88.68,89.07,87.95,88.49,2145078
2014-04-22,88.61,90.9,88.05,90.22,3370845
2014-04-23,90.21,90.75,89.56,90.66,2420633
2014-04-24,91.42,91.6,89.5,90.58,2762815
2014-04-25,89.65,89.71,87.4,87.72,2728957
2014-04-28,87.65,88.45,84.1804,86.64,3209718
2014-04-29,87.63,88.827,87.41,88.75,2079677
2014-04-30,88.2,89.97,87.96,89.7,1907041
2014-05-01,89.59,90.69,88.96,90.29,1889266
2014-05-02,90.52,92.24,89.58,90.27,3606433
2014-05-05,88.19,89.58,86.954,89.5,1861099
2014-05-06,88.86,88.88,86.0801,86.2,2856728
2014-05-07,87.1,89.43,86.42,89.37,2590332
2014-05-08,88.75,91.35,88.75,89.96,2459924
2014-05-09,89.91,89.96,88.17,89.7,1676283
2014-05-12,90.67,92.42,90.45,92.24,2290219
2014-05-13,92.25,93.04,91.57,91.8,1247576
2014-05-14,91.51,91.86,89.51,89.84,1540660
2014-05-15,89.29,89.29,85.25,87.15,3983681
2014-05-16,87.29,87.55,85.5201,87.5,2404368
2014-05-19,127.85,131.48,127.43,129.33,2280163
2014-05-20,88.81,88.88,86.3575,87.14,2165921
2014-05-21,88.05,89.6,88.0,88.95,2161857
2014-05-22,89.0,90.25,88.39,89.76,1443763
2014-05-23,89.77,90.91,89.68,90.69,1921314
2014-05-27,92.0,93.99,91.72,93.2,2618557
2014-05-28,93.04,93.23,92.07,92.51,1594340
2014-05-29,92.79,93.3,92.0921,93.15,1441021
2014-05-30,92.77,93.86,92.77,93.59,1959117
2014-06-02,93.99,94.52,92.62,94.37,1779908
2014-06-03,93.6,94.55,93.05,94.46,1690769
2014-06-04,93.8,95.61,93.8,95.47,1632029
2014-06-05,95.86,98.12,94.74,98.08,2934532
2014-06-06,98.33,100.12,98.24,99.9,2618255
2014-06-09,99.94,101.25,99.81,100.72,2425994
2014-06-10,100.0,100.6286,99.6,100.6,1687447
2014-06-11,99.1,99.52,97.87,98.76,2638557
2014-06-12,98.51,98.76,96.4604,97.13,4152812
2014-06-13,97.34,98.25,96.44,97.09,2535014
2014-06-16,96.71,96.8,95.16,95.99,1819155
2014-06-17,95.72,98.87,95.28,98.54,2148442
2014-06-18,98.54,100.46,97.27,100.1,2278562
2014-06-19,100.3,100.37,98.63,99.64,1747145
2014-06-20,100.41,100.85,99.847,100.44,1807613
2014-06-23,100.47,101.2299,99.62,101.03,1356979
2014-06-24,100.31,101.84,98.84,98.98,2421086
2014-06-25,98.61,100.01,97.81,99.48,1608819
2014-06-26,99.52,99.55,96.78,98.79,2624111
2014-06-27,98.08,99.78,98.08,99.58,1471012
2014-06-30,99.59,100.28,99.14,99.96,1313367
2014-07-01,100.53,103.0207,100.12,101.8,1916661
2014-07-02,102.24,102.55,101.4,101.71,1075751
2014-07-03,103.0,103.86,102.81,103.65,1112799
2014-07-07,102.91,103.07,101.603,102.35,1952388
2014-07-08,101.5,101.77,99.3,100.12,2431887
2014-07-09,100.93,101.04,99.82,100.82,1888650
2014-07-10,97.69,100.02,97.111,99.26,1789258
2014-07-11,98.8,99.85,97.6,99.58,1459063
2014-07-14,101.94,102.26,101.26,101.46,2035912
2014-07-15,103.17,104.12,101.74,103.32,2583642
2014-07-16,103.9,103.9,101.97,102.77,1511088
2014-07-17,101.6,102.54,98.59,98.95,2671652
2014-07-18,100.42,102.27,99.82,101.9101,1743653
2014-07-21,101.11,101.64,100.1,101.31,1532360
2014-07-22,102.3,102.89,101.83,102.35,1145375
2014-07-23,102.8,103.47,102.09,103.01,902306
2014-07-24,103.39,104.1,103.2101,103.65,928163
2014-07-25,102.8,102.84,101.26,101.74,1500318
2014-07-28,101.83,102.23,100.04,101.86,1664926
2014-07-29,102.39,102.67,100.2601,100.31,2068642
2014-07-30,101.68,102.29,99.7,101.28,2301751
2014-07-31,99.8,100.02,95.52,95.56,3657176
2014-08-01,95.2,95.95,92.34,93.45,3209959
2014-08-04,94.25,95.88,93.1401,95.48,1810980
2014-08-05,94.3,95.06,91.8382,92.84,2296023
2014-08-06,91.52,94.99,91.5,93.77,1766092
2014-08-07,95.15,95.4399,91.91,92.47,1962708
2014-08-08,93.04,95.15,91.9,95.02,1834180
2014-08-11,96.11,96.565,95.27,95.59,2230759
2014-08-12,95.5,96.69,95.02,95.82,1492210
2014-08-13,96.66,98.0,96.38,97.67,1471862
2014-08-14,97.91,99.0,97.75,98.96,1039315
2014-08-15,99.65,100.2,96.2,97.98,2750381
2014-08-18,99.55,101.1,99.46,100.91,1752907
2014-08-19,101.51,102.14,101.2,101.43,1177528
2014-08-20,100.9,102.7,100.68,102.39,1527667
2014-08-21,102.81,105.75,102.5277,105.25,2017393
2014-08-22,105.06,105.8999,103.9601,104.24,1275217
2014-08-25,105.82,107.39,105.7201,106.41,1239667
2014-08-26,106.9,108.145,106.67,107.26,799895
2014-08-27,107.31,107.78,106.2,106.71,922087
2014-08-28,105.87,105.951,104.6048,105.48,836023
2014-08-29,105.99,107.21,105.631,106.73,779312
2014-09-02,107.38,108.3899,106.43,107.96,1589691
2014-09-03,109.04,109.3999,106.9684,107.62,1225205
2014-09-04,108.11,109.4,106.65,107.6,1376410
2014-09-05,107.11,108.25,105.61,108.16,1302794
2014-09-08,107.87,109.2999,107.27,108.23,1150281
2014-09-09,107.42,107.68,104.83,105.31,1346274
2014-09-10,105.5,107.03,105.13,106.46,1050736
2014-09-11,105.2,107.26,105.1,106.99,942468
2014-09-12,106.78,107.73,104.941,105.93,1140783
2014-09-15,105.88,106.46,105.02,105.72,1422522
2014-09-16,105.24,107.68,105.12,106.99,1298006
2014-09-17,107.37,109.74,106.5,108.08,1962445
2014-09-18,109.07,111.38,108.84,110.87,1906140
2014-09-19,112.0,112.7,109.0,109.76,2134859
2014-09-22,108.99,109.5699,107.0,107.2,1565934
2014-09-23,106.55,107.99,104.84,104.9,1887214
2014-09-24,105.57,106.92,104.4,106.68,1204031
2014-09-25,105.81,106.0,101.76,101.79,2600632
2014-09-26,102.32,105.15,102.0,104.43,1545949
2014-09-29,101.93,103.94,101.2501,103.44,1611014
2014-09-30,104.2,104.65,102.26,102.97,1313167
2014-10-01,102.36,102.92,98.91,99.57,2587975
2014-10-02,99.2,101.13,97.3405,100.02,2216365
2014-10-03,102.38,104.45,101.75,104.0,1894387
2014-10-06,105.01,105.669,102.89,103.69,2082261
2014-10-07,102.5,102.74,98.16,98.42,2551920
2014-10-08,98.72,103.6034,97.63,103.41,2641482
2014-10-09,102.74,103.33,97.35,97.52,3899369
2014-10-10,97.6,100.06,95.0,95.25,3197172
2014-10-13,95.34,96.83,92.57,92.65,3366450
2014-10-14,93.79,96.09,92.8,93.99,2823681
2014-10-15,90.53,91.49,83.701,89.47,6194103
2014-10-16,85.01,91.349,85.01,89.81,2926713
2014-10-17,92.91,94.0,91.1705,92.78,2429260
2014-10-20,92.25,94.85,92.03,94.85,1929458
2014-10-21,96.13,100.22,96.02,100.0,3272099
2014-10-22,100.44,100.95,97.65,97.72,1870989
2014-10-23,100.35,102.08,99.96,100.37,2395281
2014-10-24,100.52,102.79,100.04,102.71,1532808
2014-10-27,101.56,103.37,101.23,103.37,1340990
2014-10-28,104.22,106.6,103.85,106.52,1654624
2014-10-29,106.8,107.74,104.61,106.98,2106615
2014-10-30,119.0,119.41,116.94,118.21,828643
2014-10-31,112.87,114.22,112.4,113.76,1957643
2014-11-03,113.83,115.87,113.78,115.01,1264222
2014-11-04,114.35,115.29,112.46,115.24,1118933
2014-11-05,117.33,118.07,115.88,117.8,1361749
2014-11-06,117.81,118.25,116.16,118.08,1131091
2014-11-07,117.8,119.0,116.65,118.25,1357362
2014-11-10,118.31,120.0,118.03,119.93,959785
2014-11-11,119.98,120.2452,118.7601,119.05,868887
2014-11-12,117.52,118.81,117.0,118.59,842052
2014-11-13,119.0,119.41,116.94,118.21,828893
2014-11-14,118.05,118.699,116.7,117.02,736300
2014-11-17,116.16,117.51,116.03,117.12,785895
2014-11-18,116.96,119.15,116.85,118.11,653659
2014-11-19,117.76,118.16,115.9316,117.51,1231554
2014-11-20,116.23,118.029,115.5,117.74,720048
2014-11-21,120.75,121.22,118.841,119.46,2167739
2014-11-24,120.43,122.0,120.34,121.55,1308083
2014-11-25,122.25,122.37,120.55,121.49,1152115
2014-11-26,121.84,122.31,121.27,122.13,556988
2014-11-28,122.47,124.11,122.12,122.49,642098
2014-12-01,121.06,121.4999,119.371,119.78,1217844
2014-12-02,120.04,123.1299,120.0,122.73,1145346
2014-12-03,123.22,124.94,122.41,124.52,981283
2014-12-04,124.3,125.46,122.87,125.05,1153297
2014-12-05,126.16,129.04,126.16,128.09,1858907
2014-12-08,127.85,131.48,127.43,129.33,2280438
2014-12-09,125.12,128.76,123.8001,128.76,1511857
2014-12-10,127.45,128.6799,123.15,123.53,1393898
2014-12-11,125.91,127.78,124.3306,124.95,882749
2014-12-12,122.15,124.23,117.31,117.5,2055764
2014-12-15,119.63,120.06,112.91,114.64,2452375
2014-12-16,112.98,117.82,111.3601,111.52,2112868
2014-12-17,113.03,119.12,112.68,118.95,1628219
2014-12-18,122.92,126.9,122.09,126.88,2104024
2014-12-19,127.15,128.5,125.54,127.04,1421384
2014-12-22,127.65,129.71,126.95,129.36,1079899
2014-12-23,130.44,132.65,130.25,131.33,1115163
2014-12-24,132.05,132.37,130.93,131.08,427061
2014-12-26,132.0,132.54,130.9,130.99,639353
2014-12-29,130.49,133.968,130.07,132.13,1039519
2014-12-30,131.3,132.43,130.66,131.77,920541
2014-12-31,132.34,132.78,127.05,127.15,1068273
2015-01-02,129.31,130.02,124.8,127.54,1316407
2015-01-05,125.52,126.0,119.5201,120.29,1520953
2015-01-06,121.16,121.4,114.0,115.56,2129993
2015-01-07,118.7,120.02,116.501,119.48,1610518
2015-01-08,122.3,125.22,122.1001,124.67,1336883
2015-01-09,124.73,125.1,119.68,120.34,1325813
2015-01-12,120.05,120.8,116.41,117.7,1260982
2015-01-13,119.6,122.0958,114.03,116.66,1810028
2015-01-14,111.74,113.15,108.0,112.27,2566608
2015-01-15,111.52,112.9499,107.93,108.66,2078059
2015-01-16,107.93,112.56,106.78,112.44,1899659
2015-01-20,113.62,114.55,109.68,111.07,1445294
2015-01-21,110.38,113.2,108.85,111.67,1080713
2015-01-22,113.54,119.72,111.29,119.21,2019781
2015-01-23,118.7,119.77,116.17,116.27,1191141
2015-01-26,116.01,118.1,114.6,118.03,730055
2015-01-27,114.21,116.56,113.016,114.47,1455292
2015-01-28,115.98,116.18,108.44,108.59,1864113
2015-01-29,109.28,111.7,107.09,111.17,1673003
2015-01-30,109.36,111.44,106.52,106.76,1941902
2015-02-02,108.21,111.36,104.5,110.99,1838806
2015-02-03,112.43,116.44,112.07,116.3,1945333
2015-02-04,115.0,118.38,114.8,115.89,1420504
2015-02-05,117.14,119.93,116.5,119.7,1142372
2015-02-06,121.58,124.1394,119.82,120.69,1991772
2015-02-09,119.21,120.77,118.3201,119.2,1075934
2015-02-10,121.63,122.0,118.88,121.73,974452
2015-02-11,121.08,122.57,119.45,121.48,897013
2015-02-12,122.9,126.1,122.2029,125.79,1461467
2015-02-13,125.95,126.58,124.02,125.53,1131186
2015-02-17,124.45,127.41,124.3128,126.71,832825
2015-02-18,125.72,126.1,124.04,125.05,897072
2015-02-19,124.12,124.87,122.86,123.61,923251
2015-02-20,122.42,126.97,121.0916,126.69,1666203
2015-02-23,126.09,126.21,123.866,125.7,953898
2015-02-24,126.14,127.83,125.55,126.77,1283655
2015-02-25,126.63,128.14,126.26,126.92,885409
2015-02-26,126.44,126.8586,124.59,125.83,780881
2015-02-27,125.09,126.139,124.17,124.35,531224
2015-03-02,124.31,127.4,124.22,127.37,781506
2015-03-03,126.59,127.1906,124.26,126.39,694055
2015-03-04,125.0,125.43,122.74,123.98,857469
2015-03-05,124.46,125.76,123.6701,125.44,575345
2015-03-06,125.29,127.929,121.57,122.14,2109966
2015-03-09,122.27,124.3,122.23,123.61,822277
2015-03-10,120.5,120.88,116.6,116.78,1660110
2015-03-11,117.66,119.41,117.16,118.44,1118986
2015-03-12,120.8,125.79,120.55,125.65,1801585
2015-03-13,125.19,125.2,120.88,123.08,1222856
2015-03-16,124.36,127.5,124.36,127.07,1308962
2015-03-17,125.55,127.23,124.161,126.48,783423
2015-03-18,125.59,129.77,124.08,128.8,1744461
2015-03-19,128.38,128.38,124.429,126.09,1018744
2015-03-20,127.96,131.13,126.95,130.56,2104559
2015-03-23,130.76,131.9799,128.99,129.08,706049
2015-03-24,128.2,129.01,126.17,126.18,1005145
2015-03-25,126.71,126.71,120.55,120.68,1933880
2015-03-26,119.56,121.66,117.56,120.06,1322259
2015-03-27,119.99,120.37,118.47,119.71,844667
2015-03-30,121.84,125.19,121.79,124.22,2187499
2015-03-31,122.5,123.98,121.5,122.22,1242246
2015-04-01,121.51,122.94,119.2,121.75,1389806
2015-04-02,121.48,124.09,121.4071,123.58,1293219
2015-04-06,121.62,125.18,120.43,124.19,1698618
2015-04-07,124.83,125.28,122.35,122.35,753420
2015-04-08,122.76,125.2099,122.76,124.0,1036491
2015-04-09,123.51,124.7499,121.5805,124.0,896933
2015-04-10,124.08,124.68,123.31,123.88,427081
2015-04-13,123.13,125.89,123.13,124.46,907887
2015-04-14,125.42,125.59,122.69,124.84,1125846
2015-04-15,125.26,127.26,124.75,125.96,883976
2015-04-16,126.0,127.47,123.88,126.24,1195976
2015-04-17,124.38,124.38,120.16,121.47,2178720
2015-04-20,123.4,123.97,122.5,122.94,1064040
2015-04-21,123.99,124.4,121.39,121.81,909804
2015-04-22,122.12,125.25,121.45,124.77,1657561
2015-04-23,123.85,126.117,123.57,125.23,794824
2015-04-24,125.67,125.67,123.6904,124.42,594109
2015-04-27,125.02,126.419,122.75,123.07,890314
2015-04-28,123.21,124.87,121.1,124.87,884934
2015-04-29,123.2,126.17,123.03,124.46,1584755
2015-04-30,124.07,125.08,120.1,121.6135,1464409
2015-05-01,122.63,124.6,122.63,124.14,1023730
2015-05-04,124.86,127.41,124.75,127.03,1930550
2015-05-05,126.47,127.91,123.56,124.19,1543324
2015-05-06,124.7,125.88,120.16,122.64,1861348
2015-05-07,121.74,125.98,121.39,125.16,1449667
2015-05-08,126.69,130.41,126.5,130.37,2501050
2015-05-11,130.08,131.34,128.38,128.91,1012646
2015-05-12,127.4,128.67,124.66,127.71,1254349
2015-05-13,128.13,129.15,127.018,127.89,797214
2015-05-14,129.87,131.6,128.97,131.56,1564567
2015-05-15,131.32,131.99,128.98,130.12,743557
2015-05-18,129.74,132.58,129.62,132.16,1233048
2015-05-19,133.0,135.13,132.52,134.43,1028435
2015-05-20,33.72,33.77,33.13,33.28,1857654
2015-05-21,33.11,33.25,32.921,33.01,1617475
2015-05-22,32.88,33.24,32.81,32.99,1255861
2015-05-26,32.75,32.84,31.88,32.11,3150789
2015-05-27,32.36,33.055,32.14,32.93,2115695
2015-05-28,32.75,32.92,32.34,32.86,1049753
2015-05-29,32.67,32.77,31.87,32.0,2705745
2015-06-01,32.51,32.61,31.85,32.14,2128511
2015-06-02,32.1,32.57,31.68,32.28,1685002
2015-06-03,32.66,33.215,32.3951,32.83,2922660
2015-06-04,32.77,32.82,31.92,32.06,3628390
2015-06-05,32.55,32.98,32.16,32.46,3881572
2015-06-08,32.5,32.67,31.87,31.89,2575371
2015-06-09,32.0,32.4099,31.6,32.09,2608982
2015-06-10,32.5,33.65,32.42,33.58,4984411
2015-06-11,33.75,34.05,33.5,33.83,2678318
2015-06-12,33.54,33.77,33.181,33.46,2151314
2015-06-15,32.89,33.32,32.4,33.02,3344735
2015-06-16,33.06,33.65,32.77,33.57,2761159
2015-06-17,33.73,33.97,33.17,33.42,3763213
2015-06-18,33.72,34.56,33.54,34.36,4181814
2015-06-19,34.11,34.2399,33.5,33.5,2585189
2015-06-22,34.34,34.63,34.13,34.2,2868995
2015-06-23,34.39,34.66,34.25,34.47,2381453
2015-06-24,34.22,34.409,33.58,33.58,3419411
2015-06-25,34.03,34.03,32.9,32.9,2817923
2015-06-26,33.25,33.5,32.97,33.29,2083885
2015-06-29,32.27,32.659,30.93,30.97,6630130
2015-06-30,31.84,31.9421,31.0,31.3,5125993
2015-07-01,32.59,32.73,32.1,32.6,3577713
2015-07-02,32.58,32.84,31.89,32.22,2842918
2015-07-06,31.25,32.1401,31.172,32.01,2766429
2015-07-07,32.1,32.2514,30.5683,32.25,4482216
2015-07-08,31.3,31.5799,30.52,30.6,4005954
2015-07-09,31.66,31.98,31.08,31.21,3037085
2015-07-10,32.22,32.53,31.95,32.4,2870021
2015-07-13,33.01,33.395,32.89,33.33,3480705
2015-07-14,33.09,33.77,33.0,33.66,2499231
2015-07-15,33.91,34.38,33.67,34.24,4062253
2015-07-16,34.85,35.15,34.77,35.1,4534160
2015-07-17,35.16,35.17,34.511,34.89,3226838
2015-07-20,35.1,35.51,34.8838,35.18,3179918
2015-07-21,35.03,35.5946,34.75,34.94,2453605
2015-07-22,34.78,35.725,34.76,35.54,2689162
2015-07-23,35.66,35.7245,34.4,34.65,2738801
2015-07-24,34.66,34.93,33.89,34.05,2974906
2015-07-27,33.45,33.54,33.0,33.24,3071995
2015-07-28,33.83,33.9,33.05,33.76,2886125
2015-07-29,33.83,34.83,33.76,34.69,2469450
2015-07-30,34.4,34.95,34.2233,34.89,2106480
2015-07-31,34.79,35.07,34.43,34.53,1374069
2015-08-03,34.52,34.773,33.94,34.59,2019599
2015-08-04,34.56,35.02,34.33,34.45,1766271
2015-08-05,34.85,35.37,34.52,34.75,2215691
2015-08-06,34.81,35.02,33.92,34.23,2360563
2015-08-07,34.14,34.5099,33.67,34.37,2951169
2015-08-10,34.97,35.38,34.93,35.37,2379947
2015-08-11,34.46,34.8131,34.15,34.46,2620649
2015-08-12,33.7,33.9,32.27,33.83,5004562
2015-08-13,33.93,34.45,33.37,34.05,2237538
2015-08-14,33.89,34.75,33.89,34.75,1949343
2015-08-17,34.44,35.05,33.98,35.05,2141809
2015-08-18,34.89,35.18,34.73,34.94,1851715
2015-08-19,34.62,34.871,33.65,34.04,4105271
2015-08-20,33.25,33.25,32.01,32.15,4850584
2015-08-21,31.03,31.5,29.16,29.29,8827168
2015-08-24,25.0,27.92,24.6,25.72,8747009
2015-08-25,27.86,27.98,23.9,24.08,5771837
2015-08-26,26.0,26.69,24.4,26.54,8634760
2015-08-27,27.95,28.76,27.12,28.54,6877612
2015-08-28,28.1,28.55,27.82,28.43,3393755
2015-08-31,27.78,28.13,27.5201,27.66,3241374
2015-09-01,25.75,26.31,24.55,25.03,7522446
2015-09-02,25.95,26.13,25.07,26.13,2966237
2015-09-03,26.3,27.1801,26.13,26.43,4471137
2015-09-04,25.5,25.67,24.5166,25.01,4960328
2015-09-08,26.24,26.84,25.86,26.76,4182594
2015-09-09,27.45,27.7,25.56,25.75,4532715
2015-09-10,25.4,26.59,25.4,25.93,5397110
2015-09-11,25.8,26.44,25.52,26.38,2951081
2015-09-14,26.23,26.48,26.01,26.18,2649314
2015-09-15,26.42,27.48,26.21,27.31,3550669
2015-09-16,27.34,27.92,26.97,27.77,3374545
2015-09-17,27.66,28.42,26.76,26.99,7473213
2015-09-18,25.93,26.36,25.42,25.61,6620042
2015-09-21,26.15,26.75,26.0,26.43,4583111
2015-09-22,25.48,25.74,24.95,25.47,5921097
2015-09-23,25.53,25.84,25.1614,25.62,3531872
2015-09-24,25.01,25.2065,24.4299,25.1,5919588
2015-09-25,25.88,26.45,25.58,25.95,6276425
2015-09-28,25.51,25.59,23.85,24.06,7582132
2015-09-29,24.15,24.3591,23.61,24.22,5868729
2015-09-30,25.0,25.2,24.35,25.11,5271564
2015-10-01,25.17,25.52,24.5064,25.34,9771844
2015-10-02,24.0,25.5,23.25,25.5,16035958
2015-10-05,25.95,27.14,25.93,27.03,9814146
2015-10-06,26.9,27.16,26.57,26.71,7326879
2015-10-07,27.21,27.71,26.82,27.43,11907501
2015-10-08,27.25,28.01,26.991,27.9,5937048
2015-10-09,28.06,28.15,27.19,27.57,4010618
2015-10-12,27.65,27.8499,27.38,27.78,3096325
2015-10-13,27.37,27.93,27.2,27.28,4625500
2015-10-14,27.27,27.38,26.4,26.53,4831866
2015-10-15,26.95,28.19,26.91,28.19,5472180
2015-10-16,28.28,28.6599,28.14,28.51,4921795
2015-10-19,28.03,28.81,28.02,28.66,3279374
2015-10-20,28.67,29.185,28.56,29.06,3260343
2015-10-21,29.3,29.39,28.24,28.33,4290928
2015-10-22,28.83,29.96,28.66,29.66,6292980
2015-10-23,30.36,30.574,29.8901,30.48,4931401
2015-10-26,30.43,30.55,29.96,30.34,2935559
2015-10-27,29.91,30.01,29.4201,29.77,3467585
2015-10-28,29.99,31.77,29.8808,31.7,5645566
2015-10-29,31.45,31.8701,31.04,31.35,4316058
2015-10-30,31.43,31.48,30.18,30.26,3954865
2015-11-02,30.42,31.59,30.34,31.4,3901871
2015-11-03,31.13,31.74,30.8498,31.41,3277201
2015-11-04,31.67,31.7,31.02,31.21,4055123
2015-11-05,31.27,31.81,31.14,31.68,3573901
2015-11-06,33.13,33.15,31.94,32.27,7203820
2015-11-09,32.45,32.4889,30.78,31.27,6228675
2015-11-10,31.2,31.74,30.9699,31.69,3895463
2015-11-11,32.06,32.12,31.45,31.53,2928134
2015-11-12,31.09,31.1,30.01,30.05,5240540
2015-11-13,29.69,30.16,29.08,29.26,5398434
2015-11-16,29.18,30.35,28.91,30.35,3414234
2015-11-17,30.56,30.98,30.0201,30.19,4840120
2015-11-18,30.53,31.77,30.424,31.72,5399477
2015-11-19,31.62,31.94,31.42,31.77,4059030
2015-11-20,32.0,32.3,31.741,31.94,3203186
2015-11-23,31.94,32.2501,31.59,31.73,2895390
2015-11-24,31.17,31.72,30.64,31.47,4699672
2015-11-25,31.68,31.6899,31.3399,31.49,2596891
2015-11-27,31.54,31.88,31.289,31.81,1463796
2015-11-30,31.99,32.04,31.5,31.56,2987065
2015-12-01,31.81,32.58,31.75,32.57,4341003
2015-12-02,32.65,32.67,31.29,31.46,3897764
2015-12-03,31.84,31.84,29.73,29.97,5329119
2015-12-04,30.3,32.29,30.26,32.14,6629368
2015-12-07,31.91,32.02,30.8878,31.38,4132393
2015-12-08,30.5,31.0101,30.09,30.349,4667148
2015-12-09,30.03,30.9,28.88,29.34,7020292
2015-12-10,29.4,30.16,29.09,29.37,3599109
2015-12-11,28.3,28.64,27.1,27.51,8681351
2015-12-14,27.55,28.18,26.76,27.67,7029064
2015-12-15,28.5,29.8161,28.37,29.46,5408150
2015-12-16,30.15,30.98,29.3911,30.75,8844345
2015-12-17,31.06,31.07,29.45,29.49,6362684
2015-12-18,28.8,29.01,27.41,27.41,8270278
2015-12-21,28.15,28.35,27.44,28.12,5322274
2015-12-22,28.46,29.0,27.89,28.79,5005604
2015-12-23,29.23,29.9,29.0901,29.89,6212589
2015-12-24,29.7,30.1851,29.53,29.83,1444621
2015-12-28,29.4,29.72,28.9738,29.67,2821028
2015-12-29,30.14,30.68,30.11,30.61,4218506
2015-12-30,30.44,30.5,29.81,29.89,2795944
2015-12-31,29.38,30.06,29.06,29.069,3945130
2016-01-04,27.34,27.4688,26.51,27.41,9357361
2016-01-05,27.64,27.91,27.07,27.74,5957889
2016-01-06,26.73,27.04,26.18,26.57,6955030
2016-01-07,24.94,25.7,24.2238,24.4,8874682
2016-01-08,25.17,25.27,23.18,23.26,8050523
2016-01-11,23.73,23.83,22.78,23.49,8075234
2016-01-12,24.2,24.25,23.0,23.872,7117217
2016-01-13,24.25,24.38,21.79,22.0,12508474
2016-01-14,22.33,23.17,21.58,22.66,10585245
2016-01-15,20.97,21.47,20.3501,21.19,11108160
2016-01-19,21.96,22.03,20.7003,21.05,6447311
2016-01-20,19.98,20.55,18.5601,19.89,11813981
2016-01-21,19.94,20.777,19.61,19.77,4589720
2016-01-22,20.6,21.13,20.485,20.89,10258904
2016-01-25,20.72,20.83,19.58,19.62,5976654
2016-01-26,19.88,20.8,19.8535,20.66,5723025
2016-01-27,20.5,21.38,19.88,20.22,6169162
2016-01-28,20.81,20.91,19.95,20.21,6235977
2016-01-29,20.5,22.05,20.46,21.99,6861303
2016-02-01,21.64,22.22,21.33,21.85,4528286
2016-02-02,21.04,21.13,20.06,20.27,6305063
2016-02-03,20.56,20.61,18.77,20.37,15091263
2016-02-04,20.04,21.13,20.02,20.79,8621526
2016-02-05,20.73,21.03,19.64,19.81,7204548
2016-02-08,19.09,19.1,17.5,18.22,14164083
2016-02-09,17.45,18.47,17.3,18.04,5097792
2016-02-10,18.48,19.16,17.97,17.97,13072182
2016-02-11,16.56,17.02,16.13,16.58,14138569
2016-02-12,17.47,18.41,17.33,18.35,6432188
2016-02-16,19.16,19.46,18.77,19.3492,6461271
2016-02-17,19.8,20.301,19.7,20.07,5772290
2016-02-18,20.18,20.2975,19.53,19.75,5136521
2016-02-19,19.51,20.013,19.2501,19.88,4337105
2016-02-22,20.55,20.9199,20.51,20.7,4094741
2016-02-23,20.41,20.45,19.64,19.72,5064408
2016-02-24,18.94,19.81,18.47,19.69,6936067
2016-02-25,19.74,20.54,19.69,20.54,4335778
2016-02-26,20.95,21.3,20.58,20.81,5333977
2016-02-29,20.84,21.11,20.18,20.18,4022066
2016-03-01,20.7,22.25,20.67,22.25,7159546
2016-03-02,22.11,22.75,22.06,22.75,6090490
2016-03-03,22.79,23.19,22.45,23.17,4845748
2016-03-04,23.64,23.75,22.96,23.41,6430142
2016-03-07,23.19,23.43,22.8,23.29,5591296
2016-03-08,22.81,22.94,22.1299,22.2,5328816
2016-03-09,22.53,22.5989,22.04,22.29,4412929
2016-03-10,22.74,23.0,21.46,22.24,7114061
2016-03-11,22.8,23.92,22.78,23.89,6009167
2016-03-14,23.68,23.81,23.2499,23.6,4125313
2016-03-15,23.3,23.55,22.95,23.5,3608370
2016-03-16,23.21,23.83,23.06,23.57,4591152
2016-03-17,23.4,24.62,23.17,24.41,5401812
2016-03-18,24.83,25.27,24.67,24.99,5023812
2016-03-21,24.9,25.33,24.65,24.9,3277400
2016-03-22,24.44,25.02,24.31,24.78,3451969
2016-03-23,24.67,24.73,24.23,24.27,2980670
2016-03-24,23.75,23.83,23.22,23.8,3753433
2016-03-28,24.09,24.24,23.705,24.02,3077878
2016-03-29,23.73,24.44,23.48,24.44,3804594
2016-03-30,24.8,25.3,24.72,24.86,3569861
2016-03-31,24.7,25.077,24.6,24.77,3187951
2016-04-01,24.35,25.4401,24.1,25.38,4498502
2016-04-04,25.33,25.42,24.83,24.98,2911845
2016-04-05,24.38,24.48,23.9,24.0,4209213
2016-04-06,23.98,24.5,23.74,24.48,3348486
2016-04-07,24.05,24.05,22.83,23.15,4592541
2016-04-08,23.61,24.06,23.3,23.45,4645439
2016-04-11,23.76,24.265,23.6,23.6,4494384
2016-04-12,23.78,24.55,23.54,24.48,4916842
2016-04-13,25.2,25.99,25.05,25.98,6842207
2016-04-14,25.77,26.4779,25.6563,26.13,4970755
2016-04-15,26.22,26.347,25.8022,25.96,3825857
2016-04-18,25.65,26.55,25.65,26.51,3974469
2016-04-19,26.75,27.3034,26.7,27.24,4189859
2016-04-20,27.35,27.98,27.27,27.81,4358953
2016-04-21,28.0,28.07,26.875,27.03,4306634
2016-04-22,27.0,27.76,26.99,27.64,3732208
2016-04-25,27.39,27.52,26.93,27.46,2637967
2016-04-26,27.61,28.0,27.45,27.87,2906370
2016-04-27,27.98,28.28,27.61,28.08,3968852
2016-04-28,27.56,28.11,27.0,27.24,3489673
2016-04-29,26.89,27.12,26.15,26.72,4633239
2016-05-02,26.94,27.63,26.74,27.55,3382364
2016-05-03,26.95,26.95,25.909,26.55,3967081
2016-05-04,26.0,26.3699,25.66,26.1,3695672
2016-05-05,26.36,26.48,25.89,26.07,3029383
2016-05-06,25.52,26.51,25.5,26.45,3352343
2016-05-09,26.37,26.77,26.11,26.43,2490932
2016-05-10,26.81,27.47,26.75,27.43,3466240
2016-05-11,27.28,27.42,26.55,26.58,2611276
2016-05-12,26.93,27.11,26.15,26.66,3591020
2016-05-13,26.65,26.91,25.61,25.79,3902617
2016-05-16,25.85,26.495,25.79,26.19,3380833
2016-05-17,26.2,26.24,25.37,25.61,3721662
2016-05-18,25.47,26.89,25.45,26.75,6803578
2016-05-19,26.41,26.68,25.53,26.07,5103821
2016-05-20,26.5,26.95,26.34,26.54,3279007
2016-05-23,26.47,26.73,26.22,26.5,2010365
2016-05-24,26.99,27.88,26.9,27.71,4553356
2016-05-25,28.16,28.78,28.11,28.37,4650163
2016-05-26,28.72,28.72,27.9208,28.01,4442576
2016-05-27,28.15,28.58,28.05,28.54,2785494
2016-05-31,28.93,28.95,28.1101,28.38,4536891
2016-06-01,27.88,28.66,27.55,28.59,3271509
2016-06-02,28.32,28.815,28.135,28.8,2550931
2016-06-03,27.68,27.99,26.94,27.83,5115528
2016-06-06,27.92,28.56,27.87,28.22,2911248
2016-06-07,28.33,28.5,28.02,28.06,2130457
2016-06-08,28.16,28.32,27.99,28.29,2654004
2016-06-09,27.78,27.86,27.37,27.72,3475391
2016-06-10,26.92,27.04,26.45,26.72,4598751
2016-06-13,26.38,27.02,26.0,26.0,4302822
2016-06-14,25.85,26.1323,24.7,25.15,5796167
2016-06-15,25.35,25.9,25.07,25.15,4521343
2016-06-16,24.71,25.37,24.17,25.33,4881221
2016-06-17,25.47,25.51,24.87,25.15,3413629
2016-06-20,26.38,26.69,25.605,25.63,4201243
2016-06-21,25.82,26.12,25.61,25.94,2633710
2016-06-22,25.92,26.43,25.78,25.81,3006800
2016-06-23,26.6,27.35,26.59,27.34,4480399
2016-06-24,23.35,25.015,23.34,23.38,10562532
2016-06-27,22.7,22.74,21.14,21.49,8148459
2016-06-28,22.6,23.06,22.11,23.03,7689549
2016-06-29,23.46,24.55,23.46,24.52,8606902
2016-06-30,24.74,25.48,24.39,25.46,6703668
2016-07-01,25.22,25.66,25.0613,25.18,3726133
2016-07-05,24.57,24.66,23.93,24.28,4401611
2016-07-06,23.85,24.48,23.55,24.42,4496387
2016-07-07,24.59,24.97,24.162,24.5,3746462
2016-07-08,25.31,25.9,25.28,25.78,5617977
2016-07-11,26.11,26.47,26.03,26.23,3896645
2016-07-12,26.78,27.23,26.6999,27.14,3813450
2016-07-13,27.05,27.3,26.85,27.19,2870568
2016-07-14,28.44,28.57,27.704,27.83,4240224
2016-07-15,28.21,28.27,27.29,27.67,3290825
2016-07-18,27.73,28.04,27.65,27.9,2084636
2016-07-19,27.61,28.08,27.58,28.08,1961154
2016-07-20,28.3,28.39,27.9,28.27,2275008
2016-07-21,28.3,28.33,27.81,27.94,2568881
2016-07-22,28.04,28.49,27.91,28.43,2092667
2016-07-25,28.27,28.47,28.04,28.23,1950540
2016-07-26,28.16,28.47,28.0,28.37,2786849
2016-07-27,28.32,28.45,27.99,28.23,3305622
2016-07-28,28.05,28.68,27.83,28.52,2591866
2016-07-29,28.26,28.73,28.17,28.37,2175556
2016-08-01,28.4,28.73,28.03,28.2,2496433
2016-08-02,27.97,28.22,27.26,27.47,2649125
2016-08-03,27.28,28.14,27.28,28.13,1922901
2016-08-04,28.09,28.26,27.83,28.05,1370059
2016-08-05,28.65,29.45,28.53,29.44,4360187
2016-08-08,29.62,29.75,29.3,29.44,3190187
2016-08-09,29.55,29.67,29.36,29.56,2207197
2016-08-10,29.59,29.62,28.86,28.99,2103742
2016-08-11,29.27,29.4177,28.88,29.07,1786416
2016-08-12,28.71,29.04,28.57,28.94,2218659
2016-08-15,29.21,29.489,29.1,29.39,2001524
2016-08-16,29.17,29.31,29.001,29.06,2168860
2016-08-17,29.13,29.37,28.85,29.3,2158346
2016-08-18,29.33,29.42,29.01,29.29,1843906
2016-08-19,29.05,29.22,28.72,29.14,1954090
2016-08-22,29.14,29.3,28.88,29.26,1648241
2016-08-23,29.55,29.8,29.4,29.4,2065552
2016-08-24,29.4,29.58,29.0751,29.2,1513003
2016-08-25,29.19,29.6,29.05,29.42,1538398
2016-08-26,29.72,30.13,29.001,29.48,4744604
2016-08-29,29.67,30.47,29.51,30.21,2710961
2016-08-30,30.44,30.88,30.2,30.86,3208195
2016-08-31,30.83,30.99,30.27,30.92,2922474
2016-09-01,31.02,31.2,30.03,30.64,3511724
2016-09-02,30.85,31.4,30.77,31.18,3016660
2016-09-06,31.26,31.3,30.46,31.06,2888631
2016-09-07,30.86,31.305,30.67,31.26,2033415
2016-09-08,31.15,31.3542,30.96,31.1,2376341
2016-09-09,30.83,30.83,29.2,29.21,5499611
2016-09-12,28.64,30.45,28.46,30.18,4479876
2016-09-13,29.36,29.44,28.3648,28.7,5178257
2016-09-14,28.76,29.17,28.23,28.43,3523176
2016-09-15,28.48,29.2,28.1499,29.01,3457217
2016-09-16,28.66,28.767,28.04,28.3,2491297
2016-09-19,28.86,29.22,28.49,28.79,2463021
2016-09-20,29.18,29.46,28.76,28.81,1801573
2016-09-21,29.21,29.65,28.69,29.57,5461849
2016-09-22,30.0,30.31,29.89,30.11,3535797
2016-09-23,29.86,30.08,29.67,29.7,2015759
2016-09-26,29.21,29.36,28.65,28.79,2614739
2016-09-27,28.62,29.27,28.39,29.11,2569229
2016-09-28,29.41,29.67,28.7799,29.63,2655505
2016-09-29,29.54,29.77,28.115,28.42,4839474
2016-09-30,28.92,29.53,28.61,29.15,3627908
2016-10-03,28.94,29.0461,28.4,28.56,2348607
2016-10-04,28.77,29.01,28.31,28.57,4068875
2016-10-05,28.83,29.27,28.83,29.07,2761096
2016-10-06,29.11,29.21,28.619,29.13,1793725
2016-10-07,29.2,29.44,28.59,29.04,2886197
2016-10-10,29.52,29.7246,29.4,29.44,1760151
2016-10-11,29.29,29.36,28.18,28.54,3414941
2016-10-12,28.73,29.12,28.525,28.9,1845484
2016-10-13,28.25,28.44,27.58,28.33,3824818
2016-10-14,29.18,29.31,28.43,28.57,3730939
2016-10-17,28.65,28.84,28.21,28.32,1868332
2016-10-18,29.05,29.1,28.66,28.86,2290011
2016-10-19,29.13,29.64,28.99,29.46,2690649
2016-10-20,29.39,29.9,29.08,29.31,2389118
2016-10-21,28.93,29.47,28.76,29.43,1882617
2016-10-24,29.85,30.15,29.65,29.68,2638087
2016-10-25,29.65,29.76,29.2947,29.48,1886999
2016-10-26,29.17,29.696,29.065,29.54,1672491
2016-10-27,29.81,29.82,29.1,29.19,2256506
2016-10-28,29.43,29.68,28.63,29.08,3490576
2016-10-31,29.35,29.55,29.22,29.36,1873606
2016-11-01,29.54,29.59,28.11,28.63,3410597
2016-11-02,28.33,28.49,27.65,27.86,3187075
2016-11-03,28.01,28.42,27.68,27.82,2262936
2016-11-04,27.84,28.27,27.4246,27.66,2553705
2016-11-07,28.97,29.58,28.83,29.5,3960126
2016-11-08,29.29,30.05,28.98,29.77,3565999
2016-11-09,30.51,32.22,29.7001,31.83,11119804
2016-11-10,32.78,34.13,32.32,33.72,11226059
2016-11-11,33.24,34.12,33.12,34.05,5841624
2016-11-14,34.57,35.94,34.481,35.75,8073910
2016-11-15,35.22,35.74,34.63,35.66,5116569
2016-11-16,34.84,35.16,34.5301,34.86,3684055
2016-11-17,34.97,36.0,34.79,35.75,3719881
2016-11-18,35.95,36.12,35.61,35.99,2970184
2016-11-21,36.36,36.49,35.8,36.28,3630888
2016-11-22,36.79,36.79,36.0,36.61,2888338
2016-11-23,36.61,36.945,36.07,36.93,3530581
2016-11-25,37.04,37.18,36.88,37.18,1122556
2016-11-28,36.67,37.07,35.99,36.2,3052457
2016-11-29,36.21,36.809,36.18,36.48,2526592
2016-11-30,37.5,37.56,36.75,37.01,3595358
2016-12-01,37.41,38.04,37.08,37.66,3882354
2016-12-02,37.31,37.59,36.89,37.17,2907091
2016-12-05,37.85,38.57,37.81,38.44,3818635
2016-12-06,38.75,39.3,38.31,39.3,3400745
2016-12-07,39.38,41.32,39.22,41.23,5706643
2016-12-08,41.57,42.83,41.17,42.25,7871350
2016-12-09,42.28,42.42,41.68,42.42,4521294
2016-12-12,42.16,42.54,41.18,41.62,4181008
2016-12-13,41.89,42.41,41.07,41.79,5246263
2016-12-14,41.14,42.56,40.48,40.89,9009729
2016-12-15,41.72,42.55,41.03,41.63,6073506
2016-12-16,41.96,42.04,40.89,41.09,4594414
2016-12-19,41.34,41.48,40.64,41.44,2967172
2016-12-20,42.0,42.47,41.84,42.44,2938935
2016-12-21,42.35,42.4,42.0,42.0,2410985
2016-12-22,42.0,42.06,41.18,41.63,2292593
2016-12-23,41.59,41.89,41.4301,41.83,1260480
2016-12-27,42.1,42.25,41.9501,42.06,1362599
2016-12-28,42.35,42.35,40.82,40.95,2485449
2016-12-29,40.83,41.3,40.2,40.55,1840853
2016-12-30,40.71,41.18,40.44,40.9,2403772
2017-01-03,42.0,42.62,41.09,41.96,3802608
2017-01-04,42.12,43.42,42.12,43.27,4446020
2017-01-05,43.01,43.16,41.66,42.64,3979869
2017-01-06,42.96,43.48,42.49,43.02,3214087
2017-01-09,42.55,42.83,42.05,42.2,3351455
2017-01-10,42.25,42.97,41.805,42.24,3110021
2017-01-11,42.25,42.59,41.61,42.59,4672363
2017-01-12,42.04,42.22,40.93,42.05,4441887
2017-01-13,42.5,43.48,42.0543,42.44,4966239
2017-01-17,41.85,41.9,40.38,40.65,4876189
2017-01-18,41.06,41.3599,40.082,41.35,3288685
2017-01-19,41.45,41.55,40.226,40.59,3629327
2017-01-20,41.0,41.371,40.71,41.1,3393768
2017-01-23,40.94,41.36,40.3701,40.9,2462911
2017-01-24,41.18,42.28,40.88,41.95,3675123
2017-01-25,42.98,43.375,42.55,43.3,3709871
2017-01-26,43.42,43.72,43.08,43.43,3375951
2017-01-27,43.38,43.41,42.59,42.75,2248976
2017-01-30,42.05,42.1099,41.08,42.01,3559276
2017-01-31,41.52,42.19,41.045,41.5,3054241
2017-02-01,42.18,42.62,41.02,41.24,3540691
2017-02-02,40.9,41.63,40.45,41.25,2154952
2017-02-03,42.68,43.44,42.38,43.28,5771887
2017-02-06,42.7,43.56,42.69,42.88,2815425
2017-02-07,43.29,43.43,42.52,42.67,2839936
2017-02-08,42.32,42.41,41.74,42.25,2577078
2017-02-09,42.62,43.69,42.48,43.56,3606138
2017-02-10,43.95,44.26,43.55,44.0,3352880
2017-02-13,44.56,45.69,44.53,45.23,3465138
2017-02-14,45.3,46.4,44.9,46.33,4196224
2017-02-15,46.87,47.28,45.99,47.1,4719446
2017-02-16,47.0,47.25,46.34,47.06,4006652
2017-02-17,46.46,47.04,46.11,47.0,2917942
2017-02-21,47.47,48.0,47.4,47.87,4279168
2017-02-22,47.5,48.13,47.41,47.95,2985910
2017-02-23,48.27,48.33,47.35,48.26,3369419
2017-02-24,47.03,47.68,46.98,47.67,3591609
2017-02-27,47.61,48.37,47.61,48.22,2894864
2017-02-28,47.93,48.04,47.29,47.79,2792754
2017-03-01,49.8,51.11,49.56,50.66,5180269
2017-03-02,50.87,50.92,48.9,48.96,4262324
2017-03-03,49.18,49.55,48.75,49.32,3311206
2017-03-06,48.54,48.82,47.92,48.55,2858466
2017-03-07,48.31,48.53,47.85,48.11,2381982
2017-03-08,49.13,49.29,47.57,47.63,3542803
2017-03-09,47.9,48.61,47.11,47.68,3125683
2017-03-10,48.48,48.51,46.81,47.58,3453943
2017-03-13,47.72,47.98,47.27,47.79,2130779
2017-03-14,47.38,47.56,46.72,47.51,2638321
2017-03-15,47.77,48.24,47.47,47.88,4543980
2017-03-16,48.25,48.85,47.92,48.23,2816527
2017-03-17,48.38,48.44,47.18,47.32,2737102
2017-03-20,47.07,47.21,46.28,46.31,3108143
2017-03-21,46.81,46.84,43.02,43.17,7186015
2017-03-22,42.87,43.47,41.94,43.13,6188936
2017-03-23,42.99,44.7,42.82,43.51,4827119
2017-03-24,43.89,44.22,42.69,43.45,4486500
2017-03-27,41.51,42.9,41.08,42.75,4749499
2017-03-28,42.58,44.54,42.58,44.12,4142242
2017-03-29,44.1,44.17,43.46,43.75,2981005
2017-03-30,43.69,45.25,43.65,45.02,3063685
2017-03-31,44.78,45.11,44.4,44.4,2840073
2017-04-03,44.56,44.79,42.98,44.15,3827226
2017-04-04,43.49,44.23,43.49,43.88,2330478
2017-04-05,44.76,45.23,43.18,43.27,5355712
2017-04-06,43.32,44.33,42.61,43.91,2972060
2017-04-07,43.4,44.31,43.07,43.65,3041964
2017-04-10,43.68,44.32,43.12,43.55,2842716
2017-04-11,43.22,43.55,42.34,43.55,3875826
2017-04-12,43.35,43.5,42.45,42.65,3762422
2017-04-13,42.35,43.2,41.4,41.45,5043572
2017-04-17,41.78,43.3,41.48,43.26,3245590
2017-04-18,42.6,43.1,41.94,42.63,3215893
2017-04-19,43.11,43.51,42.12,42.38,2957988
2017-04-20,43.0,44.09,42.56,43.93,3800314
2017-04-21,43.89,44.06,42.92,43.07,3080200
2017-04-24,44.98,45.25,44.47,44.81,3433276
2017-04-25,45.52,46.22,45.5,45.69,3335935
2017-04-26,45.81,46.54,45.42,45.61,3011889
2017-04-27,45.96,46.13,44.76,45.32,2402875
2017-04-28,45.25,45.32,44.02,44.1,2948498
2017-05-01,44.47,45.13,44.1,44.72,3224458
2017-05-02,44.87,45.05,44.21,44.74,2546705
2017-05-03,44.48,44.97,44.23,44.86,2034650
2017-05-04,45.43,45.65,44.45,45.06,2404588
2017-05-05,45.47,45.49,44.69,45.12,1912701
2017-05-08,45.43,45.44,44.57,44.85,1498608
2017-05-09,45.06,45.23,43.96,44.32,1872497
2017-05-10,44.05,44.82,43.97,44.75,1625256
2017-05-11,44.45,44.5,43.2,44.1,2269883
2017-05-12,43.71,43.9,43.09,43.59,1826371
2017-05-15,43.87,44.71,43.83,44.55,1453936
2017-05-16,44.75,44.8,44.07,44.48,1492000
2017-05-17,42.9,43.33,41.39,41.68,4740247
2017-05-18,41.58,42.56,41.32,41.97,2979975
2017-05-19,42.31,43.5,42.22,42.88,2133967
2017-05-22,43.39,43.64,42.83,43.39,1980430
2017-05-23,43.6,44.51,43.19,44.23,2022657
2017-05-24,44.45,44.64,44.07,44.54,1813523
2017-05-25,44.85,45.3,44.56,44.86,2375493
2017-05-26,44.53,44.93,44.3,44.7,1120326
2017-05-30,44.5,44.5,43.68,43.89,1322919
2017-05-31,43.95,44.0,42.53,43.36,2488565
2017-06-01,43.71,44.66,43.15,44.65,2246999
2017-06-02,44.06,44.94,43.9,44.51,2812787
2017-06-05,44.54,45.19,44.4,44.58,1398703
2017-06-06,43.97,44.4,43.65,44.04,1880677
2017-06-07,44.35,45.03,44.06,44.85,2528708
2017-06-08,44.8,46.34,44.71,45.79,3706507
2017-06-09,46.35,47.6,46.23,47.51,6970608
2017-06-12,47.6,48.12,47.11,47.75,3250026
2017-06-13,48.21,48.61,47.98,48.46,2908993
2017-06-14,48.06,48.82,47.27,48.67,4288985
2017-06-15,47.69,48.76,47.3,48.35,2820030
2017-06-16,48.53,48.53,47.89,48.25,1836714
2017-06-19,48.9,49.5,48.76,49.28,3485793
2017-06-20,49.14,49.18,48.25,48.36,1872783
2017-06-21,48.49,48.49,47.22,47.56,2278428
2017-06-22,47.34,47.38,46.59,46.93,2027054
2017-06-23,47.34,47.39,46.48,46.67,1818633
2017-06-26,47.2,47.94,46.84,47.41,2042945
2017-06-27,47.65,48.63,47.53,47.6,2980458
2017-06-28,48.26,49.51,48.26,49.37,3285260
2017-06-29,51.65,51.65,48.59,49.53,6439069
2017-06-30,50.2,50.25,49.18,49.39,3213318
2017-07-03,49.95,51.67,49.86,50.94,2891601
2017-07-05,51.32,51.38,50.46,50.99,2832307
2017-07-06,50.85,50.89,49.48,49.51,3254461
2017-07-07,50.16,50.67,49.64,50.38,2076838
2017-07-10,50.25,50.55,50.11,50.17,1897825
2017-07-11,50.14,50.14,48.81,49.55,2076217
2017-07-12,49.5,50.4,49.35,50.17,1753864
2017-07-13,50.29,50.94,50.24,50.91,1919835
2017-07-14,49.97,51.14,49.36,50.76,2562059
2017-07-17,50.52,50.94,50.18,50.62,1695240
2017-07-18,50.14,50.64,49.85,50.54,2473497
2017-07-19,50.8,51.03,50.49,51.0,1513606
2017-07-20,51.09,51.47,50.74,50.96,1843490
2017-07-21,50.55,51.27,50.5,50.97,1341919
2017-07-24,50.89,51.59,50.89,51.43,1444554
2017-07-25,52.5,53.21,52.43,52.75,2510703
2017-07-26,53.17,53.29,52.1,52.34,1991090
2017-07-27,52.5,52.58,50.92,51.68,2210261
2017-07-28,51.38,51.75,51.02,51.52,1251257
2017-07-31,52.06,52.56,51.79,52.28,1754988
2017-08-01,52.88,53.38,52.55,53.3,1907950
2017-08-02,53.45,53.48,52.62,53.29,1620571
2017-08-03,53.09,53.15,52.52,52.65,1432422
2017-08-04,53.5,53.9,53.21,53.39,2643509
2017-08-07,53.66,53.9,53.06,53.37,1316839
2017-08-08,53.35,54.24,52.68,52.95,2201423
2017-08-09,52.01,52.74,51.84,52.74,1898440
2017-08-10,52.0,52.08,50.21,50.28,2894744
2017-08-11,50.49,50.62,49.31,49.68,1945058
2017-08-14,50.65,52.05,50.61,51.7,2068800
2017-08-15,52.65,52.65,51.8,52.02,1266377
2017-08-16,52.47,52.75,51.76,52.05,1903281
2017-08-17,51.5,51.89,49.6,49.7,2390533
2017-08-18,49.3,50.25,48.88,49.39,2145015
2017-08-21,49.49,49.59,48.85,49.51,1335949
2017-08-22,50.06,50.9,49.9,50.64,1295286
2017-08-23,49.79,51.21,49.68,50.63,1144108
2017-08-24,51.08,51.25,50.45,50.55,949625
2017-08-25,50.97,51.42,50.75,50.93,1325452
2017-08-28,51.19,51.19,49.95,50.33,1246708
2017-08-29,49.09,50.05,48.82,49.85,1521563
2017-08-30,50.1,50.82,49.85,50.52,1275769
2017-08-31,50.87,51.09,50.47,50.77,1315238
2017-09-01,51.0,51.78,50.85,51.11,1535301
2017-09-05,50.34,50.52,48.13,48.56,3116887
2017-09-06,49.05,49.45,48.65,48.86,1525777
2017-09-07,49.01,49.19,47.17,47.65,2323488
2017-09-08,47.42,48.85,47.26,48.3,1799921
2017-09-11,49.6,50.91,49.46,50.57,2258230
2017-09-12,50.88,51.73,50.68,51.59,1862530
2017-09-13,51.37,51.55,50.98,51.47,1420139
2017-09-14,51.37,51.55,51.15,51.32,1079109
2017-09-15,51.05,51.77,51.05,51.66,1297651
2017-09-18,52.08,52.84,52.08,52.68,1842954
2017-09-19,52.85,53.67,52.71,53.34,1583148
2017-09-20,53.53,54.24,52.93,53.95,2299283
2017-09-21,53.88,54.49,53.75,54.23,1242009
2017-09-22,53.76,54.16,53.54,54.07,1105040
2017-09-25,53.84,54.23,52.93,53.64,1540689
2017-09-26,53.83,54.07,53.39,53.59,1082555
2017-09-27,54.93,55.4,54.33,54.93,2147230
2017-09-28,55.22,55.45,54.54,55.4,1230321
2017-09-29,55.28,55.99,55.19,55.97,1326266
