2013-10-08,102.0,102.0,99.3,99.3,600
2013-10-09,97.65,98.3,97.31,98.07,3815
2013-10-10,99.76,101.23,99.61,101.17,1878
2013-10-11,101.29,102.08,101.27,102.0,1141
2013-10-14,101.52,102.94,101.5,102.79,19090
2013-10-15,102.34,102.45,101.9925,101.9925,2044
2013-10-16,102.52,103.66,102.519,103.622,3770
2013-10-17,104.75,106.65,104.7399,106.58,2815
2013-10-18,106.75,107.46,106.75,107.29,4050
2013-10-21,106.8699,107.64,106.8699,107.64,19553
2013-10-22,109.9,110.25,109.64,110.25,4029
2013-10-23,108.94,109.43,108.89,109.18,5909
2013-10-24,109.57,110.1,109.53,109.94,9380
2013-10-25,109.91,110.6,109.81,110.57,1200
2013-10-28,110.09,110.9,110.09,110.78,35749
2013-10-29,111.31,111.53,111.11,111.47,4273
2013-10-30,111.44,111.48,110.61,110.61,7059
2013-10-31,113.11,113.11,110.0,110.08,6280
2013-11-01,109.5,109.74,108.85,109.74,9809
2013-11-04,109.9099,110.34,109.6,110.34,16981
2013-11-05,109.0799,109.61,108.66,109.4625,6314
2013-11-06,110.97,110.98,110.46,110.79,2044
2013-11-07,110.08,110.09,108.12,108.12,3878
2013-11-08,107.87,109.54,107.86,109.52,7521
2013-11-11,109.3599,109.58,109.3,109.53,24765
2013-11-12,109.0,109.17,108.5,108.53,2420
2013-11-13,107.75,109.22,107.69,109.18,11027
2013-11-14,109.85,110.7,109.79,110.4,3290
2013-11-15,110.9,111.15,110.9,110.9695,3726
2013-11-18,112.11,112.19,111.31,111.39,21862
2013-11-19,110.99,111.53,110.97,111.0425,2823
2013-11-20,111.58,111.97,110.33,110.33,1933
2013-11-21,110.3,110.63,110.25,110.62,1064
2013-11-22,111.0,111.73,111.0,111.73,2189
2013-11-25,111.38,111.58,110.9099,110.98,21154
2013-11-26,110.6,110.6,110.08,110.3,13138
2013-11-27,110.65,110.65,110.08,110.27,12408
2013-11-29,111.5,111.5,110.75,110.75,3640
2013-12-02,109.7,110.0,109.34,109.34,4059
2013-12-03,108.64,108.88,107.68,108.32,15644
2013-12-04,106.72,107.77,106.59,107.61,2468
2013-12-05,106.92,107.02,106.47,106.5,4191
2013-12-06,108.34,109.21,108.34,109.21,4060
2013-12-09,108.78,109.24,108.78,109.15,1561
2013-12-10,108.6999,108.8,107.99,108.14,44535
2013-12-11,108.0,108.0,106.26,106.3799,4718
2013-12-12,105.7,105.7,104.78,104.94,2616
2013-12-13,104.52,104.82,104.05,104.78,3779
2013-12-16,106.71,106.71,106.06,106.34,4281
2013-12-17,105.65,105.7,105.179,105.59,14624
2013-12-18,106.43,108.1335,106.07,107.824,2452
2013-12-19,107.82,109.04,107.79,108.8,20614
2013-12-20,109.7099,110.03,109.69,109.78,2674
2013-12-23,110.53,111.03,110.53,110.91,2786
2013-12-24,111.1499,111.6,111.1499,111.6,33810
2013-12-26,112.06,112.36,111.97,112.35,17641
2013-12-27,113.829,113.85,113.33,113.39,3622
2013-12-30,113.4,113.81,113.4,113.81,4464
2013-12-31,114.28,114.65,113.7,114.2,34479
2014-01-02,112.02,112.14,110.56,111.1,20213
2014-01-03,111.87,112.14,111.57,111.9,12233
2014-01-06,111.62,111.78,111.09,111.45,13566
2014-01-07,112.0,112.05,111.97,111.97,2506
2014-01-08,110.81,111.21,110.76,110.88,14798
2014-01-09,110.95,111.21,109.99,111.13,22982
2014-01-10,111.81,112.1,111.6099,112.1,3823
2014-01-13,111.64,111.65,110.529,110.549,1044
2014-01-14,110.81,112.16,110.71,112.16,4204
2014-01-15,112.48,112.92,112.38,112.56,10799
2014-01-16,112.8,113.48,112.6,113.48,18051
2014-01-17,113.35,113.35,112.62,112.81,5356
2014-01-21,113.54,113.66,113.16,113.66,1642
2014-01-22,113.52,113.66,113.23,113.6,2734
2014-01-23,112.5,112.5,111.94,112.17,2566
2014-01-24,110.2,110.2,107.95,108.0,57591
2014-01-27,108.1,108.1,106.75,107.18,3277
2014-01-28,107.83,108.2599,107.73,108.23,3549
2014-01-29,106.1,106.68,106.0,106.2659,6097
2014-01-30,106.9,107.94,106.73,107.6,15048
2014-01-31,104.18,106.18,104.08,105.41,23302
2014-02-03,104.11,104.12,101.53,101.53,21978
2014-02-04,102.51,103.2999,102.5,103.23,9832
2014-02-05,102.55,103.34,102.55,103.16,6851
2014-02-06,105.2,106.2,105.2,106.2,3248
2014-02-07,107.15,109.03,107.09,108.71,19440
2014-02-10,108.29,108.89,108.29,108.88,11467
2014-02-11,109.37,111.95,109.3299,111.5,7229
2014-02-12,111.79,112.0,111.4499,111.51,4778
2014-02-13,111.03,112.68,111.02,112.68,3974
2014-02-14,112.66,114.25,112.66,114.18,22160
2014-02-18,114.63,115.14,114.43,114.94,5944
2014-02-19,114.98,115.31,113.78,113.81,5744
2014-02-20,114.04,115.6,113.979,115.39,3279
2014-02-21,115.44,115.86,115.179,115.21,6102
2014-02-24,116.45,118.09,116.45,117.13,35762
2014-02-25,116.17,116.75,115.74,116.13,13647
2014-02-26,115.34,116.02,115.14,115.5,4777
2014-02-27,115.4,116.36,115.4,116.13,4620
2014-02-28,117.66,118.31,117.05,117.19,4152
2014-03-03,115.04,115.14,113.84,114.0,41582
2014-03-04,117.17,117.64,117.16,117.61,5447
2014-03-05,117.2,117.71,117.2,117.43,4119
2014-03-06,118.85,118.87,118.39,118.43,5666
2014-03-07,117.84,117.8499,116.6199,117.17,2484
2014-03-10,116.36,117.11,115.7,117.04,20762
2014-03-11,116.2899,116.63,115.625,115.74,4299
2014-03-12,114.282,115.63,114.28,115.34,6689
2014-03-13,115.71,115.71,112.19,112.66,12380
2014-03-14,113.14,113.4,112.52,112.79,3545
2014-03-17,114.86,115.07,114.75,115.0,19302
2014-03-18,115.35,116.44,115.35,116.29,5865
2014-03-19,117.24,117.24,113.92,114.17,4623
2014-03-20,112.75,114.35,112.75,114.23,5013
2014-03-21,115.55,115.85,114.02,114.59,9660
2014-03-24,114.18,114.65,113.48,114.48,21573
2014-03-25,115.82,116.93,115.5,116.63,5741
2014-03-26,117.722,117.92,117.042,117.18,4922
2014-03-27,116.56,117.41,116.46,117.34,5255
2014-03-28,118.51,118.81,118.1501,118.33,4350
2014-03-31,119.5299,120.11,119.24,119.74,28900
2014-04-01,120.31,120.44,119.93,120.44,7588
2014-04-02,120.19,120.61,120.19,120.5799,3748
2014-04-03,120.32,120.5299,120.02,120.45,4194
2014-04-04,120.62,121.17,119.69,119.79,2997
2014-04-07,119.26,119.78,118.66,118.92,18481
2014-04-08,119.2,120.27,119.1482,120.22,2876
2014-04-09,120.78,122.42,120.7,122.36,21114
2014-04-10,121.6696,121.81,118.56,119.17,6087
2014-04-11,120.05,120.05,117.75,117.75,7151
2014-04-14,118.599,119.469,118.342,119.36,23218
2014-04-15,119.55,120.0,118.1,120.0,11096
2014-04-16,120.67,121.34,120.38,121.34,5862
2014-04-17,121.4,122.35,121.4,122.25,3019
2014-04-21,122.48,122.699,122.4396,122.67,3757
2014-04-22,123.54,123.66,123.51,123.52,25005
2014-04-23,122.82,122.89,122.67,122.88,4925
2014-04-24,121.82,124.0,121.79,122.79,8776
2014-04-25,122.47,122.67,121.97,122.6467,5531
2014-04-28,123.717,124.5,122.86,124.46,3538
2014-04-29,125.24,125.45,124.8632,125.29,14006
2014-04-30,125.88,126.28,125.28,126.28,4532
2014-05-01,127.1,127.1,125.64,125.9299,5981
2014-05-02,125.25,125.61,124.98,125.31,12757
2014-05-05,123.9,125.42,123.9,125.42,4132
2014-05-06,125.08,125.56,125.0071,125.08,21212
2014-05-07,125.94,126.47,125.73,126.47,3720
2014-05-08,126.75,127.09,126.24,126.24,5403
2014-05-09,125.78,128.65,125.35,126.04,10339
2014-05-12,126.9,127.3,126.78,127.29,6998
2014-05-13,126.92,127.29,126.92,127.14,11503
2014-05-14,127.58,127.8,127.3,127.4,5496
2014-05-15,129.0,129.0,126.34,127.06,7086
2014-05-16,126.75,127.6,126.62,127.6,10536
2014-05-19,127.23,127.23,126.57,126.93,5936
2014-05-20,125.9,126.0,125.31,125.3199,18154
2014-05-21,126.17,127.23,126.17,126.78,4428
2014-05-22,126.63,127.17,126.46,127.01,6207
2014-05-23,127.1599,127.32,127.15,127.31,6320
2014-05-27,127.93,127.93,127.36,127.77,4711
2014-05-28,127.329,127.48,127.0299,127.27,18495
2014-05-29,127.71,128.28,127.52,128.24,4610
2014-05-30,130.32,130.32,128.03,128.66,8392
2014-06-02,128.55,128.55,128.01,128.35,7188
2014-06-03,127.79,128.08,127.74,128.06,5235
2014-06-04,127.35,127.81,127.29,127.81,25836
2014-06-05,127.779,128.79,127.75,128.79,4485
2014-06-06,129.23,129.52,129.23,129.4599,4631
2014-06-09,129.1199,129.4,129.11,129.37,4382
2014-06-10,129.26,129.62,129.1452,129.62,10940
2014-06-11,128.87,129.12,128.77,128.99,7026
2014-06-12,128.89,128.91,128.36,128.37,5302
2014-06-13,129.12,129.13,128.82,129.009,3656
2014-06-16,129.81,130.0,129.48,129.76,13792
2014-06-17,129.01,129.6399,129.01,129.54,11145
2014-06-18,129.88,131.42,129.88,131.42,12060
2014-06-19,132.3999,132.42,131.941,132.31,8991
2014-06-20,132.5699,132.5799,131.9001,132.3368,5287
2014-06-23,132.24,132.265,131.89,132.069,5348
2014-06-24,131.88,131.88,131.167,131.1925,2658
2014-06-25,130.5,131.37,130.5,131.37,25508
2014-06-26,130.2799,131.3399,130.2,131.33,9196
2014-06-27,131.03,131.7,131.03,131.7,5523
2014-06-30,131.33,131.89,131.3,131.5099,7860
2014-07-01,132.48,133.33,132.48,133.02,7634
2014-07-02,133.41,133.4199,133.05,133.17,19051
2014-07-03,133.45,134.13,133.45,134.13,7820
2014-07-07,133.24,133.24,132.591,133.03,11396
2014-07-08,132.24,132.24,131.1201,131.58,6605
2014-07-09,131.191,132.3399,131.191,132.31,5705
2014-07-10,129.39,130.94,129.39,130.84,13193
2014-07-11,130.3799,130.99,130.15,130.99,4134
2014-07-14,132.16,132.24,131.84,131.88,4468
2014-07-15,132.34,132.34,130.55,130.98,4018
2014-07-16,132.239,132.68,132.1999,132.42,5045
2014-07-17,131.65,132.51,130.44,130.44,9312
2014-07-18,130.96,132.31,130.95,132.31,5251
2014-07-21,131.17,131.5,130.82,131.469,4457
2014-07-22,132.3699,132.78,132.3699,132.53,7902
2014-07-23,132.7,132.93,132.68,132.88,4153
2014-07-24,132.9599,133.23,132.9599,133.08,11386
2014-07-25,132.0,132.169,131.439,131.66,2964
2014-07-28,131.08,131.65,130.85,131.62,4661
2014-07-29,132.06,132.38,131.241,131.4124,2983
2014-07-30,131.0599,131.0599,129.75,130.215,4791
2014-07-31,128.42,128.7,126.91,126.9199,13371
2014-08-01,125.94,126.5,124.65,125.5775,7739
2014-08-04,125.47,126.36,125.14,126.35,2200
2014-08-05,123.89,125.55,123.78,123.81,9928
2014-08-06,123.03,124.13,123.03,124.011,5010
2014-08-07,124.47,124.47,122.42,122.84,17877
2014-08-08,122.8,124.27,122.8,124.27,4703
2014-08-11,124.7,125.2,124.7,124.81,8617
2014-08-12,124.45,124.8499,124.054,124.8386,3401
2014-08-13,125.25,125.82,125.25,125.79,2460
2014-08-14,126.21,126.679,126.21,126.679,20933
2014-08-15,127.75,127.92,125.35,126.508,10935
2014-08-18,127.679,127.95,127.241,127.95,6053
2014-08-19,128.26,128.72,128.26,128.66,2810
2014-08-20,128.0299,128.819,128.0,128.46,4010
2014-08-21,128.99,129.63,128.99,129.58,16950
2014-08-22,129.0,129.0,128.338,128.38,4658
2014-08-25,129.5899,129.8799,129.56,129.8,3139
2014-08-26,129.68,130.22,129.591,129.72,3793
2014-08-27,129.88,130.52,129.88,130.42,5317
2014-08-28,129.23,129.91,129.23,129.9,18007
2014-08-29,129.65,130.59,129.31,130.59,6116
2014-09-02,129.98,130.05,129.42,129.85,5207
2014-09-03,130.8,131.59,130.8,130.9939,4152
2014-09-04,131.4,131.4,129.601,129.85,3337
2014-09-05,129.89,130.67,129.66,130.67,11404
2014-09-08,129.41,129.43,128.431,128.69,13530
2014-09-09,127.91,128.1199,127.71,127.73,5115
2014-09-10,127.243,128.61,127.243,128.61,3572
2014-09-11,127.61,128.07,127.55,128.06,4257
2014-09-12,130.52,130.52,126.9,127.33,18012
2014-09-15,127.89,127.89,126.82,127.43,4806
2014-09-16,126.5,129.1399,126.5,128.91,4266
2014-09-17,128.96,128.96,128.09,128.09,3733
2014-09-18,128.899,129.369,128.847,129.35,6989
2014-09-19,129.3701,129.3701,128.55,128.99,15281
2014-09-22,127.841,128.2,127.669,127.72,4484
2014-09-23,126.676,126.7,125.67,125.86,3710
2014-09-24,125.87,126.94,125.81,126.9299,3146
2014-09-25,125.43,125.43,123.627,123.81,6233
2014-09-26,123.6,124.67,123.49,124.5,16746
2014-09-29,121.88,123.439,121.88,123.33,5576
2014-09-30,122.8,123.8899,122.65,123.1,3641
2014-10-01,121.61,121.85,120.63,121.0699,6100
2014-10-02,119.86,119.87,118.21,119.26,3584
2014-10-03,118.96,119.82,118.48,119.68,25332
2014-10-06,120.52,120.749,119.5,120.449,6683
2014-10-07,118.7099,118.89,117.83,117.83,2405
2014-10-08,116.78,120.5599,116.67,120.5599,6511
2014-10-09,119.16,119.21,115.44,115.889,5085
2014-10-10,115.35,115.35,112.5301,112.74,33116
2014-10-13,113.68,113.6899,111.2901,111.2901,3110
2014-10-14,112.1,113.54,111.27,111.409,3563
2014-10-15,110.59,110.6,106.7,110.38,7113
2014-10-16,107.45,110.36,107.45,109.52,12356
2014-10-17,110.8401,112.9399,110.8401,112.46,18920
2014-10-20,112.41,113.56,112.24,113.559,5676
2014-10-21,115.06,116.6099,114.9999,116.54,6426
2014-10-22,116.55,116.61,115.609,115.609,3223
2014-10-23,117.1,118.0,117.1,117.45,6091
2014-10-24,117.35,118.35,117.22,118.021,29242
2014-10-27,116.94,118.0499,116.94,118.03,3784
2014-10-28,119.51,120.03,118.8,120.03,9259
2014-10-29,120.51,120.9299,118.53,119.27,8081
2014-10-30,118.58,120.95,118.54,119.811,7736
2014-10-31,121.12,123.01,121.12,122.86,23694
2014-11-03,121.41,121.75,120.8915,121.24,4959
2014-11-04,121.38,121.38,120.24,121.06,4811
2014-11-05,121.5499,122.5499,121.4,122.5499,4051
2014-11-06,122.47,122.48,121.351,121.74,5230
2014-11-07,121.55,122.03,121.49,121.9899,15208
2014-11-10,122.66,123.32,122.66,122.701,8164
2014-11-11,123.45,124.13,123.4,124.13,4959
2014-11-12,122.73,123.22,122.73,123.12,5266
2014-11-13,123.75,123.99,122.85,123.41,3295
2014-11-14,122.36,123.9,122.36,123.41,27734
2014-11-17,123.69,124.24,123.69,124.1599,2632
2014-11-18,125.27,125.85,125.27,125.75,4297
2014-11-19,124.75,125.28,124.73,125.011,4569
2014-11-20,124.1799,125.0799,124.1799,125.0,3841
2014-11-21,126.92,126.93,125.62,126.1499,26121
2014-11-24,126.06,126.06,125.65,125.89,3104
2014-11-25,125.93,126.43,125.75,126.28,4931
2014-11-26,126.4999,126.84,126.4899,126.83,5181
2014-11-28,124.9959,125.6699,124.7501,124.83,7827
2014-12-01,124.85,125.22,124.06,124.8,15634
2014-12-02,125.24,125.29,124.62,124.946,4138
2014-12-03,124.81,125.4299,124.81,125.35,7547
2014-12-04,123.98,124.54,123.3701,123.82,2979
2014-12-05,123.61,123.84,123.61,123.6899,6441
2014-12-08,122.91,122.91,121.1,121.47,18577
2014-12-09,120.2,120.61,119.5601,120.0,6841
2014-12-10,119.7,119.72,117.571,117.571,5992
2014-12-11,119.16,119.78,118.2501,118.7,7555
2014-12-12,117.0599,117.0599,113.9,113.9,7856
2014-12-15,114.669,114.669,111.5,111.5,21500
2014-12-16,111.06,115.8,110.79,113.35,6381
2014-12-17,113.94,115.52,113.75,115.46,4805
2014-12-18,118.49,120.08,117.93,120.08,5540
2014-12-19,120.09,120.72,119.4201,119.97,8467
2014-12-22,121.15,121.4299,120.5801,121.33,20141
2014-12-23,120.57,121.12,120.311,120.7001,5363
2014-12-24,121.4299,121.719,121.13,121.71,7416
2014-12-26,122.1199,122.36,121.4392,122.25,10445
2014-12-29,121.0,122.35,121.0,122.12,4460
2014-12-30,120.35,120.98,120.1455,120.1455,16378
2014-12-31,120.46,120.64,118.1745,118.1745,5669
2015-01-02,118.41,118.41,117.5301,117.93,10621
2015-01-05,114.99,114.99,113.041,113.6899,4647
2015-01-06,114.25,114.96,112.09,113.0,8215
2015-01-07,114.12,115.0,114.03,115.0,12859
2015-01-08,117.3899,118.12,117.2,117.78,6043
2015-01-09,117.68,117.7499,116.21,116.88,7706
2015-01-12,115.93,116.289,115.6,115.9,4113
2015-01-13,118.7,118.75,115.0,116.15,14938
2015-01-14,113.32,116.04,113.32,116.0199,22351
2015-01-15,116.5,117.5,116.4801,117.23,5797
2015-01-16,117.017,119.53,116.92,119.47,3601
2015-01-20,119.46,119.476,118.5,119.1901,5650
2015-01-21,119.98,120.66,119.45,120.22,7876
2015-01-22,120.07,121.73,119.85,121.5799,17043
2015-01-23,120.5,121.19,120.5,120.62,4434
2015-01-26,120.3199,121.3699,120.0,120.7701,7470
2015-01-27,119.733,121.639,119.733,121.27,5234
2015-01-28,121.0,121.14,117.74,117.74,5644
2015-01-29,118.0,119.93,118.0,119.58,18501
2015-01-30,118.128,118.2,116.401,116.54,4975
2015-02-02,117.02,119.6757,117.02,119.14,4423
2015-02-03,120.431,122.759,120.431,122.7399,2766
2015-02-04,121.2999,121.7,120.44,120.44,6983
2015-02-05,122.37,123.61,122.29,123.58,18857
2015-02-06,121.78,122.48,120.2488,120.53,6215
2015-02-09,120.95,121.25,120.66,120.6699,5598
2015-02-10,121.09,122.6,120.5,122.16,2982
2015-02-11,120.99,121.32,120.2901,121.2599,6705
2015-02-12,122.66,123.59,122.08,123.31,13272
2015-02-13,124.28,124.3499,123.78,124.25,4340
2015-02-17,124.5,124.9699,123.81,124.82,6303
2015-02-18,124.0301,124.93,123.8699,124.8,3096
2015-02-19,123.53,124.4,123.53,123.9201,5060
2015-02-20,122.93,125.96,122.93,125.9,21015
2015-02-23,124.64,125.03,124.379,124.9,5949
2015-02-24,124.17,125.949,124.17,125.8837,4133
2015-02-25,125.87,126.3399,125.79,126.299,4144
2015-02-26,125.58,125.58,125.16,125.53,2696
2015-02-27,125.24,125.83,125.06,125.36,23290
2015-03-02,124.81,125.4199,124.494,125.4,7866
2015-03-03,124.82,125.049,124.165,124.2,3559
2015-03-04,122.011,123.84,122.011,123.2916,5702
2015-03-05,123.84,124.33,123.27,123.63,6655
2015-03-06,121.7,121.7,119.04,119.11,12536
2015-03-09,119.7,120.3999,119.7,120.2299,3138
2015-03-10,117.06,117.06,115.4385,115.83,4014
2015-03-11,116.1,116.1,114.7201,115.238,7923
2015-03-12,117.34,117.3999,116.93,117.35,7914
2015-03-13,115.85,115.85,114.44,115.38,20072
2015-03-16,117.71,118.279,117.69,118.24,3175
2015-03-17,117.27,117.579,116.68,117.51,3590
2015-03-18,117.65,122.68,117.2401,121.57,9109
2015-03-19,119.451,119.94,119.451,119.81,4441
2015-03-20,121.51,124.41,121.51,123.6,15295
2015-03-23,123.99,125.739,123.99,125.58,5672
2015-03-24,125.1999,125.1999,123.6427,123.72,3437
2015-03-25,123.92,124.18,121.56,122.29,5706
2015-03-26,120.0,121.371,120.0,120.5716,4137
2015-03-27,120.29,121.04,120.29,120.82,24036
2015-03-30,122.04,122.49,121.9,122.37,5388
2015-03-31,119.76,120.31,119.218,119.44,9284
2015-04-01,119.99,120.23,119.09,119.89,5962
2015-04-02,120.49,121.68,120.4801,121.06,6097
2015-04-06,122.02,123.71,122.0,123.7,3676
2015-04-07,124.49,124.53,123.75,123.75,34652
2015-04-08,123.0005,123.89,122.7501,122.7501,4170
2015-04-09,123.82,123.82,123.09,123.2001,3892
2015-04-10,124.21,125.209,124.06,125.192,7435
2015-04-13,124.77,124.77,123.34,123.8,18426
2015-04-14,124.65,125.47,124.65,125.399,3816
2015-04-15,126.49,127.4,126.49,127.26,1475
2015-04-16,127.43,128.43,126.64,127.54,4188
2015-04-17,126.18,126.18,125.09,125.57,4867
2015-04-20,127.0,127.64,126.73,127.02,19553
2015-04-21,127.66,127.66,126.82,126.8295,8288
2015-04-22,126.48,127.04,125.6545,126.95,9426
2015-04-23,126.64,128.76,126.64,128.75,6625
2015-04-24,128.66,129.42,128.35,128.65,6174
2015-04-27,130.58,130.59,129.09,129.09,21490
2015-04-28,129.29,130.2,128.4601,130.03,6854
2015-04-29,129.4,129.4799,128.5862,128.8699,6345
2015-04-30,127.68,127.988,127.58,127.588,3938
2015-05-01,128.1,128.79,127.45,128.76,3094
2015-05-04,128.96,129.66,128.7,129.36,12541
2015-05-05,128.82,128.82,126.59,126.59,3003
2015-05-06,126.925,127.17,125.87,126.54,2925
2015-05-07,125.77,126.03,125.229,125.4805,3930
2015-05-08,129.3,129.995,129.12,129.665,9700
2015-05-11,129.59,129.59,128.588,128.63,24909
2015-05-12,127.58,128.419,127.529,128.2,3290
2015-05-13,129.7,129.7,128.71,128.83,5168
2015-05-14,130.74,131.26,130.74,131.2175,4870
2015-05-15,130.85,131.609,130.5,131.58,6798
2015-05-18,130.33,131.06,130.0,130.56,19008
2015-05-19,130.0,130.0,129.43,129.43,4246
2015-05-20,129.98,130.5,129.63,130.3128,4122
2015-05-21,130.1,131.53,130.1,131.4655,9756
2015-05-22,130.41,130.56,129.32,129.32,6784
2015-05-26,127.64,127.64,126.131,126.78,20183
2015-05-27,126.85,128.35,126.85,128.01,3692
2015-05-28,126.87,128.505,126.87,128.0,7151
2015-05-29,127.4199,127.949,126.64,126.94,7899
2015-06-01,126.96,126.96,125.2575,125.29,5203
2015-06-02,125.29,126.79,125.29,126.04,12647
2015-06-03,126.87,127.348,126.261,126.509,3281
2015-06-04,125.13,125.75,123.94,124.16,9832
2015-06-05,121.93,122.16,121.91,122.15,6608
2015-06-08,121.3675,121.875,121.07,121.63,3613
2015-06-09,120.98,121.78,120.931,120.931,17994
2015-06-10,123.9899,125.06,123.7,124.61,8659
2015-06-11,124.63,125.57,124.63,124.98,6443
2015-06-12,123.26,123.47,122.8999,123.13,3858
2015-06-15,121.06,121.639,120.96,121.52,4389
2015-06-16,121.89,122.76,121.51,122.75,17403
2015-06-17,123.0,123.5,121.5,123.24,5541
2015-06-18,124.7499,125.86,124.7499,125.415,7768
2015-06-19,124.89,125.1099,123.86,124.1038,13240
2015-06-22,126.253,126.925,125.96,125.96,4726
2015-06-23,126.6,126.74,125.81,125.81,26670
2015-06-24,125.59,126.22,124.8905,124.98,4358
2015-06-25,125.3,125.45,124.2007,124.2007,5099
2015-06-26,124.5,124.855,122.86,124.09,8041
2015-06-29,121.31,121.63,119.46,119.469,9096
2015-06-30,119.49,119.55,117.34,117.98,26943
2015-07-01,119.68,119.68,118.3,118.9399,17015
2015-07-02,119.71,120.22,119.06,119.57,5985
2015-07-06,116.01,118.04,116.01,116.73,5551
2015-07-07,116.06,118.54,114.53,117.81,8444
2015-07-08,115.29,116.2,115.06,115.06,14507
2015-07-09,117.6,117.62,116.04,116.21,4421
2015-07-10,120.67,121.36,120.136,121.18,4603
2015-07-13,121.28,122.11,121.23,122.11,3509
2015-07-14,122.66,123.655,122.66,123.2501,4953
2015-07-15,122.85,122.85,121.8201,121.8201,15066
2015-07-16,123.48,124.38,123.48,124.2,8682
2015-07-17,123.12,123.34,122.8,123.34,6272
2015-07-20,122.91,123.2945,122.83,123.01,3775
2015-07-21,123.04,123.11,121.59,121.78,7214
2015-07-22,120.71,121.199,120.26,120.37,16556
2015-07-23,120.4899,120.78,119.69,119.69,8092
2015-07-24,119.55,119.55,117.27,117.29,2551
2015-07-27,116.61,117.23,116.24,116.55,5094
2015-07-28,117.57,119.73,117.46,119.65,5119
2015-07-29,120.1999,121.373,120.001,120.78,10912
2015-07-30,120.44,121.44,120.44,121.44,10307
2015-07-31,121.675,122.269,121.55,121.55,5526
2015-08-03,121.38,121.38,119.55,119.9,5126
2015-08-04,120.92,121.55,120.3588,120.61,4194
2015-08-05,121.96,122.42,121.1313,121.534,25954
2015-08-06,120.81,121.42,120.11,120.825,9363
2015-08-07,119.92,119.92,119.4796,119.84,4870
2015-08-10,120.94,123.06,120.94,122.38,4694
2015-08-11,121.81,121.81,120.12,120.36,4418
2015-08-12,119.16,120.7,118.1799,120.6,23684
2015-08-13,119.94,120.25,119.4,120.135,8723
2015-08-14,119.711,120.614,118.881,120.13,9868
2015-08-17,118.74,120.234,118.74,119.8108,4517
2015-08-18,119.79,119.87,118.61,118.68,3089
2015-08-19,117.75,117.77,116.211,117.75,13872
2015-08-20,115.75,115.86,114.6435,114.71,5039
2015-08-21,111.7711,113.2,108.291,108.291,4936
2015-08-24,92.132,106.29,92.132,99.58,11838
2015-08-25,103.99,106.5,101.0,102.3,9051
2015-08-26,102.7201,105.0375,100.33,105.0,11186
2015-08-27,106.05,109.06,106.05,107.96,17654
2015-08-28,108.5,109.31,108.25,108.581,5037
2015-08-31,106.8,108.4,106.8,107.41,9208
2015-09-01,103.5,103.55,101.29,101.2995,6745
2015-09-02,104.07,104.2899,102.8765,103.87,17276
2015-09-03,106.475,106.62,105.26,105.32,6088
2015-09-04,104.366,104.366,100.541,101.7299,9668
2015-09-08,106.06,106.84,104.96,106.84,7930
2015-09-09,108.6999,108.6999,104.9,104.908,5038
2015-09-10,104.14,106.21,104.08,105.27,17256
2015-09-11,105.07,105.7,104.31,105.7,44551
2015-09-14,104.55,104.85,103.99,104.45,42403
2015-09-15,104.88,106.71,104.88,106.65,11205
2015-09-16,108.45,109.466,108.41,109.465,4507
2015-09-17,108.92,112.14,108.78,110.11,25360
2015-09-18,107.36,108.12,105.79,105.79,9999
2015-09-21,106.64,107.45,105.72,106.38,7578
2015-09-22,102.71,102.749,101.28,102.376,6008
2015-09-23,101.79,102.6,100.745,101.51,6521
2015-09-24,100.15,102.09,99.5,101.61,18426
2015-09-25,102.64,103.55,101.36,101.83,4719
2015-09-28,100.53,100.9,98.72,99.23,6322
2015-09-29,98.57,99.759,98.372,99.489,15461
2015-09-30,102.47,103.26,101.55,103.26,12738
2015-10-01,103.74,104.02,101.2101,102.1,31170
2015-10-02,101.81,106.1761,101.55,105.79,6728
2015-10-05,108.0,110.58,108.0,110.58,7179
2015-10-06,111.0,111.329,110.7295,111.17,4349
2015-10-07,113.0,113.005,111.53,112.7005,7898
2015-10-08,112.04,115.505,112.04,115.5,16888
2015-10-09,115.42,116.22,114.561,115.42,18745
2015-10-12,115.11,115.239,114.71,114.98,8606
2015-10-13,113.7,114.8,113.7,113.78,9629
2015-10-14,114.64,114.78,113.47,114.4,8378
2015-10-15,115.45,117.5,115.28,117.0635,23682
2015-10-16,117.04,117.93,117.0253,117.899,5928
2015-10-19,116.7099,116.91,116.5,116.91,4720
2015-10-20,116.05,117.055,115.4101,115.61,16793
2015-10-21,116.33,116.62,115.48,116.04,3137
2015-10-22,116.12,119.0,116.12,118.72,18326
2015-10-23,119.6,119.73,118.75,119.01,12542
2015-10-26,119.29,119.29,118.521,118.6,4221
2015-10-27,117.7,117.72,117.06,117.09,2846
2015-10-28,118.6,119.42,117.55,118.57,4146
2015-10-29,117.56,118.52,117.56,118.49,20621
2015-10-30,118.9,119.049,117.88,118.94,4463
2015-11-02,119.35,120.2,119.07,120.05,8113
2015-11-03,119.65,121.22,119.37,120.12,6085
2015-11-04,120.55,120.66,119.2,119.52,10080
2015-11-05,120.0,120.0,118.3501,119.3,16108
2015-11-06,115.921,116.72,115.6082,116.719,8233
2015-11-09,115.5,115.5,113.81,115.03,5404
2015-11-10,113.31,114.78,113.31,114.74,4623
2015-11-11,115.2,115.545,114.74,114.97,3907
2015-11-12,112.65,113.57,112.28,112.28,14094
2015-11-13,110.3001,110.3001,109.91,109.95,4087
2015-11-16,111.04,113.4,110.95,113.36,9744
2015-11-17,113.9,114.7,113.2,113.2,9385
2015-11-18,114.8099,115.45,113.7601,115.45,5324
2015-11-19,116.0,116.86,116.0,116.35,16927
2015-11-20,117.28,117.4,115.92,115.92,4318
2015-11-23,115.06,115.48,114.55,114.55,1133
2015-11-24,114.9675,117.825,114.522,115.11,2621
2015-11-25,115.7545,120.16,115.54,115.8286,1311
2015-11-27,115.836,115.836,115.37,115.37,763
2015-11-30,115.38,115.38,115.244,115.244,2644
2015-12-01,113.54,117.27,113.54,117.27,1984
2015-12-02,116.24,116.5,114.29,114.53,1344
2015-12-03,113.94,113.94,111.5,111.9101,2841
2015-12-04,113.76,115.16,113.74,115.16,2072
2015-12-07,114.26,114.26,112.73,113.303,3185
2015-12-08,110.1601,111.256,110.1601,111.01,3327
2015-12-09,112.58,112.984,109.69,110.3405,5774
2015-12-10,110.795,112.03,110.795,111.4774,2981
2015-12-11,106.86,106.86,106.86,106.86,405
2015-12-14,106.0,106.89,106.0,106.89,1053
2015-12-15,108.88,110.239,108.56,109.601,3064
2015-12-16,111.19,111.81,110.35,111.81,3446
2015-12-17,111.3101,111.3101,110.23,110.4675,3482
2015-12-18,108.36,108.36,107.59,107.59,2533
2015-12-21,106.63,109.24,106.63,107.95,8611
2015-12-22,108.15,109.7,108.15,109.7,2962
2015-12-23,112.37,113.32,112.37,113.235,2420
2015-12-24,113.55,113.84,113.55,113.84,724
2015-12-28,111.81,114.022,111.795,112.8,3404
2015-12-29,114.5,115.63,114.25,115.63,2487
2015-12-30,113.93,113.93,113.43,113.43,2190
2015-12-31,111.56,112.01,111.01,111.37,2284
2016-01-04,107.11,108.12,106.935,108.12,2312
2016-01-05,107.65,108.8,107.65,108.8,1122
2016-01-06,106.131,106.3,104.65,105.331,4675
2016-01-07,103.091,103.88,101.535,101.67,2122
2016-01-08,102.479,102.479,100.53,100.53,1991
2016-01-11,99.9,99.99,97.791,99.78,3710
2016-01-12,101.6,101.6,99.46,101.25,3916
2016-01-13,102.28,102.28,98.05,98.05,2548
2016-01-14,99.0,101.87,97.06,101.37,2822
2016-01-15,95.96,96.948,94.75,95.22,1567
2016-01-19,97.71,97.894,96.74,97.5,3222
2016-01-20,91.88,94.37,89.89,93.68,7891
2016-01-21,92.18,95.55,91.7,95.55,4916
2016-01-22,98.41,99.6,98.2466,99.6,3773
2016-01-25,97.91,98.7868,96.92,97.08,2019
2016-01-26,98.51,100.05,98.51,100.05,1345
2016-01-27,100.05,100.05,100.05,100.05,400
2016-01-28,100.9901,101.0,100.17,101.0,662
2016-01-29,103.5,104.41,103.5,104.41,1275
2016-02-01,103.4701,103.62,103.46,103.46,788
2016-02-02,100.96,101.0,99.8587,100.44,1966
2016-02-03,100.3,103.76,99.84,103.76,6840
2016-02-04,102.9364,103.75,102.7045,103.04,1224
2016-02-05,102.19,102.3715,100.69,101.24,1657
2016-02-08,99.44,100.01,98.422,100.01,3164
2016-02-09,98.01,99.46,97.78,99.46,5600
2016-02-10,97.28,99.77,97.28,98.45,2483
2016-02-11,95.46,97.26,95.06,97.26,3881
2016-02-12,97.83,99.83,97.47,99.83,7037
2016-02-16,100.3,102.07,100.3,102.07,2489
2016-02-17,105.0,105.85,105.0,105.85,3695
2016-02-18,104.26,106.2,104.26,106.05,2606
2016-02-19,104.06,105.3318,104.06,105.3318,3951
2016-02-22,107.5,107.5,107.39,107.39,778
2016-02-23,106.6,106.6,104.951,104.951,1226
2016-02-24,95.09,105.04,95.09,104.86,3076
2016-02-25,105.26,105.47,104.7964,104.88,1806
2016-02-26,106.99,107.1,105.57,105.57,3406
2016-02-29,105.15,105.2429,105.02,105.12,757
2016-03-01,106.87,108.76,106.87,108.52,4726
2016-03-02,107.96,108.42,107.62,108.42,999
2016-03-03,109.41,111.0638,109.41,111.0638,2733
2016-03-04,112.4223,112.72,112.3,112.72,2590
2016-03-07,111.24,113.71,111.24,113.61,2888
2016-03-08,112.24,112.24,111.8,111.8,1269
2016-03-09,113.39,113.56,113.1,113.18,5023
2016-03-10,113.47,114.411,111.37,111.37,2926
2016-03-11,115.39,116.295,115.2,116.22,4036
2016-03-14,115.59,116.15,115.475,116.15,11745
2016-03-15,113.65,114.77,113.64,114.74,4960
2016-03-16,115.0,115.12,113.2775,113.2775,11806
2016-03-17,114.0,120.11,114.0,119.05,3105
2016-03-18,120.02,120.02,118.63,119.1,1830
2016-03-21,118.51,118.95,118.38,118.814,1336
2016-03-22,116.44,118.39,116.44,118.25,1332
2016-03-23,117.36,117.476,116.965,117.29,3907
2016-03-24,115.02,115.815,115.02,115.815,1949
2016-03-28,116.43,116.96,115.485,116.82,1930
2016-03-29,116.19,118.631,116.19,118.631,2199
2016-03-30,120.7967,121.335,119.8025,120.65,2173
2016-03-31,120.01,120.7784,119.02,119.02,2705
2016-04-01,116.28,118.54,116.2,118.291,6593
2016-04-04,118.735,118.87,117.095,117.095,1939
2016-04-05,116.18,116.3471,115.52,115.88,3441
2016-04-06,117.67,118.6,117.581,118.6,1767
2016-04-07,117.45,117.45,116.49,116.49,971
2016-04-08,118.8,119.3358,118.32,118.403,2757
2016-04-11,120.08,120.1,119.18,119.8189,1469
2016-04-12,119.28,121.5,117.05,121.5,5468
2016-04-13,122.55,122.78,121.05,122.78,1772
2016-04-14,122.84,123.2575,122.84,122.98,3059
2016-04-15,122.52,123.096,122.52,122.9466,3061
2016-04-18,124.2,124.6538,124.2,124.6538,1600
2016-04-19,125.86,127.05,125.48,126.781,2753
2016-04-20,126.71,127.628,126.392,127.385,4774
2016-04-21,125.07,125.5,124.51,124.5287,1602
2016-04-22,123.94,124.61,123.94,124.61,754
2016-04-25,123.78,123.95,123.335,123.941,1548
2016-04-26,124.85,125.0,123.912,123.94,1881
2016-04-27,124.95,126.2,124.42,126.001,9174
2016-04-28,125.05,125.89,124.88,125.89,1677
2016-04-29,123.39,124.03,122.872,122.872,1688
2016-05-02,124.68,125.8816,124.68,125.421,1945
2016-05-03,123.2505,123.3634,122.93,122.93,3670
2016-05-04,120.9,121.62,120.9,121.62,2361
2016-05-05,120.84,120.85,119.93,120.1,1727
2016-05-06,120.1628,120.96,119.8,120.727,2956
2016-05-09,120.99,121.2995,120.35,120.94,1469
2016-05-10,122.4,123.0,122.1,123.0,3101
2016-05-11,122.52,123.06,122.52,122.98,1698
2016-05-12,121.88,123.1,121.88,123.1,29442
2016-05-13,121.501,122.93,120.281,120.281,1112
2016-05-16,122.12,122.9525,121.565,122.841,1432
2016-05-17,121.9862,121.9862,121.56,121.56,590
2016-05-18,120.66,121.571,118.25,119.65,1129
2016-05-19,118.31,119.59,117.71,118.98,2181
2016-05-20,120.35,120.3609,119.82,119.82,2767
2016-05-23,120.0,120.1798,119.84,120.1798,3653
2016-05-24,120.94,122.5106,120.94,122.5106,2282
2016-05-25,124.0201,124.88,123.95,124.4701,2903
2016-05-26,125.02,125.21,124.75,124.911,1277
2016-05-27,124.78,125.81,124.71,125.15,4833
2016-05-31,124.1499,124.1499,123.12,123.8,1035
2016-06-01,122.64,124.324,122.6,124.07,2455
2016-06-02,123.08,124.91,122.705,124.03,2348
2016-06-03,124.5,125.8557,124.32,125.69,2741
2016-06-06,126.83,127.0945,126.65,126.72,2218
2016-06-07,127.94,128.5,127.94,128.48,1977
2016-06-08,128.1,128.26,128.1,128.25,741
2016-06-09,126.6659,127.48,125.93,127.48,3366
2016-06-10,124.4041,124.4041,122.75,123.2,1874
2016-06-13,123.5985,123.5985,120.679,120.679,2339
2016-06-14,119.082,120.18,118.65,120.18,5502
2016-06-15,120.89,121.4,119.38,119.38,2574
2016-06-16,116.97,120.3952,116.97,120.01,5336
2016-06-17,120.51,122.6215,120.285,121.74,6229
2016-06-20,125.2,126.0562,124.3275,124.3275,995
2016-06-21,126.2,127.1,125.6394,125.95,2430
2016-06-22,123.77,127.82,123.77,126.75,3576
2016-06-23,128.22,130.15,128.192,130.15,4983
2016-06-24,117.8543,121.8605,117.32,117.32,1955
2016-06-27,114.4,115.394,113.975,114.5,2354
2016-06-28,116.05,119.24,116.05,119.24,5191
2016-06-29,122.62,124.0791,122.62,123.89,2728
2016-06-30,125.52,125.62,125.51,125.62,762
2016-07-01,124.51,127.61,123.58,123.58,4887
2016-07-05,125.3,125.5585,124.65,125.2,1825
2016-07-06,122.91,125.51,122.885,125.51,2783
2016-07-07,123.93,125.95,123.93,124.14,3762
2016-07-08,126.04,127.195,126.04,127.195,2482
2016-07-11,127.29,128.96,127.27,128.8,6054
2016-07-12,130.0,130.37,128.96,130.11,6145
2016-07-13,130.5,130.77,130.45,130.5,3418
2016-07-14,130.85,132.1011,130.85,131.69,2748
2016-07-15,132.118,132.118,130.79,131.3437,2587
2016-07-18,130.69,131.1991,130.52,130.98,4809
2016-07-19,129.6,129.97,129.49,129.97,2288
2016-07-20,130.43,131.1,130.371,130.95,2281
2016-07-21,130.69,130.69,129.75,129.75,2099
2016-07-22,130.74,131.2997,130.74,131.1625,2587
2016-07-25,130.33,131.07,130.33,131.07,1414
2016-07-26,130.79,131.62,129.81,130.87,3682
2016-07-27,130.23,130.72,128.97,130.4,4306
2016-07-28,130.53,130.62,128.38,130.3,3383
2016-07-29,130.2,132.0,130.2,132.0,5043
2016-08-01,130.94,131.27,130.33,130.43,3157
2016-08-02,129.85,129.8935,129.85,129.8935,544
2016-08-03,128.55,129.1914,127.96,129.1662,3225
2016-08-04,129.15,130.0611,128.73,129.95,5114
2016-08-05,130.24,131.0622,130.24,130.96,3930
2016-08-08,127.68,131.37,127.68,130.99,4354
2016-08-09,132.1755,132.18,131.621,131.621,1853
2016-08-10,132.42,132.43,131.8901,131.8901,2621
2016-08-11,132.88,134.13,132.88,133.23,2078
2016-08-12,133.82,134.0,132.92,133.4,3369
2016-08-15,133.99,134.7,133.7,133.7,2489
2016-08-16,133.19,133.43,132.89,133.0988,2277
2016-08-17,132.39,132.7,130.04,132.7,1903
2016-08-18,132.75,134.29,132.75,134.29,1950
2016-08-19,132.68,132.7642,132.04,132.55,1898
2016-08-22,131.92,132.9659,131.92,132.9,2593
2016-08-23,133.97,133.97,133.43,133.43,1718
2016-08-24,133.3,133.3,132.5,132.5,1453
2016-08-25,132.0,132.64,132.0,132.64,1426
2016-08-26,132.45,132.6125,130.05,130.05,1229
2016-08-29,131.08,131.98,131.08,131.41,2210
2016-08-30,131.6701,131.6701,130.901,130.9737,1648
2016-08-31,130.61,130.66,129.6,130.38,3427
2016-09-01,129.793,130.66,129.793,130.4,2593
2016-09-02,132.86,132.86,132.86,132.86,475
2016-09-06,133.91,135.0586,133.91,134.88,1523
2016-09-07,135.13,135.215,134.43,135.0,2700
2016-09-08,134.97,134.97,134.35,134.79,1890
2016-09-09,131.524,131.524,130.92,131.0075,1551
2016-09-12,128.37,131.83,128.22,131.83,2993
2016-09-13,128.53,128.53,127.17,127.2,4298
2016-09-14,128.41,128.41,126.75,127.24,3789
2016-09-15,128.47,129.62,128.47,129.62,995
2016-09-16,127.0,127.75,127.0,127.75,2283
2016-09-19,128.59,128.695,128.06,128.49,2389
2016-09-20,129.823,129.823,128.59,128.85,912
2016-09-21,129.31,131.47,129.0386,131.47,1098
2016-09-22,134.0,134.0,133.26,133.63,1239
2016-09-23,132.31,132.4421,131.951,132.19,1139
2016-09-26,130.63,130.63,129.8,130.02,2104
2016-09-27,130.25,130.25,130.201,130.201,654
2016-09-28,130.315,132.74,130.315,132.74,1525
2016-09-29,132.08,132.2409,129.65,130.95,3047
2016-09-30,131.3,132.6492,131.3,132.28,4213
2016-10-03,131.09,131.2957,130.32,131.13,56523
2016-10-04,131.63,131.85,130.13,130.13,91102
2016-10-05,130.6,130.99,130.47,130.99,11244
2016-10-06,129.91,130.47,129.7008,130.47,4438
2016-10-07,129.27,129.57,128.48,129.57,9613
2016-10-10,129.91,130.6382,129.9,130.3,9376
2016-10-11,128.23,128.23,126.362,127.12,6262
2016-10-12,126.81,127.31,126.24,127.29,4333
2016-10-13,124.53,126.73,124.53,126.47,3905
2016-10-14,127.73,127.73,126.49,126.71,1092
2016-10-17,125.455,125.81,125.4173,125.81,563
2016-10-18,127.0468,127.296,127.0468,127.25,2382
2016-10-19,127.25,127.25,127.25,127.25,0
2016-10-20,126.25,126.63,126.25,126.63,1432
2016-10-21,125.35,125.4692,125.35,125.365,994
2016-10-24,125.45,125.88,125.04,125.88,3926
2016-10-25,125.64,125.8285,125.64,125.8285,340
2016-10-26,124.32,125.56,124.15,124.6,4965
2016-10-27,125.12,125.12,124.84,124.84,549
2016-10-28,125.15,125.15,124.31,124.66,1054
2016-10-31,124.44,124.89,124.425,124.89,1068
2016-11-01,124.82,124.82,123.47,123.47,992
2016-11-02,122.78,122.78,122.78,122.78,231
2016-11-03,121.5,121.6,121.5,121.6,600
2016-11-04,120.756,121.3813,120.36,120.88,2071
2016-11-07,123.38,123.38,123.38,123.38,694
2016-11-08,124.12,125.58,124.12,125.58,538
2016-11-09,125.58,125.58,125.58,125.58,0
2016-11-10,125.57,125.57,125.42,125.42,478
2016-11-11,125.42,125.42,125.42,125.42,43
2016-11-14,124.16,124.16,122.0,122.55,1055
2016-11-15,122.78,124.0777,122.78,124.0777,1149
2016-11-16,123.18,123.364,123.01,123.01,414
2016-11-17,123.251,123.251,123.251,123.251,407
2016-11-18,121.85,122.4,121.82,122.4,1860
2016-11-21,123.14,124.35,123.14,124.35,746
2016-11-22,124.75,124.75,124.75,124.75,200
2016-11-23,123.92,123.92,123.92,123.92,200
2016-11-25,125.07,125.07,125.07,125.07,372
2016-11-28,125.07,125.07,125.07,125.07,82
2016-11-29,124.341,125.27,124.341,125.24,1933
2016-11-30,124.66,124.8367,124.66,124.67,626
2016-12-01,122.8,123.3,122.43,123.3,836
2016-12-02,123.77,124.0,123.03,123.462,1821
2016-12-05,124.22,124.22,124.22,124.22,175
2016-12-06,125.53,125.7183,125.53,125.7183,670
2016-12-07,127.0,127.0,127.0,127.0,466
2016-12-08,127.39,128.5,127.39,128.14,817
2016-12-09,128.74,128.74,128.74,128.74,283
2016-12-12,130.16,130.4977,130.16,130.31,462
2016-12-13,132.05,133.2,132.05,133.2,370
2016-12-14,129.87,129.87,129.87,129.87,375
2016-12-15,130.13,130.13,130.13,130.13,200
2016-12-16,130.13,130.13,130.13,130.13,0
2016-12-19,130.13,130.13,130.13,130.13,0
2016-12-20,129.48,129.48,129.48,129.48,300
2016-12-21,130.15,130.322,130.15,130.322,484
2016-12-22,130.794,130.794,130.794,130.794,229
2016-12-23,130.33,130.33,130.33,130.33,186
2016-12-27,130.72,130.9485,130.72,130.94,616
2016-12-28,130.94,130.94,130.94,130.94,0
2016-12-29,130.44,130.44,130.44,130.44,344
2016-12-30,131.55,131.55,130.085,130.085,1308
2017-01-03,131.33,131.33,130.7712,130.7712,302
2017-01-04,132.01,132.7627,132.01,132.7627,1898
2017-01-05,133.13,134.04,133.13,134.04,1518
2017-01-06,132.95,133.318,132.95,133.318,742
2017-01-09,132.24,132.3375,132.24,132.3375,1554
2017-01-10,132.3375,132.3375,132.3375,132.3375,0
2017-01-11,132.3375,132.3375,132.3375,132.3375,0
2017-01-12,132.3375,132.3375,132.3375,132.3375,0
2017-01-13,133.4411,133.51,133.4411,133.51,642
2017-01-17,133.12,133.68,133.12,133.68,1092
2017-01-18,132.7,132.7,132.7,132.7,368
2017-01-19,132.7,132.7,132.7,132.7,0
2017-01-20,132.7,132.7,132.7,132.7,0
2017-01-23,132.7,132.7,132.7,132.7,0
2017-01-24,133.7,133.7439,133.7,133.7439,204
2017-01-25,133.7439,133.7439,133.7439,133.7439,0
2017-01-26,133.7439,133.7439,133.7439,133.7439,0
2017-01-27,133.7439,133.7439,133.7439,133.7439,0
2017-01-30,133.7439,133.7439,133.7439,133.7439,0
2017-01-31,134.3,134.3,134.3,134.3,517
2017-02-01,134.3,134.3,134.3,134.3,0
2017-02-02,134.37,134.37,134.37,134.37,398
2017-02-03,134.37,134.37,134.37,134.37,0
2017-02-06,134.37,134.37,134.37,134.37,0
2017-02-07,134.16,134.34,134.16,134.34,372
2017-02-08,135.33,135.33,135.33,135.33,285
2017-02-09,135.33,135.33,135.33,135.33,105
2017-02-10,135.33,135.33,135.33,135.33,88
2017-02-13,135.33,135.33,135.33,135.33,40
2017-02-14,136.81,136.81,136.81,136.81,100
2017-02-15,136.81,136.81,136.81,136.81,35
2017-02-16,138.63,138.63,138.63,138.63,282
2017-02-17,138.63,138.63,138.63,138.63,0
2017-02-21,139.47,139.61,139.47,139.61,480
2017-02-22,140.33,140.54,140.33,140.54,231
2017-02-23,141.36,141.36,141.36,141.36,142
2017-02-24,140.64,140.67,140.64,140.67,241
2017-02-27,141.35,141.35,141.35,141.35,102
2017-02-28,141.35,141.35,140.48,140.72,940
2017-03-01,141.53,141.53,141.53,141.53,236
2017-03-02,142.21,142.42,142.21,142.42,496
2017-03-03,143.05,143.05,141.68,142.3,734
2017-03-06,141.65,141.65,141.65,141.65,100
2017-03-07,141.65,141.65,141.65,141.65,0
2017-03-08,140.89,140.89,140.88,140.88,328
2017-03-09,140.88,140.88,140.88,140.88,0
2017-03-10,140.88,140.88,140.88,140.88,0
2017-03-13,140.88,140.88,140.88,140.88,13
2017-03-14,141.65,141.65,141.65,141.65,255
2017-03-15,141.65,142.5,141.65,142.5,1876
2017-03-16,142.5,142.5,142.5,142.5,0
2017-03-17,142.5,142.5,142.5,142.5,0
2017-03-20,144.8,144.8,144.75,144.75,344
2017-03-21,144.75,144.75,144.75,144.75,0
2017-03-22,144.75,144.75,144.75,144.75,75
2017-03-23,145.2,145.2,144.81,144.81,265
2017-03-24,144.81,144.81,144.81,144.81,100
2017-03-27,144.81,144.81,144.81,144.81,75
2017-03-28,144.81,144.81,144.81,144.81,0
2017-03-29,145.2,145.2,145.2,145.2,121
2017-03-30,145.2,145.2,145.2,145.2,35
2017-03-31,145.2,145.2,145.2,145.2,0
2017-04-03,144.8,144.8,144.8,144.8,223
2017-04-04,144.8,144.8,144.8,144.8,0
2017-04-05,144.8,144.8,144.8,144.8,0
2017-04-06,144.8,144.8,144.8,144.8,83
2017-04-07,145.74,145.74,144.13,144.13,800
2017-04-10,143.68,143.96,143.68,143.96,1648
2017-04-11,143.91,143.91,143.91,143.91,243
2017-04-12,143.91,143.91,143.91,143.91,0
2017-04-13,143.91,143.91,143.91,143.91,0
2017-04-17,143.91,143.91,143.91,143.91,0
2017-04-18,142.84,142.93,142.83,142.83,473
2017-04-19,142.83,142.83,142.83,142.83,0
2017-04-20,142.86,143.25,142.86,143.25,200
2017-04-21,143.25,143.25,143.25,143.25,82
2017-04-24,143.25,143.25,143.25,143.25,7
2017-04-25,147.41,148.31,147.41,148.31,835
2017-04-26,147.5,147.5,147.2,147.2,899
2017-04-27,146.78,146.78,146.78,146.78,197
2017-04-28,146.78,146.78,146.78,146.78,126
2017-05-01,146.13,146.61,146.13,146.56,695
2017-05-02,146.56,146.56,146.56,146.56,98
2017-05-03,146.56,146.56,146.56,146.56,0
2017-05-04,146.56,146.56,146.56,146.56,0
2017-05-05,146.56,146.56,146.56,146.56,0
2017-05-08,146.56,146.56,146.56,146.56,0
2017-05-09,146.56,146.56,146.56,146.56,0
2017-05-10,144.2,148.5,144.2,148.5,1094
2017-05-11,147.9,148.12,147.9,148.12,400
2017-05-12,148.12,148.12,148.12,148.12,0
2017-05-15,148.12,148.12,148.12,148.12,0
2017-05-16,148.12,148.12,148.12,148.12,0
2017-05-17,148.12,148.12,148.12,148.12,0
2017-05-18,148.12,148.12,148.12,148.12,0
2017-05-19,148.12,148.12,148.12,148.12,0
2017-05-22,150.5,150.5,150.5,150.5,183
2017-05-23,150.5,150.5,150.5,150.5,200
2017-05-24,150.5,150.5,150.5,150.5,0
2017-05-25,150.5,150.5,150.5,150.5,120
2017-05-26,152.31,152.31,152.31,152.31,267
2017-05-30,152.31,152.31,152.31,152.31,0
2017-05-31,152.31,152.31,152.31,152.31,0
2017-06-01,152.31,152.31,152.31,152.31,0
2017-06-02,132.32,132.32,132.32,132.32,128
2017-06-05,132.32,158.78,132.32,155.06,1888
2017-06-06,154.19,154.84,154.08,154.41,1183
2017-06-07,153.26,153.64,153.26,153.64,588
2017-06-08,153.64,153.64,153.64,153.64,0
2017-06-09,153.64,153.64,153.64,153.64,0
2017-06-12,152.95,152.95,152.95,152.95,100
2017-06-13,152.95,152.95,152.95,152.95,50
2017-06-14,153.97,153.97,153.97,153.97,200
2017-06-15,153.97,153.97,153.97,153.97,0
2017-06-16,153.97,153.97,153.97,153.97,0
2017-06-19,155.71,155.75,155.71,155.75,422
2017-06-20,155.75,155.75,155.75,155.75,0
2017-06-21,153.91,153.91,153.91,153.91,138
2017-06-22,153.91,153.91,153.91,153.91,0
2017-06-23,153.91,153.91,153.91,153.91,0
2017-06-26,155.35,155.35,155.35,155.35,127
2017-06-27,155.35,155.35,155.35,155.35,0
2017-06-28,155.61,155.61,155.61,155.61,382
2017-06-29,155.61,155.61,155.61,155.61,0
2017-06-30,155.61,155.61,155.61,155.61,0
2017-07-03,155.61,155.61,155.61,155.61,0
2017-07-05,155.61,155.61,155.61,155.61,0
2017-07-06,155.61,155.61,155.61,155.61,0
2017-07-07,155.61,155.61,155.61,155.61,0
2017-07-10,152.64,152.64,152.64,152.64,250
2017-07-11,151.41,151.41,151.41,151.41,100
2017-07-12,151.41,151.41,151.41,151.41,50
2017-07-13,154.04,154.04,154.04,154.04,100
2017-07-14,154.04,154.04,154.04,154.04,0
2017-07-17,156.08,156.08,156.08,156.08,766
2017-07-18,156.08,156.08,156.08,156.08,0
2017-07-19,156.08,156.08,156.08,156.08,0
2017-07-20,156.08,156.08,156.08,156.08,0
2017-07-21,156.08,156.08,156.08,156.08,1
2017-07-24,156.08,156.08,156.08,156.08,0
2017-07-25,156.08,156.08,156.08,156.08,123
2017-07-26,156.08,156.08,156.08,156.08,0
2017-07-27,156.08,156.08,156.08,156.08,0
2017-07-28,156.08,156.08,156.08,156.08,0
2017-07-31,156.08,156.08,156.08,156.08,0
2017-08-01,156.08,156.08,156.08,156.08,76
2017-08-02,156.08,156.08,156.08,156.08,0
2017-08-03,158.0,158.0,158.0,158.0,126
2017-08-04,158.0,158.0,158.0,158.0,0
2017-08-07,157.84,157.91,157.84,157.84,530
2017-08-08,157.84,157.84,157.84,157.84,0
2017-08-09,157.84,157.84,157.84,157.84,0
2017-08-10,157.84,157.84,157.84,157.84,0
2017-08-11,157.84,157.84,157.84,157.84,0
2017-08-14,157.84,157.84,157.84,157.84,0
2017-08-15,157.84,157.84,157.84,157.84,14
2017-08-16,157.84,157.84,157.84,157.84,0
2017-08-17,157.84,157.84,157.84,157.84,0
2017-08-18,157.84,157.84,157.84,157.84,0
2017-08-21,157.84,157.84,157.84,157.84,2
2017-08-22,154.79,154.96,154.79,154.96,286
2017-08-23,154.67,154.96,154.64,154.96,9206
2017-08-24,154.96,154.96,154.96,154.96,163
2017-08-25,154.96,154.96,154.96,154.96,0
2017-08-28,154.96,154.96,154.96,154.96,0
2017-08-29,155.78,156.056,155.78,156.056,200
2017-08-30,156.06,156.06,156.06,156.06,40
2017-08-31,156.06,156.06,156.06,156.06,0
2017-09-01,156.06,156.06,156.06,156.06,0
2017-09-05,156.06,156.06,156.06,156.06,0
2017-09-06,158.29,158.47,158.29,158.47,498
2017-09-07,158.47,158.47,158.47,158.47,0
2017-09-08,158.47,158.47,158.47,158.47,0
2017-09-11,158.47,158.47,158.47,158.47,0
2017-09-12,158.47,158.47,158.47,158.47,0
2017-09-13,158.47,158.47,158.47,158.47,0
2017-09-14,158.47,158.47,158.47,158.47,0
2017-09-15,158.4652,158.4652,158.4652,158.4652,129
2017-09-18,158.47,158.47,158.47,158.47,15
2017-09-19,158.47,158.47,158.47,158.47,0
2017-09-20,165.0,165.0,165.0,165.0,500
2017-09-21,165.0,165.0,165.0,165.0,0
2017-09-22,163.27,163.55,163.27,163.55,254
2017-09-25,163.55,163.55,163.55,163.55,0
2017-09-26,162.98,162.98,162.98,162.98,114
2017-09-27,162.98,162.98,162.98,162.98,0
2017-09-28,162.98,162.98,162.98,162.98,0
2017-09-29,162.98,162.98,162.98,162.98,0
