2009-11-11,26.0,400.09,25.05,25.44,1312809
2009-11-12,25.55,25.59,24.72,24.84,3675935
2009-11-13,25.0,25.5,24.65,25.43,1827576
2009-11-16,26.0,26.81,26.0,26.5,3321594
2009-11-17,26.37,26.93,26.05,26.93,2976734
2009-11-18,27.27,27.66,26.75,27.05,3662315
2009-11-19,26.83,27.018,25.77,26.92,3475578
2009-11-20,26.48,26.82,26.15,26.76,2241890
2009-11-23,27.9,28.32,27.36,27.6,3100142
2009-11-24,27.72,27.98,26.9,27.2201,2753978
2009-11-25,27.89,28.39,27.65,28.3,2683478
2009-11-27,26.45,27.67,25.88,27.09,3013418
2009-11-30,26.99,27.47,26.75,27.224,2456503
2009-12-01,28.14,28.91,28.0,28.62,3031127
2009-12-02,29.14,29.69,29.01,29.328,2699084
2009-12-03,29.1,29.164,28.35,28.51,3065424
2009-12-04,27.88,27.98,26.42,27.139,4583474
2009-12-07,26.25,27.259900000000002,26.01,26.65,2666648
2009-12-08,26.15,26.28,25.34,25.48,3124316
2009-12-09,25.72,26.49,25.41,26.08,3109219
2009-12-10,26.38,26.5,25.8601,26.14,1496395
2009-12-11,26.26,26.36,25.33,25.526,1577273
2009-12-14,25.76,26.31,25.435,26.3,1444560
2009-12-15,26.1,26.32,25.77,25.89,2143028
2009-12-16,26.23,26.56,26.1,26.31,1545434
2009-12-17,25.61,25.73,24.81,24.83,2054513
2009-12-18,25.03,25.3,24.6,25.07,1517367
2009-12-21,25.37,25.39,24.48,24.66,1584786
2009-12-22,24.84,24.95,24.36,24.82,1336007
2009-12-23,25.09,26.07,25.0,25.94,1831811
2009-12-24,26.43,26.43,26.0,26.13,645788
2009-12-28,26.58,26.58,25.94,26.1,637988
2009-12-29,26.27,26.37,25.93,25.95,653323
2009-12-30,25.65,25.74,25.35,25.54,607366
2009-12-31,25.79,26.01,25.66,25.74,613469
2010-01-04,26.71,26.93,26.55,26.78,1474044
2010-01-05,27.0,27.32,26.73,27.07,2007249
2010-01-06,27.51,28.03,27.35,27.83,1519569
2010-01-07,27.77,27.95,27.34,27.76,1418957
2010-01-08,27.97,28.25,27.47,28.21,905904
2010-01-11,29.22,29.25,28.42,28.48,2041679
2010-01-12,28.16,28.28,27.18,27.19,1936725
2010-01-13,27.58,27.78,26.96,27.68,1677000
2010-01-14,27.75,27.8,27.31,27.62,1099518
2010-01-15,27.44,27.44,26.89,27.26,1085833
2010-01-19,27.21,27.37,27.01,27.2,1403985
2010-01-20,26.37,26.519,25.64,25.77,2118694
2010-01-21,25.66,25.66,24.28,24.28,2894496
2010-01-22,24.12,24.6,23.53,24.1,3096255
2010-01-25,24.26,24.5,23.95,23.95,1349328
2010-01-26,23.53,24.35,23.23,23.83,1793115
2010-01-27,23.82,23.93,22.99,23.25,2284894
2010-01-28,23.59,23.71,22.51,22.93,2200210
2010-01-29,22.9,23.11,22.05,22.1699,1899346
2010-02-01,22.45,23.8,22.38,23.8,2446813
2010-02-02,24.15,24.21,23.74,23.91,1983051
2010-02-03,23.96,24.25,23.62,23.63,1513403
2010-02-04,23.05,23.16,21.88,21.94,3126532
2010-02-05,21.92,22.93,21.18,22.93,3633342
2010-02-08,22.91,23.3,22.22,22.22,2021794
2010-02-09,22.88,23.62,22.87,23.41,2310656
2010-02-10,23.38,23.53,22.8,23.34,1797995
2010-02-11,23.6,24.59,23.32,24.59,2339933
2010-02-12,24.09,24.4,23.65,24.31,1959316
2010-02-16,25.0,25.4,24.91,25.24,2612376
2010-02-17,25.4,25.468,24.85,25.06,2220460
2010-02-18,25.03,25.29,24.83,25.03,1550689
2010-02-19,24.62,25.0599,24.37,24.72,1822615
2010-02-22,24.96,24.98,24.42,24.42,903257
2010-02-23,24.24,24.34,23.27,23.31,1557009
2010-02-24,23.32,23.7263,23.19,23.32,1317624
2010-02-25,22.94,23.84,22.56,23.84,2230799
2010-02-26,23.97,24.18,23.62,24.18,1408251
2010-03-01,24.29,24.69,24.02,24.69,1083673
2010-03-02,24.9,25.57,24.9,25.18,2078163
2010-03-03,25.6,25.9399,25.4442,25.63,2387660
2010-03-04,25.6,25.74,25.02,25.37,1183901
2010-03-05,25.68,25.98,25.6,25.84,1049989
2010-03-08,25.95,26.09,25.47,25.74,1049391
2010-03-09,25.36,25.82,25.3,25.5,1083321
2010-03-10,25.79,25.97,25.14,25.39,1429197
2010-03-11,25.28,25.8,25.0503,25.78,904290
2010-03-12,25.93,26.08,25.51,25.77,1086286
2010-03-15,25.8,25.81,25.4,25.7,793667
2010-03-16,26.09,26.72,26.06,26.71,2492756
2010-03-17,26.83,26.99,26.65,26.73,1453804
2010-03-18,26.75,26.92,26.18,26.5,1297283
2010-03-19,26.45,26.5,25.68,26.09,1543897
2010-03-22,25.47,25.99,25.37,25.93,1178860
2010-03-23,25.9,26.47,25.69,26.44,1470264
2010-03-24,25.84,25.84,25.0,25.18,2238915
2010-03-25,25.43,25.6726,24.74,24.92,2119119
2010-03-26,25.06,25.52,24.87,25.5,1588515
2010-03-29,25.87,26.09,25.66,25.9,932050
2010-03-30,26.02,26.03,25.4899,25.6,544620
2010-03-31,25.86,25.98,25.6201,25.72,764361
2010-04-01,26.25,26.59,26.11,26.58,1610983
2010-04-05,26.89,27.33,26.8,27.31,1498155
2010-04-06,27.36,27.59,27.24,27.38,1588433
2010-04-07,27.45,28.05,27.45,27.8,3183449
2010-04-08,27.8,27.93,27.5301,27.89,1360534
2010-04-09,28.11,28.4997,27.99,28.3,2195374
2010-04-12,28.28,28.52,27.86,27.95,1849195
2010-04-13,27.9,27.9,27.24,27.72,1313658
2010-04-14,28.13,28.38,27.89,28.26,1247020
2010-04-15,28.2,28.42,27.98,28.08,863281
2010-04-16,27.68,27.83,26.7,27.24,2738840
2010-04-19,26.97,27.13,26.65,27.08,1594183
2010-04-20,27.55,27.79,27.4,27.46,1036986
2010-04-21,27.65,27.78,27.3599,27.71,1364745
2010-04-22,27.31,27.79,27.13,27.79,998531
2010-04-23,27.71,28.54,27.42,28.54,1729500
2010-04-26,28.46,28.654,28.2,28.25,1389966
2010-04-27,27.91,28.57,27.65,28.09,2400236
2010-04-28,28.28,28.86,27.94,28.72,3220153
2010-04-29,28.78,29.2,28.63,29.0,1770769
2010-04-30,29.23,29.63,29.15,29.179,2904664
2010-05-03,29.45,29.65,28.75,28.93,1800071
2010-05-04,28.74,28.83,26.98,27.58,4279172
2010-05-05,26.95,28.04,26.25,27.61,2147757
2010-05-06,27.57,28.29,26.1,27.6999,4116622
2010-05-07,27.77,27.96,26.91,27.17,2811312
2010-05-10,27.78,28.38,27.6,28.27,1529409
2010-05-11,28.77,30.28,28.64,30.24,3958417
2010-05-12,30.86,31.28,30.52,30.6,3889993
2010-05-13,30.61,30.74,29.6,29.88,1941374
2010-05-14,30.27,30.33,28.52,29.57,3295975
2010-05-17,29.58,29.68,28.2,28.72,2308113
2010-05-18,28.36,28.87,27.97,28.13,1799154
2010-05-19,27.68,27.78,25.85,26.71,4402377
2010-05-20,25.88,26.09,25.0,25.0,3840059
2010-05-21,24.59,26.13,24.2459,25.695,3098249
2010-05-24,26.16,26.64,26.03,26.1736,1740004
2010-05-25,25.56,26.65,25.2,26.64,2548858
2010-05-26,27.33,27.56,26.52,26.66,1495974
2010-05-27,27.15,27.7,27.09,27.63,1091401
2010-05-28,27.59,27.6,27.04,27.15,1080567
2010-06-01,27.36,27.92,26.82,26.85,1500337
2010-06-02,26.73,27.58,26.5901,27.57,1189582
2010-06-03,27.69,27.69,26.62,27.02,1476211
2010-06-04,26.83,26.9899,26.25,26.36,1133075
2010-06-07,26.3,27.39,26.1267,27.06,1701437
2010-06-08,27.42,28.16,27.42,27.82,2613639
2010-06-09,27.76,28.05,27.17,27.31,1394634
2010-06-10,27.5,27.83,27.42,27.69,922077
2010-06-11,27.54,28.06,27.54,28.05,1111212
2010-06-14,28.21,28.46,27.49,27.5,1387596
2010-06-15,27.82,28.49,27.7901,28.48,1209311
2010-06-16,28.24,28.67,28.05,28.6,1054085
2010-06-17,29.05,29.45,28.94,29.24,1830759
2010-06-18,29.82,30.36,29.61,30.348,2045958
2010-06-21,30.51,30.65,28.57,28.75,2289098
2010-06-22,28.9,29.3418,28.39,28.48,1603971
2010-06-23,28.28,28.84,27.83,28.6,1265487
2010-06-24,28.56,29.09,28.27,28.6,1227666
2010-06-25,29.13,29.75,28.93,29.62,1364237
2010-06-28,29.6,30.07,29.06,29.1901,1455627
2010-06-29,28.56,28.56,27.65,27.9,2436409
2010-06-30,27.96,28.22,27.22,27.26,1785924
2010-07-01,27.29,27.56,25.44,25.88,2241833
2010-07-02,26.36,26.919,26.08,26.21,1637777
2010-07-06,26.43,26.45,25.4,25.67,1666110
2010-07-07,25.47,26.21,25.36,26.21,1246469
2010-07-08,26.32,26.41,25.63,25.97,997811
2010-07-09,26.26,26.9,26.19,26.82,891370
2010-07-12,26.71,26.95,26.23,26.4,643996
2010-07-13,27.14,27.21,26.62,26.69,1100487
2010-07-14,26.61,27.1,26.42,26.71,839180
2010-07-15,26.9,26.93,26.2201,26.81,696944
2010-07-16,26.25,26.27,25.83,26.01,1018568
2010-07-19,25.76,25.8152,25.1,25.38,1310559
2010-07-20,25.32,26.169,25.23,26.14,946213
2010-07-21,26.4,26.5,25.61,25.76,1113228
2010-07-22,26.0,26.53,25.97,26.23,902849
2010-07-23,26.47,26.59,26.09,26.38,1179505
2010-07-26,26.63,26.64,26.27,26.32,459191
2010-07-27,26.29,26.29,25.47,25.71,1463807
2010-07-28,25.63,25.99,25.52,25.78,646718
2010-07-29,26.13,26.28,25.89,26.19,828653
2010-07-30,26.17,26.73,26.05,26.67,873321
2010-08-02,27.05,27.23,26.39,26.55,1166070
2010-08-03,26.85,27.33,26.82,27.28,1573068
2010-08-04,27.76,28.19,27.72,28.08,1181943
2010-08-05,28.16,28.3001,27.93,28.17,727988
2010-08-06,28.24,28.5,28.09,28.3,982836
2010-08-09,28.37,28.53,28.06,28.52,812185
2010-08-10,28.06,28.39,27.5,28.23,1680301
2010-08-11,27.9,27.95,27.232,27.31,1031979
2010-08-12,27.66,28.3,27.5,28.28,1101371
2010-08-13,28.28,28.52,28.2206,28.42,801755
2010-08-16,28.59,28.93,28.55,28.87,1055584
2010-08-17,28.98,29.4101,28.97,29.26,801603
2010-08-18,29.19,29.82,28.8,29.8,1133447
2010-08-19,29.8,29.98,29.3,29.56,1285300
2010-08-20,29.24,29.42,28.7,29.42,940878
2010-08-23,29.5,29.55,28.9401,29.04,658429
2010-08-24,28.32,28.88,28.06,28.6,1301859
2010-08-25,28.9,29.65,28.7,29.62,972173
2010-08-26,29.67,30.1,29.63,29.79,1095658
2010-08-27,29.99,30.34,29.44,30.3,1035578
2010-08-30,30.39,30.5,29.94,29.94,527473
2010-08-31,30.28,30.75,30.2141,30.34,1125246
2010-09-01,30.95,30.99,30.43,30.65,1186481
2010-09-02,30.93,31.15,30.6311,31.115,947254
2010-09-03,31.39,32.11,31.24,31.99,1930138
2010-09-07,32.26,32.66,32.26,32.36,1488753
2010-09-08,32.69,33.05,32.5,32.52,1865843
2010-09-09,32.6,32.8,31.51,31.69,1575951
2010-09-10,31.6,32.22,31.51,32.17,926332
2010-09-13,32.38,32.48,31.9701,32.3,1001711
2010-09-14,33.02,33.96,32.75,33.51,2707211
2010-09-15,33.5,33.73,33.18,33.29,1571399
2010-09-16,33.65,33.88,33.51,33.88,1547964
2010-09-17,34.0,34.0,33.4,33.7,1335276
2010-09-20,33.9001,34.54,33.8682,34.25,1471632
2010-09-21,34.04,34.27,33.12,34.19,2575092
2010-09-22,34.64,34.82,33.98,34.26,2685557
2010-09-23,34.11,34.5,33.84,33.96,1066691
2010-09-24,34.5,34.59,33.73,33.76,1744166
2010-09-27,34.2,34.27,33.43,33.5,1783729
2010-09-28,33.39,34.19,32.59,34.14,2768548
2010-09-29,34.3,34.4099,33.82,34.07,1609856
2010-09-30,34.42,34.42,32.89,33.4,2210182
2010-10-01,33.74,34.26,33.7301,34.19,2377025
2010-10-04,33.86,33.97,33.21,33.34,1284400
2010-10-05,34.12,34.77,34.067,34.66,2282888
2010-10-06,34.85,35.53,34.81,35.41,2812416
2010-10-07,35.74,35.8,34.08,34.35,3433239
2010-10-08,34.31,35.15,34.14,35.09,2067694
2010-10-11,34.94,35.46,34.75,35.39,1507627
2010-10-12,35.0,35.24,34.46,35.19,2321565
2010-10-13,35.74,36.53,35.62,36.35,2059595
2010-10-14,36.48,36.77,36.15,36.34,2083451
2010-10-15,36.09,36.2,35.22,35.65,1914795
2010-10-18,35.17,36.44,34.8,35.63,1196952
2010-10-19,34.31,34.31,33.11,33.39,3978530
2010-10-20,33.71,34.66,33.7,34.58,1980726
2010-10-21,34.53,34.76,33.15,33.45,2514561
2010-10-22,33.46,33.99,33.12,33.94,1528721
2010-10-25,34.91,35.19,34.55,35.0,2387361
2010-10-26,34.58,35.44,34.52,35.28,1485543
2010-10-27,34.87,34.88,33.89,34.59,1873707
2010-10-28,35.22,35.57,34.66,35.55,2096325
2010-10-29,35.58,36.22,35.48,36.18,1769895
2010-11-01,36.41,36.7899,36.02,36.28,1791339
2010-11-02,36.74,37.0,36.5,36.76,1516594
2010-11-03,36.98,37.22,35.93,37.03,3309821
2010-11-04,38.66,40.0,38.3,39.93,5341333
2010-11-05,39.8,41.06,39.61,40.51,4444883
2010-11-08,40.44,41.94,40.16,41.82,3669937
2010-11-09,42.62,43.31,38.85,39.57,6862825
2010-11-10,40.03,40.65,38.65,40.56,4049320
2010-11-11,40.82,40.83,39.8,40.75,2245104
2010-11-12,39.95,40.32,38.64,39.18,3331854
2010-11-15,39.42,39.5,38.45,38.5,1977077
2010-11-16,37.99,38.0,36.33,36.88,5958693
2010-11-17,37.0,38.3,36.93,37.83,2710520
2010-11-18,38.94,39.33,38.7,38.82,2924590
2010-11-19,38.59,39.17,38.0,39.14,1900561
2010-11-22,38.94,39.89,38.83,39.85,1991220
2010-11-23,39.57,39.75,39.1,39.5,2231612
2010-11-24,39.78,39.9,39.32,39.6425,1232801
2010-11-26,38.6101,39.07,38.5,38.9,718687
2010-11-29,38.77,39.46,38.11,39.38,1618425
2010-11-30,39.57,40.82,39.4,40.45,2894209
2010-12-01,41.08,41.43,40.6001,41.27,2480472
2010-12-02,41.51,42.36,41.51,41.87,2319096
2010-12-03,42.2499,43.0,42.11,42.958,2788056
2010-12-06,43.03,43.97,43.03,43.94,3023281
2010-12-07,44.81,44.86,42.32,42.38,4291686
2010-12-08,42.0901,42.2,40.68,41.51,3582940
2010-12-09,42.12,42.43,41.3,41.36,5013178
2010-12-10,41.18,41.61,40.39,41.56,3446980
2010-12-13,42.52,42.72,41.94,42.05,3127949
2010-12-14,42.35,42.78,41.75,42.21,2567996
2010-12-15,42.01,42.0599,40.98,41.09,2241010
2010-12-16,41.0,41.06,40.2,40.72,3115830
2010-12-17,40.5,41.93,40.5,41.81,3179202
2010-12-20,41.97,42.02,40.94,41.8,1945680
2010-12-21,41.77,42.14,41.37,42.14,2061854
2010-12-22,42.12,42.17,40.63,40.71,2350120
2010-12-23,37.65,38.78,37.52,38.21,3704700
2010-12-27,38.34,38.34,37.8,37.94,1470278
2010-12-28,38.91,39.99,38.62,39.98,2204678
2010-12-29,40.13,40.24,39.607,39.7,1664003
2010-12-30,39.86,40.01,39.15,39.29,1291065
2010-12-31,39.7,40.26,39.52,39.89,1708416
2011-01-03,40.26,40.8,39.83,39.97,2362203
2011-01-04,39.37,39.77,37.21,37.995,5329334
2011-01-05,37.56,37.86,36.75,37.67,3600410
2011-01-06,37.67,37.68,36.12,36.12,3317327
2011-01-07,36.18,36.8,35.77,36.18,2846005
2011-01-10,36.23,36.82,35.71,36.7,2351157
2011-01-11,37.29,37.96,37.12,37.85,3190977
2011-01-12,38.09,38.25,37.52,37.93,2384351
2011-01-13,37.97,38.13,36.27,36.45,2725149
2011-01-14,35.94,36.18,35.36,35.65,3390078
2011-01-18,35.94,36.55,35.87,36.21,1964359
2011-01-19,36.66,36.7,35.5701,35.76,1800823
2011-01-20,34.82,34.87,33.69,34.57,4887443
2011-01-21,34.68,34.75,33.82,33.91,2640267
2011-01-24,33.82,34.39,33.23,33.5,2404197
2011-01-25,33.16,33.3175,32.51,33.31,5021044
2011-01-26,33.25,34.98,33.12,34.87,4061319
2011-01-27,34.89,34.9699,33.72,33.92,3533248
2011-01-28,33.63,35.21,33.6,34.63,5349500
2011-01-31,34.68,34.76,34.0758,34.1,2158963
2011-02-01,34.74,35.68,34.52,35.62,3646654
2011-02-02,35.59,35.596,34.93,35.43,2124509
2011-02-03,36.06,37.61,35.35,37.5,4388860
2011-02-04,37.82,38.025,37.17,37.52,2911533
2011-02-07,37.67,38.08,37.39,37.53,1542534
2011-02-08,38.06,38.5,37.83,38.27,3246801
2011-02-09,38.35,38.45,36.99,37.16,3658241
2011-02-10,36.65,37.07,35.86,36.83,2749556
2011-02-11,36.82,37.39,36.51,36.55,2093505
2011-02-14,36.9001,37.42,36.9,37.32,1538613
2011-02-15,37.9,38.14,37.77,37.94,1799650
2011-02-16,38.08,38.56,37.5972,38.49,2835026
2011-02-17,38.69,38.84,38.411,38.68,2840065
2011-02-18,38.7201,39.4135,38.7201,38.99,2981933
2011-02-22,39.7,39.7,37.96,38.07,3821476
2011-02-23,38.01,38.63,37.78,38.25,3471961
2011-02-24,38.1501,38.35,36.73,36.8,3724260
2011-02-25,37.1,37.87,37.1,37.86,1827073
2011-02-28,38.05,38.7401,37.915,38.5,1579301
2011-03-01,38.97,39.67,38.78,39.58,3342421
2011-03-02,39.88,39.93,39.4,39.69,2492188
2011-03-03,39.2401,39.3699,38.6,39.16,3843842
2011-03-04,39.29,40.06,39.29,39.954,1809169
2011-03-07,40.56,40.79,39.19,39.66,2135479
2011-03-08,39.29,39.33,38.35,39.11,1445481
2011-03-09,39.48,39.5,38.41,38.51,1804008
2011-03-10,37.82,37.82,36.36,36.55,4162633
2011-03-11,35.99,37.83,35.82,37.67,2486345
2011-03-14,37.11,37.56,36.53,37.1,1826084
2011-03-15,34.36,36.06,34.07,35.63,4904779
2011-03-16,35.87,36.39,34.64,35.03,2829332
2011-03-17,35.48,35.98,35.29,35.66,2419047
2011-03-18,36.55,37.22,36.269,36.9,3638422
2011-03-21,37.85,38.23,37.55,38.22,2078712
2011-03-22,37.89,38.23,37.59,38.07,1621049
2011-03-23,38.32,39.61,38.1,39.37,2687953
2011-03-24,39.69,40.2,38.92,39.08,4033403
2011-03-25,39.29,39.51,38.45,38.62,3110564
2011-03-28,38.04,38.62,38.0,38.0,1813856
2011-03-29,38.05,38.69,37.69,38.16,1496008
2011-03-30,38.83,39.125,38.32,39.06,1988896
2011-03-31,39.55,39.6484,39.16,39.22,1668678
2011-04-01,39.1,39.26,38.6,39.0,1638016
2011-04-04,39.5001,39.64,39.24,39.4,1358746
2011-04-05,39.24,41.71,39.24,41.66,4380960
2011-04-06,42.12,42.49,41.46,41.581,3760824
2011-04-07,41.49,42.36,41.2,41.67,2807754
2011-04-08,42.34,42.97,42.04,42.35,3705506
2011-04-11,42.43,42.5,40.26,40.73,2973309
2011-04-12,40.55,40.72,39.11,39.44,3250751
2011-04-13,39.95,40.39,39.47,39.84,2453862
2011-04-14,40.03,41.16,39.7269,41.0,2637479
2011-04-15,41.09,41.2,40.46,40.58,2754001
2011-04-18,40.27,40.65,39.06,40.02,3435703
2011-04-19,40.14,40.73,39.87,40.67,1614322
2011-04-20,41.36,42.12,41.3,41.53,3136458
2011-04-21,41.85,42.08,41.46,41.85,1557406
2011-04-25,42.27,42.29,40.49,40.56,3112810
2011-04-26,40.28,40.46,39.68,40.15,2194444
2011-04-27,40.42,41.68,39.53,41.63,3204783
2011-04-28,41.71,42.4,41.25,41.56,3383217
2011-04-29,41.59,42.07,41.081,41.65,2723845
2011-05-02,40.58,41.379,39.56,39.74,3495822
2011-05-03,39.5,39.5,37.56,37.92,5528006
2011-05-04,38.11,38.34,37.02,37.94,4187032
2011-05-05,37.08,37.9198,35.39,35.79,5142438
2011-05-06,36.65,37.63,36.53,36.86,3221159
2011-05-09,37.42,37.7665,36.74,37.7,2426780
2011-05-10,37.73,38.08,37.39,37.55,2379973
2011-05-11,37.22,37.46,35.42,35.82,4450415
2011-05-12,34.88,36.0695,34.38,35.36,4664070
2011-05-13,35.54,35.89,34.35,34.69,2710906
2011-05-16,34.51,35.6,34.33,34.7,2430990
2011-05-17,34.24,34.749,33.5,34.47,3550500
2011-05-18,34.85,35.61,34.7,35.39,2518508
2011-05-19,35.51,35.84,34.96,35.47,1579094
2011-05-20,35.35,36.32,34.75,36.15,4665614
2011-05-23,35.51,36.19,34.99,35.07,3608043
2011-05-24,35.63,36.59,35.56,36.47,2944024
2011-05-25,36.59,37.11,36.19,36.64,1784074
2011-05-26,36.54,36.84,36.03,36.65,1887913
2011-05-27,37.01,37.55,37.01,37.44,1390669
2011-05-31,37.89,38.06,37.26,37.94,1653575
2011-06-01,37.72,38.33,37.05,37.18,1841162
2011-06-02,37.01,37.43,35.92,36.51,2266607
2011-06-03,36.37,36.68,35.96,36.09,1868101
2011-06-06,36.27,36.48,35.1,35.27,1972739
2011-06-07,35.57,35.86,35.27,35.42,1826055
2011-06-08,35.0,35.27,33.79,34.41,3379709
2011-06-09,34.33,35.37,34.04,35.23,1751237
2011-06-10,34.59,34.99,33.9699,34.87,4306171
2011-06-13,34.55,34.55,33.27,33.37,3538832
2011-06-14,33.76,34.519,33.63,34.27,1855232
2011-06-15,33.94,34.57,33.28,33.72,2636909
2011-06-16,33.43,33.6899,32.15,32.6,3418600
2011-06-17,32.8,33.52,32.45,32.64,2959019
2011-06-20,32.54,32.81,32.32,32.64,2215210
2011-06-21,32.97,34.16,32.87,33.99,2586638
2011-06-22,34.14,35.36,34.14,34.66,3148651
2011-06-23,33.57,34.1,32.99,34.09,2720952
2011-06-24,33.97,34.0,32.91,32.99,2532520
2011-06-27,32.72,32.797,32.06,32.28,2475417
2011-06-28,32.53,32.98,32.22,32.93,1775143
2011-06-29,33.15,34.09,33.15,33.97,2813531
2011-06-30,34.18,34.5,33.88,34.48,2304134
2011-07-01,33.86,34.0,33.4,33.91,2076399
2011-07-05,34.57,35.48,34.44,35.25,2963061
2011-07-06,35.75,36.29,35.621,36.11,3129584
2011-07-07,36.54,36.83,36.2,36.3,2346652
2011-07-08,36.32,36.72,36.11,36.42,1782546
2011-07-11,36.28,36.41,35.14,35.5,2725832
2011-07-12,35.21,36.54,35.02,36.29,4545250
2011-07-13,37.12,38.3,36.99,37.97,5988317
2011-07-14,38.58,38.72,37.3,37.61,5153302
2011-07-15,37.66,38.163,37.43,38.04,2221320
2011-07-18,38.62,39.12,38.46,39.07,3673633
2011-07-19,39.23,39.25,37.749,37.75,2960642
2011-07-20,37.73,38.58,37.3454,38.44,2241597
2011-07-21,38.67,38.83,37.69,38.04,2384877
2011-07-22,38.46,38.97,38.35,38.68,1762696
2011-07-25,39.25,39.5,38.36,38.52,2257356
2011-07-26,38.45,38.67,38.15,38.46,1458495
2011-07-27,38.66,38.98,36.68,36.8,3448137
2011-07-28,36.61,36.68,35.84,36.41,3417981
2011-07-29,36.19,36.33,35.6,36.05,3619232
2011-08-01,36.2,36.72,35.96,36.36,2356564
2011-08-02,36.78,37.59,36.61,37.22,3644410
2011-08-03,37.78,38.209,37.051,37.19,3004886
2011-08-04,37.41,37.43,33.71,34.56,6721725
2011-08-05,34.31,34.61,31.62,32.732,7199174
2011-08-08,32.97,33.79,32.25,32.89,8584437
2011-08-09,33.03,34.1,32.21,33.93,6655806
2011-08-10,33.79,35.81,33.5032,35.39,5996252
2011-08-11,35.01,36.1,34.79,35.83,5006840
2011-08-12,35.42,35.56,34.53,35.0,2718288
2011-08-15,34.93,36.08,34.79,36.03,2134999
2011-08-16,36.03,36.37,35.68,35.9,2613908
2011-08-17,36.25,36.72,35.63,35.9,1978990
2011-08-18,35.59,35.8,34.35,34.72,2837769
2011-08-19,35.31,36.1,35.12,35.2,2086578
2011-08-22,36.1,37.064,35.74,36.66,4677901
2011-08-23,36.27,36.77,35.335,35.7,3591912
2011-08-24,35.51,35.52,33.76,34.25,3591534
2011-08-25,34.01,35.53,33.8501,34.74,4897900
2011-08-26,35.02,35.96,34.33,35.91,2289965
2011-08-29,36.3,36.42,35.36,36.05,2914005
2011-08-30,36.46,37.71,36.39,37.36,2841553
2011-08-31,37.55,37.7,36.89,37.31,2693292
2011-09-01,37.08,37.55,36.69,37.29,1792637
2011-09-02,37.63,38.59,37.63,38.28,4211438
2011-09-06,38.52,38.99,37.3308,37.86,3893071
2011-09-07,36.89,38.18,36.74,38.12,2759031
2011-09-08,38.7889,39.23,38.665,39.18,3860258
2011-09-09,38.51,39.12,37.7784,38.27,4881662
2011-09-12,37.35,37.76,36.01,36.91,4938933
2011-09-13,37.24,37.29,36.53,36.86,2740373
2011-09-14,36.76,36.76,35.8,35.91,3051350
2011-09-15,35.81,35.85,34.6,35.69,3307495
2011-09-16,35.93,36.72,35.61,36.61,3173614
2011-09-19,36.58,36.58,35.0,35.57,3830508
2011-09-20,35.65,37.07,35.34,36.31,3800658
2011-09-21,36.35,36.75,35.01,35.1,3026408
2011-09-22,32.94,32.99,31.04,31.69,6466571
2011-09-23,30.2,31.0899,28.7,29.69,4769989
2011-09-26,29.29,29.58,28.1936,29.46,6757252
2011-09-27,31.08,31.42,29.97,30.07,4446750
2011-09-28,30.19,30.33,28.19,28.28,3931181
2011-09-29,28.98,29.35,27.63,28.06,3639594
2011-09-30,27.75,28.82,27.44,28.15,2895411
2011-10-03,28.73,28.93,27.5,27.55,3453484
2011-10-04,27.1,27.2,25.22,26.83,5632852
2011-10-05,26.82,28.35,26.41,28.22,3640055
2011-10-06,28.25,29.62,28.25,29.54,3254769
2011-10-07,29.73,30.21,28.37,29.05,2682377
2011-10-10,29.83,30.91,29.7,30.9,2691285
2011-10-11,30.02,30.7,29.84,30.66,1862396
2011-10-12,31.11,31.59,30.96,31.0,2276193
2011-10-13,30.8,30.85,29.68,30.51,1996627
2011-10-14,31.06,31.53,30.6257,31.04,2409668
2011-10-17,31.02,31.12,29.6,29.67,2033788
2011-10-18,29.28,30.7,28.35,30.47,3060958
2011-10-19,30.5,30.5,28.26,28.36,2652343
2011-10-20,28.37,28.79,27.66,28.19,3288978
2011-10-21,28.92,29.3,28.44,28.66,1917191
2011-10-24,29.14,30.42,29.14,30.37,2931756
2011-10-25,30.23,31.46,29.43,31.08,5116233
2011-10-26,31.36,31.85,30.83,31.62,3421709
2011-10-27,32.27,32.66,31.79,32.38,3496508
2011-10-28,31.95,32.81,31.87,32.41,2316484
2011-10-31,31.53,31.86,30.9699,31.13,2411261
2011-11-01,29.7,31.13,29.1,30.77,4192051
2011-11-02,31.45,31.91,30.84,31.4,2936462
2011-11-03,32.08,32.59,31.16,32.5,3127446
2011-11-04,32.11,32.36,31.39,32.19,1831584
2011-11-07,32.4499,33.35,32.34,33.28,3619883
2011-11-08,33.2,33.47,32.7828,32.97,3210664
2011-11-09,32.46,33.05,31.31,31.44,3780682
2011-11-10,31.92,32.0,30.5302,31.61,3259195
2011-11-11,31.88,32.61,31.74,32.34,1705244
2011-11-14,32.21,32.3,31.55,31.9,1662595
2011-11-15,31.73,32.12,31.28,31.7,2272912
2011-11-16,31.45,31.91,30.95,31.1,3218695
2011-11-17,30.85,31.14,29.28,29.54,4168783
2011-11-18,29.77,29.8692,28.88,29.24,2885502
2011-11-21,28.53,28.54,27.29,27.8,4204308
2011-11-22,28.21,28.75,27.97,28.26,3126144
2011-11-23,27.99,27.99,26.75,27.26,3016820
2011-11-25,26.96,27.6001,26.86,26.97,1126475
2011-11-28,28.39,28.7,27.86,28.05,2119626
2011-11-29,28.07,28.8,27.88,28.06,2086260
2011-11-30,29.3299,30.13,29.25,30.04,2957452
2011-12-01,29.98,30.57,29.79,30.06,2437616
2011-12-02,30.61,30.7616,29.57,29.65,2187732
2011-12-05,29.85,30.43,29.4,29.67,1941191
2011-12-06,29.5,30.21,29.02,30.07,1837664
2011-12-07,30.13,30.2,29.52,29.88,1718469
2011-12-08,29.36,29.46,28.38,28.5,2971160
2011-12-09,28.72,29.09,28.52,28.99,1506131
2011-12-12,28.02,28.02,27.44,27.69,3545143
2011-12-13,27.69,28.1198,26.25,26.3,3771328
2011-12-14,25.8,26.0295,24.8,25.24,6282493
2011-12-15,25.6503,25.8,24.55,24.64,6331619
2011-12-16,25.32,25.94,25.23,25.62,4700585
2011-12-19,25.6599,25.75,24.84,24.84,3828090
2011-12-20,25.51,26.89,25.5,26.71,4122643
2011-12-21,26.57,26.88,26.26,26.54,2444921
2011-12-22,26.19,26.2,25.32,25.43,2321733
2011-12-23,24.25,24.7,24.15,24.31,3646109
2011-12-27,24.17,24.49,23.87,24.03,1909423
2011-12-28,24.17,24.17,22.95,23.01,2943855
2011-12-29,22.78,24.02,22.58,23.89,3731230
2011-12-30,24.3,24.92,24.21,24.7,3274865
2012-01-03,25.5201,26.25,25.42,26.08,3442723
2012-01-04,25.78,26.36,25.78,26.08,2495263
2012-01-05,25.77,26.12,25.05,25.91,2362270
2012-01-06,26.11,26.23,25.6,25.62,1481688
2012-01-09,25.88,26.18,25.67,25.95,2809133
2012-01-10,26.72,26.79,26.51,26.54,3110031
2012-01-11,26.62,26.73,26.25,26.6,2449986
2012-01-12,26.7,27.08,26.48,26.77,1926389
2012-01-13,26.23,26.46,25.84,26.37,1376905
2012-01-17,26.92,27.14,26.25,26.36,2181231
2012-01-18,26.39,27.05,26.33,27.04,1828072
2012-01-19,27.0,27.19,26.45,26.7,1811441
2012-01-20,26.57,27.17,26.48,27.16,2329123
2012-01-23,27.4199,28.01,27.26,27.386,3189153
2012-01-24,27.1,27.15,26.75,26.91,1787998
2012-01-25,26.7,29.02,26.65,28.96,4956253
2012-01-26,29.4,29.99,29.12,29.35,4847020
2012-01-27,29.29,30.03,29.214,29.84,3318363
2012-01-30,29.4,29.71,29.15,29.6,2700050
2012-01-31,30.07,30.2899,29.29,29.65,3131531
2012-02-01,30.1,30.13,29.69,29.8,2298448
2012-02-02,29.99,30.55,29.83,30.19,2975128
2012-02-03,29.78,30.03,29.5,29.61,3181537
2012-02-06,29.36,29.56,28.95,29.2,2793921
2012-02-07,29.04,29.61,28.65,29.2,2428174
2012-02-08,29.24,29.57,28.61,28.71,2414866
2012-02-09,29.14,29.36,28.41,28.49,2605664
2012-02-10,27.83,28.14,27.58,27.955,2782279
2012-02-13,28.33,28.34,27.91,28.02,2014618
2012-02-14,27.97,28.03,27.4,27.65,1748050
2012-02-15,28.1,28.22,27.51,27.61,2547528
2012-02-16,27.27,28.22,27.16,28.2,3081084
2012-02-17,28.38,28.489,27.63,27.84,1627265
2012-02-21,28.36,28.92,28.33,28.845,2628275
2012-02-22,28.75,29.61,28.59,29.47,3275170
2012-02-23,29.65,29.89,29.28,29.57,3286689
2012-02-24,29.62,29.69,29.06,29.41,2587884
2012-02-27,29.24,29.5,28.93,29.0,2414445
2012-02-28,29.36,29.58,29.13,29.43,2485394
2012-02-29,29.57,29.75,27.66,27.92,5372147
2012-03-01,28.2,28.56,27.94,28.3101,2751927
2012-03-02,28.12,28.21,27.66,27.71,2043872
2012-03-05,27.56,27.59,26.5629,26.63,3420160
2012-03-06,25.85,25.91,25.15,25.86,5733986
2012-03-07,25.9,26.52,25.73,26.31,1981354
2012-03-08,26.6,27.11,26.4601,26.98,1687418
2012-03-09,26.66,27.34,26.5,26.7,2239848
2012-03-12,26.59,26.8,26.23,26.53,1782247
2012-03-13,26.54,26.94,26.35,26.44,2863531
2012-03-14,25.86,25.9,25.03,25.13,3761977
2012-03-15,25.18,25.69,25.16,25.49,2608814
2012-03-16,25.35,25.59,25.23,25.28,2178051
2012-03-19,25.19,25.45,24.85,24.88,2596789
2012-03-20,24.59,24.84,24.15,24.81,3155506
2012-03-21,24.89,25.1,24.55,24.56,2523649
2012-03-22,24.09,24.2491,23.9,24.0,2794702
2012-03-23,24.27,24.8182,24.1299,24.65,3337994
2012-03-26,25.24,25.71,25.2,25.71,4915119
2012-03-27,25.77,25.79,24.85,24.89,3439165
2012-03-28,24.62,24.79,23.76,23.99,3385140
2012-03-29,23.93,24.2266,23.38,24.15,2606763
2012-03-30,24.76,24.76,24.095,24.55,3115855
2012-04-02,24.52,25.14,24.4201,24.96,2565041
2012-04-03,25.01,25.01,23.5,23.83,3917629
2012-04-04,23.23,23.25,22.39,22.83,6194880
2012-04-05,23.0,23.16,22.425,22.47,3505975
2012-04-09,22.76,22.96,22.24,22.2491,3352089
2012-04-10,22.3,22.98,22.01,22.94,5362265
2012-04-11,22.95,23.23,22.64,22.67,2413315
2012-04-12,22.78,23.85,22.76,23.72,4549593
2012-04-13,23.47,23.68,22.96,23.05,3000833
2012-04-16,23.03,23.41,22.51,22.61,2950168
2012-04-17,22.83,23.188,22.68,22.91,2913552
2012-04-18,22.69,23.0286,22.44,22.67,2959186
2012-04-19,22.92,23.13,22.38,22.46,2414521
2012-04-20,22.57,22.91,22.37,22.4,1917082
2012-04-23,22.01,22.05,21.52,21.82,2813840
2012-04-24,21.99,22.2,21.61,21.68,2283980
2012-04-25,22.04,22.47,21.528,22.43,4451101
2012-04-26,22.45,22.92,22.38,22.82,2587360
2012-04-27,23.12,23.5,23.11,23.23,2929721
2012-04-30,23.04,23.39,22.91,23.3,2514777
2012-05-01,23.15,23.93,23.15,23.37,4438989
2012-05-02,23.1,23.27,22.87,23.09,2151085
2012-05-03,22.72,22.94,21.82,22.3,3752336
2012-05-04,22.44,22.547,21.93,21.97,2797321
2012-05-07,22.05,22.08,21.16,21.35,4115967
2012-05-08,20.87,20.9,19.97,20.4,6938219
2012-05-09,19.89,21.22,19.62,20.52,8728858
2012-05-10,20.88,21.34,20.6401,20.76,3239020
2012-05-11,20.44,20.83,20.2,20.26,2947154
2012-05-14,19.6,20.19,19.27,19.4,5889102
2012-05-15,19.27,19.58,17.88,18.03,8894390
2012-05-16,18.0,18.41,17.37,17.88,10303251
2012-05-17,18.31,19.21,18.06,18.59,8626238
2012-05-18,19.18,19.54,18.5,18.64,6313836
2012-05-21,18.62,19.45,18.62,19.4,3341229
2012-05-22,19.28,19.33,18.42,18.54,5224900
2012-05-23,18.35,19.44,17.74,19.39,7031818
2012-05-24,19.59,19.78,19.11,19.5,4680676
2012-05-25,19.5841,20.09,19.45,20.03,4630397
2012-05-29,20.37,20.58,19.68,19.9,5201499
2012-05-30,19.58,19.87,19.0,19.58,5296654
2012-05-31,19.62,19.91,18.97,19.32,3843361
2012-06-01,19.72,20.74,19.71,20.66,9787904
2012-06-04,20.81,20.83,20.26,20.77,4621210
2012-06-05,20.82,21.4,20.82,21.34,5249038
2012-06-06,21.89,22.18,21.2,21.62,6403132
2012-06-07,21.81,21.85,20.55,20.85,5775694
2012-06-08,20.55,21.03,20.35,20.91,2304426
2012-06-11,21.11,21.18,20.35,20.38,3147024
2012-06-12,20.6,21.11,20.52,21.1,4488989
2012-06-13,21.23,21.4801,20.76,20.79,3733029
2012-06-14,20.91,21.05,20.53,20.71,2243395
2012-06-15,20.58,20.75,20.44,20.53,3213978
2012-06-18,20.33,21.34,20.33,21.13,2979940
2012-06-19,21.42,21.49,21.05,21.16,2593112
2012-06-20,20.74,21.49,20.39,20.95,4877863
2012-06-21,20.36,20.47,19.3,19.33,6952085
2012-06-22,19.25,19.67,19.09,19.455,3053104
2012-06-25,19.13,19.54,19.095,19.28,3106085
2012-06-26,19.34,19.34,18.75,19.0,2910461
2012-06-27,19.17,19.27,18.74,18.93,2069900
2012-06-28,18.74,18.84,18.0,18.19,3665231
2012-06-29,19.21,19.3,19.01,19.21,2883416
2012-07-02,19.16,19.32,19.02,19.13,1180967
2012-07-03,19.64,20.13,19.51,20.1,2567100
2012-07-05,19.86,20.21,19.802,19.9,3340310
2012-07-06,19.26,19.46,19.1,19.3,3434242
2012-07-09,19.17,19.33,19.01,19.215,1698352
2012-07-10,19.44,19.49,18.35,18.44,2791115
2012-07-11,18.49,18.63,18.12,18.42,3185171
2012-07-12,17.99,18.27,17.65,18.08,3241460
2012-07-13,18.48,18.71,18.39,18.51,1809226
2012-07-16,18.56,18.98,18.46,18.8,2494442
2012-07-17,18.87,18.9,18.33,18.65,1846608
2012-07-18,18.53,18.8,18.42,18.57,1102485
2012-07-19,18.87,19.09,18.77,18.81,1754670
2012-07-20,18.81,18.87,18.57,18.62,1392361
2012-07-23,18.22,18.25,17.82,17.93,2391496
2012-07-24,18.17,18.22,17.83,18.02,1712997
2012-07-25,18.59,18.91,18.25,18.74,2763376
2012-07-26,18.5,19.5,18.5,19.5,3382321
2012-07-27,19.78,19.83,19.39,19.65,3130986
2012-07-30,19.55,19.79,19.41,19.64,1666682
2012-07-31,19.62,19.71,19.22,19.22,1952477
2012-08-01,19.07,19.42,18.8,19.09,2134870
2012-08-02,19.04,19.49,18.93,19.02,1866608
2012-08-03,19.36,19.67,19.1796,19.47,2233234
2012-08-06,19.59,20.25,19.59,19.96,2512539
2012-08-07,20.05,20.1699,19.91,19.98,2176477
2012-08-08,19.97,20.25,19.82,19.84,2278395
2012-08-09,19.9,20.39,19.81,20.34,2081813
2012-08-10,20.25,20.45,20.15,20.38,1606257
2012-08-13,20.51,20.57,20.0,20.12,2495727
2012-08-14,20.04,20.15,19.8,19.84,1819160
2012-08-15,19.78,19.95,19.73,19.91,1673006
2012-08-16,20.1,20.57,19.96,20.56,3004979
2012-08-17,20.61,20.68,20.27,20.58,2973461
2012-08-20,20.5,20.79,20.38,20.75,2623281
2012-08-21,21.26,21.75,21.23,21.46,4679541
2012-08-22,21.42,21.9,21.23,21.86,5141850
2012-08-23,22.22,22.37,21.97,22.02,6093146
2012-08-24,21.84,22.21,21.78,22.02,4178404
2012-08-27,22.08,22.1,21.64,21.68,3792569
2012-08-28,21.84,21.84,21.31,21.35,2932183
2012-08-29,21.38,21.4499,21.03,21.03,2173434
2012-08-30,21.07,21.07,20.35,20.56,2788777
2012-08-31,20.67,21.73,20.4201,21.68,5175223
2012-09-04,21.84,22.13,21.61,22.06,4551776
2012-09-05,22.05,22.06,21.64,22.03,2926476
2012-09-06,22.41,22.83,22.39,22.78,6037304
2012-09-07,23.54,23.7,23.34,23.47,5815375
2012-09-10,23.44,23.53,22.92,22.98,3485809
2012-09-11,23.33,23.5,23.22,23.27,3143581
2012-09-12,23.56,23.57,22.47,23.09,6066797
2012-09-13,23.05,24.189,22.51,24.051,9544068
2012-09-14,24.64,25.02,24.511,24.68,7701609
2012-09-17,24.87,24.9101,24.31,24.36,3606916
2012-09-18,24.41,24.94,24.36,24.7,5124776
2012-09-19,24.91,25.39,24.51,25.22,6152578
2012-09-20,24.95,25.0,24.52,24.96,4150897
2012-09-21,25.47,25.67,25.2001,25.46,5032196
2012-09-24,24.8,25.02,24.33,24.36,4842374
2012-09-25,24.76,24.94,23.93,23.99,3380125
2012-09-26,23.45,23.95,23.07,23.72,6218232
2012-09-27,24.16,25.0,24.12,24.98,4469574
2012-09-28,24.92,25.05,24.62,24.72,3102479
2012-10-01,25.13,25.19,24.62,24.8,3471575
2012-10-02,24.91,24.94,24.41,24.55,2584910
2012-10-03,24.57,24.6,24.23,24.37,2727511
2012-10-04,24.67,25.2,24.61,25.145,3695084
2012-10-05,25.06,25.3684,24.6317,24.82,3463008
2012-10-08,24.42,24.62,24.25,24.37,2475034
2012-10-09,24.46,24.7,23.86,23.88,3538043
2012-10-10,23.93,24.4,23.8,24.13,2652826
2012-10-11,24.99,24.99,24.35,24.45,1651014
2012-10-12,24.32,24.6,23.95,24.01,2000718
2012-10-15,23.89,23.89,23.2,23.64,3634181
2012-10-16,23.62,24.18,23.62,24.1,1890521
2012-10-17,24.16,24.5,24.07,24.27,2108617
2012-10-18,23.95,24.21,23.89,23.94,2075753
2012-10-19,23.84,23.9193,23.31,23.64,3984861
2012-10-22,23.58,24.05,23.56,24.01,2111393
2012-10-23,23.46,23.58,23.24,23.37,2945029
2012-10-24,23.6,23.61,23.13,23.15,1654644
2012-10-25,23.72,23.77,23.4,23.58,2325686
2012-10-26,23.6,23.71,23.2901,23.43,1414088
2012-10-31,23.85,24.14,23.683,24.1376,3192278
2012-11-01,23.99,24.19,23.96,24.03,1905818
2012-11-02,23.8,23.8,23.2,23.2004,3132338
2012-11-05,23.44,23.44,23.07,23.09,2283805
2012-11-06,23.32,23.81,23.1001,23.57,2623180
2012-11-07,23.92,23.92,23.08,23.7368,4459508
2012-11-08,23.8,24.1,23.52,23.942,3652216
2012-11-09,24.03,24.21,23.92,23.94,2733387
2012-11-12,24.04,24.1,23.7328,23.78,1681576
2012-11-13,23.48,23.52,23.17,23.23,1835921
2012-11-14,23.28,23.36,21.97,22.078,5978229
2012-11-15,21.95,21.97,21.026,21.17,6513148
2012-11-16,21.14,21.618,20.96,21.51,3469126
2012-11-19,22.15,22.34,21.96,22.2005,2679038
2012-11-20,22.25,22.27,21.84,22.02,2365918
2012-11-21,22.08,22.25,21.86,22.1,1366528
2012-11-23,22.16,22.56,21.85,22.53,1745902
2012-11-26,22.25,22.48,22.12,22.32,1807928
2012-11-27,22.21,22.31,21.84,21.87,2230056
2012-11-28,21.23,21.79,21.19,21.78,2858085
2012-11-29,21.83,22.05,21.6424,21.9,1753765
2012-11-30,21.88,21.88,21.4,21.56,1564393
2012-12-03,21.6,21.72,21.24,21.26,1378468
2012-12-04,21.03,21.329,20.88,21.22,2358965
2012-12-05,21.16,21.3,20.66,20.76,3334927
2012-12-06,20.66,21.185,20.6,20.7804,2773223
2012-12-07,21.01,21.07,20.8,20.98,1780265
2012-12-10,21.17,21.29,21.1,21.23,1638094
2012-12-11,21.21,21.32,21.16,21.25,1704919
2012-12-12,21.37,21.91,21.36,21.66,4008450
2012-12-13,21.03,21.38,20.99,21.17,2313491
2012-12-14,21.28,21.38,21.06,21.3,1724133
2012-12-17,21.24,21.36,21.1,21.23,2498192
2012-12-18,21.22,21.3001,20.56,20.64,4182078
2012-12-19,20.65,20.75,20.4,20.4601,2339044
2012-12-20,20.21,20.34,19.85,20.21,5933226
2012-12-21,20.01,20.39,19.98,20.29,5132338
2012-12-24,19.6,19.65,19.01,19.27,2914159
2012-12-26,19.43,19.5,19.21,19.28,1737821
2012-12-27,19.16,19.48,19.11,19.4,2409578
2012-12-28,19.31,19.48,19.19,19.26,2102105
2012-12-31,19.4,19.9,19.37,19.79,2744819
2013-01-02,20.41,20.75,20.39,20.54,2850673
2013-01-03,20.65,20.65,19.77,19.89,2872390
2013-01-04,19.6,20.17,19.5,20.11,4495959
2013-01-07,19.98,20.04,19.83,19.96,3314458
2013-01-08,19.96,20.14,19.83,20.02,2366078
2013-01-09,20.05,20.09,19.84,19.89,2228819
2013-01-10,20.22,20.5,20.14,20.46,3637153
2013-01-11,20.31,20.43,20.05,20.2,2589007
2013-01-14,20.47,20.59,20.21,20.26,2130569
2013-01-15,20.41,20.585,20.23,20.46,1643703
2013-01-16,20.36,20.56,20.31,20.49,1205838
2013-01-17,20.4,20.71,20.26,20.61,2609734
2013-01-18,20.5996,20.6,20.31,20.49,4230722
2013-01-22,20.43,20.59,20.22,20.48,3302347
2013-01-23,20.47,20.67,19.97,20.06,3802894
2013-01-24,19.89,19.89,19.16,19.33,6618084
2013-01-25,19.15,19.25,18.7,18.72,5339799
2013-01-28,18.74,18.85,18.51,18.53,2380096
2013-01-29,18.68,18.98,18.66,18.96,3159862
2013-01-30,19.19,19.36,19.05,19.12,3324448
2013-01-31,18.96,19.06,18.805,18.9,2187948
2013-02-01,19.17,19.3,18.97,19.15,1937402
2013-02-04,18.94,19.17,18.81,18.85,2823524
2013-02-05,18.85,19.05,18.57,18.67,3857499
2013-02-06,18.65,18.73,18.46,18.56,2869087
2013-02-07,18.45,18.79,18.4,18.55,2178853
2013-02-08,18.5,18.66,18.47,18.51,1829325
2013-02-11,18.29,18.29,18.01,18.04,3635797
2013-02-12,18.0,18.15,17.85,17.98,3740226
2013-02-13,18.11,18.1201,17.74,17.81,2687295
2013-02-14,17.86,17.91,17.64,17.7,2714215
2013-02-15,17.45,17.52,17.07,17.22,5787590
2013-02-19,17.1,17.1,16.52,16.63,7157470
2013-02-20,16.37,16.37,15.74,15.82,9731130
2013-02-21,15.86,16.11,15.68,15.95,7207203
2013-02-22,16.0,16.22,15.8999,16.21,3351301
2013-02-25,16.45,16.69,16.38,16.6,3974114
2013-02-26,16.6,16.81,16.28,16.64,4227127
2013-02-27,16.54,16.69,16.282,16.32,2301479
2013-02-28,16.24,16.28,15.79,15.83,3223068
2013-03-01,15.83,15.94,15.55,15.61,3854566
2013-03-04,15.6299,15.6299,14.95,15.06,5498448
2013-03-05,15.34,15.48,15.2,15.21,3377252
2013-03-06,15.25,15.99,15.03,15.94,9744884
2013-03-07,16.0,16.15,15.81,15.96,6440657
2013-03-08,15.76,16.43,15.7,16.1,5686902
2013-03-11,16.15,16.33,16.11,16.29,4198796
2013-03-12,16.4999,16.89,16.45,16.89,4680283
2013-03-13,16.93,16.97,16.29,16.42,3992292
2013-03-14,16.3,16.7,16.26,16.58,3472020
2013-03-15,16.58,16.97,16.5799,16.85,5468403
2013-03-18,17.13,17.2,16.85,16.95,3827667
2013-03-19,17.0,17.09,16.81,16.865,2184917
2013-03-20,16.79,16.91,16.72,16.83,2034321
2013-03-21,16.93,17.175,16.85,17.12,3267326
2013-03-22,17.05,17.21,16.93,17.0,2258521
2013-03-25,16.78,16.97,15.52,16.76,3760017
2013-03-26,16.65,16.73,16.54,16.71,1683299
2013-03-27,16.58,16.92,16.57,16.9,2460403
2013-03-28,16.76,16.83,16.56,16.74,2059251
2013-04-01,16.63,16.74,16.185,16.39,2477474
2013-04-02,16.11,16.21,15.65,15.67,3976615
2013-04-03,15.55,15.69,14.44,14.67,9110577
2013-04-04,14.58,15.05,14.24,15.05,5269937
2013-04-05,15.33,15.65,15.17,15.4,3998036
2013-04-08,15.34,15.49,15.16,15.2,1724393
2013-04-09,15.2,15.88,15.2,15.73,3132716
2013-04-10,15.52,15.67,15.12,15.15,3477475
2013-04-11,15.05,15.28,14.95,15.03,3280159
2013-04-12,14.61,14.69,13.75,13.99,10006576
2013-04-15,13.04,13.07,12.08,12.24,13398365
2013-04-16,12.78,12.89,12.04,12.13,7740428
2013-04-17,12.1,12.24,11.32,11.48,8659939
2013-04-18,11.5,11.79,11.28,11.76,7742906
2013-04-19,12.0,12.0436,11.71,12.01,3846997
2013-04-22,12.21,12.291,11.8701,12.13,3857209
2013-04-23,11.88,11.95,11.63,11.79,3789637
2013-04-24,11.93,12.685,11.93,12.63,6015221
2013-04-25,12.93,13.17,12.64,12.85,7768666
2013-04-26,12.96,13.01,12.39,12.5,4974376
2013-04-29,12.72,12.75,12.55,12.64,2859070
2013-04-30,12.5501,12.82,12.28,12.82,3724556
2013-05-01,12.4,12.51,11.93,12.4,6691888
2013-05-02,12.41,12.53,12.18,12.39,2387434
2013-05-03,12.3501,12.66,12.18,12.2,4260037
2013-05-06,12.23,12.31,12.15,12.25,1976373
2013-05-07,11.98,12.05,11.68,11.7,3893750
2013-05-08,11.93,12.35,11.87,12.33,4133940
2013-05-09,12.03,12.68,12.0,12.12,4211692
2013-05-10,11.78,12.26,11.62,12.19,3891249
2013-05-13,11.94,12.03,11.7788,11.91,2273453
2013-05-14,11.71,12.01,11.71,11.85,1839266
2013-05-15,11.6,11.64,10.89,10.93,5598747
2013-05-16,10.77,11.16,10.6831,11.01,3705306
2013-05-17,10.83,10.99,10.42,10.46,5372296
2013-05-20,10.4899,11.4501,10.4,11.27,6453883
2013-05-21,10.95,11.06,10.65,10.84,5134997
2013-05-22,11.12,11.55,10.9,11.02,6879113
2013-05-23,11.32,11.35,10.93,11.28,3635907
2013-05-24,11.21,11.32,10.98,11.14,3087454
2013-05-28,11.06,11.37,10.9,11.0,3038273
2013-05-29,11.11,11.61,11.07,11.59,3841592
2013-05-30,11.8801,12.3899,11.83,12.35,7156492
2013-05-31,12.21,12.24,11.75,12.02,6306196
2013-06-03,12.19,12.69,12.13,12.56,5273159
2013-06-04,12.35,12.55,12.2,12.28,2548320
2013-06-05,12.33,12.51,12.12,12.22,3013131
2013-06-06,12.24,12.59,12.125,12.5,3119008
2013-06-07,12.2,12.29,11.7,11.78,3773621
2013-06-10,11.86,11.96,11.61,11.84,2130028
2013-06-11,11.56,11.73,11.37,11.4,2643191
2013-06-12,11.5,11.71,11.3,11.33,3822107
2013-06-13,11.3,11.46,11.145,11.39,1845343
2013-06-14,11.53,11.534,11.24,11.28,1459167
2013-06-17,11.26,11.36,11.0,11.1,2013171
2013-06-18,10.97,11.03,10.65,10.69,3890176
2013-06-19,10.72,10.88,10.27,10.33,2926638
2013-06-20,9.69,9.752,9.26,9.32,6873568
2013-06-21,9.53,9.6299,9.28,9.5,4271471
2013-06-24,9.31,9.35,8.7,8.8,7013550
2013-06-25,8.78,8.99,8.72,8.84,3794248
2013-06-26,8.52,8.57,8.21,8.26,5890634
2013-06-27,8.41,8.59,8.34,8.45,8167171
2013-06-28,8.39,9.31,8.37,9.16,9500186
2013-07-01,36.96,37.9,36.52,37.29,1517266
2013-07-02,37.01,37.85,35.34,35.84,1773024
2013-07-03,36.04,36.77,35.8,36.19,1159762
2013-07-05,34.99,34.9975,33.94,34.26,1233126
2013-07-08,34.72,35.2,34.31,34.32,849179
2013-07-09,35.0,35.67,34.88,35.23,950403
2013-07-10,35.22,36.12,34.94,35.47,680190
2013-07-11,37.84,38.43,37.58,38.33,1153902
2013-07-12,37.73,38.24,37.54,38.01,788567
2013-07-15,38.1,38.19,37.38,37.62,696161
2013-07-16,37.86,39.23,37.65,39.18,1186630
2013-07-17,39.5,39.7899,37.81,38.11,1109624
2013-07-18,38.5,38.68,37.812,37.95,764527
2013-07-19,38.59,39.28,38.23,39.28,563624
2013-07-22,41.0,42.95,40.67,42.77,1804134
2013-07-23,42.6,44.64,42.03,44.58,1604952
2013-07-24,44.0001,44.62,41.54,42.14,1305344
2013-07-25,41.87,43.27,41.76,42.68,792540
2013-07-26,42.16,42.86,41.42,42.81,522635
2013-07-29,43.15,43.15,42.27,42.47,555553
2013-07-30,42.31,42.33,41.6,41.65,409993
2013-07-31,41.5,41.76,40.01,40.47,919676
2013-08-01,40.74,41.02,39.61,39.71,564732
2013-08-02,39.75,40.324,39.02,39.12,607828
2013-08-05,39.14,40.25,38.72,39.17,700871
2013-08-06,38.73,38.85,37.0,37.12,1212043
2013-08-07,36.94,37.86,35.56,37.3,634944
2013-08-08,38.09,41.02,37.74,40.75,1693629
2013-08-09,40.09,42.0,39.82,41.52,1310288
2013-08-12,43.49,45.64,43.35,45.15,2028411
2013-08-13,44.85,45.45,44.25,45.07,1434698
2013-08-14,45.25,47.29,44.94,47.14,1673852
2013-08-15,46.5,49.61,45.92,49.6,2087743
2013-08-16,49.89,51.16,48.45,48.85,1656979
2013-08-19,49.2,49.3,47.87,48.41,1784021
2013-08-20,48.63,49.89,48.43,49.77,1455584
2013-08-21,49.12,49.51,48.21,48.31,1229352
2013-08-22,48.74,49.71,48.5,48.62,636348
2013-08-23,48.95,51.28,48.95,51.26,1095731
2013-08-26,51.88,52.86,51.5001,52.46,1153802
2013-08-27,53.52,54.56,49.62,49.73,2031669
2013-08-28,50.6,51.0999,48.71,49.02,1506620
2013-08-29,48.34,49.81,46.98,49.0,1608172
2013-08-30,48.04,49.109,47.6,48.16,1051222
2013-09-03,48.78,48.92,48.14,48.62,754921
2013-09-04,47.98,48.44,47.52,48.25,554084
2013-09-05,47.94,48.0,45.32,46.07,1617856
2013-09-06,47.1,47.75,46.66,47.42,869262
2013-09-09,47.87,48.31,47.1193,47.3,360336
2013-09-10,45.95,45.97,45.0363,45.251,1122400
2013-09-11,45.08,45.58,44.27,45.468,685296
2013-09-12,43.72,43.72,42.151,42.24,1487610
2013-09-13,42.35,43.245,41.76,42.83,1222679
2013-09-16,42.7901,43.58,42.37,42.4,837349
2013-09-17,42.68,42.74,42.13,42.73,520052
2013-09-18,42.02,47.83,41.34,47.55,2395753
2013-09-19,47.93,48.21,44.83,45.65,1577564
2013-09-20,44.63,44.74,41.4563,41.48,2268594
2013-09-23,41.5,42.39,40.4,40.7,1439576
2013-09-24,40.08,41.49,39.75,40.76,1836893
2013-09-25,41.35,43.15,41.21,42.59,861799
2013-09-26,42.34,42.97,41.11,41.53,527352
2013-09-27,42.13,42.57,41.5,41.63,343588
2013-09-30,40.88,41.7744,40.66,40.74,655552
2013-10-01,39.49,39.77,39.0804,39.46,1007797
2013-10-02,39.92,41.05,39.91,40.21,761108
2013-10-03,40.13,40.4999,39.6,39.72,404553
2013-10-04,39.02,39.3,38.01,38.7,1256564
2013-10-07,37.9,38.88,37.52,38.52,853277
2013-10-08,38.31,38.8,36.91,37.02,972131
2013-10-09,37.02,37.041,35.831,36.54,1245150
2013-10-10,36.53,36.95,36.0,36.11,630764
2013-10-11,35.91,35.91,34.9,35.02,1329243
2013-10-14,35.3,35.67,34.81,34.93,570942
2013-10-15,34.9,35.98,34.82,35.73,696131
2013-10-16,35.56,35.86,35.08,35.34,524837
2013-10-17,36.99,37.97,36.88,37.38,1538550
2013-10-18,37.38,37.72,36.75,36.89,739436
2013-10-21,37.15,38.42,37.15,38.35,1561725
2013-10-22,39.42,40.83,39.26,40.76,1722123
2013-10-23,40.09,40.5,39.45,39.5,965258
2013-10-24,40.14,41.44,39.95,41.14,1229526
2013-10-25,40.99,41.64,40.5,41.48,1023796
2013-10-28,41.39,41.92,40.98,41.11,824459
2013-10-29,41.03,41.1,39.26,39.26,1265606
2013-10-30,40.0,40.71,38.15,39.7,761481
2013-10-31,38.5,38.71,37.52,37.58,1599498
2013-11-01,37.26,37.49,36.24,36.4,1181699
2013-11-04,36.7299,37.35,36.41,37.232,1007781
2013-11-05,37.06,37.34,36.32,36.62,533830
2013-11-06,37.08,37.38,36.87,37.15,500432
2013-11-07,36.41,36.64,35.63,35.74,999425
2013-11-08,35.1,36.14,34.35,36.0,1272662
2013-11-11,35.79,36.02,35.15,35.85,423686
2013-11-12,35.47,36.09,34.69,35.03,1272457
2013-11-13,35.37,35.5,35.0,35.41,774114
2013-11-14,35.82,36.71,35.74,36.42,1441556
2013-11-15,36.46,36.6899,35.84,35.98,761861
2013-11-18,35.52,35.76,35.02,35.2,1606087
2013-11-19,35.45,35.45,34.91,35.0,500523
2013-11-20,34.31,34.93,33.02,33.38,2679100
2013-11-21,33.08,33.308,32.34,33.14,1716210
2013-11-22,33.14,33.62,32.44,32.501,944740
2013-11-25,31.98,32.672,31.41,32.15,1202705
2013-11-26,31.9,32.0,31.45,31.5,1369267
2013-11-27,31.47,31.96,31.28,31.4,739538
2013-11-29,31.89,32.87,31.64,32.5,890749
2013-12-02,31.73,32.21,30.13,30.26,1845232
2013-12-03,30.14,30.348,29.2,29.26,1434296
2013-12-04,29.54,30.57,29.095,30.23,1841761
2013-12-05,29.31,29.92,29.11,29.17,1358278
2013-12-06,29.59,29.97,28.87,28.89,1446401
2013-12-09,29.06,29.73,29.06,29.69,1556912
2013-12-10,31.03,31.25,30.75,30.9,2742370
2013-12-11,30.79,31.02,29.96,30.12,1234881
2013-12-12,29.15,29.97,28.96,29.9,1684469
2013-12-13,30.22,30.52,29.93,30.23,917792
2013-12-16,30.26,31.2,30.07,30.68,1536236
2013-12-17,30.19,30.68,29.88,30.06,1270656
2013-12-18,29.97,31.19,29.62,29.88,2254113
2013-12-19,29.18,29.44,28.85,29.02,1497870
2013-12-20,29.17,29.45,28.9524,29.28,1405417
2013-12-23,29.19,29.44,28.82,28.85,1171085
2013-12-24,28.94,30.01,28.8901,29.96,989371
2013-12-26,30.4,30.57,29.74,29.95,756966
2013-12-27,30.21,30.77,30.02,30.72,1177406
2013-12-30,30.44,30.73,30.06,30.1,1168745
2013-12-31,29.8,31.12,29.7001,31.05,1533692
2014-01-02,31.98,32.78,31.98,32.7,2198131
2014-01-03,32.97,33.2,32.54,32.65,1067968
2014-01-06,32.88,33.4,32.56,32.79,734864
2014-01-07,32.28,32.58,31.85,32.46,1053942
2014-01-08,31.93,32.12,31.61,31.71,935233
2014-01-09,31.73,31.73,31.05,31.09,956134
2014-01-10,31.7,32.71,31.62,32.7,1510503
2014-01-13,32.71,34.69,32.7,34.5,3391494
2014-01-14,34.38,34.99,33.55,33.76,2683029
2014-01-15,33.43,34.18,33.2,34.07,1245377
2014-01-16,34.3,34.71,34.24,34.54,1808088
2014-01-17,35.24,36.69,35.18,36.58,4115801
2014-01-21,35.99,38.16,35.835,37.98,3463577
2014-01-22,37.88,37.88,36.1,36.25,3347537
2014-01-23,37.25,38.22,36.97,37.1,3789186
2014-01-24,37.65,37.85,35.14,36.26,2883389
2014-01-27,36.08,36.18,34.28,34.36,3045020
2014-01-28,34.88,35.33,34.3001,35.3,1959567
2014-01-29,35.88,36.86,35.2,36.81,3212419
2014-01-30,35.78,35.95,35.21,35.45,2701591
2014-01-31,36.13,36.13,34.83,35.39,1672843
2014-02-03,35.8,36.74,35.32,35.39,2434659
2014-02-04,35.1,36.74,35.1,36.6,2737809
2014-02-05,37.22,37.3,36.0,36.04,1957537
2014-02-06,36.48,36.88,36.069,36.48,2188623
2014-02-07,36.84,38.39,36.58,38.35,3766010
2014-02-10,39.55,40.3,39.16,39.96,4396649
2014-02-11,40.61,42.0,40.34,41.83,5060691
2014-02-12,41.78,41.82,39.75,40.0,4288176
2014-02-13,40.33,42.65,40.0,42.5,6291106
2014-02-14,43.81,44.6,43.3,44.04,6540690
2014-02-18,44.09,44.27,43.01,43.48,4390784
2014-02-19,42.94,43.66,40.38,40.52,6036184
2014-02-20,40.86,43.47,40.79,43.13,6338311
2014-02-21,43.04,43.45,42.0219,42.91,2820896
2014-02-24,43.77,44.21,43.55,43.78,3013632
2014-02-25,43.41,43.506,42.41,42.53,3135629
2014-02-26,41.93,42.2,40.63,41.17,3515667
2014-02-27,41.34,42.4,40.71,41.17,2692481
2014-02-28,41.27,41.66,40.8081,41.34,2092229
2014-03-03,43.47,43.58,41.92,41.95,3432876
2014-03-04,41.0,42.16,40.96,41.88,1795946
2014-03-05,42.03,43.05,41.75,42.63,2785929
2014-03-06,43.42,43.65,43.05,43.55,3039369
2014-03-07,42.27,42.67,42.05,42.5,2768754
2014-03-10,42.25,42.35,41.2,41.38,2885392
2014-03-11,42.19,42.4,41.2943,41.61,2281439
2014-03-12,42.8,43.29,42.37,43.25,4375194
2014-03-13,43.25,45.09,43.06,44.83,5089724
2014-03-14,45.85,46.0,44.25,44.62,4388224
2014-03-17,44.33,44.77,42.56,42.58,5495493
2014-03-18,41.73,42.78,41.11,41.6,3951300
2014-03-19,41.16,41.54,39.44,39.47,4910723
2014-03-20,38.94,40.79,38.77,39.9,4295163
2014-03-21,40.78,41.23,39.579,39.85,2444487
2014-03-24,38.85,38.96,36.89,37.18,7686277
2014-03-25,37.55,38.26,37.41,37.98,3857077
2014-03-26,38.0,38.3,35.85,35.85,6244177
2014-03-27,35.81,37.19,35.71,37.11,4117347
2014-03-28,36.7,37.95,36.47,37.29,3656672
2014-03-31,37.03,37.5,36.05,36.22,4494939
2014-04-01,36.48,37.06,35.81,35.81,2688180
2014-04-02,37.14,38.02,36.93,37.77,6940543
2014-04-03,37.15,37.2,36.5599,36.87,3617494
2014-04-04,38.09,38.28,37.28,37.5,3386571
2014-04-07,37.12,38.05,36.6,36.66,3179314
2014-04-08,37.68,38.245,37.09,38.15,4254208
2014-04-09,37.74,39.0,37.41,38.4,2705287
2014-04-10,39.0,39.16,37.53,37.56,4494290
2014-04-11,37.5,38.0696,36.35,36.54,4437192
2014-04-14,37.06,37.729,36.8,37.0,3947588
2014-04-15,35.42,35.82,34.916,35.63,5085780
2014-04-16,35.75,36.045,35.19,35.5,1471821
2014-04-17,35.39,35.7347,34.525,34.66,3279185
2014-04-21,34.53,34.98,33.77,34.84,4555914
2014-04-22,34.73,35.83,34.3,35.79,3803917
2014-04-23,35.71,37.19,35.52,36.9,5470248
2014-04-24,36.28,37.37,35.78,35.86,3890745
2014-04-25,36.41,37.51,36.21,37.44,4555451
2014-04-28,37.26,37.37,36.01,36.15,5234018
2014-04-29,36.07,37.33,36.07,37.15,4395134
2014-04-30,36.74,37.09,36.29,36.5,3471839
2014-05-01,35.9,36.32,35.42,35.63,4575093
2014-05-02,35.71,36.85,35.71,36.62,4310456
2014-05-05,37.37,37.48,36.8,37.06,2662768
2014-05-06,37.02,37.09,36.68,36.73,2130577
2014-05-07,36.56,36.57,35.18,35.5,4947733
2014-05-08,35.34,35.96,35.19,35.33,2106382
2014-05-09,35.47,35.61,34.57,35.068,3622586
2014-05-12,35.72,35.77,35.24,35.46,3014432
2014-05-13,35.42,35.91,35.09,35.22,2231051
2014-05-14,35.86,36.0399,35.5101,35.86,3580281
2014-05-15,35.6,35.67,34.75,35.15,3858732
2014-05-16,35.0,35.24,34.7,35.12,2576479
2014-05-19,35.49,35.5,34.69,35.03,3280484
2014-05-20,34.74,35.15,34.58,34.81,1941359
2014-05-21,34.57,35.19,34.44,35.17,2217405
2014-05-22,35.54,35.57,35.03,35.29,1493479
2014-05-23,35.11,35.28,34.8,34.91,1827999
2014-05-27,34.23,34.29,33.05,33.23,6526811
2014-05-28,33.04,33.3,32.43,33.1,7590215
2014-05-29,32.93,33.8129,32.92,33.4,4530496
2014-05-30,33.25,34.19,32.7099,34.11,4610739
2014-06-02,33.64,34.27,33.18,33.37,4473903
2014-06-03,33.41,33.74,32.79,33.67,2465831
2014-06-04,33.63,33.86,33.41,33.53,1527862
2014-06-05,33.86,34.56,33.802,34.39,4078677
2014-06-06,34.41,34.97,34.0,34.91,3782822
2014-06-09,35.0,35.194,34.76,34.8,1487599
2014-06-10,35.28,36.38,35.1,36.38,6739981
2014-06-11,36.49,37.54,36.15,37.46,5419566
2014-06-12,37.63,39.71,37.61,39.626,10004002
2014-06-13,39.42,39.64,38.24,39.45,6484199
2014-06-16,39.69,39.71,38.58,38.68,5560157
2014-06-17,38.1,39.128,37.9,38.47,3815804
2014-06-18,38.58,40.39,38.43,40.23,8698403
2014-06-19,41.45,43.52,41.3,43.07,13958444
2014-06-20,42.48,42.87,40.78,41.24,12371817
2014-06-23,41.63,42.54,41.12,41.99,6532024
2014-06-24,42.4,42.84,39.83,40.0,9583891
2014-06-25,40.25,41.49,40.13,41.19,7974195
2014-06-26,40.72,41.42,40.47,41.28,2729590
2014-06-27,41.44,41.67,40.31,40.54,5666996
2014-06-30,40.3,42.43,39.93,42.26,9301477
2014-07-01,42.36,42.775,41.3,41.31,8091627
2014-07-02,41.46,42.605,41.46,41.55,7300465
2014-07-03,40.84,42.9,40.63,42.9,7631983
2014-07-07,41.97,42.69,41.685,42.02,7062774
2014-07-08,42.62,43.32,42.02,42.72,7821573
2014-07-09,43.09,45.25,43.09,45.03,11505354
2014-07-10,46.45,46.5,43.56,43.66,10261769
2014-07-11,43.76,45.555,43.71,45.53,8440042
2014-07-14,43.47,44.25,43.01,43.35,11509878
2014-07-15,43.66,44.09,41.44,41.47,12511846
2014-07-16,41.89,42.7,41.3,41.45,5435591
2014-07-17,42.12,44.68,41.76,44.49,18451216
2014-07-18,43.24,43.76,42.54,43.7,10154755
2014-07-21,44.04,44.39,43.1601,44.14,5154805
2014-07-22,43.91,44.09,42.77,42.89,7596954
2014-07-23,42.96,43.62,41.82,42.33,7411652
2014-07-24,41.69,41.7,40.43,40.97,10530055
2014-07-25,41.2,43.0,41.01,42.89,11420785
2014-07-28,42.4,44.16,42.4,43.52,7682826
2014-07-29,43.92,43.92,42.44,42.5,9565652
2014-07-30,42.48,42.98,41.72,42.87,7752363
2014-07-31,41.86,42.36,41.47,41.6,9293415
2014-08-01,42.36,42.79,41.7574,42.15,7742086
2014-08-04,41.76,42.15,40.62,40.68,9966297
2014-08-05,40.72,41.4,39.7,41.33,10563450
2014-08-06,42.48,42.76,41.6516,42.42,9533805
2014-08-07,42.22,42.88,41.65,42.36,5229436
2014-08-08,42.5,42.73,41.64,41.83,5970459
2014-08-11,41.68,42.745,41.68,42.48,5523584
2014-08-12,42.94,43.35,42.46,42.61,5977929
2014-08-13,42.81,43.16,42.31,42.46,3194232
2014-08-14,42.77,42.95,41.95,41.99,5101674
2014-08-15,41.26,42.59,41.17,42.3,6672800
2014-08-18,41.87,42.53,41.86,42.34,2836290
2014-08-19,42.57,42.57,41.77,41.8,4757691
2014-08-20,41.99,42.31,41.51,41.51,3207582
2014-08-21,40.77,41.26,40.55,41.19,7644131
2014-08-22,41.19,41.54,40.85,40.94,3594257
2014-08-25,40.89,40.89,40.24,40.25,4312456
2014-08-26,40.81,41.28,40.39,41.13,6977137
2014-08-27,41.26,41.4,40.89,41.01,2662941
2014-08-28,41.57,41.92,41.31,41.64,4949281
2014-08-29,41.57,42.15,41.47,42.1,3269714
2014-09-02,40.99,41.25,40.14,40.16,11103794
2014-09-03,40.39,40.7,40.23,40.37,5799462
2014-09-04,40.66,40.76,37.81,38.16,15836495
2014-09-05,38.45,39.58,37.82,39.3,8694649
2014-09-08,38.8,38.8,37.115,37.26,12302296
2014-09-09,37.3,38.74,36.76,38.45,10882723
2014-09-10,37.8,38.34,37.19,37.6,9373206
2014-09-11,37.2,38.8,36.79,38.49,13183241
2014-09-12,37.73,38.2174,37.43,37.49,8285685
2014-09-15,37.8,38.65,37.61,38.54,9978173
2014-09-16,38.56,39.615,37.8963,39.12,7771946
2014-09-17,39.1,39.5699,37.27,37.6,11358262
2014-09-18,37.5,38.0299,37.28,37.68,7310480
2014-09-19,37.54,37.61,36.19,36.34,11207689
2014-09-22,36.02,36.1,34.22,34.58,13824123
2014-09-23,35.41,36.17,34.7501,35.56,11296924
2014-09-24,35.17,35.8299,34.65,35.05,6836063
2014-09-25,34.39,35.88,34.25,35.78,8510556
2014-09-26,35.36,35.585,34.6,34.79,7405207
2014-09-29,35.02,35.12,34.62,34.65,4048451
2014-09-30,34.33,34.85,33.5,33.62,10262066
2014-10-01,33.85,34.565,33.75,33.84,7120882
2014-10-02,34.04,34.17,33.39,33.67,5282893
2014-10-03,32.88,33.04,31.28,31.33,16597580
2014-10-06,31.66,33.155,31.36,32.87,12234065
2014-10-07,32.99,33.13,31.28,31.44,12843992
2014-10-08,32.08,34.82,30.39,34.46,25158121
2014-10-09,34.31,34.31,31.795,32.9,18442709
2014-10-10,32.65,33.827,31.92,32.5,9295321
2014-10-13,32.96,34.175,32.87,33.1,11324609
2014-10-14,33.24,33.78,32.76,33.05,6613704
2014-10-15,33.22,34.1,32.58,33.07,7110832
2014-10-16,32.68,33.83,32.68,33.28,4408583
2014-10-17,33.31,33.31,32.28,32.5,7225963
2014-10-20,32.82,33.025,32.5,32.84,4455774
2014-10-21,33.33,33.44,32.65,32.83,4210478
2014-10-22,32.43,32.55,31.05,31.09,13880669
2014-10-23,30.73,31.67,29.86,31.6,12708409
2014-10-24,31.6,31.6,30.73,30.95,6757314
2014-10-27,30.53,30.6,29.57,29.57,8490195
2014-10-28,30.29,30.98,29.75,30.82,11811617
2014-10-29,30.3,30.9,28.49,28.6,19289866
2014-10-30,28.27,28.42,26.11,26.16,24298956
2014-10-31,24.55,25.55,23.98,24.47,26053483
2014-11-03,24.61,26.33,24.4001,25.91,22998318
2014-11-04,25.75,26.08,24.39,24.51,20896244
2014-11-05,23.38,24.28,22.34,22.71,31198585
2014-11-06,23.26,24.61,23.13,23.39,28702049
2014-11-07,24.16,26.22,24.09,26.04,40705631
2014-11-10,25.37,25.56,23.66,24.18,33851402
2014-11-11,24.83,26.44,24.68,25.73,30838669
2014-11-12,26.0,26.74,24.77,25.6,14866356
2014-11-13,26.05,26.16,24.52,24.67,18626999
2014-11-14,24.04,26.53,23.86,26.35,28446112
2014-11-17,26.04,27.63,25.67,27.5,22367724
2014-11-18,28.3,29.76,28.22,29.355,26602214
2014-11-19,29.37,29.48,27.15,27.26,39811930
2014-11-20,28.35,29.05,27.7702,28.5,25874846
2014-11-21,29.61,29.78,28.42,28.8,17955857
2014-11-24,28.73,29.34,28.49,28.51,9112899
2014-11-25,28.685,29.36,28.57,29.31,16192311
2014-11-26,29.24,29.45,28.62,28.62,10323946
2014-11-28,26.16,28.01,25.89,27.679,31506383
2014-12-01,26.16,28.01,25.89,27.679,31531516
2014-12-02,26.53,27.1,25.4,25.85,24310224
2014-12-03,26.41,27.24,26.25,26.32,21555876
2014-12-04,26.56,26.8,25.55,25.69,13892825
2014-12-05,24.84,25.4,24.56,24.67,16406112
2014-12-08,25.14,25.59,23.49,25.1,22101521
2014-12-09,26.08,26.79,25.89,26.1,21518992
2014-12-10,26.03,26.63,25.16,25.2,20672596
2014-12-11,24.75,25.62,24.55,24.61,16985794
2014-12-12,24.52,24.7,23.835,24.04,15330332
2014-12-15,23.46,23.92,21.98,22.06,33554852
2014-12-16,22.89,23.15,21.4,21.47,18161945
2014-12-17,21.61,23.32,21.47,23.0,29720025
2014-12-18,23.53,24.98,23.0832,24.79,29892887
2014-12-19,24.58,24.715,23.77,24.15,22584407
2014-12-22,23.75,23.89,22.03,22.23,26310379
2014-12-23,22.38,23.33,21.595,21.84,18563452
2014-12-24,21.73,23.0,21.6,22.58,14858669
2014-12-26,23.59,23.67,23.07,23.45,12846750
2014-12-29,23.3,23.37,22.73,22.9,13936658
2014-12-30,23.47,24.21,23.35,24.12,22044449
2014-12-31,23.82,24.37,23.377,23.93,9126655
2015-01-02,23.35,25.01,23.26,24.96,17181725
2015-01-05,25.45,26.37,24.92,26.03,16481435
2015-01-06,26.5,28.07,26.34,27.73,28555850
2015-01-07,26.94,28.11,26.58,26.91,14134936
2015-01-08,27.08,27.66,25.91,26.32,15292147
2015-01-09,27.05,27.645,26.83,27.48,18461105
2015-01-12,27.85,29.265,27.68,28.94,19137779
2015-01-13,29.61,29.63,27.43,27.84,20518280
2015-01-14,28.5,28.65,26.53,27.25,16920159
2015-01-15,28.42,28.96,28.21,28.58,21063765
2015-01-16,28.8,29.49,28.61,28.89,12681806
2015-01-20,29.67,30.21,29.43,30.1,14868636
2015-01-21,30.58,30.74,28.94,29.65,15948030
2015-01-22,30.05,30.14,29.01,29.07,13757312
2015-01-23,28.7,28.939,27.53,27.62,18003283
2015-01-26,27.09,28.385,26.84,28.36,13277481
2015-01-27,28.57,29.5,28.38,29.42,14783592
2015-01-28,28.83,29.11,27.41,27.63,21107564
2015-01-29,26.95,27.29,25.95,26.59,19734504
2015-01-30,26.9,27.83,26.46,27.74,19067837
2015-02-02,26.98,28.225,26.89,27.55,15603414
2015-02-03,27.34,27.675,26.595,26.83,16333991
2015-02-04,27.25,27.815,26.95,27.55,11304737
2015-02-05,27.35,28.31,27.21,28.11,11893584
2015-02-06,26.92,27.53,26.64,26.64,20187131
2015-02-09,27.06,27.41,26.99,27.2499,10322046
2015-02-10,27.03,27.05,26.65,26.72,9910247
2015-02-11,26.87,26.96,26.16,26.3,10190783
2015-02-12,26.69,26.93,26.47,26.62,9187079
2015-02-13,27.05,27.33,26.97,27.0,9005955
2015-02-17,26.33,26.5501,26.08,26.15,12601281
2015-02-18,26.15,26.97,25.7643,26.86,13788556
2015-02-19,26.75,27.035,26.185,26.25,11128075
2015-02-20,26.44,26.71,25.83,25.83,8497744
2015-02-23,25.52,26.31,25.52,25.75,7264586
2015-02-24,25.53,26.01,25.35,25.82,5923334
2015-02-25,26.16,26.48,26.02,26.17,11375521
2015-02-26,26.78,26.8,26.205,26.37,7674321
2015-02-27,26.62,26.87,26.43,26.57,6442865
2015-03-02,26.73,26.82,25.99,26.15,10394836
2015-03-03,26.22,26.52,25.69,25.86,8166121
2015-03-04,25.83,25.95,25.21,25.25,11332442
2015-03-05,25.41,25.76,25.12,25.26,5222195
2015-03-06,24.28,24.46,23.341,23.429,23216374
2015-03-09,23.6,23.6,22.17,22.18,21109447
2015-03-10,22.19,22.4,20.68,21.29,29643199
2015-03-11,21.24,22.44,20.7,22.4,31411848
2015-03-12,22.66,22.8,21.88,21.99,19475521
2015-03-13,22.32,22.43,21.54,22.41,15163159
2015-03-16,22.35,22.5301,21.87,22.09,11483566
2015-03-17,21.62,22.385,21.51,21.61,12870642
2015-03-18,21.67,23.24,21.41,23.2,21488733
2015-03-19,22.85,23.48,22.65,23.22,13806590
2015-03-20,23.51,24.37,23.43,24.1,16225732
2015-03-23,24.36,24.84,24.25,24.79,13714672
2015-03-24,24.92,24.93,24.53,24.86,7482859
2015-03-25,25.07,25.24,24.51,24.53,10267501
2015-03-26,24.97,25.14,23.82,23.97,15289718
2015-03-27,23.86,24.04,23.37,23.58,10944577
2015-03-30,23.12,23.24,22.69,22.82,13022285
2015-03-31,22.99,23.16,22.43,22.7001,11442563
2015-04-01,23.02,24.11,22.95,24.09,23133175
2015-04-02,23.91,24.14,23.38,23.7,12340943
2015-04-06,24.75,24.99,24.54,24.87,17404652
2015-04-07,24.66,24.785,24.18,24.3,12713447
2015-04-08,24.35,24.49,23.74,23.89,11246595
2015-04-09,23.73,23.76,23.46,23.62,7251212
2015-04-10,24.16,24.44,24.13,24.34,10466506
2015-04-13,24.33,24.42,23.78,23.88,9210684
2015-04-14,23.91,24.32,23.81,23.94,6013570
2015-04-15,24.17,25.08,24.05,25.02,15086889
2015-04-16,25.08,25.31,24.43,24.74,9122898
2015-04-17,24.72,25.04,24.5612,24.62,6175519
2015-04-20,24.34,24.8,24.21,24.78,6870145
2015-04-21,24.69,25.22,24.61,25.06,7685536
2015-04-22,24.88,25.05,24.23,24.24,12175272
2015-04-23,24.31,25.0,24.2499,24.86,10812002
2015-04-24,24.62,24.92,24.19,24.21,11069956
2015-04-27,24.43,25.23,24.38,24.929,14990379
2015-04-28,25.08,25.9,25.06,25.87,15620793
2015-04-29,25.87,26.395,25.55,25.73,12850639
2015-04-30,25.17,25.17,24.73,24.94,15023382
2015-05-01,24.7,25.08,24.53,25.04,4896036
2015-05-04,25.6,25.78,25.34,25.7,10127518
2015-05-05,25.91,26.06,25.16,25.38,8383702
2015-05-06,25.53,25.57,24.83,24.98,8815754
2015-05-07,24.73,25.07,24.42,25.03,7356888
2015-05-08,25.25,25.455,24.86,25.28,7366489
2015-05-11,25.36,25.65,25.02,25.43,7770414
2015-05-12,25.54,25.94,25.5,25.88,9936280
2015-05-13,26.36,26.79,26.2,26.6,13516793
2015-05-14,26.86,27.29,26.48,26.51,9799604
2015-05-15,26.48,27.0,26.25,26.7,5814076
2015-05-18,26.92,27.04,26.58,26.71,5672861
2015-05-19,26.29,26.43,25.83,25.85,12160628
2015-05-20,26.0,26.44,25.98,26.27,8221235
2015-05-21,26.08,26.33,25.97,26.02,5131795
2015-05-22,26.05,26.28,25.9001,26.03,3620042
2015-05-26,25.44,25.61,25.24,25.3,10747461
2015-05-27,25.31,25.56,25.135,25.52,4791794
2015-05-28,25.31,25.79,25.09,25.75,7884150
2015-05-29,25.73,25.97,25.56,25.68,4244420
2015-06-01,26.01,26.15,25.51,25.58,5347209
2015-06-02,25.85,26.15,25.69,26.0299,9261854
2015-06-03,25.88,26.12,25.585,25.71,7506442
2015-06-04,25.45,25.52,25.21,25.23,7125096
2015-06-05,24.87,25.18,24.7651,24.97,6993674
2015-06-08,25.14,25.46,24.95,25.41,6666269
2015-06-09,25.64,25.6502,24.41,25.16,4758906
2015-06-10,25.55,25.74,25.355,25.52,6363662
2015-06-11,25.27,25.34,24.99,25.05,7447890
2015-06-12,24.96,25.14,24.71,24.81,5829780
2015-06-15,24.82,25.24,24.66,24.9,4888227
2015-06-16,24.68,24.92,24.58,24.71,4041764
2015-06-17,24.7,25.56,24.635,25.49,10404263
2015-06-18,25.94,26.01,25.73,25.89,10706257
2015-06-19,25.78,25.84,25.33,25.56,6732279
2015-06-22,25.2,25.47,25.04,25.07,9777427
2015-06-23,25.0,25.31,24.93,25.01,5726794
2015-06-24,24.9,25.17,24.87,25.03,3553773
2015-06-25,25.03,25.15,24.865,24.87,4753583
2015-06-26,24.81,24.97,24.75,24.86,3322235
2015-06-29,24.93,25.07,24.42,24.46,6309410
2015-06-30,24.29,24.59,24.08,24.15,6379676
2015-07-01,24.15,24.15,23.15,23.2,12840210
2015-07-02,23.31,23.87,23.3,23.84,8963108
2015-07-06,23.54,24.0,23.37,23.72,5102002
2015-07-07,23.12,23.23,22.38,22.51,14095728
2015-07-08,22.71,22.74,22.0,22.03,9138904
2015-07-09,22.6,22.77,22.2,22.23,8455791
2015-07-10,22.43,22.47,22.09,22.28,3786869
2015-07-13,22.0,22.89,21.82,22.83,9778705
2015-07-14,22.75,22.94,22.5,22.54,6641753
2015-07-15,22.27,22.38,21.99,22.12,8773936
2015-07-16,21.96,22.25,21.89,22.07,3896077
2015-07-17,21.9,21.94,20.94,21.1,13803211
2015-07-20,20.05,20.32,18.42,18.66,35206608
2015-07-21,18.97,19.69,18.96,19.39,14485322
2015-07-22,18.77,19.42,18.62,19.14,14785911
2015-07-23,19.35,19.43,18.38,18.55,17135822
2015-07-24,18.21,19.64,17.92,19.49,29853532
2015-07-27,19.48,20.18,18.69,18.81,18819612
2015-07-28,19.05,19.35,18.98,19.25,12965959
2015-07-29,19.16,19.8,18.91,19.66,14973858
2015-07-30,19.28,19.54,18.86,18.98,14504493
2015-07-31,19.49,19.59,19.1401,19.34,9433269
2015-08-03,19.12,19.26,18.62,18.74,11806307
2015-08-04,18.9,19.1699,18.69,18.94,9601974
2015-08-05,19.11,19.18,18.4101,18.48,11302136
2015-08-06,18.61,19.16,18.55,18.99,8945253
2015-08-07,18.94,19.56,18.77,18.87,8979472
2015-08-10,19.05,19.99,18.84,19.95,17511541
2015-08-11,20.15,20.65,19.71,20.61,12743093
2015-08-12,21.06,22.27,20.97,22.26,19287299
2015-08-13,21.5,21.815,20.7,20.87,24587493
2015-08-14,21.25,21.4086,20.48,20.89,8075131
2015-08-17,21.25,21.5663,21.09,21.44,11603119
2015-08-18,20.99,21.2,20.62,20.92,12545127
2015-08-19,21.04,21.7,21.04,21.62,13888387
2015-08-20,22.33,22.74,22.15,22.37,14759800
2015-08-21,22.72,22.72,21.26,21.4,16639753
2015-08-24,21.22,21.93,19.61,19.77,21932495
2015-08-25,20.39,20.43,19.125,19.3,13457059
2015-08-26,18.98,19.07,18.23,18.31,20652883
2015-08-27,18.47,19.65,18.3,19.5,20709450
2015-08-28,19.59,20.67,19.55,20.48,21282160
2015-08-31,20.03,20.4,19.57,20.33,10177411
2015-09-01,20.52,20.75,19.67,19.7,10377371
2015-09-02,19.81,20.16,19.28,19.63,9744292
2015-09-03,19.25,20.1,19.195,19.22,10484222
2015-09-04,19.11,19.52,18.86,19.45,11090458
2015-09-08,19.67,19.87,19.34,19.76,7749073
2015-09-09,19.32,19.59,18.87,19.02,12027442
2015-09-10,19.22,19.33,18.88,18.97,4938152
2015-09-11,18.79,19.34,18.385,19.19,9603320
2015-09-14,19.12,19.56,18.91,19.36,6991624
2015-09-15,19.31,19.5898,19.18,19.29,4885756
2015-09-16,19.72,20.47,19.68,20.41,13576714
2015-09-17,20.27,21.22,20.06,21.17,14905954
2015-09-18,21.46,21.67,20.76,21.03,9027915
2015-09-21,20.78,20.91,20.3,20.38,8191779
2015-09-22,19.97,20.1,19.56,19.66,10829254
2015-09-23,20.02,20.07,19.5,19.57,8268594
2015-09-24,19.99,20.85,19.9,20.57,18002887
2015-09-25,20.23,20.48,19.96,20.09,12281470
2015-09-28,19.6,19.85,19.145,19.25,11168576
2015-09-29,19.42,19.72,19.12,19.28,5839587
2015-09-30,19.06,19.627,19.018,19.59,10986068
2015-10-01,19.64,19.99,19.045,19.17,8070457
2015-10-02,19.85,20.5,19.81,20.46,16026678
2015-10-05,20.54,20.96,20.48,20.81,12396225
2015-10-06,21.35,21.645,21.06,21.38,11865595
2015-10-07,21.55,21.58,20.95,21.37,8032345
2015-10-08,21.0,21.879,20.87,20.97,9942412
2015-10-09,21.65,22.11,21.425,22.0,15670794
2015-10-12,22.57,22.57,21.465,21.78,14385505
2015-10-13,21.61,22.12,21.43,21.6,6453330
2015-10-14,22.1,23.34,22.04,23.22,21102031
2015-10-15,22.77,23.58,22.61,23.34,8536343
2015-10-16,23.25,23.42,22.49,22.54,12008166
2015-10-19,22.4,22.4602,21.25,21.49,17092197
2015-10-20,21.72,22.675,21.69,22.32,18851934
2015-10-21,22.21,22.25,21.555,21.82,11542896
2015-10-22,21.67,22.3,21.62,21.93,7934254
2015-10-23,22.2,22.75,21.73,22.57,13164202
2015-10-26,22.6,22.6,21.93,22.0,9432059
2015-10-27,21.75,22.11,21.54,21.88,6136202
2015-10-28,22.39,22.82,21.26,21.56,14511833
2015-10-29,21.25,21.43,20.44,20.54,12423656
2015-10-30,20.51,20.91,20.39,20.46,7694533
2015-11-02,20.25,20.7,19.97,20.48,5138331
2015-11-03,20.14,20.57,19.96,20.39,5538071
2015-11-04,20.59,20.83,20.01,20.08,7514375
2015-11-05,20.13,20.13,19.54,19.67,9960824
2015-11-06,19.08,19.13,18.78,18.9,12126832
2015-11-09,18.85,19.37,18.7175,19.34,13103767
2015-11-10,19.07,19.29,18.83,18.9,7961802
2015-11-11,18.99,19.38,18.91,19.26,8462162
2015-11-12,18.86,19.42,18.8,19.08,5900217
2015-11-13,19.05,19.44,18.9039,19.25,7417048
2015-11-16,19.36,19.58,19.3,19.36,4345405
2015-11-17,19.2,19.29,18.41,18.63,12860162
2015-11-18,18.63,18.99,18.2,18.92,10756508
2015-11-19,19.21,19.61,19.02,19.45,7928521
2015-11-20,19.53,19.53,18.57,18.83,11118979
2015-11-23,18.67,18.82,18.57,18.65,5479569
2015-11-24,18.95,19.37,18.83,19.14,10764550
2015-11-25,18.93,19.3101,18.81,19.13,5018052
2015-11-27,18.52,18.93,18.52,18.74,5638332
2015-11-30,18.69,19.02,18.69,18.93,5172259
2015-12-01,19.07,19.45,18.92,19.38,7312586
2015-12-02,18.92,19.1201,18.72,18.95,7470287
2015-12-03,19.13,19.44,18.89,19.38,7269461
2015-12-04,19.66,20.24,19.63,20.15,9991950
2015-12-07,19.9,19.94,19.0246,19.44,11904148
2015-12-08,19.5,19.66,19.095,19.31,6286254
2015-12-09,19.64,19.87,19.36,19.53,8107962
2015-12-10,19.36,19.68,19.28,19.46,4395648
2015-12-11,19.2,19.755,19.2,19.61,4428569
2015-12-14,19.53,19.6,18.82,18.89,7676887
2015-12-15,19.07,19.18,18.82,19.02,3440330
2015-12-16,19.38,19.9,19.22,19.86,10299367
2015-12-17,19.22,19.23,18.75,18.79,9149219
2015-12-18,19.14,19.435,19.06,19.3,6482112
2015-12-21,19.48,19.53,19.26,19.38,4438427
2015-12-22,19.29,19.55,19.15,19.31,3989986
2015-12-23,19.32,19.66,19.26,19.57,4824646
2015-12-24,19.74,20.12,19.72,20.06,3890196
2015-12-28,19.75,19.78,19.265,19.41,8054136
2015-12-29,19.69,19.78,19.48,19.64,3957715
2015-12-30,19.21,19.325,19.08,19.16,5397105
2015-12-31,19.19,19.3499,19.07,19.21,3447783
2016-01-04,19.68,20.035,19.51,19.8,7439420
2016-01-05,19.87,19.96,19.68,19.84,2624578
2016-01-06,20.08,20.23,19.971,20.18,6326161
2016-01-07,20.53,20.915,20.26,20.65,9670273
2016-01-08,20.22,20.28,19.66,20.06,10448233
2016-01-11,20.08,20.15,19.17,19.33,7797011
2016-01-12,19.05,19.11,18.42,18.83,7127764
2016-01-13,18.63,19.15,18.495,18.73,6400036
2016-01-14,18.56,18.67,17.96,18.1,6856030
2016-01-15,18.61,18.6699,17.88,17.95,5978897
2016-01-19,17.98,18.1,17.06,17.09,11783248
2016-01-20,17.36,17.48,16.87,17.44,6103938
2016-01-21,17.25,17.61,16.96,17.46,3884694
2016-01-22,17.28,17.95,17.28,17.7,7867955
2016-01-25,18.02,18.1,17.755,17.96,5457340
2016-01-26,18.09,18.83,18.09,18.76,8587617
2016-01-27,18.7,19.2,18.56,19.12,5821091
2016-01-28,18.82,19.1,18.71,18.72,4845794
2016-01-29,18.67,19.12,18.5249,19.09,5548780
2016-02-01,19.25,19.7,19.2,19.68,5830814
2016-02-02,19.51,19.71,18.94,19.22,5763874
2016-02-03,19.37,20.305,19.34,20.11,10080099
2016-02-04,20.77,21.26,20.6879,20.8,10114187
2016-02-05,20.48,21.82,20.25,21.8,11061033
2016-02-08,22.49,23.2,22.42,22.72,13659413
2016-02-09,23.12,23.15,21.71,21.76,12547308
2016-02-10,21.8,22.105,21.141,22.07,8659912
2016-02-11,23.73,24.32,23.13,24.01,18125082
2016-02-12,23.42,24.91,23.27,24.91,10829959
2016-02-16,23.65,24.27,22.75,22.77,17991845
2016-02-17,23.11,23.9525,23.11,23.76,9975748
2016-02-18,23.45,25.565,23.38,25.53,15837770
2016-02-19,25.16,25.3,24.59,24.69,10272169
2016-02-22,23.93,24.72,23.77,24.35,7596068
2016-02-23,24.87,25.11,24.41,24.63,8043040
2016-02-24,25.59,26.16,24.805,25.25,13682325
2016-02-25,25.11,25.8,25.05,25.77,8413515
2016-02-26,25.16,25.68,24.76,24.9,9366237
2016-02-29,25.18,26.0,25.18,25.97,9882611
2016-03-01,26.17,26.24,24.97,25.0,13019482
2016-03-02,25.13,25.8099,25.03,25.71,10166824
2016-03-03,25.86,27.52,25.75,27.37,16865130
2016-03-04,27.37,28.94,27.06,27.11,19959887
2016-03-07,27.53,28.7,27.46,28.39,15584059
2016-03-08,28.79,28.83,26.99,27.0,15504755
2016-03-09,26.17,27.23,25.88,26.84,9014085
2016-03-10,27.4,28.13,27.33,28.02,14030501
2016-03-11,27.84,28.2,27.03,27.15,13733748
2016-03-14,27.3,27.41,26.15,26.16,11086497
2016-03-15,26.0,26.57,25.4,26.45,9175795
2016-03-16,26.15,28.7761,25.805,28.57,16102742
2016-03-17,29.11,29.5,27.78,27.8,13303290
2016-03-18,27.9,28.79,27.81,28.4,8254823
2016-03-21,28.25,29.06,28.09,28.47,6107875
2016-03-22,29.02,29.215,28.25,28.71,6605945
2016-03-23,27.59,27.98,26.75,26.78,19445901
2016-03-24,27.03,27.31,26.58,26.97,6597555
2016-03-28,27.19,27.3135,26.3301,26.89,6046988
2016-03-29,27.2,28.665,26.85,28.58,15790514
2016-03-30,28.31,28.75,27.68,28.12,8297891
2016-03-31,28.64,28.69,27.695,27.85,5525597
2016-04-01,27.04,28.39,26.9,28.28,7514235
2016-04-04,28.16,28.17,27.445,27.5,8857500
2016-04-05,28.3,28.369,27.52,28.31,9433979
2016-04-06,27.94,28.57,27.91,28.42,5074775
2016-04-07,29.04,29.35,28.875,29.18,8156291
2016-04-08,29.2,30.42,29.13,30.33,10428485
2016-04-11,31.06,32.63,30.95,32.43,17810722
2016-04-12,32.58,33.07,31.7545,32.84,11530413
2016-04-13,32.35,33.0,31.965,32.1,10333857
2016-04-14,32.0,32.22,30.56,31.13,12050796
2016-04-15,31.48,32.6,30.945,32.48,10289036
2016-04-18,32.9,32.97,32.14,32.58,5908156
2016-04-19,34.07,35.185,33.87,35.02,17013849
2016-04-20,34.9,35.835,33.54,33.68,16775201
2016-04-21,35.18,35.37,34.05,34.62,15504267
2016-04-22,34.22,35.05,33.13,33.64,14909021
2016-04-25,33.89,34.28,33.06,33.3,7386131
2016-04-26,33.65,34.65,33.16,34.58,13775902
2016-04-27,34.9,35.2599,33.39,34.81,8104643
2016-04-28,35.33,36.595,34.992,36.38,17824727
2016-04-29,37.11,38.57,37.1,38.52,21410487
2016-05-02,38.88,38.96,37.53,37.94,12502404
2016-05-03,38.18,38.26,36.58,36.82,12405496
2016-05-04,36.07,36.97,34.43,34.61,17683999
2016-05-05,35.18,36.08,34.97,35.76,10731749
2016-05-06,36.59,38.075,36.41,37.71,19337417
2016-05-09,36.12,36.15,34.9,34.9,20446787
2016-05-10,35.22,36.315,34.41,36.14,14352570
2016-05-11,37.07,37.81,35.77,37.4,13674610
2016-05-12,37.52,38.15,36.6,36.87,9222496
2016-05-13,36.86,37.745,36.56,37.18,7835958
2016-05-16,38.23,38.8,37.68,38.07,12174758
2016-05-17,38.2,39.7,37.87,39.2,17528225
2016-05-18,38.39,39.02,36.02,36.06,29403975
2016-05-19,35.02,37.0,34.5,36.51,19164728
2016-05-20,37.03,37.13,35.41,36.86,10538809
2016-05-23,35.95,36.9899,35.72,36.2,9189464
2016-05-24,35.46,35.64,33.49,33.59,23814362
2016-05-25,33.38,35.05,32.76,34.85,17950123
2016-05-26,35.49,35.74,34.24,34.56,11032090
2016-05-27,34.16,34.42,32.74,32.89,18583011
2016-05-31,32.86,34.48,32.6,33.8,15591933
2016-06-01,34.08,34.57,33.08,33.75,10069329
2016-06-02,33.7,34.295,33.39,33.8,6991425
2016-06-03,36.1,37.96,36.08,37.96,33704934
2016-06-06,37.93,38.68,37.15,38.63,13300657
2016-06-07,38.06,38.765,37.89,38.12,13733593
2016-06-08,39.77,40.47,39.41,39.9,22061060
2016-06-09,39.77,40.79,39.45,40.59,11667501
2016-06-10,40.98,41.37,39.6699,39.91,15012247
2016-06-13,40.98,41.08,39.31,40.06,12511025
2016-06-14,40.15,40.16,38.63,39.27,12132368
2016-06-15,39.33,41.37,39.0,40.92,23725499
2016-06-16,42.24,42.32,39.31,39.77,21679069
2016-06-17,40.43,40.69,39.4,40.31,13111289
2016-06-20,39.16,41.01,39.0,40.72,15266715
2016-06-21,39.73,40.15,39.34,39.41,16999231
2016-06-22,39.48,39.86,38.82,39.75,6871099
2016-06-23,39.62,40.395,39.46,39.78,10012876
2016-06-24,43.6,43.76,41.252,41.76,23150673
2016-06-27,42.0,42.49,40.8,41.78,12927630
2016-06-28,40.64,41.46,40.56,41.0,13602907
2016-06-29,41.68,42.695,41.61,42.05,14549128
2016-06-30,42.42,42.7,41.75,42.6,8387717
2016-07-01,43.82,45.62,43.55,45.38,19699048
2016-07-05,45.78,47.06,45.21,46.74,21074567
2016-07-06,47.54,48.95,47.4,48.88,22875846
2016-07-07,48.16,48.25,46.77,47.12,19361320
2016-07-08,47.32,49.46,46.85,49.41,22742250
2016-07-11,48.84,50.17,48.53,49.73,12349307
2016-07-12,49.2,49.8,47.47,47.66,20916602
2016-07-13,48.41,50.29,48.21,49.86,18938987
2016-07-14,48.13,49.71,48.0,49.71,10976471
2016-07-15,48.65,49.59,48.555,48.75,10682587
2016-07-18,48.68,49.0,47.99,48.7292,10401070
2016-07-19,48.36,48.63,47.58,47.65,14676297
2016-07-20,46.27,46.29,43.72,43.93,32241221
2016-07-21,44.49,46.52,44.305,46.32,21260318
2016-07-22,45.59,46.17,45.305,45.79,8427394
2016-07-25,44.96,45.0,43.5,43.74,19302375
2016-07-26,44.75,45.925,44.33,45.35,17647268
2016-07-27,46.02,48.2601,44.8175,47.92,22931448
2016-07-28,48.28,48.59,47.1,48.14,11808223
2016-07-29,49.34,50.56,48.86,50.07,17168937
2016-08-01,50.04,51.07,49.59,50.93,11060603
2016-08-02,51.55,51.85,50.64,50.85,8200228
2016-08-03,50.64,50.7,49.715,50.45,8216463
2016-08-04,50.9,51.66,50.8,51.15,10664576
2016-08-05,49.52,49.9,48.92,49.41,16728227
2016-08-08,49.39,50.85,49.31,50.23,11349823
2016-08-09,50.39,51.19,50.2,50.71,9436655
2016-08-10,52.16,52.36,50.95,51.57,13245625
2016-08-11,51.66,52.5,51.02,51.02,11618160
2016-08-12,52.41,52.41,50.735,51.08,8313024
2016-08-15,51.25,51.6963,50.775,51.02,5984281
2016-08-16,51.32,51.66,50.98,51.31,7852418
2016-08-17,50.8,51.3599,49.56,50.69,13031516
2016-08-18,51.27,51.7,50.76,51.7,12785240
2016-08-19,50.57,50.9,49.98,50.1,19121247
2016-08-22,49.15,49.48,48.65,48.99,12949954
2016-08-23,49.7,49.74,47.79,47.85,12172563
2016-08-24,47.13,47.15,43.97,44.13,30168706
2016-08-25,44.22,46.47,43.47,45.52,24490613
2016-08-26,46.62,47.74,44.56,45.18,16022360
2016-08-29,44.44,45.835,44.29,45.29,11827891
2016-08-30,44.76,45.11,42.31,42.8,22084103
2016-08-31,42.07,42.55,41.3,41.76,17438599
2016-09-01,41.38,43.925,41.11,43.75,29553190
2016-09-02,45.56,46.33,44.43,46.33,29633940
2016-09-06,47.42,49.37,47.0,49.37,33450481
2016-09-07,49.06,49.08,46.99,48.75,21408044
2016-09-08,48.35,48.86,47.31,47.83,15702059
2016-09-09,46.94,47.4,44.16,44.44,37023809
2016-09-12,43.48,46.995,43.33,46.54,29805386
2016-09-13,45.72,46.24,43.76,44.59,25459035
2016-09-14,45.21,46.2,44.57,44.75,12218622
2016-09-15,44.45,45.85,43.84,44.86,13455580
2016-09-16,44.07,45.19,43.565,43.92,17100173
2016-09-19,44.94,45.06,44.11,44.42,11598938
2016-09-20,44.23,44.8,43.93,44.47,9379380
2016-09-21,45.52,48.13,45.19,48.04,34274251
2016-09-22,48.57,48.97,46.73,47.12,23448936
2016-09-23,46.87,47.17,44.9711,45.42,22675489
2016-09-26,45.8,46.35,44.72,44.87,9034425
2016-09-27,44.31,44.59,43.26,43.86,15966019
2016-09-28,44.0,45.75,42.75,45.28,23374505
2016-09-29,44.61,45.27,44.19,44.85,11042028
2016-09-30,45.71,45.88,44.08,44.29,14967239
2016-10-03,44.1,44.56,42.905,43.54,14142286
2016-10-04,42.1,42.1,38.81,38.81,41455484
2016-10-05,39.71,39.93,37.54,39.15,20536771
2016-10-06,37.52,38.29,36.96,37.46,22087009
2016-10-07,39.0,39.42,37.1,38.09,23081473
2016-10-10,38.56,38.91,38.14,38.64,10828541
2016-10-11,38.04,38.39,37.27,37.31,18111868
2016-10-12,37.42,38.61,37.33,38.3,19758030
2016-10-13,38.42,40.245,38.12,39.15,20136099
2016-10-14,38.35,39.55,37.97,38.08,20276117
2016-10-17,38.42,38.99,37.96,38.71,17119771
2016-10-18,39.54,40.63,39.059,40.59,23864720
2016-10-19,41.48,42.19,40.92,42.02,18901346
2016-10-20,42.0,42.16,40.89,41.74,13220203
2016-10-21,41.47,41.83,41.26,41.82,7508826
2016-10-24,42.26,42.33,40.17,40.66,18471317
2016-10-25,41.13,42.34,40.78,41.91,15294133
2016-10-26,41.96,42.14,40.48,40.81,24241623
2016-10-27,41.02,41.08,39.47,39.61,19731112
2016-10-28,39.62,40.75,39.04,39.61,17809236
2016-10-31,39.66,40.7,39.29,40.68,17699685
2016-11-01,41.91,42.645,41.32,42.03,20218123
2016-11-02,43.11,43.54,40.9,41.26,20640209
2016-11-03,41.05,42.51,41.01,42.35,14700314
2016-11-04,42.35,42.36,40.93,41.58,13707579
2016-11-07,40.16,40.48,39.28,39.81,26137374
2016-11-08,40.2,40.965,38.76,39.34,15605534
2016-11-09,42.09,42.13,39.05,40.24,23375159
2016-11-10,39.76,39.83,37.16,37.25,42381596
2016-11-11,37.31,37.36,33.73,34.24,46732560
2016-11-14,33.47,35.97,32.8,34.96,26728742
2016-11-15,35.07,37.13,34.71,36.86,30178482
2016-11-16,36.5,36.75,35.18,35.55,25571113
2016-11-17,35.74,36.6,33.8375,34.55,25495776
2016-11-18,34.11,34.67,33.66,34.52,21271969
2016-11-21,35.33,35.74,34.75,35.26,13328947
2016-11-22,35.47,35.8,34.4,35.75,14839989
2016-11-23,34.2,34.38,33.45,33.75,32415379
2016-11-25,34.3,34.58,33.58,33.8,8067693
2016-11-28,34.25,35.375,33.82,35.19,26680351
2016-11-29,34.28,35.24,34.0,34.99,11212403
2016-11-30,34.6,34.78,34.035,34.32,16465091
2016-12-01,34.18,35.28,33.52,34.25,16867357
2016-12-02,34.78,35.58,34.7,35.46,23877863
2016-12-05,34.8,36.09,34.23,35.59,15428649
2016-12-06,35.63,36.37,35.23,35.42,10723286
2016-12-07,36.17,36.52,35.605,35.93,13964157
2016-12-08,35.82,36.04,35.425,35.99,7445442
2016-12-09,35.52,35.73,33.98,34.18,30816170
2016-12-12,34.53,35.1,34.102,34.22,11961835
2016-12-13,34.22,34.55,33.79,34.38,10687602
2016-12-14,34.86,35.13,32.16,32.18,39887859
2016-12-15,31.19,31.39,29.99,30.32,33542383
2016-12-16,30.81,31.18,29.53,29.86,23705417
2016-12-19,28.89,28.92,28.12,28.43,27938736
2016-12-20,27.71,28.625,27.371,28.51,23996784
2016-12-21,28.62,28.75,28.13,28.18,11546806
2016-12-22,28.17,28.89,28.01,28.23,13975132
2016-12-23,28.33,28.69,28.15,28.62,9150735
2016-12-27,29.0,29.71,28.84,29.66,16672523
2016-12-28,29.44,30.665,29.13,30.65,22331733
2016-12-29,30.95,33.51,30.76,33.48,45037290
2016-12-30,33.52,34.3,31.49,31.55,39165484
2017-01-03,31.78,33.66,31.13,33.64,29306249
2017-01-04,34.19,34.23,33.25,34.2,19591092
2017-01-05,35.18,37.47,35.09,37.1,43147433
2017-01-06,36.16,37.18,34.16,35.4,54259758
2017-01-09,36.37,37.33,35.61,35.96,28447557
2017-01-10,36.67,37.5,35.91,36.81,21106628
2017-01-11,36.17,37.35,35.45,36.8,20436562
2017-01-12,37.74,37.88,36.1,36.57,18323951
2017-01-13,36.0,36.76,35.5,36.66,11135225
2017-01-17,37.92,38.08,37.43,37.91,26028462
2017-01-18,37.69,38.02,36.27,36.69,25973463
2017-01-19,36.17,37.1,35.71,36.65,16942786
2017-01-20,36.71,37.82,36.23,37.01,17601101
2017-01-23,37.56,37.99,37.23,37.94,17013462
2017-01-24,37.76,38.575,37.08,37.56,22199313
2017-01-25,36.73,37.26,36.4853,37.23,15167804
2017-01-26,36.32,36.68,36.08,36.15,22415140
2017-01-27,36.25,36.96,36.2,36.87,18569850
2017-01-30,37.12,37.61,36.68,36.74,11382390
2017-01-31,37.64,37.795,37.28,37.78,22200715
2017-02-01,37.15,38.24,37.01,38.07,18026052
2017-02-02,39.07,39.22,38.53,38.92,15049236
2017-02-03,38.81,39.3,38.73,39.26,10864389
2017-02-06,39.97,42.29,39.68,42.29,37449633
2017-02-07,41.7,42.84,41.38,41.91,18574841
2017-02-08,42.65,43.01,41.65,42.19,14754464
2017-02-09,42.19,42.39,40.82,40.88,29287549
2017-02-10,40.4,42.67,40.26,41.81,27479301
2017-02-13,41.36,41.74,41.07,41.27,14899719
2017-02-14,41.86,42.05,40.69,41.79,17412502
2017-02-15,41.17,41.77,40.92,41.5,10747238
2017-02-16,41.87,42.39,41.69,42.12,16689867
2017-02-17,42.16,42.4,41.17,41.25,16095586
2017-02-21,40.63,41.37,39.82,40.79,13306188
2017-02-22,40.8,41.09,39.51,40.73,17615633
2017-02-23,41.55,41.67,40.89,40.92,14810871
2017-02-24,41.57,41.6,39.97,40.09,15481296
2017-02-27,40.0,40.68,36.08,36.25,61391962
2017-02-28,37.3,37.82,36.33,36.93,25422119
2017-03-01,35.8,37.65,35.7,37.63,24864741
2017-03-02,36.58,37.01,34.37,34.53,48280467
2017-03-03,34.53,35.92,33.59,35.53,38762475
2017-03-06,34.99,35.11,32.9,33.42,48400054
2017-03-07,32.97,34.47,32.66,33.71,27371541
2017-03-08,33.08,34.04,33.05,33.32,12115925
2017-03-09,33.5,33.85,32.88,32.98,10661069
2017-03-10,33.23,34.87,33.0,34.69,29933000
2017-03-13,34.9,36.35,34.7,36.15,34798748
2017-03-14,36.04,36.28,33.79,33.99,40219156
2017-03-15,34.35,38.12,33.95,37.91,64810938
2017-03-16,38.52,38.57,36.99,37.45,19549486
2017-03-17,37.49,37.72,35.68,36.28,29731587
2017-03-20,36.5,37.29,36.09,36.84,20252434
2017-03-21,37.48,38.22,37.22,37.46,23095371
2017-03-22,37.95,37.95,36.93,37.06,13735560
2017-03-23,37.3,37.44,35.74,36.26,22018780
2017-03-24,36.24,36.8,35.92,36.2,11212042
2017-03-27,37.2,37.25,36.39,36.94,22954174
2017-03-28,36.86,36.94,35.18,35.84,28151269
2017-03-29,35.69,36.49,35.53,36.15,11883939
2017-03-30,35.68,36.09,35.49,35.7,14396330
2017-03-31,35.82,36.76,35.65,35.98,16864944
2017-04-03,36.08,36.82,36.02,36.63,15308549
2017-04-04,36.99,37.08,36.52,37.03,9915205
2017-04-05,36.43,37.13,35.85,36.9,19081429
2017-04-06,36.68,36.92,36.33,36.71,10590576
2017-04-07,37.41,37.54,36.08,36.56,15091111
2017-04-10,36.41,36.85,36.11,36.78,9670740
2017-04-11,37.19,37.72,36.86,37.5,22630280
2017-04-12,37.46,38.06,37.1,38.04,15620162
2017-04-13,37.44,37.57,36.63,36.7,37058406
2017-04-17,36.68,36.82,35.43,36.14,28969475
2017-04-18,35.98,36.29,35.41,35.87,14203232
2017-04-19,35.45,35.59,33.9,34.71,36664393
2017-04-20,34.56,35.07,34.33,34.52,15837418
2017-04-21,34.63,34.94,34.4,34.54,11443324
2017-04-24,33.77,34.09,33.62,33.7,18533562
2017-04-25,33.13,33.17,31.62,32.24,45285262
2017-04-26,32.16,32.87,31.25,32.26,34787304
2017-04-27,32.23,32.32,31.42,31.69,24996566
2017-04-28,31.75,32.88,31.73,32.23,23396129
2017-05-01,32.0,32.16,30.84,31.33,34311158
2017-05-02,31.12,31.72,31.01,31.17,12451454
2017-05-03,31.13,31.93,30.7,30.7,20604744
2017-05-04,30.14,30.38,29.33,29.65,30080454
2017-05-05,29.71,30.68,29.71,30.27,20448396
2017-05-08,30.43,30.43,29.69,30.31,10278070
2017-05-09,29.95,30.32,29.73,30.21,11570751
2017-05-10,30.66,31.26,30.65,30.94,20181132
2017-05-11,31.17,32.11,31.11,32.09,24372373
2017-05-12,32.59,33.0,32.33,32.54,15846656
2017-05-15,33.28,33.28,31.99,32.76,15474218
2017-05-16,32.87,33.15,32.66,32.98,10406782
2017-05-17,33.77,34.17,33.24,33.79,24291125
2017-05-18,33.49,33.49,32.46,32.57,29680335
2017-05-19,32.9,32.98,32.45,32.61,8209904
2017-05-22,32.86,33.3,32.82,33.13,11923040
2017-05-23,33.26,33.26,31.84,31.91,24154372
2017-05-24,31.6,32.41,30.89,32.21,22169337
2017-05-25,31.76,32.07,31.4,31.74,18708272
2017-05-26,32.3,32.35,31.89,31.92,9927499
2017-05-30,31.52,31.76,31.45,31.48,18896001
2017-05-31,31.54,31.79,31.04,31.43,11327417
2017-06-01,31.09,31.58,31.04,31.33,11677772
2017-06-02,31.69,32.02,31.5,31.88,14444122
2017-06-05,32.04,32.17,31.47,32.08,8329249
2017-06-06,32.63,34.14,32.61,34.04,34236719
2017-06-07,33.66,34.2,33.4,33.95,17007251
2017-06-08,33.59,33.73,32.91,33.34,14659757
2017-06-09,32.76,33.3,32.71,32.79,14613011
2017-06-12,32.61,33.88,32.56,33.56,18403215
2017-06-13,33.43,34.69,33.42,34.34,17783143
2017-06-14,35.0,35.05,32.15,32.85,38929246
2017-06-15,32.25,33.23,32.21,32.72,12121635
2017-06-16,32.78,33.23,32.55,33.0,15885406
2017-06-19,32.6,33.08,32.45,32.46,18858432
2017-06-20,32.5,32.55,32.13,32.41,7912817
2017-06-21,32.27,33.03,32.27,32.93,10961339
2017-06-22,33.3,33.74,33.2,33.61,13008859
2017-06-23,34.0,34.21,33.76,34.2,11186241
2017-06-26,33.57,34.15,33.51,33.75,12680676
2017-06-27,34.06,34.17,33.48,33.5,8422270
2017-06-28,33.71,34.04,33.39,34.02,9288040
2017-06-29,33.65,33.78,33.05,33.32,14805576
2017-06-30,33.16,33.59,33.16,33.38,7703092
2017-07-03,32.73,32.86,32.15,32.18,15494102
2017-07-05,32.33,32.68,31.94,32.55,16609636
2017-07-06,32.37,32.37,31.87,32.02,12775692
2017-07-07,31.63,31.77,30.98,31.29,17125150
2017-07-10,30.97,32.1,30.97,32.06,14885851
2017-07-11,32.01,32.24,31.44,32.18,8459860
2017-07-12,32.53,32.76,32.25,32.3,9287182
2017-07-13,32.3,32.44,31.78,31.89,8345461
2017-07-14,32.44,32.65,32.28,32.4,12389243
2017-07-17,32.67,32.95,32.61,32.76,9437499
2017-07-18,33.04,33.16,32.8,32.93,8896136
2017-07-19,32.85,33.08,32.58,32.8,6631948
2017-07-20,32.81,33.13,32.64,32.96,7297833
2017-07-21,33.23,33.26,32.95,33.14,7598759
2017-07-24,33.23,33.24,32.34,32.48,11611740
2017-07-25,32.52,32.82,32.24,32.31,6383131
2017-07-26,32.31,33.79,32.27,33.52,20244398
2017-07-27,33.47,33.65,32.77,32.93,12767169
2017-07-28,33.05,33.71,33.05,33.64,15511187
2017-07-31,33.64,33.9,33.41,33.62,9013749
2017-08-01,33.43,33.98,33.36,33.54,8094674
2017-08-02,33.39,33.72,33.14,33.23,8420162
2017-08-03,33.24,33.39,33.02,33.1,5596414
2017-08-04,32.77,32.86,32.14,32.39,17166737
2017-08-07,32.2,32.46,32.1,32.22,6834770
2017-08-08,32.36,32.44,31.795,32.24,10454748
2017-08-09,32.83,32.97,32.475,32.82,15019370
2017-08-10,33.26,33.38,33.05,33.33,17986390
2017-08-11,33.32,33.64,33.04,33.63,13110412
2017-08-14,33.24,33.42,32.99,33.05,10704231
2017-08-15,32.51,32.73,32.46,32.56,9013834
2017-08-16,32.51,33.51,32.46,33.34,13933625
2017-08-17,33.51,33.7,33.17,33.4,8248843
2017-08-18,33.84,33.95,33.17,33.39,11505510
2017-08-21,33.55,33.9,33.5,33.9,10907184
2017-08-22,33.74,33.88,33.49,33.5,9387350
2017-08-23,33.69,33.81,33.43,33.78,5352985
2017-08-24,33.61,34.01,33.56,33.8,6574429
2017-08-25,33.97,34.14,33.46,33.94,8017776
2017-08-28,34.2,35.26,34.17,35.24,24162154
2017-08-29,35.96,36.14,34.92,35.42,13701677
2017-08-30,35.39,35.4,34.79,34.92,10643230
2017-08-31,34.99,36.12,34.99,36.08,18064274
2017-09-01,36.38,36.41,35.68,36.26,10786323
2017-09-05,36.56,37.4,36.54,37.4,17848790
2017-09-06,37.22,37.54,36.5,36.82,16847548
2017-09-07,37.34,37.76,37.1,37.68,16767469
2017-09-08,37.65,37.65,36.69,36.96,16240080
2017-09-11,36.28,36.86,35.83,35.93,17146780
2017-09-12,35.87,36.52,35.75,36.34,11158610
2017-09-13,36.26,36.27,35.38,35.54,17029190
2017-09-14,35.45,35.99,35.32,35.88,15598156
2017-09-15,35.86,35.96,35.23,35.28,18272538
2017-09-18,34.79,34.98,34.32,34.49,15740930
2017-09-19,34.6,34.82,34.46,34.72,11651238
2017-09-20,34.77,35.3,33.67,34.11,18293119
2017-09-21,33.6,34.29,33.59,33.75,9542426
2017-09-22,34.14,34.45,33.99,34.29,10841731
2017-09-25,34.11,35.09,34.07,34.95,17645983
2017-09-26,34.37,34.72,33.92,34.1,17146802
2017-09-27,33.76,34.01,33.45,33.57,13153946
2017-09-28,33.7,34.16,33.58,33.88,10260940
2017-09-29,33.93,33.98,33.58,33.59,9155430
