2009-02-05,25.73,26.06,25.73,26.05,122700
2009-02-06,26.06,26.16,26.05,26.16,143600
2009-02-09,26.17,26.2,26.05,26.2,69000
2009-02-10,26.21,26.25,26.04,26.2,36500
2009-02-11,26.2,26.2,26.05,26.17,6700
2009-02-12,26.19,26.22,26.17,26.22,28000
2009-02-13,26.22,26.23,26.2,26.23,14900
2009-02-17,26.23,26.615,26.09,26.22,24200
2009-02-18,26.24,26.3,26.15,26.28,29400
2009-02-19,26.28,26.28,26.11,26.22,8600
2009-02-20,26.11,26.36,26.11,26.33,35000
2009-02-23,26.36,26.36,26.26,26.33,24600
2009-02-24,26.33,26.39,26.31,26.36,53200
2009-02-25,26.36,26.37,26.29,26.32,10500
2009-02-26,26.31,26.37,26.31,26.37,36500
2009-02-27,26.35,26.39,26.35,26.39,31300
2009-03-02,26.25,26.26,26.185,26.185,22100
2009-03-03,26.18,26.26,26.1599,26.18,15300
2009-03-04,26.15,26.16,25.88,25.98,25800
2009-03-05,25.99,26.0,25.67,25.76,9700
2009-03-06,25.84,25.85,25.81,25.85,7000
2009-03-09,25.81,25.94,25.81,25.92,18500
2009-03-10,25.92,25.92,25.58,25.74,43400
2009-03-11,25.75,25.8,25.75,25.8,9700
2009-03-12,25.78,25.82,25.7475,25.82,10300
2009-03-13,25.85,25.85,25.8304,25.848,8000
2009-03-16,25.9,25.94,25.8999,25.94,13000
2009-03-17,25.94,25.94,25.85,25.87,5800
2009-03-18,25.88,26.09,25.78,26.09,12700
2009-03-19,26.06,26.25,26.06,26.25,7900
2009-03-20,26.25,26.27,26.02,26.18,13600
2009-03-23,26.25,26.302,25.9395,26.2,20800
2009-03-24,26.1899,26.3,26.1301,26.3,7100
2009-03-25,26.32,26.42,26.25,26.42,20400
2009-03-26,26.49,26.5,26.39,26.46,16400
2009-03-27,26.4,26.46,26.35,26.46,13300
2009-03-30,26.46,26.46,26.26,26.39,12500
2009-03-31,26.3504,26.37,26.26,26.28,11900
2009-04-01,26.28,26.28,26.0801,26.22,33100
2009-04-02,26.47,26.47,26.09,26.14,23600
2009-04-03,26.36,26.36,26.02,26.03,7900
2009-04-06,26.02,26.1188,26.02,26.11,12200
2009-04-07,26.1436,26.1436,26.0,26.02,3500
2009-04-08,25.94,25.94,25.83,25.89,14400
2009-04-09,26.12,26.12,25.8,25.93,9400
2009-04-13,26.17,26.17,25.88,25.9,17600
2009-04-14,25.9,25.91,25.816,25.816,19500
2009-04-15,25.91,25.91,25.79,25.84,10500
2009-04-16,25.9,26.09,25.75,26.09,78000
2009-04-17,26.32,26.32,26.03,26.0898,17700
2009-04-20,26.2,26.2,26.11,26.17,19600
2009-04-21,26.35,26.35,26.14,26.292,56800
2009-04-22,26.6,26.6,26.3401,26.375,30100
2009-04-23,26.41,26.5,26.362,26.5,19800
2009-04-24,26.46,26.5,26.4,26.485,16300
2009-04-27,26.4,26.46,26.373,26.44,26700
2009-04-28,26.4399,26.45,26.39,26.45,13200
2009-04-29,26.69,26.69,26.3701,26.38,13100
2009-04-30,26.46,26.53,26.42,26.48,36800
2009-05-01,26.42,26.74,26.42,26.44,16400
2009-05-04,26.41,26.49,26.35,26.3999,27900
2009-05-05,26.74,26.74,26.35,26.39,25200
2009-05-06,26.36,26.38,26.286,26.36,22300
2009-05-07,26.62,26.65,26.57,26.65,17300
2009-05-08,26.74,26.77,26.6901,26.77,24900
2009-05-11,26.84,26.91,26.8345,26.91,29700
2009-05-12,26.92,26.97,26.9,26.97,30100
2009-05-13,26.99,27.05,26.96,27.05,40900
2009-05-14,27.05,27.13,27.02,27.13,32300
2009-05-15,27.88,27.88,27.13,27.28,45400
2009-05-18,27.34,30.13,27.34,27.55,56700
2009-05-19,27.58,27.98,27.566,27.73,55300
2009-05-20,28.15,28.26,27.7758,27.98,50500
2009-05-21,28.05,28.05,27.95,27.95,26500
2009-05-22,28.34,28.55,27.92,28.04,45300
2009-05-26,28.05,28.1,28.0,28.09,41300
2009-05-27,28.11,28.18,28.1,28.18,65900
2009-05-28,28.2,28.2,28.01,28.11,37200
2009-05-29,28.11,28.3,28.1,28.25,47400
2009-06-01,28.25,28.68,28.2,28.26,55500
2009-06-02,28.25,28.25,28.1,28.14,30700
2009-06-03,28.12,28.16,28.07,28.16,19800
2009-06-04,28.04,28.38,28.04,28.24,95900
2009-06-05,28.23,28.88,28.187,28.36,38500
2009-06-08,28.36,28.36,28.24,28.25,28500
2009-06-09,28.24,28.25,28.1303,28.19,12700
2009-06-10,28.13,28.63,28.0,28.04,36600
2009-06-11,28.32,28.32,27.91,28.01,52000
2009-06-12,27.95,28.02,27.88,27.95,13600
2009-06-15,27.89,28.72,27.73,27.79,30200
2009-06-16,27.73,28.49,27.68,27.77,22000
2009-06-17,28.08,28.08,27.51,27.78,26200
2009-06-18,28.5,28.5,27.61,27.65,18900
2009-06-19,27.64,27.65,27.11,27.38,66000
2009-06-22,27.21,27.35,27.14,27.34,20600
2009-06-23,27.32,27.39,27.22,27.39,18500
2009-06-24,28.62,28.62,27.27,27.4,24500
2009-06-25,27.39,27.45,27.3596,27.4175,19000
2009-06-26,27.45,27.58,27.424,27.53,23800
2009-06-29,27.5,27.69,27.48,27.57,33000
2009-06-30,27.56,28.56,27.5005,27.6675,49300
2009-07-01,28.4,28.4,27.6201,27.66,22700
2009-07-02,27.62,28.4,27.5701,27.59,10100
2009-07-06,27.58,27.59,27.5,27.59,16600
2009-07-07,27.53,27.53,27.04,27.49,43000
2009-07-08,27.34,27.53,27.34,27.45,18800
2009-07-09,28.38,28.38,27.34,27.4305,26900
2009-07-10,28.38,28.38,27.4,27.49,15000
2009-07-13,27.5,27.5,27.35,27.5,18700
2009-07-14,27.46,27.54,27.46,27.54,11000
2009-07-15,27.5382,27.542,27.464,27.49,17100
2009-07-16,27.53,27.54,27.5,27.5,21700
2009-07-17,27.64,27.64,27.4732,27.5,15200
2009-07-20,27.55,27.56,27.45,27.53,37900
2009-07-21,27.56,27.58,27.5,27.57,34700
2009-07-22,27.57,27.9,27.5228,27.61,39500
2009-07-23,27.61,27.74,27.61,27.74,36300
2009-07-24,27.6701,27.74,27.6628,27.74,20400
2009-07-27,27.75,27.75,27.68,27.73,18600
2009-07-28,28.1,28.1,27.7,27.77,37300
2009-07-29,27.75,27.81,27.75,27.8,30300
2009-07-30,27.87,27.95,27.69,27.78,50800
2009-07-31,27.76,27.87,27.68,27.87,44900
2009-08-03,27.8,27.8,27.717,27.72,34100
2009-08-04,27.41,27.8,27.41,27.8,25700
2009-08-05,27.75,27.75,27.66,27.74,16500
2009-08-06,27.85,27.85,27.7,27.73,21600
2009-08-07,27.83,27.85,27.66,27.76,20000
2009-08-10,27.77,27.9,27.67,27.77,34900
2009-08-11,27.8,27.8,27.5,27.56,42500
2009-08-12,27.67,27.95,27.59,27.7799,43900
2009-08-13,27.95,27.95,27.7,27.75,18200
2009-08-14,27.8,27.81,27.73,27.73,38600
2009-08-17,27.95,27.95,27.75,27.79,31200
2009-08-18,27.87,27.98,27.78,27.944,61000
2009-08-19,27.94,28.08,27.8,28.026,40500
2009-08-20,28.08,28.1,28.03,28.04,30000
2009-08-21,28.1,28.16,28.0532,28.16,35000
2009-08-24,28.14,28.22,28.14,28.22,29500
2009-08-25,28.2,28.55,28.16,28.29,31900
2009-08-26,28.26,28.34,28.2,28.32,18800
2009-08-27,28.36,28.7503,28.3515,28.54,27800
2009-08-28,28.56,28.83,28.51,28.68,37500
2009-08-31,28.68,28.98,28.5,28.73,36200
2009-09-01,28.63,28.64,28.54,28.6,50500
2009-09-02,28.6,29.28,28.591,28.7051,45100
2009-09-03,28.77,28.97,28.73,28.93,49200
2009-09-04,29.06,29.15,29.0,29.15,29200
2009-09-08,29.2,29.4,29.0201,29.1,92000
2009-09-09,29.17,29.25,29.14,29.25,23700
2009-09-10,29.32,29.7,29.32,29.45,30300
2009-09-11,29.47,29.63,29.4666,29.63,30000
2009-09-14,29.68,30.0,29.68,30.0,63800
2009-09-15,29.95,30.0,29.6,29.72,55600
2009-09-16,30.08,30.14,29.6,30.14,81200
2009-09-17,30.11,30.15,30.05,30.15,24400
2009-09-18,30.22,30.26,30.1009,30.26,32900
2009-09-21,30.32,30.81,30.3,30.75,73400
2009-09-22,30.83,30.83,30.49,30.58,43800
2009-09-23,30.71,30.8,30.53,30.8,36600
2009-09-24,30.81,31.15,30.6514,31.15,55300
2009-09-25,31.09,31.25,31.0865,31.13,60900
2009-09-28,31.13,31.21,31.1199,31.21,48500
2009-09-29,31.16,31.88,31.121,31.34,84600
2009-09-30,31.25,31.62,31.25,31.53,52400
2009-10-01,31.57,31.57,31.27,31.36,54800
2009-10-02,31.3,31.63,31.3,31.63,69800
2009-10-05,31.65,31.82,31.65,31.82,56500
2009-10-06,31.8,32.99,31.3,31.46,106600
2009-10-07,31.36,31.6899,31.0,31.07,57100
2009-10-08,31.08,31.08,30.78,31.02,53300
2009-10-09,30.89,30.89,30.2,30.6,91400
2009-10-12,31.09,31.17,30.8,30.81,30600
2009-10-13,30.87,31.0899,30.47,30.72,18100
2009-10-14,30.6,30.75,30.08,30.26,63100
2009-10-15,30.08,30.3,29.909,30.1,59600
2009-10-16,30.03,30.3,30.02,30.16,29200
2009-10-19,30.28,31.2,30.07,30.97,48600
2009-10-20,30.68,30.92,30.67,30.92,9300
2009-10-21,30.94,31.0,30.74,30.95,28700
2009-10-22,30.9683,30.97,30.6885,30.7601,15200
2009-10-23,30.96,30.96,30.8208,30.93,25700
2009-10-26,30.97,30.97,30.7521,30.89,16600
2009-10-27,30.65,30.94,30.65,30.8,26700
2009-10-28,30.75,30.93,30.71,30.849,16400
2009-10-29,30.65,30.9,30.65,30.82,51300
2009-10-30,30.8,30.83,30.75,30.76,38200
2009-11-02,30.6,30.6,30.3249,30.5,35000
2009-11-03,30.22,30.55,30.1611,30.535,29800
2009-11-04,30.59,30.59,30.3,30.45,25000
2009-11-05,30.59,30.6,30.3,30.3,27300
2009-11-06,30.41,30.58,29.74,30.54,36600
2009-11-09,30.6,31.17,30.01,30.6,31800
2009-11-10,30.62,30.65,30.45,30.596,54800
2009-11-11,30.58,30.58,30.04,30.56,79000
2009-11-12,30.56,30.58,30.478,30.56,33500
2009-11-13,30.49,30.49,30.1,30.2495,14700
2009-11-16,30.25,30.411,30.0,30.04,41700
2009-11-17,30.08,30.4,30.08,30.32,22600
2009-11-18,30.35,30.4,30.262,30.36,46600
2009-11-19,30.2,30.34,30.0,30.34,48600
2009-11-20,30.35,30.39,30.05,30.34,31500
2009-11-23,30.37,30.37,30.25,30.26,38800
2009-11-24,30.36,30.36,30.25,30.35,23600
2009-11-25,30.38,30.44,30.13,30.37,42400
2009-11-27,30.17,30.385,30.17,30.2501,12500
2009-11-30,30.31,30.31,30.29,30.31,13400
2009-12-01,30.19,30.3,30.17,30.26,30800
2009-12-02,30.22,30.34,30.206,30.3,56900
2009-12-03,30.26,30.31,30.25,30.25,32200
2009-12-04,30.28,30.36,30.28,30.355,21200
2009-12-07,30.34,30.34,30.25,30.29,56700
2009-12-08,30.3,30.4,29.9,30.02,53100
2009-12-09,30.13,30.4,30.13,30.39,15000
2009-12-10,30.45,30.45,30.4,30.415,16200
2009-12-11,30.45,30.45,30.4,30.43,20400
2009-12-14,30.43,30.43,30.35,30.404,14500
2009-12-15,30.435,30.44,30.33,30.42,19800
2009-12-16,30.43,30.43,30.35,30.35,23900
2009-12-17,30.46,30.46,30.3711,30.45,13900
2009-12-18,30.45,30.46,30.34,30.445,18600
2009-12-21,30.45,30.53,30.45,30.53,19900
2009-12-22,30.505,30.54,30.45,30.45,27400
2009-12-23,30.49,30.4999,30.4,30.48,27400
2009-12-24,30.51,30.51,30.42,30.51,7600
2009-12-28,30.58,30.58,30.4,30.51,20000
2009-12-29,30.41,30.48,30.36,30.37,121700
2009-12-30,30.31,30.399,30.31,30.36,28400
2009-12-31,30.39,30.39,30.3335,30.34,32000
2010-01-04,30.36,30.37,30.33,30.35,58200
2010-01-05,30.43,30.45,30.34,30.45,35600
2010-01-06,30.48,30.52,30.41,30.47,39100
2010-01-07,30.48,30.49,30.44,30.48,68500
2010-01-08,30.53,30.55,30.51,30.54,56900
2010-01-11,30.53,30.55,30.52,30.54,42200
2010-01-12,30.49,30.58,30.35,30.54,25800
2010-01-13,30.63,30.655,30.561,30.655,27100
2010-01-14,30.67,30.67,30.6005,30.66,25000
2010-01-15,30.58,30.66,30.58,30.66,28300
2010-01-19,30.7,30.71,30.6401,30.7,34800
2010-01-20,30.74,30.74,30.66,30.72,48400
2010-01-21,30.81,30.81,30.48,30.54,33400
2010-01-22,30.76,30.85,30.76,30.84,23800
2010-01-25,30.86,30.86,30.8,30.81,35800
2010-01-26,30.56,30.77,30.56,30.76,32100
2010-01-27,30.76,30.8293,30.76,30.795,26900
2010-01-28,30.85,30.85,30.75,30.78,22100
2010-01-29,30.82,30.82,30.75,30.82,43100
2010-02-01,30.68,30.68,30.54,30.59,42200
2010-02-02,30.64,30.71,30.61,30.695,40900
2010-02-03,30.75,30.75,30.7008,30.74,28400
2010-02-04,30.76,30.77,30.517,30.66,58400
2010-02-05,30.87,31.19,30.79,31.03,58500
2010-02-08,30.88,31.56,30.67,30.7,67200
2010-02-09,30.74,30.87,30.5,30.61,115200
2010-02-10,30.99,30.99,30.69,30.97,37400
2010-02-11,30.86,30.86,30.7101,30.7801,13200
2010-02-12,30.8,30.8,30.67,30.795,15400
2010-02-16,30.8,30.82,30.68,30.79,52100
2010-02-17,30.83,30.83,30.748,30.81,21800
2010-02-18,30.0,30.8,30.0,30.75,74600
2010-02-19,30.76,30.81,30.73,30.76,81200
2010-02-22,30.7576,30.79,30.75,30.76,60000
2010-02-23,30.7,30.77,30.7,30.76,24900
2010-02-24,30.82,30.89,30.7501,30.835,117100
2010-02-25,30.79,30.87,30.76,30.845,27500
2010-02-26,30.95,30.95,30.84,30.95,67500
2010-03-01,30.85,30.86,30.77,30.855,61400
2010-03-02,30.87,30.87,30.8252,30.86,33600
2010-03-03,30.79,30.87,30.79,30.846,41100
2010-03-04,30.79,30.89,30.79,30.87,23900
2010-03-05,30.77,30.88,30.77,30.86,44200
2010-03-08,30.87,30.89,30.8625,30.8799,50500
2010-03-09,30.8994,30.8994,30.8001,30.84,52100
2010-03-10,30.88,30.92,30.8,30.89,61000
2010-03-11,30.9,30.9,30.82,30.8201,28100
2010-03-12,30.9,30.93,30.81,30.91,29800
2010-03-15,30.98,30.98,30.913,30.93,47600
2010-03-16,30.9,30.97,30.9,30.94,47900
2010-03-17,30.94,30.94,30.91,30.93,22400
2010-03-18,30.94,30.94,30.88,30.88,38800
2010-03-19,30.87,30.95,30.87,30.87,42900
2010-03-22,30.94,30.94,30.88,30.92,30600
2010-03-23,30.92,30.98,30.89,30.9199,62900
2010-03-24,30.86,30.89,30.833,30.86,57200
2010-03-25,30.83,30.83,30.73,30.77,110700
2010-03-26,30.78,30.78,30.7228,30.74,33800
2010-03-29,30.85,30.85,30.7,30.78,44800
2010-03-30,30.78,30.78,30.75,30.77,28500
2010-03-31,30.76,30.77,30.63,30.74,50700
2010-04-01,30.68,30.68,30.62,30.65,43200
2010-04-05,30.66,30.66,30.5,30.5572,40800
2010-04-06,30.53,30.6,30.5,30.56,48200
2010-04-07,30.5,30.55,30.44,30.45,54300
2010-04-08,30.51,30.51,30.415,30.47,20400
2010-04-09,30.447,30.5193,30.44,30.49,40100
2010-04-12,30.45,30.55,30.39,30.5,86400
2010-04-13,30.39,30.42,30.316,30.38,40300
2010-04-14,30.43,30.43,30.211,30.211,48500
2010-04-15,30.28,30.38,30.23,30.35,47900
2010-04-16,30.45,30.51,30.3402,30.49,39000
2010-04-19,30.54,30.57,30.51,30.53,28800
2010-04-20,30.55,30.6325,30.49,30.61,28100
2010-04-21,30.65,30.65,30.56,30.6,19500
2010-04-22,30.66,30.68,30.6,30.64,30100
2010-04-23,30.7,30.71,30.608,30.69,46300
2010-04-26,30.62,30.71,30.62,30.68,54200
2010-04-27,30.71,30.72,30.632,30.7,43700
2010-04-28,30.79,30.79,30.696,30.76,44200
2010-04-29,30.79,30.79,30.67,30.79,34200
2010-04-30,30.71,30.81,30.71,30.76,46000
2010-05-03,30.67,30.67,30.56,30.67,26900
2010-05-04,30.6758,30.68,30.59,30.65,33900
2010-05-05,30.71,30.71,30.6,30.67,33900
2010-05-06,30.72,30.73,30.45,30.5,78300
2010-05-07,30.56,30.77,30.33,30.4,72700
2010-05-10,30.67,30.67,30.5,30.61,91100
2010-05-11,30.54,30.72,30.54,30.7,56100
2010-05-12,30.76,30.84,30.69,30.805,115100
2010-05-13,30.78,30.83,30.6,30.6,43100
2010-05-14,30.78,30.78,30.62,30.723,46000
2010-05-17,30.67,30.85,30.67,30.8,40500
2010-05-18,30.815,30.82,30.75,30.81,32500
2010-05-19,30.87,30.87,30.72,30.8,24800
2010-05-20,30.92,30.92,30.63,30.794,37000
2010-05-21,30.7,30.84,30.63,30.63,86000
2010-05-24,30.89,30.89,30.63,30.66,33600
2010-05-25,30.66,30.85,30.61,30.84,74700
2010-05-26,30.758,30.89,30.758,30.79,39100
2010-05-27,30.8699,30.87,30.69,30.768,41000
2010-05-28,30.7,30.92,30.7,30.891,30800
2010-06-01,30.81,30.81,30.5,30.75,87600
2010-06-02,30.58,30.74,30.5201,30.7,48400
2010-06-03,30.6575,30.76,30.62,30.76,24300
2010-06-04,30.74,30.759900000000002,30.6,30.66,18100
2010-06-07,30.73,30.73,30.641,30.698,27700
2010-06-08,30.7,30.8,30.632,30.8,79600
2010-06-09,30.63,30.76,30.58,30.76,51000
2010-06-10,30.8,30.8,30.62,30.705,42800
2010-06-11,30.72,30.7399,30.65,30.73,23500
2010-06-14,30.73,30.75,30.58,30.7,38800
2010-06-15,30.6,30.75,30.6,30.725,27400
2010-06-16,30.72,30.74,30.68,30.74,34900
2010-06-17,30.72,30.72,30.6506,30.67,23600
2010-06-18,30.73,30.89,30.68,30.7,61200
2010-06-21,30.73,30.94,30.68,30.77,90500
2010-06-22,30.715,30.74,30.7,30.71,38100
2010-06-23,30.83,30.99,30.68,30.73,78200
2010-06-24,30.62,30.72,30.62,30.714,8300
2010-06-25,30.71,31.0,30.68,30.885,34900
2010-06-28,30.82,30.93,30.72,30.92,90500
2010-06-29,30.9,30.9,30.7,30.9,38300
2010-06-30,30.84,30.95,30.7512,30.91,46900
2010-07-01,30.86,30.86,30.69,30.81,36800
2010-07-02,30.72,30.83,30.7,30.82,31700
2010-07-06,30.87,30.87,30.74,30.82,50500
2010-07-07,30.73,30.82,30.73,30.81,35700
2010-07-08,30.78,30.78,30.74,30.76,37100
2010-07-09,30.77,30.77,30.71,30.71,24200
2010-07-12,30.68,30.78,30.65,30.755,50200
2010-07-13,30.77,30.87,30.701,30.765,50500
2010-07-14,30.72,30.72,30.61,30.715,44700
2010-07-15,30.77,30.79,30.72,30.76,34800
2010-07-16,30.8,30.8,30.7501,30.8,36500
2010-07-19,30.88,30.88,30.721,30.8,37800
2010-07-20,30.81,30.81,30.76,30.81,42000
2010-07-21,30.84,30.84,30.8,30.83,40000
2010-07-22,30.91,30.91,30.8504,30.91,63400
2010-07-23,30.92,30.93,30.85,30.93,41900
2010-07-26,30.94,30.95,30.91,30.94,43100
2010-07-27,30.98,30.98,30.9,30.95,51800
2010-07-28,30.98,30.98,30.96,30.97,77300
2010-07-29,31.0,31.02,30.956,31.02,37700
2010-07-30,30.98,30.98,30.86,30.95,67900
2010-08-02,30.81,30.86,30.77,30.84,75200
2010-08-03,30.82,30.83,30.796,30.83,64500
2010-08-04,30.85,30.85,30.76,30.84,63800
2010-08-05,30.86,30.86,30.8001,30.8599,67600
2010-08-06,30.93,30.96,30.8201,30.86,63400
2010-08-09,30.85,30.96,30.8,30.944,68100
2010-08-10,30.98,30.9902,30.85,30.9902,65000
2010-08-11,30.97,30.97,30.82,30.83,77000
2010-08-12,30.8,30.86,30.8,30.85,46000
2010-08-13,30.85,30.85,30.7,30.8,44000
2010-08-16,30.79,30.84,30.75,30.83,49900
2010-08-17,30.81,30.84,30.76,30.84,44400
2010-08-18,30.87,30.9,30.83,30.9,47100
2010-08-19,30.8,30.9,30.75,30.9,65600
2010-08-20,30.851,30.9,30.851,30.9,27200
2010-08-23,30.9,30.96,30.85,30.94,26300
2010-08-24,30.98,31.0,30.92,31.0,23500
2010-08-25,31.0,31.16,30.981,31.15,36400
2010-08-26,31.08,31.13,31.0,31.11,82300
2010-08-27,31.09,31.09,31.03,31.07,52900
2010-08-30,31.13,31.13,31.0775,31.1,80400
2010-08-31,31.11,31.14,31.0101,31.12,33900
2010-09-01,30.99,31.0064,30.86,30.95,56300
2010-09-02,30.91,30.9699,30.89,30.93,42700
2010-09-03,30.93,30.93,30.8015,30.9,42000
2010-09-07,31.04,31.04,30.7845,30.84,57900
2010-09-08,30.95,30.95,30.864,30.93,28600
2010-09-09,30.86,30.92,30.86,30.89,30800
2010-09-10,30.85,30.87,30.81,30.82,23200
2010-09-13,30.91,30.919,30.83,30.889,37900
2010-09-14,30.89,30.9,30.75,30.75,158700
2010-09-15,30.82,30.92,30.77,30.77,124600
2010-09-16,30.9,30.9,30.77,30.88,31800
2010-09-17,30.9,30.9,30.86,30.89,35500
2010-09-20,30.82,30.92,30.76,30.76,104100
2010-09-21,30.84,30.89,30.78,30.81,33400
2010-09-22,30.9,31.009,30.88,30.98,92800
2010-09-23,31.05,31.06,30.921,30.98,55000
2010-09-24,31.03,31.03,30.94,31.01,52400
2010-09-27,30.99,31.06,30.958,31.06,49400
2010-09-28,31.09,31.16,31.0296,31.16,37300
2010-09-29,31.14,31.15,31.03,31.12,37700
2010-09-30,31.15,31.16,31.1,31.1455,43900
2010-10-01,31.03,31.03,30.8,30.8,44400
2010-10-04,30.94,30.98,30.84,30.87,39300
2010-10-05,30.93,30.93,30.84,30.87,57200
2010-10-06,30.9,30.98,30.9,30.96,63100
2010-10-07,31.03,31.03,30.97,31.03,76300
2010-10-08,31.03,31.12,31.0008,31.105,33300
2010-10-11,31.11,31.11,31.015,31.08,27400
2010-10-12,31.11,31.13,31.08,31.12,76900
2010-10-13,31.13,31.14,31.04,31.11,52500
2010-10-14,31.14,31.14,31.06,31.1,51600
2010-10-15,31.13,31.13,31.03,31.03,54500
2010-10-18,31.13,31.13,31.01,31.11,41400
2010-10-19,31.11,31.11,31.01,31.1,38700
2010-10-20,31.11,31.12,31.08,31.1,58200
2010-10-21,31.08,31.15,31.08,31.14,27600
2010-10-22,31.09,31.22,31.09,31.22,36700
2010-10-25,31.25,31.25,31.16,31.24,48100
2010-10-26,31.2,31.24,31.056,31.06,50000
2010-10-27,31.1,31.15,31.05,31.12,33200
2010-10-28,31.15,31.15,31.0,31.04,52300
2010-10-29,31.18,31.18,31.07,31.14,30100
2010-11-01,31.08,31.08,30.95,31.03,42100
2010-11-02,30.95,31.04,30.94,31.02,38500
2010-11-03,31.02,31.04,30.99,31.02,32700
2010-11-04,30.99,31.06,30.98,31.06,88300
2010-11-05,31.01,31.08,30.97,31.0,54800
2010-11-08,31.06,31.06,31.0,31.02,41400
2010-11-09,31.1,31.1,30.86,30.918,58900
2010-11-10,30.86,30.86,30.52,30.55,122500
2010-11-11,30.58,30.7,29.01,29.34,468400
2010-11-12,29.23,29.9,29.23,29.9,161000
2010-11-15,29.65,29.9893,29.33,29.39,177600
2010-11-16,29.39,29.39,28.23,28.9,299000
2010-11-17,28.83,29.21,28.83,29.1,89000
2010-11-18,29.15,29.31,28.65,29.29,163500
2010-11-19,29.5,29.63,29.45,29.49,65200
2010-11-22,29.6,29.6799,29.5201,29.65,44400
2010-11-23,29.67,29.72,29.51,29.67,81900
2010-11-24,29.68,29.7,29.62,29.63,36100
2010-11-26,29.6,29.75,29.6,29.7,11900
2010-11-29,29.75,29.81,29.57,29.675,203000
2010-11-30,29.62,29.77,29.6,29.73,97600
2010-12-01,29.63,29.63,29.39,29.45,73700
2010-12-02,29.5,29.57,29.5,29.55,31800
2010-12-03,29.66,29.66,29.4204,29.55,49000
2010-12-06,29.55,29.55,29.43,29.48,75200
2010-12-07,29.55,29.55,28.65,28.85,206800
2010-12-08,28.59,28.788,28.5,28.55,138700
2010-12-09,28.6,28.64,28.51,28.52,94100
2010-12-10,28.64,28.64,28.41,28.5,143500
2010-12-13,28.44,28.57,28.34,28.44,106600
2010-12-14,28.37,28.43,28.09,28.13,162400
2010-12-15,28.14,28.32,28.11,28.2,174100
2010-12-16,28.18,28.81,28.0,28.81,185400
2010-12-17,28.92,29.199,28.879,29.139,90400
2010-12-20,29.34,29.34,28.63,28.69,141400
2010-12-21,28.75,28.78,28.37,28.76,107400
2010-12-22,28.83,29.03,28.76,28.87,191500
2010-12-23,28.96,29.0,28.8,28.97,101800
2010-12-27,28.97,28.97,28.61,28.91,285900
2010-12-28,28.68,28.96,28.66,28.71,154100
2010-12-29,28.54,28.6,28.37,28.465,104400
2010-12-30,28.41,28.56,28.38,28.55,64800
2010-12-31,28.5,28.58,28.5,28.51,73900
2011-01-03,28.56,28.629,28.511,28.59,59800
2011-01-04,28.57,28.687,28.57,28.63,46000
2011-01-05,28.64,28.64,28.58,28.6,67900
2011-01-06,28.58,28.63,28.53,28.6,44900
2011-01-07,28.51,28.55,28.45,28.52,88000
2011-01-10,28.5,28.6,28.5,28.54,42300
2011-01-11,28.51,28.54,28.4,28.48,44100
2011-01-12,28.37,28.52,28.33,28.35,82500
2011-01-13,28.28,28.3372,27.8,27.96,186200
2011-01-14,27.82,27.82,26.94,27.31,381400
2011-01-18,27.06,27.339,27.042,27.15,185300
2011-01-19,27.2,27.575,27.15,27.52,96000
2011-01-20,27.27,27.51,27.24,27.51,89300
2011-01-21,27.44,27.7,27.41,27.69,69400
2011-01-24,27.73,27.748,27.618,27.73,84700
2011-01-25,27.73,27.85,27.7,27.79,98000
2011-01-26,27.85,28.12,27.8,28.009,402000
2011-01-27,28.1,28.189,27.56,27.9401,141100
2011-01-28,27.59,28.25,27.59,28.19,87200
2011-01-31,28.2,28.2292,28.072,28.13,54700
2011-02-01,28.0,28.08,27.76,28.02,26100
2011-02-02,28.08,28.14,28.03,28.12,45900
2011-02-03,28.13,28.31,28.07,28.27,111400
2011-02-04,28.37,28.3998,28.241,28.28,75600
2011-02-07,28.31,28.4,28.276,28.4,157500
2011-02-08,28.35,28.399,28.13,28.38,69800
2011-02-09,28.35,28.35,28.255,28.27,39500
2011-02-10,28.23,28.32,28.21,28.24,40500
2011-02-11,28.21,28.38,28.162,28.265,36600
2011-02-14,28.3,28.3,28.16,28.17,46000
2011-02-15,28.16,28.36,28.16,28.278,32700
2011-02-16,28.32,28.3898,28.27,28.33,35100
2011-02-17,28.35,28.41,28.3001,28.41,55400
2011-02-18,28.35,28.36,28.29,28.32,81600
2011-02-22,28.36,28.41,28.3,28.3546,36900
2011-02-23,28.35,28.474,28.29,28.45,31200
2011-02-24,28.36,28.67,28.36,28.67,128600
2011-02-25,28.63,28.73,28.55,28.7,58700
2011-02-28,28.7,28.82,28.65,28.79,99600
2011-03-01,28.61,28.61,28.27,28.31,177500
2011-03-02,28.34,28.34,28.1,28.19,116700
2011-03-03,28.39,28.39,28.031,28.19,74000
2011-03-04,28.26,28.26,28.0,28.05,116500
2011-03-07,27.99,28.01,27.8,27.8,76700
2011-03-08,27.85,27.9399,27.79,27.91,99300
2011-03-09,28.04,28.04,27.81,27.9499,49900
2011-03-10,28.0,28.0,27.86,27.99,32400
2011-03-11,28.01,28.01,27.85,27.92,67500
2011-03-14,27.92,27.99,27.911,27.94,25100
2011-03-15,27.8,27.94,27.8,27.9399,35600
2011-03-16,27.9962,28.09,27.9962,28.076,25400
2011-03-17,28.35,28.35,28.03,28.19,43400
2011-03-18,28.24,28.24,28.07,28.22,28400
2011-03-21,28.32,28.41,28.16,28.24,33500
2011-03-22,28.27,28.35,28.24,28.32,74000
2011-03-23,28.37,28.38,28.26,28.3001,52500
2011-03-24,28.35,28.35,28.3,28.3,37200
2011-03-25,28.31,28.31,28.25,28.28,32100
2011-03-28,28.3,28.58,28.3,28.5,231300
2011-03-29,28.6,28.6,28.49,28.49,147900
2011-03-30,28.58,28.58,28.44,28.47,138700
2011-03-31,28.54,28.54,28.366,28.41,71400
2011-04-01,28.34,28.34,28.21,28.28,132000
2011-04-04,28.36,28.36,28.22,28.32,70500
2011-04-05,28.32,28.35,28.2,28.2001,48400
2011-04-06,28.27,28.45,28.06,28.26,117600
2011-04-07,28.12,28.27,28.1,28.23,111800
2011-04-08,28.16,28.23,28.08,28.147,43200
2011-04-11,28.07,28.21,28.05,28.18,46300
2011-04-12,28.19,28.2381,28.115,28.19,37200
2011-04-13,28.19,28.21,28.14,28.16,34900
2011-04-14,28.17,28.23,28.11,28.17,49600
2011-04-15,28.14,28.31,28.14,28.31,63900
2011-04-18,28.26,28.32,28.16,28.32,41600
2011-04-19,28.38,28.38,28.15,28.35,62000
2011-04-20,28.32,28.41,28.3,28.41,83800
2011-04-21,28.42,28.45,28.387,28.43,37800
2011-04-25,28.45,28.52,28.39,28.46,102700
2011-04-26,28.46,28.54,28.425,28.51,87300
2011-04-27,28.51,28.53,28.4647,28.52,38300
2011-04-28,28.59,28.59,28.511,28.54,74600
2011-04-29,28.59,28.6,28.39,28.56,72000
2011-05-02,28.56,28.56,28.35,28.39,119000
2011-05-03,28.39,28.45,28.26,28.45,59000
2011-05-04,28.37,28.55,28.37,28.55,38000
2011-05-05,28.55,28.55,28.5,28.55,60100
2011-05-06,28.55,28.55,28.4,28.485,58300
2011-05-09,28.54,28.65,28.37,28.58,104000
2011-05-10,28.64,28.64,28.55,28.55,79700
2011-05-11,28.65,28.71,28.55,28.69,38400
2011-05-12,28.66,28.74,28.55,28.7,43000
2011-05-13,28.75,28.8,28.7,28.79,82000
2011-05-16,28.79,28.85,28.7501,28.8299,42800
2011-05-17,28.77,28.95,28.76,28.95,137300
2011-05-18,29.0,29.04,28.9501,29.0,69400
2011-05-19,28.98,29.0,28.8716,28.89,150500
2011-05-20,28.9,28.93,28.79,28.91,38500
2011-05-23,28.965,28.97,28.9,28.93,22400
2011-05-24,28.9,28.97,28.89,28.93,32000
2011-05-25,28.99,29.0,28.91,28.96,60900
2011-05-26,29.05,29.05,28.901,29.0,80600
2011-05-27,29.0,29.03,28.94,29.01,71300
2011-05-31,28.87,29.0275,28.86,28.98,79900
2011-06-01,28.97,28.99,28.81,28.884,82900
2011-06-02,28.95,28.97,28.82,28.93,66200
2011-06-03,28.97,29.0,28.85,28.96,28800
2011-06-06,29.04,29.05,28.95,28.99,29700
2011-06-07,29.03,29.03,28.8601,28.95,68600
2011-06-08,29.05,29.08,28.92,29.026,92500
2011-06-09,29.0,29.15,29.0,29.06,76500
2011-06-10,29.01,29.179,29.01,29.16,102100
2011-06-13,29.07,29.17,29.05,29.05,111000
2011-06-14,29.15,29.16,29.051,29.14,103600
2011-06-15,29.17,29.25,29.16,29.186,54500
2011-06-16,29.24,29.29,29.19,29.27,105700
2011-06-17,29.18,29.27,29.17,29.27,111600
2011-06-20,29.27,29.3,29.21,29.24,101100
2011-06-21,29.29,29.31,29.21,29.27,115500
2011-06-22,29.31,29.31,29.2305,29.25,43800
2011-06-23,29.26,29.4,29.2,29.34,126100
2011-06-24,29.35,29.399,29.31,29.37,164300
2011-06-27,29.4,29.4,29.34,29.38,131900
2011-06-28,29.34,29.3581,29.27,29.34,67900
2011-06-29,29.37,29.37,29.16,29.2199,162700
2011-06-30,29.24,29.25,29.13,29.1895,50400
2011-07-01,29.14,29.14,28.88,29.04,131800
2011-07-05,29.04,29.2155,29.03,29.21,63200
2011-07-06,29.23,29.24,29.08,29.11,118100
2011-07-07,29.12,29.19,28.95,29.14,67800
2011-07-08,29.18,29.22,29.1596,29.18,88600
2011-07-11,29.2,29.25,29.1,29.179,60000
2011-07-12,29.21,29.32,29.2,29.32,60400
2011-07-13,29.35,29.35,29.26,29.35,141800
2011-07-14,29.3,29.335,29.26,29.26,96500
2011-07-15,29.31,29.317,29.26,29.28,37900
2011-07-18,29.28,29.33,29.25,29.28,43600
2011-07-19,29.39,29.39,29.27,29.33,62700
2011-07-20,29.36,29.38,29.26,29.37,114300
2011-07-21,29.45,29.45,29.31,29.406,137600
2011-07-22,29.29,29.56,29.29,29.54,75800
2011-07-25,29.48,29.52,29.36,29.46,91100
2011-07-26,29.48,29.53,29.35,29.35,92200
2011-07-27,29.37,29.4,29.3,29.35,34700
2011-07-28,29.36,29.42,29.14,29.14,90800
2011-07-29,29.11,29.15,28.72,29.05,255800
2011-08-01,29.17,29.27,28.89,29.15,46900
2011-08-02,29.15,29.49,29.127,29.48,128300
2011-08-03,29.51,29.65,29.3908,29.64,99800
2011-08-04,29.66,29.85,29.55,29.56,118100
2011-08-05,29.48,29.574,29.19,29.26,152900
2011-08-08,28.41,28.59,27.28,27.55,592000
2011-08-09,27.8,28.38,27.76,28.23,166500
2011-08-10,28.2,28.83,28.2,28.7,126600
2011-08-11,28.64,28.9,28.37,28.7,58200
2011-08-12,28.58,28.95,28.55,28.77,63500
2011-08-15,28.94,29.34,28.85,29.21,85600
2011-08-16,29.14,29.24,28.96,28.99,35600
2011-08-17,29.13,29.296,28.81,29.27,31700
2011-08-18,29.2,29.4361,28.87,29.33,82200
2011-08-19,29.4,29.44,29.16,29.2508,52500
2011-08-22,29.38,29.5,29.34,29.48,51300
2011-08-23,29.41,29.49,29.3,29.4,45700
2011-08-24,29.27,29.47,29.26,29.26,43000
2011-08-25,29.4,29.44,29.35,29.44,85200
2011-08-26,29.31,29.45,29.171,29.43,52900
2011-08-29,29.4,29.44,29.37,29.42,45400
2011-08-30,29.45,29.49,29.4,29.47,79000
2011-08-31,29.49,29.49,29.36,29.47,62800
2011-09-01,29.37,29.37,29.11,29.36,128300
2011-09-02,29.16,29.408,29.16,29.33,33700
2011-09-06,29.2,29.49,29.2,29.48,119000
2011-09-07,29.41,29.49,29.4033,29.49,34700
2011-09-08,29.39,29.48,29.39,29.48,31900
2011-09-09,29.41,29.49,29.41,29.49,90800
2011-09-12,29.482,29.49,29.39,29.47,27700
2011-09-13,29.47,29.5,29.4225,29.49,47000
2011-09-14,29.48,29.5,29.47,29.47,31000
2011-09-15,29.46,29.48,29.436,29.479,41200
2011-09-16,29.44,29.5,29.44,29.5,27800
2011-09-19,29.48,29.69,29.48,29.69,85900
2011-09-20,29.58,29.69,29.54,29.68,90500
2011-09-21,29.62,31.22,29.62,29.776,109100
2011-09-22,29.94,30.25,29.92,30.19,119700
2011-09-23,30.12,30.13,29.74,29.85,36400
2011-09-26,30.04,30.12,29.71,29.92,82200
2011-09-27,29.85,30.04,29.85,29.95,33200
2011-09-28,29.9,30.06,29.861,30.01,61900
2011-09-29,30.02,30.049,29.951,30.02,76100
2011-09-30,30.01,30.12,30.0,30.12,56400
2011-10-03,29.895,29.95,29.78,29.9,57300
2011-10-04,29.82,29.9168,29.76,29.7756,74900
2011-10-05,29.77,29.77,29.51,29.68,57800
2011-10-06,29.6999,29.6999,29.301,29.45,113000
2011-10-07,29.49,29.55,28.85,29.45,83700
2011-10-10,29.53,29.61,29.24,29.6,58400
2011-10-11,29.69,29.69,29.43,29.56,69800
2011-10-12,29.55,29.55,29.31,29.34,46900
2011-10-13,29.31,29.4,29.26,29.36,37100
2011-10-14,29.45,29.55,29.387,29.53,30100
2011-10-17,29.63,29.65,29.53,29.63,26200
2011-10-18,29.68,29.7,29.5805,29.62,43600
2011-10-19,29.63,29.69,29.63,29.69,26300
2011-10-20,29.71,29.79,29.64,29.69,105700
2011-10-21,29.69,29.72,29.625,29.71,83000
2011-10-24,29.77,29.77,29.68,29.72,40700
2011-10-25,29.7,29.72,29.64,29.65,129300
2011-10-26,29.76,29.77,29.61,29.74,62300
2011-10-27,29.78,29.99,29.74,29.94,89800
2011-10-28,29.89,29.899,29.71,29.73,82700
2011-10-31,29.85,29.85,29.7,29.83,126900
2011-11-01,29.81,29.81,29.61,29.72,37900
2011-11-02,29.54,29.65,29.53,29.64,70300
2011-11-03,29.7,29.7099,29.54,29.61,45100
2011-11-04,29.8,29.8,29.6208,29.69,35500
2011-11-07,29.68,29.68,29.6117,29.65,102800
2011-11-08,29.69,29.69,29.61,29.63,49600
2011-11-09,29.71,29.71,29.6101,29.67,28900
2011-11-10,29.72,29.73,29.6498,29.68,52700
2011-11-11,29.7,29.75,29.6717,29.75,36900
2011-11-14,29.74,29.74,29.66,29.71,34200
2011-11-15,29.73,29.73,29.63,29.67,34800
2011-11-16,29.68,29.68,29.61,29.63,60200
2011-11-17,29.65,29.68,29.56,29.58,67100
2011-11-18,29.56,29.57,29.49,29.5257,61400
2011-11-21,29.54,29.55,29.425,29.55,62300
2011-11-22,29.59,29.71,29.46,29.5,71600
2011-11-23,29.58,29.64,29.5,29.59,128400
2011-11-25,29.65,29.65,29.52,29.6,30800
2011-11-28,29.62,29.69,29.55,29.69,115800
2011-11-29,29.77,29.77,29.57,29.61,61000
2011-11-30,29.54,29.54,29.45,29.54,167200
2011-12-01,29.43,29.45,29.36,29.36,49600
2011-12-02,29.31,29.48,29.31,29.44,54500
2011-12-05,29.41,29.46,29.35,29.41,71100
2011-12-06,29.5,29.586,29.45,29.57,85200
2011-12-07,29.57,29.69,29.57,29.68,68800
2011-12-08,29.56,29.66,29.56,29.65,136800
2011-12-09,29.77,29.77,29.6156,29.67,109000
2011-12-12,29.66,29.67,29.61,29.65,110700
2011-12-13,29.7,29.74,29.67,29.69,621000
2011-12-14,29.76,29.76,29.69,29.71,211600
2011-12-15,29.75,29.78,29.7064,29.75,206700
2011-12-16,29.77,29.77,29.7,29.76,267300
2011-12-19,29.79,29.79,29.7,29.75,141800
2011-12-20,29.8,29.81,29.71,29.76,218000
2011-12-21,29.77,29.8,29.75,29.78,226600
2011-12-22,29.78,29.81,29.752,29.81,182900
2011-12-23,29.91,29.91,29.7648,29.84,162200
2011-12-27,29.86,29.87,29.81,29.84,146500
2011-12-28,29.8,29.87,29.68,29.87,125400
2011-12-29,29.85,29.85,29.78,29.84,152900
2011-12-30,29.79,29.85,29.77,29.8,136400
2012-01-03,29.79,29.86,29.68,29.86,243800
2012-01-04,29.8,29.85,29.8,29.84,248300
2012-01-05,29.84,29.94,29.84,29.89,349900
2012-01-06,29.95,30.0,29.9,29.99,340700
2012-01-09,30.04,30.13,30.0,30.12,210700
2012-01-10,30.15,30.19,30.12,30.19,175900
2012-01-11,30.27,30.38,30.2,30.32,259000
2012-01-12,30.35,30.43,30.32,30.4,221700
2012-01-13,30.44,30.57,30.4,30.56,168000
2012-01-17,30.57,30.67,30.56,30.66,215000
2012-01-18,30.66,30.85,30.59,30.65,395500
2012-01-19,30.74,30.76,30.57,30.59,205700
2012-01-20,30.7,30.7,30.55,30.63,367800
2012-01-23,30.67,30.67,30.58,30.6,183800
2012-01-24,30.56,30.64,30.54,30.56,193700
2012-01-25,30.59,30.76,30.57,30.71,342500
2012-01-26,30.71,30.75,30.69,30.75,256300
2012-01-27,30.73,31.13,30.7,30.9,292700
2012-01-30,30.96,30.99,30.78,30.98,337900
2012-01-31,30.98,30.98,30.93,30.94,166900
2012-02-01,30.9,30.96,30.83,30.88,230900
2012-02-02,30.9,30.9,30.66,30.81,310400
2012-02-03,30.78,30.82,30.74,30.79,222300
2012-02-06,30.76,30.79,30.6,30.75,192900
2012-02-07,30.75,30.76,30.72,30.75,128800
2012-02-08,30.76,30.78,30.74,30.75,195000
2012-02-09,30.77,30.79,30.72,30.79,213100
2012-02-10,30.79,30.95,30.771,30.87,273400
2012-02-13,30.88,30.96,30.85,30.9,181400
2012-02-14,30.91,30.95,30.891,30.93,102700
2012-02-15,30.92,30.95,30.86,30.92,195800
2012-02-16,30.93,31.0,30.9101,30.93,141300
2012-02-17,30.94,30.94,30.89,30.9,121600
2012-02-21,31.01,31.01,30.9,30.9,206000
2012-02-22,30.88,30.99,30.87,30.94,231300
2012-02-23,30.93,30.95,30.91,30.94,147000
2012-02-24,30.92,30.98,30.92,30.98,226400
2012-02-27,30.99,31.06,30.96,31.01,321000
2012-02-28,31.01,31.06,31.01,31.05,176300
2012-02-29,31.03,31.11,31.03,31.06,351500
2012-03-01,30.94,30.99,30.93,30.94,209400
2012-03-02,30.97,30.97,30.92,30.95,142800
2012-03-05,30.95,30.95,30.88,30.93,154800
2012-03-06,30.93,30.94,30.8799,30.88,117800
2012-03-07,30.9,30.95,30.9,30.93,146300
2012-03-08,30.94,30.98,30.9199,30.92,152300
2012-03-09,30.94,31.16,30.93,31.14,923000
2012-03-12,31.13,31.13,31.02,31.09,165400
2012-03-13,31.14,31.23,31.05,31.13,173100
2012-03-14,31.15,31.2,31.05,31.12,157600
2012-03-15,31.15,31.15,30.92,30.96,185300
2012-03-16,30.93,30.96,30.32,30.6,522100
2012-03-19,30.75,30.75,30.53,30.56,750300
2012-03-20,30.67,30.85,30.631,30.73,166100
2012-03-21,30.73,30.84,30.72,30.84,149400
2012-03-22,30.82,30.93,30.7701,30.89,195100
2012-03-23,30.92,30.99,30.87,30.98,151700
2012-03-26,30.98,31.145,30.92,31.08,257400
2012-03-27,31.11,31.29,31.07,31.29,215100
2012-03-28,31.16,31.29,31.12,31.27,208600
2012-03-29,31.29,31.3,31.16,31.27,162700
2012-03-30,31.29,31.41,31.27,31.34,256200
2012-04-02,31.2,31.36,31.182,31.35,391000
2012-04-03,31.26,31.37,31.15,31.22,445900
2012-04-04,31.24,31.31,31.06,31.24,606800
2012-04-05,31.29,31.36,31.13,31.23,243200
2012-04-09,31.28,31.45,31.2,31.21,294600
2012-04-10,31.29,31.35,31.2,31.26,316800
2012-04-11,31.42,31.45,31.16,31.44,863200
2012-04-12,31.39,31.44,31.21,31.38,251200
2012-04-13,31.33,31.38,31.22,31.3,193300
2012-04-16,31.28,31.43,31.26,31.36,288700
2012-04-17,31.36,31.45,31.31,31.41,336300
2012-04-18,31.43,31.43,31.322,31.39,241400
2012-04-19,31.37,31.47,31.34,31.45,251000
2012-04-20,31.46,31.59,31.45,31.54,283500
2012-04-23,31.51,31.59,31.51,31.56,271300
2012-04-24,31.56,31.59,31.5102,31.57,335200
2012-04-25,31.64,31.64,31.52,31.6,364500
2012-04-26,31.66,31.72,31.59,31.66,411200
2012-04-27,31.64,31.75,31.61,31.72,380300
2012-04-30,31.75,31.77,31.654,31.74,362000
2012-05-01,31.67,31.69,31.629,31.64,325300
2012-05-02,31.73,31.78,31.66,31.73,252000
2012-05-03,31.74,31.84,31.72,31.78,238000
2012-05-04,31.74,31.88,31.73,31.84,294300
2012-05-07,31.79,31.92,31.766,31.89,214000
2012-05-08,31.9,31.934,31.86,31.918,307900
2012-05-09,31.86,31.98,31.85,31.95,336400
2012-05-10,31.95,31.98,31.89,31.955,298700
2012-05-11,31.95,31.99,31.9,31.96,215000
2012-05-14,31.99,32.04,31.92,32.04,328200
2012-05-15,31.95,32.01,31.94,31.96,216000
2012-05-16,31.96,31.96,31.82,31.82,259300
2012-05-17,31.89,31.95,31.8399,31.931,259500
2012-05-18,31.87,31.98,31.8299,31.91,293000
2012-05-21,31.94,31.9501,31.82,31.8599,171200
2012-05-22,31.92,32.0,31.85,31.97,297600
2012-05-23,32.03,32.0301,31.93,31.94,289000
2012-05-24,32.01,32.03,31.9399,31.96,181600
2012-05-25,32.0,32.04,31.9499,32.02,238100
2012-05-29,31.97,32.05,31.96,32.03,285200
2012-05-30,32.07,32.08,32.0199,32.07,177700
2012-05-31,32.04,32.16,32.01,32.12,335200
2012-06-01,32.08,32.13,31.981,32.02,329800
2012-06-04,32.1,32.1,32.01,32.1,237300
2012-06-05,32.1,32.1451,31.97,32.065,455500
2012-06-06,32.09,32.1,32.01,32.015,208000
2012-06-07,32.08,32.11,32.031,32.08,91800
2012-06-08,32.12,32.15,32.086,32.149,222700
2012-06-11,32.1,32.1,32.0348,32.08,321200
2012-06-12,32.1,32.1,32.01,32.01,150800
2012-06-13,32.04,32.04,31.9,32.04,194900
2012-06-14,32.02,32.09,31.96,32.07,148300
2012-06-15,32.07,32.12,32.03,32.11,136700
2012-06-18,32.06,32.12,32.021,32.09,182500
2012-06-19,32.13,32.13,32.0,32.03,182900
2012-06-20,32.04,32.1,31.98,32.04,200000
2012-06-21,32.04,32.19,32.0333,32.17,285200
2012-06-22,32.13,32.24,32.1,32.17,282200
2012-06-25,32.24,32.25,32.21,32.24,160000
2012-06-26,32.22,32.25,32.13,32.2,268500
2012-06-27,32.18,32.21,32.17,32.2,167100
2012-06-28,32.22,32.279,32.2,32.25,299900
2012-06-29,32.24,32.27,32.21,32.25,183500
2012-07-02,32.16,32.16,32.1118,32.12,222700
2012-07-03,32.13,32.16,32.12,32.129,134000
2012-07-05,32.13,32.18,32.03,32.062,356800
2012-07-06,32.11,32.22,32.07,32.11,392400
2012-07-09,32.2,32.28,32.13,32.23,572500
2012-07-10,32.24,32.3,32.22,32.23,329300
2012-07-11,32.25,32.43,32.25,32.32,314500
2012-07-12,32.43,32.51,32.34,32.5,340200
2012-07-13,32.53,32.53,32.43,32.47,298700
2012-07-16,32.55,32.56,32.45,32.5,199500
2012-07-17,32.51,32.52,32.47,32.47,323100
2012-07-18,32.51,32.51,32.47,32.51,171100
2012-07-19,32.51,32.57,32.47,32.54,177100
2012-07-20,32.57,32.67,32.55,32.65,248100
2012-07-23,32.74,32.74,32.66,32.7,178500
2012-07-24,32.69,32.77,32.68,32.73,371100
2012-07-25,32.74,32.78,32.73,32.74,335800
2012-07-26,32.76,32.79,32.74,32.77,1140600
2012-07-27,32.82,32.84,32.76,32.82,436600
2012-07-30,32.79,32.8054,32.74,32.78,254800
2012-07-31,32.83,32.84,32.8,32.83,397600
2012-08-01,32.84,32.85,32.73,32.8,358200
2012-08-02,32.81,32.81,32.74,32.78,324200
2012-08-03,32.76,32.77,32.58,32.63,348700
2012-08-06,32.66,32.74,32.63,32.69,163400
2012-08-07,32.7,32.7,32.53,32.62,315200
2012-08-08,32.64,32.64,32.54,32.59,227700
2012-08-09,32.62,32.64,32.31,32.36,543600
2012-08-10,32.42,32.59,32.32,32.58,387500
2012-08-13,32.57,32.7,32.55,32.69,410100
2012-08-14,32.72,32.72,32.6,32.66,255200
2012-08-15,32.68,32.68,32.63,32.64,237000
2012-08-16,32.68,32.69,32.51,32.6,279400
2012-08-17,32.63,32.67,32.6,32.66,164700
2012-08-20,32.72,32.72,32.6289,32.67,271000
2012-08-21,32.66,32.67,32.63,32.67,157800
2012-08-22,32.66,32.686,32.62,32.66,213500
2012-08-23,32.68,32.77,32.65,32.77,171600
2012-08-24,32.72,32.82,32.72,32.82,226600
2012-08-27,32.78,32.86,32.72,32.85,610000
2012-08-28,32.79,32.81,32.75,32.75,250600
2012-08-29,32.81,32.83,32.77,32.83,126000
2012-08-30,32.81,32.87,32.7968,32.86,174700
2012-08-31,32.87,32.89,32.85,32.89,280800
2012-09-04,32.82,32.82,32.68,32.745,326300
2012-09-05,32.72,32.75,32.6817,32.74,100300
2012-09-06,32.74,32.76,32.66,32.66,313300
2012-09-07,32.73,32.78,32.73,32.74,198500
2012-09-10,32.75,32.76,32.7,32.73,184400
2012-09-11,32.74,32.75,32.71,32.73,253500
2012-09-12,32.72,32.75,32.68,32.7076,667300
2012-09-13,32.73,32.76,32.68,32.7,288700
2012-09-14,32.7,32.71,32.54,32.56,488700
2012-09-17,32.62,32.7,32.62,32.63,300300
2012-09-18,32.69,32.69,32.58,32.63,980100
2012-09-19,32.67,32.77,32.646,32.71,175500
2012-09-20,32.72,32.81,32.6855,32.78,238500
2012-09-21,32.75,32.81,32.71,32.81,193300
2012-09-24,32.81,32.85,32.78,32.81,243400
2012-09-25,32.64,32.85,32.64,32.81,246300
2012-09-26,32.83,32.93,32.78,32.88,251000
2012-09-27,32.86,32.93,32.828,32.89,194300
2012-09-28,32.89,32.97,32.89,32.97,178200
2012-10-01,32.85,32.94,32.8,32.85,1536200
2012-10-02,32.78,32.86,32.78,32.84,520100
2012-10-03,32.82,32.84,32.8,32.83,186800
2012-10-04,32.83,32.86,32.82,32.84,350600
2012-10-05,32.84,32.84,32.8,32.81,182100
2012-10-08,32.85,32.86,32.82,32.84,272700
2012-10-09,32.85,32.86,32.81,32.81,163200
2012-10-10,32.82,32.85,32.82,32.85,109400
2012-10-11,32.84,32.87,32.81,32.87,119800
2012-10-12,32.86,32.95,32.86,32.93,260200
2012-10-15,32.94,32.989,32.91,32.95,205100
2012-10-16,32.98,32.99,32.93,32.95,114300
2012-10-17,32.99,33.01,32.96,32.97,123000
2012-10-18,32.99,33.03,32.96,33.01,203200
2012-10-19,33.01,33.04,32.96,33.0,188800
2012-10-22,33.0,33.03,32.96,32.99,142500
2012-10-23,33.01,33.06,32.99,33.03,151400
2012-10-24,33.03,33.03,32.95,33.0,297400
2012-10-25,33.02,33.03,32.97,32.99,228000
2012-10-26,33.03,33.09,33.0001,33.05,150600
2012-10-31,33.09,33.13,33.07,33.11,275700
2012-11-01,32.99,33.02,32.9,32.92,260100
2012-11-02,32.92,32.989,32.9,32.94,146500
2012-11-05,32.98,32.99,32.92,32.99,277800
2012-11-06,32.98,33.05,32.94,32.97,172800
2012-11-07,33.09,33.09,33.0,33.07,278100
2012-11-08,32.99,33.14,32.99,33.11,577000
2012-11-09,33.11,33.17,33.096,33.17,440400
2012-11-12,33.17,33.17,33.1,33.11,409100
2012-11-13,33.12,33.17,33.11,33.13,207000
2012-11-14,33.11,33.21,33.11,33.19,277300
2012-11-15,33.12,33.29,33.085,33.28,327300
2012-11-16,33.26,33.3,33.2,33.29,226700
2012-11-19,33.28,33.32,33.21,33.31,738200
2012-11-20,33.36,33.36,33.24,33.3,443400
2012-11-21,33.33,33.41,33.31,33.36,758900
2012-11-23,33.39,33.5,33.31,33.35,187500
2012-11-26,33.39,33.406,33.35,33.39,847600
2012-11-27,33.39,33.47,33.39,33.47,273400
2012-11-28,33.49,33.56,33.49,33.52,264400
2012-11-29,33.51,33.54,33.5095,33.52,341500
2012-11-30,33.52,33.57,33.5,33.56,259200
2012-12-03,33.4,33.44,33.36,33.41,928400
2012-12-04,33.46,33.47,33.436,33.47,174700
2012-12-05,33.45,33.47,33.44,33.45,230400
2012-12-06,33.44,33.5,33.44,33.5,885700
2012-12-07,33.45,33.48,33.43,33.43,245800
2012-12-10,33.47,33.49,33.43,33.4401,410900
2012-12-11,33.46,33.46,33.39,33.42,257900
2012-12-12,33.42,33.452,32.67,33.04,1815600
2012-12-13,33.05,33.2401,32.93,33.0,580900
2012-12-14,33.04,33.04,31.93,31.94,1920800
2012-12-17,32.01,32.5599,31.42,32.25,1797000
2012-12-18,32.25,32.649,31.95,32.59,2216400
2012-12-19,32.67,32.82,32.58,32.77,515400
2012-12-20,32.87,32.931,32.84,32.84,530700
2012-12-21,32.96,32.97,32.8384,32.84,730000
2012-12-24,32.99,33.1,32.82,33.039,271800
2012-12-26,33.03,33.08,32.98,32.99,266800
2012-12-27,32.84,32.97,32.84,32.9,222500
2012-12-28,32.84,32.92,32.79,32.8,1083100
2012-12-31,32.86,32.919,32.76,32.84,384100
2013-01-02,32.73,32.89,32.73,32.87,486100
2013-01-03,32.74,32.91,32.71,32.8,556000
2013-01-04,32.83,32.9,32.76,32.85,370200
2013-01-07,32.86,32.97,32.8,32.93,417200
2013-01-08,32.87,33.02,32.85,32.97,608400
2013-01-09,32.95,33.05,32.9101,32.97,608100
2013-01-10,33.04,33.07,33.0095,33.07,283000
2013-01-11,33.01,33.13,33.01,33.1,379300
2013-01-14,33.12,33.21,33.084,33.18,456500
2013-01-15,33.18,33.24,33.18,33.2,410400
2013-01-16,33.21,33.3,33.11,33.28,343400
2013-01-17,33.28,33.32,33.16,33.21,405200
2013-01-18,33.26,33.43,33.26,33.34,410900
2013-01-22,33.34,33.38,33.33,33.36,575800
2013-01-23,33.38,33.39,33.353,33.37,356900
2013-01-24,33.31,33.41,33.31,33.37,306600
2013-01-25,33.37,33.38,33.33,33.33,220700
2013-01-28,33.31,33.37,33.31,33.36,411700
2013-01-29,33.36,33.37,33.3,33.3,267000
2013-01-30,33.31,33.35,33.25,33.27,217100
2013-01-31,33.28,33.36,33.27,33.34,216600
2013-02-01,33.27,33.27,33.2,33.22,505800
2013-02-04,33.21,33.24,33.16,33.23,383200
2013-02-05,33.23,33.23,33.16,33.21,545700
2013-02-06,33.2,33.24,33.19,33.22,224200
2013-02-07,33.2,33.23,33.15,33.18,767600
2013-02-08,33.23,33.23,33.16,33.19,271400
2013-02-11,33.18,33.22,33.18,33.22,198200
2013-02-12,33.22,33.24,33.17,33.18,183700
2013-02-13,33.19,33.2,33.16,33.18,402400
2013-02-14,33.2,33.24,33.18,33.22,216000
2013-02-15,33.21,33.24,33.2,33.23,212700
2013-02-19,33.23,33.25,33.18,33.23,305800
2013-02-20,33.23,33.25,33.1814,33.19,210000
2013-02-21,33.25,33.26,33.2,33.24,130500
2013-02-22,33.27,33.29,33.22,33.27,253200
2013-02-25,33.23,33.27,33.21,33.22,363800
2013-02-26,33.26,33.37,33.23,33.32,485300
2013-02-27,33.34,33.35,33.31,33.31,303900
2013-02-28,33.32,33.35,33.3,33.33,285000
2013-03-01,33.19,33.23,33.16,33.19,258000
2013-03-04,33.25,33.26,33.204,33.24,188800
2013-03-05,33.27,33.28,33.21,33.24,145800
2013-03-06,33.2,33.21,33.11,33.11,398100
2013-03-07,33.12,33.164,33.1,33.12,250100
2013-03-08,33.07,33.1,32.75,32.78,733300
2013-03-11,32.82,32.85,32.01,32.79,1900200
2013-03-12,32.82,32.93,32.76,32.77,807500
2013-03-13,32.81,32.88,32.791,32.88,319800
2013-03-14,32.9,32.9,32.8,32.87,561400
2013-03-15,32.87,33.03,32.87,33.03,335400
2013-03-18,33.02,33.16,33.01,33.13,393800
2013-03-19,33.07,33.1,32.95,33.0199,516400
2013-03-20,33.07,33.12,32.99,33.02,904600
2013-03-21,33.06,33.0999,32.96,32.97,403900
2013-03-22,32.96,33.01,32.89,32.8982,635700
2013-03-25,32.96,32.96,32.85,32.85,334000
2013-03-26,32.93,32.97,32.83,32.94,486000
2013-03-27,32.95,33.03,32.88,32.91,514200
2013-03-28,32.99,33.0,32.8701,32.88,273100
2013-04-01,32.83,32.89,32.77,32.84,748700
2013-04-02,32.79,32.8728,32.75,32.8,620500
2013-04-03,32.79,32.93,32.75,32.87,348100
2013-04-04,32.92,32.95,32.85,32.94,415300
2013-04-05,33.02,33.1,32.97,33.07,606800
2013-04-08,32.98,32.98,32.83,32.91,663000
2013-04-09,32.99,33.078,32.91,33.06,597100
2013-04-10,33.0,33.02,32.83,32.95,687700
2013-04-11,32.9,33.05,32.9,33.03,300000
2013-04-12,33.03,33.12,33.0,33.01,193500
2013-04-15,33.01,33.11,33.0,33.1,261700
2013-04-16,33.01,33.1,32.97,33.0649,434700
2013-04-17,33.09,33.15,33.01,33.04,1025500
2013-04-18,33.08,33.08,33.0,33.009,321000
2013-04-19,33.03,33.0599,32.96,33.05,236500
2013-04-22,33.03,33.06,32.969,32.98,492300
2013-04-23,33.05,33.07,32.97,33.03,553100
2013-04-24,33.03,33.11,33.0,33.08,322900
2013-04-25,33.07,33.07,32.98,33.07,264100
2013-04-26,33.05,33.14,33.05,33.14,331900
2013-04-29,33.08,33.12,33.02,33.09,294100
2013-04-30,33.1,33.1736,33.09,33.14,178300
2013-05-01,32.98,33.11,32.96,33.1,135000
2013-05-02,33.08,33.1,33.05,33.1,140500
2013-05-03,33.03,33.05,32.88,32.89,556400
2013-05-06,32.99,33.04,32.86,33.04,479700
2013-05-07,32.94,33.04,32.93,32.94,263000
2013-05-08,33.01,33.0698,32.97,33.05,446700
2013-05-09,33.05,33.05,33.0,33.03,245200
2013-05-10,33.07,33.13,32.95,32.97,398400
2013-05-13,33.1094,33.1094,32.99,33.03,364700
2013-05-14,33.06,33.19,33.05,33.11,364700
2013-05-15,33.11,33.18,33.07,33.1324,450100
2013-05-16,33.15,33.24,33.1478,33.19,385600
2013-05-17,33.19,33.25,33.13,33.16,242900
2013-05-20,33.27,33.31,33.21,33.3,378500
2013-05-21,33.29,33.32,33.2401,33.26,279400
2013-05-22,33.29,33.33,33.22,33.31,1225800
2013-05-23,33.31,33.365,33.252,33.32,596500
2013-05-24,33.32,33.36,33.31,33.34,279000
2013-05-28,33.36,33.37,33.22,33.27,820300
2013-05-29,33.26,33.37,33.11,33.28,693200
2013-05-30,33.2,33.24,33.14,33.22,528000
2013-05-31,33.11,33.16,32.921,33.05,466200
2013-06-03,32.91,32.91,32.6,32.76,609000
2013-06-04,32.7601,32.7601,31.99,32.09,989900
2013-06-05,32.11,32.32,31.69,31.75,1498600
2013-06-06,31.77,32.26,31.69,32.18,935100
2013-06-07,32.17,32.336,32.0,32.06,747500
2013-06-10,32.0,32.06,31.71,31.73,681800
2013-06-11,31.68,31.73,31.26,31.29,1132600
2013-06-12,31.6,31.65,31.27,31.35,861100
2013-06-13,31.01,31.39,31.0,31.23,603300
2013-06-14,31.11,31.63,30.88,31.52,698700
2013-06-17,31.37,31.83,31.37,31.75,532800
2013-06-18,31.65,31.82,31.61,31.74,185100
2013-06-19,31.63,31.79,31.01,31.05,276900
2013-06-20,30.78,31.0,30.05,30.15,1129300
2013-06-21,30.07,30.35,28.77,29.24,1229100
2013-06-24,28.81,29.1,27.89,28.57,2431000
2013-06-25,28.67,29.66,28.67,29.27,1290800
2013-06-26,29.57,30.77,29.57,30.769,1284800
2013-06-27,30.49,30.9,30.24,30.43,1398800
2013-06-28,30.02,30.67,29.84,30.59,1155000
2013-07-01,30.33,30.44,29.751,29.94,1018100
2013-07-02,29.94,30.43,29.8,30.3959,944200
2013-07-03,30.17,30.5,30.03,30.18,376700
2013-07-05,29.8,29.96,29.61,29.73,652800
2013-07-08,29.74,30.1,29.74,29.83,1512900
2013-07-09,29.91,30.199,29.83,29.88,981500
2013-07-10,29.89,30.16,29.89,30.0,547600
2013-07-11,30.33,30.49,30.15,30.42,535100
2013-07-12,30.29,30.479,30.22,30.22,273700
2013-07-15,30.15,30.28,30.06,30.22,342300
2013-07-16,30.14,30.2499,30.1001,30.13,276900
2013-07-17,30.19,30.38,30.1581,30.24,414500
2013-07-18,30.16,30.27,29.95,30.02,241100
2013-07-19,30.07,30.15,29.45,29.6,413300
2013-07-22,29.61,29.77,29.25,29.55,581700
2013-07-23,29.67,29.75,29.46,29.61,321100
2013-07-24,29.61,29.79,29.54,29.74,575600
2013-07-25,29.55,29.99,29.55,29.93,307400
2013-07-26,30.02,30.1399,29.905,30.08,275600
2013-07-29,30.0,30.08,29.9,30.07,188800
2013-07-30,30.07,30.13,30.04,30.08,253100
2013-07-31,30.07,30.11,29.79,29.93,275600
2013-08-01,29.92,29.93,29.8,29.87,301600
2013-08-02,29.94,30.02,29.8,29.8,170200
2013-08-05,29.83,29.93,29.7,29.72,164100
2013-08-06,29.77,29.8,29.38,29.38,269200
2013-08-07,29.49,29.7,29.44,29.5,216200
2013-08-08,29.5,29.5691,29.44,29.55,219800
2013-08-09,29.52,29.58,29.49,29.57,179600
2013-08-12,29.52,29.74,29.52,29.65,261000
2013-08-13,29.58,29.58,29.32,29.39,283700
2013-08-14,29.47,29.51,29.35,29.36,226900
2013-08-15,29.08,29.32,29.03,29.04,468700
2013-08-16,29.07,29.15,28.86,28.87,253000
2013-08-19,29.03,29.03,28.76,28.89,1073000
2013-08-20,28.85,29.1,28.77,29.08,656400
2013-08-21,28.85,29.03,28.73,28.78,616300
2013-08-22,28.86,28.94,28.8,28.86,165500
2013-08-23,28.86,28.97,28.79,28.95,215300
2013-08-26,28.93,29.0,28.91,28.94,123400
2013-08-27,28.92,29.05,28.84,28.86,241200
2013-08-28,28.86,28.918,28.585,28.595,721000
2013-08-29,28.51,28.68,28.5,28.51,577100
2013-08-30,28.5,28.51,28.15,28.29,349100
2013-09-03,28.0,28.09,27.75,27.92,337800
2013-09-04,28.02,28.1311,27.76,27.89,270500
2013-09-05,27.85,28.03,27.85,27.92,202700
2013-09-06,28.07,28.15,27.92,27.99,269800
2013-09-09,27.98,28.06,27.78,27.78,361000
2013-09-10,27.82,27.86,27.56,27.63,233200
2013-09-11,27.61,27.8399,27.57,27.725,342600
2013-09-12,27.75,28.18,27.61,28.18,439100
2013-09-13,28.02,28.1999,27.92,28.1,204900
2013-09-16,28.26,28.4094,28.08,28.12,299500
2013-09-17,28.08,28.4,28.02,28.3,363000
2013-09-18,28.39,28.8,28.1999,28.79,248000
2013-09-19,28.7,29.29,28.614,28.949,363100
2013-09-20,28.85,29.18,28.85,29.15,312600
2013-09-23,29.13,29.2,29.01,29.05,285700
2013-09-24,29.02,29.19,28.8942,29.16,366400
2013-09-25,29.08,29.249,29.051,29.23,219900
2013-09-26,29.15,29.26,29.15,29.18,145200
2013-09-27,29.06,29.24,29.06,29.17,116500
2013-09-30,29.13,29.27,29.05,29.226,211400
2013-10-01,29.02,29.11,28.79,28.93,331200
2013-10-02,28.98,29.04,28.82,28.85,190600
2013-10-03,28.78,28.9499,28.76,28.81,111100
2013-10-04,28.84,28.92,28.7,28.73,159800
2013-10-07,28.73,28.7593,28.51,28.54,182900
2013-10-08,28.48,28.64,28.32,28.33,346500
2013-10-09,28.34,28.48,28.28,28.47,597900
2013-10-10,28.38,28.56,28.38,28.43,127200
2013-10-11,28.39,28.4899,28.28,28.32,161300
2013-10-14,28.37,28.44,28.22,28.22,199400
2013-10-15,28.22,28.38,28.19,28.28,873100
2013-10-16,28.35,28.73,28.2401,28.67,275300
2013-10-17,28.51,28.7398,28.39,28.7,336400
2013-10-18,28.77,28.989,28.681,28.89,210300
2013-10-21,28.87,28.9699,28.84,28.85,242200
2013-10-22,29.01,29.0599,28.9,28.96,163200
2013-10-23,29.02,29.12,28.99,29.08,328600
2013-10-24,29.09,29.22,29.06,29.2,439900
2013-10-25,29.27,29.3,29.17,29.28,262500
2013-10-28,29.25,29.25,29.08,29.09,346900
2013-10-29,29.09,29.11,28.7012,28.93,291800
2013-10-30,28.98,29.09,28.915399999999998,29.05,122100
2013-10-31,28.98,29.16,28.97,29.07,192500
2013-11-01,28.87,28.94,28.715,28.75,317200
2013-11-04,28.88,28.91,28.819,28.86,138400
2013-11-05,28.87,28.87,28.78,28.78,94600
2013-11-06,28.81,28.97,28.8,28.9,194300
2013-11-07,28.89,29.004,28.7953,28.88,250200
2013-11-08,28.68,28.77,28.62,28.71,272700
2013-11-11,28.8,28.8799,28.72,28.76,171300
2013-11-12,28.69,28.76,28.62,28.68,301800
2013-11-13,28.68,28.8,28.68,28.744,250200
2013-11-14,28.77,28.94,28.74,28.9,185800
2013-11-15,28.86,28.935,28.82,28.92,273700
2013-11-18,28.97,29.04,28.9,29.02,271700
2013-11-19,28.955,29.02,28.9,28.91,228300
2013-11-20,28.9,28.999,28.76,28.79,225700
2013-11-21,28.75,28.98,28.75,28.95,305200
2013-11-22,28.81,29.0,28.81,28.98,176600
2013-11-25,29.05,29.06,28.95,29.06,330200
2013-11-26,29.0,29.1399,29.0,29.12,188600
2013-11-27,29.03,29.1,28.9325,29.04,214500
2013-11-29,29.0,29.06,28.93,29.03,93500
2013-12-02,28.88,28.93,28.67,28.72,270200
2013-12-03,28.7,28.93,28.7,28.85,124100
2013-12-04,28.7,28.85,28.616,28.72,238200
2013-12-05,28.62,28.8,28.62,28.73,215700
2013-12-06,28.75,28.8,28.61,28.78,141300
2013-12-09,28.76,28.76,28.54,28.56,311400
2013-12-10,28.56,28.66,28.56,28.66,279000
2013-12-11,28.56,28.66,28.48,28.65,403600
2013-12-12,28.6,28.6504,28.48,28.5,217800
2013-12-13,28.45,28.59,28.35,28.4,759300
2013-12-16,28.36,28.38,28.2,28.3,541100
2013-12-17,28.32,28.44,28.21,28.35,440900
2013-12-18,28.35,28.57,28.27,28.56,417200
2013-12-19,28.51,28.57,28.26,28.31,490800
2013-12-20,28.31,28.43,28.26,28.28,434800
2013-12-23,28.28,28.348,28.0,28.09,553800
2013-12-24,28.1,28.3229,28.1,28.22,326000
2013-12-26,28.17,28.35,28.17,28.3,455600
2013-12-27,28.08,28.17,28.05,28.09,607900
2013-12-30,28.09,28.2055,28.06,28.15,604300
2013-12-31,28.15,28.27,28.125,28.26,487100
2014-01-02,28.2,28.4099,28.2,28.37,666600
2014-01-03,28.4,28.49,28.38,28.43,135500
2014-01-06,28.43,28.55,28.38,28.51,772000
2014-01-07,28.54,28.594,28.46,28.56,184100
2014-01-08,28.51,28.6868,28.49,28.67,578500
2014-01-09,28.65,28.74,28.64,28.69,304600
2014-01-10,28.72,28.934,28.72,28.92,324000
2014-01-13,28.9,28.95,28.83,28.92,235300
2014-01-14,28.91,28.9499,28.8,28.93,240400
2014-01-15,28.92,28.95,28.86,28.89,415500
2014-01-16,28.97,29.11,28.91,29.04,391900
2014-01-17,28.94,29.22,28.94,29.13,423400
2014-01-21,29.09,29.1346,28.95,29.0,290900
2014-01-22,29.02,29.036,28.8,28.95,601800
2014-01-23,28.99,29.15,28.9,29.13,219600
2014-01-24,29.11,29.2799,29.1,29.22,192700
2014-01-27,29.3,29.3,29.07,29.09,244500
2014-01-28,29.04,29.21,29.04,29.13,248800
2014-01-29,29.24,29.25,29.03,29.17,272500
2014-01-30,29.1,29.22,29.1,29.22,171500
2014-01-31,29.21,29.219,29.1,29.13,267600
2014-02-03,29.03,29.16,28.98,29.02,346900
2014-02-04,29.0,29.09,28.61,28.66,564100
2014-02-05,28.86,29.02,28.82,28.92,553000
2014-02-06,28.89,28.98,28.8084,28.86,392500
2014-02-07,28.89,29.05,28.85,28.97,547100
2014-02-10,28.97,29.08,28.92,29.03,184800
2014-02-11,29.07,29.15,29.01,29.07,1071700
2014-02-12,29.11,29.12,29.01,29.1,254900
2014-02-13,29.11,29.23,29.09,29.23,193200
2014-02-14,29.22,29.2299,28.9784,29.02,1004200
2014-02-18,29.02,29.11,28.97,29.1,725400
2014-02-19,29.1,29.26,29.07,29.14,1029400
2014-02-20,29.13,29.31,29.03,29.28,329000
2014-02-21,29.33,29.3499,29.22,29.27,286600
2014-02-24,29.33,29.33,29.23,29.27,253600
2014-02-25,29.32,29.42,29.26,29.37,126700
2014-02-26,29.37,29.48,29.3604,29.46,192200
2014-02-27,29.51,29.6,29.46,29.6,183300
2014-02-28,29.56,29.69,29.5,29.61,801900
2014-03-03,29.49,29.55,29.37,29.53,166500
2014-03-04,29.6,29.6,29.38,29.4,260200
2014-03-05,29.39,29.485,29.38,29.39,232100
2014-03-06,29.37,29.5,29.3,29.34,463200
2014-03-07,29.36,29.38,29.26,29.31,186900
2014-03-10,29.38,29.45,29.34,29.4,445100
2014-03-11,29.47,29.5,29.41,29.44,1225700
2014-03-12,29.53,29.62,29.47,29.59,449100
2014-03-13,29.57,29.67,29.51,29.62,457600
2014-03-14,29.63,29.659,29.53,29.55,989600
2014-03-17,29.58,29.63,29.53,29.61,767900
2014-03-18,29.63,29.63,29.52,29.53,343000
2014-03-19,29.55,29.6499,29.4134,29.49,304500
2014-03-20,29.53,29.59,29.45,29.55,448400
2014-03-21,29.55,29.6,29.52,29.52,360400
2014-03-24,29.48,29.55,29.48,29.5,217200
2014-03-25,29.49,29.54,29.45,29.49,428800
2014-03-26,29.5,29.5999,29.45,29.56,228500
2014-03-27,29.6,29.6399,29.5001,29.55,213200
2014-03-28,29.57,29.6,29.51,29.54,186500
2014-03-31,29.56,29.56,29.51,29.55,421300
2014-04-01,29.46,29.46,29.38,29.42,606500
2014-04-02,29.41,29.41,29.36,29.37,384300
2014-04-03,29.39,29.449,29.3704,29.42,588400
2014-04-04,29.44,29.525,29.44,29.52,183600
2014-04-07,29.51,29.52,29.46,29.52,344200
2014-04-08,29.47,29.59,29.47,29.58,288500
2014-04-09,29.45,29.56,29.45,29.52,318900
2014-04-10,29.54,29.649,29.5,29.62,271300
2014-04-11,29.62,29.68,29.56,29.67,195000
2014-04-14,29.63,29.64,29.58,29.6,221700
2014-04-15,29.6,29.69,29.5993,29.675,269900
2014-04-16,29.63,29.69,29.6101,29.67,272900
2014-04-17,29.68,29.7,29.61,29.62,315600
2014-04-21,29.69,29.6999,29.65,29.67,226000
2014-04-22,29.66,29.73,29.65,29.73,174400
2014-04-23,29.74,29.77,29.7,29.75,290000
2014-04-24,29.77,29.84,29.75,29.8,395700
2014-04-25,29.83,29.92,29.805,29.91,561700
2014-04-28,29.9,29.98,29.83,29.86,229400
2014-04-29,29.86,29.91,29.8001,29.87,379600
2014-04-30,29.89,29.97,29.86,29.96,339000
2014-05-01,29.88,29.9,29.78,29.78,962500
2014-05-02,29.82,29.94,29.79,29.84,313400
2014-05-05,29.87,29.9,29.83,29.9,266100
2014-05-06,29.89,29.95,29.88,29.92,232200
2014-05-07,29.97,29.98,29.93,29.96,448800
2014-05-08,29.98,30.06,29.93,30.06,551400
2014-05-09,30.07,30.11,30.03,30.09,296900
2014-05-12,30.07,30.14,30.07,30.14,450900
2014-05-13,30.15,30.19,30.1198,30.18,235300
2014-05-14,30.24,30.339,30.2,30.3,324000
2014-05-15,30.33,30.44,30.3,30.43,1251200
2014-05-16,30.43,30.43,30.36,30.37,461000
2014-05-19,30.4,30.43,30.36,30.38,324900
2014-05-20,30.37,30.41,30.36,30.41,995700
2014-05-21,30.39,30.39,30.32,30.36,498100
2014-05-22,30.35,30.43,30.325,30.41,356200
2014-05-23,30.48,30.52,30.44,30.52,309300
2014-05-27,30.45,30.51,30.45,30.46,264400
2014-05-28,30.49,30.58,30.49,30.55,554700
2014-05-29,30.55,30.56,30.48,30.53,475900
2014-05-30,30.53,30.58,30.52,30.53,410400
2014-06-02,30.4,30.43,30.37,30.4,338100
2014-06-03,30.41,30.43,30.172,30.26,719000
2014-06-04,30.21,30.38,30.1501,30.31,842600
2014-06-05,30.31,30.3699,30.2101,30.33,908500
2014-06-06,30.39,30.4,30.25,30.38,448200
2014-06-09,30.35,30.4,30.24,30.28,279200
2014-06-10,30.28,30.324,30.21,30.27,360300
2014-06-11,30.28,30.35,30.2,30.29,699300
2014-06-12,30.26,30.34,30.2,30.3,390000
2014-06-13,30.21,30.29,30.2,30.29,290100
2014-06-16,30.33,30.355,30.24,30.34,228500
2014-06-17,30.34,30.3494,30.29,30.33,215000
2014-06-18,30.36,30.39,30.31,30.38,230800
2014-06-19,30.39,30.42,30.34,30.41,191500
2014-06-20,30.39,30.4098,30.35,30.39,139300
2014-06-23,30.41,30.41,30.31,30.34,203000
2014-06-24,30.4,30.4108,30.36,30.4,123700
2014-06-25,30.42,30.48,30.3899,30.48,156500
2014-06-26,30.47,30.47,30.36,30.4,264300
2014-06-27,30.38,30.3999,30.16,30.28,854000
2014-06-30,30.28,30.28,30.16,30.16,331300
2014-07-01,30.1,30.1,29.66,29.7,806900
2014-07-02,29.73,29.87,29.15,29.3,1641500
2014-07-03,29.28,29.35,29.0,29.23,496000
2014-07-07,29.27,29.376,29.24,29.33,541500
2014-07-08,29.33,29.44,29.285,29.42,489000
2014-07-09,29.4,29.4,29.26,29.33,378000
2014-07-10,29.33,29.42,29.26,29.42,585200
2014-07-11,29.36,29.4099,29.32,29.39,305800
2014-07-14,29.38,29.4499,29.3401,29.43,232800
2014-07-15,29.48,29.6,29.445,29.5,305400
2014-07-16,29.56,29.72,29.53,29.72,769500
2014-07-17,29.74,29.91,29.72,29.86,367400
2014-07-18,29.85,30.07,29.8,30.03,807900
2014-07-21,30.07,30.07,29.91,30.04,546300
2014-07-22,30.0,30.14,30.0,30.08,190800
2014-07-23,30.08,30.27,30.04,30.2,1195300
2014-07-24,30.21,30.21,30.1,30.17,264400
2014-07-25,30.2,30.23,30.17,30.22,257000
2014-07-28,30.24,30.24,30.156,30.22,163700
2014-07-29,30.24,30.3,30.17,30.27,261300
2014-07-30,30.25,30.25,30.1,30.11,240700
2014-07-31,30.11,30.17,30.04,30.14,394500
2014-08-01,30.1,30.1799,30.0101,30.11,261800
2014-08-04,30.12,30.125,29.98,30.05,231800
2014-08-05,30.0,30.08,29.97,30.04,204000
2014-08-06,30.04,30.22,30.04,30.22,243100
2014-08-07,30.21,30.3,30.1107,30.3,279400
2014-08-08,30.29,30.34,30.1885,30.26,140900
2014-08-11,30.24,30.27,30.15,30.2,241600
2014-08-12,30.23,30.26,30.17,30.22,255700
2014-08-13,30.2,30.25,30.18,30.25,236900
2014-08-14,30.23,30.38,30.22,30.37,185200
2014-08-15,30.33,30.3899,30.27,30.34,196300
2014-08-18,30.32,30.3699,30.28,30.33,213200
2014-08-19,30.37,30.43,30.35,30.37,285100
2014-08-20,30.38,30.44,30.37,30.41,334500
2014-08-21,30.39,30.45,30.374,30.43,192500
2014-08-22,30.42,30.433,30.37,30.42,131200
2014-08-25,30.37,30.44,30.36,30.36,299700
2014-08-26,30.44,30.56,30.38,30.52,414100
2014-08-27,30.54,30.56,30.52,30.55,188800
2014-08-28,30.53,30.6,30.5,30.6,220500
2014-08-29,30.61,30.68,30.59,30.66,226700
2014-09-02,30.54,30.54,30.39,30.46,261500
2014-09-03,30.48,30.5,30.36,30.46,177900
2014-09-04,30.41,30.5,30.36,30.38,112300
2014-09-05,30.44,30.57,30.4,30.43,268700
2014-09-08,30.49,30.53,30.427,30.49,237100
2014-09-09,30.46,30.49,30.381,30.49,245900
2014-09-10,30.46,30.49,30.36,30.36,242400
2014-09-11,30.41,30.5,30.39,30.46,156500
2014-09-12,30.42,30.42,30.2,30.2501,427100
2014-09-15,30.25,30.44,30.25,30.43,190800
2014-09-16,30.4,30.5,30.37,30.44,247800
2014-09-17,30.51,30.5199,30.42,30.47,209400
2014-09-18,30.51,30.51,30.4,30.49,131600
2014-09-19,30.5,30.63,30.48,30.61,188300
2014-09-22,30.62,30.7,30.5401,30.63,2072268
2014-09-23,30.66,30.7699,30.66,30.74,165096
2014-09-24,30.73,30.7755,30.65,30.71,173566
2014-09-25,30.72,30.79,30.66,30.69,258929
2014-09-26,30.69,30.71,30.64,30.68,178023
2014-09-29,30.71,30.78,30.68,30.69,307651
2014-09-30,30.71,30.79,30.66,30.75,313352
2014-10-01,30.65,30.8,30.63,30.67,584855
2014-10-02,30.72,30.77,30.62,30.69,698261
2014-10-03,30.66,30.76,30.63,30.72,646335
2014-10-06,30.71,30.7739,30.6,30.71,255054
2014-10-07,30.7,30.77,30.618,30.72,414719
2014-10-08,30.73,30.79,30.7,30.79,199598
2014-10-09,30.69,30.86,30.69,30.82,263246
2014-10-10,30.83,30.88,30.82,30.83,264541
2014-10-13,30.81,30.93,30.81,30.86,266521
2014-10-14,30.91,31.0,30.89,30.9,320491
2014-10-15,31.0,31.42,30.9601,31.03,749423
2014-10-16,31.04,31.0594,30.7,30.79,768239
2014-10-17,30.67,30.83,30.65,30.72,517247
2014-10-20,30.79,30.86,30.75,30.78,298171
2014-10-21,30.78,30.83,30.75,30.81,318198
2014-10-22,30.8,30.85,30.7857,30.84,161282
2014-10-23,30.83,30.86,30.81,30.84,451191
2014-10-24,30.86,30.917,30.8301,30.91,168610
2014-10-27,30.88,30.96,30.86,30.92,279375
2014-10-28,30.93,30.93,30.82,30.85,166384
2014-10-29,30.94,30.94,30.84,30.89,134098
2014-10-30,30.88,30.93,30.85,30.85,221183
2014-10-31,30.7797,30.8294,30.7,30.7,333305
2014-11-03,30.75,30.79,30.58,30.77,752899
2014-11-04,30.79,30.8,30.6701,30.71,347497
2014-11-05,30.73,30.78,30.66,30.74,225457
2014-11-06,30.72,30.78,30.64,30.74,1407415
2014-11-07,30.76,30.84,30.6759,30.79,355704
2014-11-10,30.77,30.79,30.66,30.7,667087
2014-11-11,30.73,30.86,30.68,30.72,141976
2014-11-12,30.78,30.8031,30.72,30.76,246916
2014-11-13,30.8,30.894,30.72,30.76,346082
2014-11-14,30.78,30.88,30.75,30.87,417658
2014-11-17,30.85,30.94,30.75,30.76,276087
2014-11-18,30.79,30.81,30.73,30.8,269232
2014-11-19,30.77,30.89,30.73,30.81,231176
2014-11-20,30.81,30.85,30.78,30.78,320513
2014-11-21,30.88,30.88,30.78,30.83,187515
2014-11-24,30.84,30.86,30.7701,30.86,296900
2014-11-25,30.86,30.89,30.8,30.89,258493
2014-11-26,30.9,31.0,30.86,30.97,624198
2014-11-28,30.97,31.0191,30.93,30.99,172867
2014-12-01,30.92,30.92,30.75,30.76,407650
2014-12-02,30.77,30.87,30.71,30.75,267736
2014-12-03,30.76,30.9,30.76,30.85,307313
2014-12-04,30.9,30.96,30.85,30.95,272195
2014-12-05,30.91,30.97,30.85,30.89,283903
2014-12-08,30.88,31.01,30.88,30.94,423437
2014-12-09,31.0,31.09,30.964,31.0,397549
2014-12-10,30.98,31.115,30.95,31.09,297445
2014-12-11,31.06,31.06,31.0,31.04,195217
2014-12-12,31.1,31.1899,31.05,31.12,218612
2014-12-15,31.01,31.13,31.0,31.05,282574
2014-12-16,31.09,31.14,31.02,31.02,404044
2014-12-17,30.96,31.01,30.84,30.85,220974
2014-12-18,30.82,30.93,30.81,30.92,215453
2014-12-19,30.94,30.98,30.87,30.93,329715
2014-12-22,30.91,30.98,30.86,30.98,190219
2014-12-23,30.92,30.98,30.76,30.88,315102
2014-12-24,30.89,30.95,30.81,30.93,266416
2014-12-26,30.94,30.98,30.89,30.93,123153
2014-12-29,30.92,30.92,30.8,30.88,343627
2014-12-30,30.89,30.94,30.84,30.94,264922
2014-12-31,30.99,30.99,30.85,30.85,354529
2015-01-02,30.88,30.99,30.83,30.91,1359571
2015-01-05,30.99,31.103,30.91,31.03,915483
2015-01-06,31.09,31.16,31.06,31.1,707278
2015-01-07,31.25,31.3,31.08,31.23,506065
2015-01-08,31.21,31.29,31.12,31.23,753290
2015-01-09,31.24,31.3699,31.17,31.33,306172
2015-01-12,31.33,31.3799,31.2205,31.35,220257
2015-01-13,31.33,31.4,31.25,31.38,316464
2015-01-14,31.37,31.44,31.27,31.3,692704
2015-01-15,31.33,31.3699,31.26,31.33,487841
2015-01-16,31.38,31.3999,31.2,31.34,564773
2015-01-20,31.37,31.4365,31.22,31.28,1570922
2015-01-21,31.26,31.3799,31.2,31.27,436272
2015-01-22,31.24,31.3,31.17,31.28,517293
2015-01-23,31.3,31.41,31.22,31.22,583584
2015-01-26,31.23,31.3199,31.22,31.3,289141
2015-01-27,31.32,31.364,31.28,31.36,549444
2015-01-28,31.3,31.59,31.28,31.59,550514
2015-01-29,31.47,31.52,31.351,31.5,385426
2015-01-30,31.59,31.67,31.52,31.58,418537
2015-02-02,31.47,31.5799,31.36,31.51,535730
2015-02-03,31.45,31.5,31.1501,31.2,594266
2015-02-04,31.26,31.3599,31.2,31.31,264316
2015-02-05,31.31,31.39,31.31,31.36,273405
2015-02-06,31.31,31.32,31.2,31.23,394867
2015-02-09,31.28,31.3,30.95,31.0,953800
2015-02-10,31.07,31.1586,30.61,30.82,932244
2015-02-11,30.85,30.9,30.55,30.79,2483699
2015-02-12,30.76,31.16,30.7,31.04,520008
2015-02-13,31.05,31.2,30.83,30.94,507587
2015-02-17,30.8,30.9861,30.769,30.93,306328
2015-02-18,31.01,31.18,30.98,31.13,250820
2015-02-19,31.13,31.1699,30.956,31.02,248556
2015-02-20,31.12,31.1899,31.06,31.11,299320
2015-02-23,31.15,31.23,31.12,31.22,219201
2015-02-24,31.15,31.26,31.0821,31.25,240897
2015-02-25,31.17,31.299,31.14,31.25,236385
2015-02-26,31.23,31.251,31.05,31.05,301844
2015-02-27,31.16,31.31,31.115,31.29,201333
2015-03-02,31.24,31.249,30.95,31.04,766237
2015-03-03,30.99,31.21,30.8,30.9,784007
2015-03-04,30.8,31.09,30.8,30.82,307919
2015-03-05,30.91,30.95,30.81,30.86,256751
2015-03-06,30.82,30.85,30.6,30.6,482533
2015-03-09,30.7,30.89,30.56,30.64,437268
2015-03-10,30.72,30.86,30.66,30.79,269423
2015-03-11,30.79,30.85,30.75,30.835,206787
2015-03-12,30.9,31.0595,30.8756,30.92,503047
2015-03-13,30.95,31.04,30.93,30.96,387883
2015-03-16,30.99,31.1378,30.99,31.08,193161
2015-03-17,31.01,31.18,30.96,31.12,247683
2015-03-18,31.18,31.4,31.01,31.33,308269
2015-03-19,31.31,31.3599,31.25,31.27,262744
2015-03-20,31.38,31.38,31.26,31.285,260059
2015-03-23,31.29,31.33,31.2201,31.32,170234
2015-03-24,31.29,31.46,31.29,31.42,405886
2015-03-25,31.36,31.4,31.28,31.33,1573863
2015-03-26,31.29,31.33,31.2,31.28,618234
2015-03-27,31.23,31.3599,31.23,31.35,557817
2015-03-30,31.33,31.4,31.25,31.32,518808
2015-03-31,31.29,31.34,31.2301,31.34,223928
2015-04-01,31.19,31.28,31.133,31.25,1336822
2015-04-02,31.28,31.28,31.13,31.2,475568
2015-04-06,31.22,31.28,31.11,31.16,473142
2015-04-07,31.15,31.26,31.13,31.2,310115
2015-04-08,31.2,31.25,31.14,31.25,347461
2015-04-09,31.23,31.23,31.11,31.18,343847
2015-04-10,31.19,31.2999,31.15,31.2,256334
2015-04-13,31.18,31.25,31.15,31.25,216923
2015-04-14,31.24,31.27,31.2004,31.26,351880
2015-04-15,31.25,31.27,31.2,31.24,316109
2015-04-16,31.25,31.2574,31.12,31.21,663145
2015-04-17,31.21,31.34,31.2,31.34,231498
2015-04-20,31.32,31.35,31.2,31.34,271154
2015-04-21,31.29,31.32,31.22,31.28,258616
2015-04-22,31.28,31.3499,31.17,31.2,274715
2015-04-23,31.24,31.3,31.1973,31.3,290710
2015-04-24,31.28,31.34,31.2,31.34,222839
2015-04-27,31.33,31.33,31.26,31.31,275347
2015-04-28,31.29,31.31,31.2101,31.27,270689
2015-04-29,31.22,31.2799,31.17,31.24,353819
2015-04-30,31.21,31.2199,30.8901,31.1,733327
2015-05-01,30.88,30.9799,30.68,30.92,530010
2015-05-04,30.95,30.95,30.81,30.9,383449
2015-05-05,30.87,30.911,30.8101,30.9,321761
2015-05-06,30.85,30.9599,30.7,30.76,371305
2015-05-07,30.79,30.941,30.71,30.87,411065
2015-05-08,30.86,30.984,30.82,30.92,306401
2015-05-11,30.82,30.89,30.7,30.78,291847
2015-05-12,30.73,30.87,30.65,30.78,241216
2015-05-13,30.81,30.85,30.72,30.8,186075
2015-05-14,30.8,30.8695,30.74,30.82,252327
2015-05-15,30.82,30.8599,30.75,30.82,225304
2015-05-18,30.81,30.83,30.74,30.78,236310
2015-05-19,30.72,30.78,30.68,30.71,237723
2015-05-20,30.71,30.79,30.66,30.72,350541
2015-05-21,30.73,30.88,30.7001,30.831,235904
2015-05-22,30.82,30.82,30.68,30.7622,221765
2015-05-26,30.8,30.89,30.7,30.79,298288
2015-05-27,30.79,30.935,30.75,30.86,239205
2015-05-28,30.81,30.9499,30.7501,30.85,147033
2015-05-29,30.87,30.95,30.8401,30.87,159071
2015-06-01,30.8,30.8,30.68,30.75,248854
2015-06-02,30.66,30.7293,30.62,30.67,364768
2015-06-03,30.66,30.71,30.61,30.67,181545
2015-06-04,30.62,30.81,30.62,30.74,203926
2015-06-05,30.58,30.717,30.5,30.51,239995
2015-06-08,30.52,30.631,30.51,30.55,311362
2015-06-09,30.52,30.59,30.506,30.56,147417
2015-06-10,30.52,30.548000000000002,30.45,30.45,171943
2015-06-11,30.52,30.52,30.44,30.47,291096
2015-06-12,30.52,30.52,30.39,30.4,648399
2015-06-15,30.44,30.5,30.34,30.38,236284
2015-06-16,30.44,30.5499,30.41,30.5,211091
2015-06-17,30.49,30.51,30.38,30.48,170088
2015-06-18,30.49,30.5,30.4,30.47,283330
2015-06-19,30.5,30.6,30.45,30.5,199877
2015-06-22,30.44,30.54,30.37,30.46,285291
2015-06-23,30.49,30.49,30.3712,30.48,276702
2015-06-24,30.46,30.48,30.4,30.48,146425
2015-06-25,30.46,30.49,30.41,30.41,238934
2015-06-26,30.35,30.452,30.3,30.37,115479
2015-06-29,30.41,30.4802,29.89,29.94,751793
2015-06-30,29.96,30.01,29.483,29.9,1106461
2015-07-01,29.63,29.9,29.56,29.72,2110926
2015-07-02,29.83,29.9308,29.75,29.76,474218
2015-07-06,30.01,30.0861,29.7725,30.05,366478
2015-07-07,30.1,30.22,30.03,30.03,404906
2015-07-08,30.06,30.1,29.9496,30.02,359422
2015-07-09,30.01,30.06,29.97,30.01,283790
2015-07-10,30.0,30.07,30.0,30.07,267118
2015-07-13,30.06,30.11,30.01,30.11,205508
2015-07-14,30.14,30.18,30.09,30.18,221040
2015-07-15,30.15,30.2,30.1,30.2,131134
2015-07-16,30.13,30.22,30.08,30.18,335720
2015-07-17,30.18,30.27,30.15,30.21,234581
2015-07-20,30.2,30.2499,30.11,30.18,114581
2015-07-21,30.19,30.26,30.16,30.26,266575
2015-07-22,30.22,30.31,30.2,30.21,147623
2015-07-23,30.35,30.35,30.17,30.34,326109
2015-07-24,30.33,30.36,30.2734,30.31,159609
2015-07-27,30.32,30.41,30.28,30.36,170021
2015-07-28,30.29,30.35,30.2411,30.34,140529
2015-07-29,30.33,30.37,30.23,30.28,463043
2015-07-30,30.31,30.31,30.17,30.24,257112
2015-07-31,30.31,30.4097,30.19,30.29,441627
2015-08-03,30.23,30.29,30.03,30.28,287196
2015-08-04,30.24,30.27,30.1,30.18,251996
2015-08-05,30.1,30.18,30.1,30.13,137373
2015-08-06,30.14,30.23,30.14,30.2,175785
2015-08-07,30.16,30.28,30.1501,30.28,185917
2015-08-10,30.24,30.26,30.18,30.25,364518
2015-08-11,30.24,30.35,30.2232,30.32,224626
2015-08-12,30.32,30.32,30.19,30.26,285634
2015-08-13,30.23,30.34,30.22,30.27,109154
2015-08-14,30.25,30.35,30.225,30.33,178135
2015-08-17,30.28,30.36,30.25,30.35,193350
2015-08-18,30.35,30.38,30.29,30.32,341176
2015-08-19,30.28,30.41,30.25,30.41,122044
2015-08-20,30.35,30.4,30.2824,30.39,196209
2015-08-21,30.37,30.38,30.27,30.33,260103
2015-08-24,30.15,30.33,29.76,29.99,665879
2015-08-25,29.86,30.0,29.86,30.0,426470
2015-08-26,30.1,30.17,29.88,29.9,436110
2015-08-27,29.9,29.9199,29.73,29.82,375868
2015-08-28,29.88,30.01,29.85,30.0,216812
2015-08-31,30.03,30.1202,29.97,30.0,196481
2015-09-01,29.97,30.05,29.86,29.93,281809
2015-09-02,29.92,30.1188,29.92,29.93,245802
2015-09-03,30.0,30.1949,29.97,30.07,168766
2015-09-04,30.1,30.24,30.1,30.19,152481
2015-09-08,30.23,30.3499,30.09,30.12,316632
2015-09-09,30.15,30.22,30.11,30.21,215673
2015-09-10,30.17,30.18,30.1,30.1,153206
2015-09-11,30.11,30.21,30.1006,30.15,203601
2015-09-14,30.16,30.199,30.115,30.16,162015
2015-09-15,30.16,30.2,30.14,30.17,139644
2015-09-16,30.17,30.21,30.14,30.21,188068
2015-09-17,30.17,30.3,30.14,30.3,624608
2015-09-18,30.28,30.44,30.28,30.42,220216
2015-09-21,30.45,30.45,30.36,30.4,331118
2015-09-22,30.38,30.5,30.37,30.45,278149
2015-09-23,30.5,30.64,30.41,30.49,1017096
2015-09-24,30.5,30.6198,30.5,30.61,158409
2015-09-25,30.66,30.66,30.59,30.62,214748
2015-09-28,30.64,30.65,30.57,30.6,1058499
2015-09-29,30.6,30.63,30.572,30.6,278020
2015-09-30,30.61,30.64,30.56,30.58,253066
2015-10-01,30.54,30.5599,30.42,30.54,424450
2015-10-02,30.52,30.66,30.52,30.63,351734
2015-10-05,30.6,30.65,30.5527,30.6,414195
2015-10-06,30.6,30.63,30.57,30.62,184311
2015-10-07,30.61,30.67,30.57,30.63,204189
2015-10-08,30.68,30.68,30.58,30.6,134596
2015-10-09,30.61,30.64,30.5703,30.63,111084
2015-10-12,30.68,30.71,30.64,30.64,255171
2015-10-13,30.68,30.74,30.6001,30.71,440033
2015-10-14,30.72,30.7299,30.654,30.72,130710
2015-10-15,30.65,30.674,30.6,30.62,126569
2015-10-16,30.65,30.71,30.62,30.7,184081
2015-10-19,30.7,30.71,30.62,30.64,363379
2015-10-20,30.67,30.7,30.65,30.69,409124
2015-10-21,30.75,30.91,30.692,30.83,1520274
2015-10-22,30.83,30.88,30.8,30.87,650658
2015-10-23,30.85,30.85,30.8,30.83,313721
2015-10-26,30.83,30.88,30.8,30.87,244462
2015-10-27,30.85,30.89,30.82,30.86,132338
2015-10-28,30.85,30.89,30.82,30.86,286867
2015-10-29,30.85,30.86,30.82,30.82,147445
2015-10-30,30.86,30.89,30.82,30.89,246211
2015-11-02,30.86,30.86,30.72,30.76,340956
2015-11-03,30.72,30.74,30.68,30.72,181757
2015-11-04,30.72,30.7388,30.65,30.7,267664
2015-11-05,30.67,30.72,30.64,30.7,356126
2015-11-06,30.61,30.6721,30.54,30.58,266316
2015-11-09,30.64,30.6489,30.54,30.57,536969
2015-11-10,30.58,30.6374,30.52,30.56,370647
2015-11-11,30.6,30.61,30.5265,30.59,176751
2015-11-12,30.58,30.6093,30.5,30.5,674186
2015-11-13,30.52,30.6,30.504,30.52,264491
2015-11-16,30.56,30.56,30.52,30.55,254293
2015-11-17,30.48,30.63,30.45,30.63,590752
2015-11-18,30.61,30.72,30.54,30.7,508270
2015-11-19,30.68,30.73,30.59,30.71,365900
2015-11-20,30.7,30.84,30.68,30.78,313838
2015-11-23,30.77,30.7899,30.71,30.78,578631
2015-11-24,30.77,30.79,30.75,30.78,218421
2015-11-25,30.78,30.83,30.75,30.8,313764
2015-11-27,30.77,30.8197,30.76,30.77,165654
2015-11-30,30.77,30.84,30.75,30.77,339338
2015-12-01,30.74,30.81,30.71,30.79,372022
2015-12-02,30.78,30.82,30.71,30.82,451179
2015-12-03,30.72,30.7499,30.61,30.68,302810
2015-12-04,30.72,30.8,30.72,30.78,198922
2015-12-07,30.78,30.82,30.7,30.8,270728
2015-12-08,30.83,30.845,30.75,30.78,333873
2015-12-09,30.84,30.84,30.42,30.63,2114824
2015-12-10,30.6,30.6699,30.57,30.6,1440840
2015-12-11,30.69,30.75,30.61,30.66,397454
2015-12-14,30.72,30.72,30.51,30.54,700391
2015-12-15,30.56,30.63,30.5,30.63,683243
2015-12-16,30.61,30.69,30.5,30.62,566168
2015-12-17,30.68,30.73,30.62,30.7,454837
2015-12-18,30.71,30.72,30.65,30.66,250037
2015-12-21,30.65,30.71,30.65,30.68,364101
2015-12-22,30.68,30.72,30.63,30.7,448614
2015-12-23,30.63,30.91,30.63,30.85,2415940
2015-12-24,30.83,30.89,30.740099999999998,30.885,152237
2015-12-28,30.83,30.92,30.83,30.92,374198
2015-12-29,30.76,30.8099,30.71,30.77,437379
2015-12-30,30.77,30.85,30.75,30.78,418534
2015-12-31,30.86,30.93,30.83,30.88,384192
2016-01-04,30.89,30.99,30.8799,30.99,3832803
2016-01-05,30.99,31.0,30.95,30.98,848223
2016-01-06,31.02,31.12,30.992,31.11,725096
2016-01-07,31.15,31.15,31.0,31.07,404722
2016-01-08,31.06,31.15,31.05,31.11,642764
2016-01-11,31.01,31.09,31.01,31.06,551630
2016-01-12,30.99,31.16,30.95,31.13,417898
2016-01-13,31.12,31.14,31.01,31.05,399199
2016-01-14,31.05,31.1199,30.9925,31.04,513302
2016-01-15,31.14,31.1499,31.0038,31.11,537935
2016-01-19,31.06,31.09,31.0,31.04,691374
2016-01-20,31.1,31.18,31.04,31.1,668622
2016-01-21,31.12,31.17,31.05,31.14,355310
2016-01-22,31.11,31.12,31.041,31.1,330629
2016-01-25,31.12,31.15,31.08,31.1,977036
2016-01-26,31.1,31.14,31.08,31.14,322909
2016-01-27,31.09,31.1399,31.05,31.11,341835
2016-01-28,31.08,31.095,31.04,31.09,321875
2016-01-29,31.1,31.15,31.0699,31.11,421026
2016-02-01,31.04,31.04,30.93,30.99,441467
2016-02-02,31.05,31.08,30.9901,31.07,563744
2016-02-03,31.07,31.09,31.05,31.07,363381
2016-02-04,31.09,31.1,31.03,31.05,453474
2016-02-05,31.16,31.16,31.03,31.14,306552
2016-02-08,31.23,31.23,31.1,31.18,666531
2016-02-09,31.21,31.21,31.12,31.17,287235
2016-02-10,31.15,31.17,31.08,31.15,444967
2016-02-11,31.23,31.23,30.98,31.04,1267670
2016-02-12,31.03,31.05,30.98,31.03,345453
2016-02-16,31.01,31.11,31.005,31.1,502232
2016-02-17,31.05,31.145,31.04,31.14,571483
2016-02-18,31.14,31.28,31.0801,31.28,536278
2016-02-19,31.17,31.24,31.15,31.2,439209
2016-02-22,31.19,31.19,31.1,31.1,568674
2016-02-23,31.11,31.18,31.07,31.15,407589
2016-02-24,31.11,31.19,31.02,31.06,587583
2016-02-25,31.08,31.15,31.033,31.15,376538
2016-02-26,31.12,31.2099,31.0601,31.11,295047
2016-02-29,31.13,31.13,31.104,31.11,370974
2016-03-01,31.07,31.07,30.98,31.02,991906
2016-03-02,30.98,31.01,30.904,30.96,642229
2016-03-03,30.96,31.01,30.95,30.97,451268
2016-03-04,30.98,31.0195,30.9275,30.97,628087
2016-03-07,31.0,31.02,30.94,30.99,404736
2016-03-08,31.07,31.08,31.0125,31.07,411859
2016-03-09,31.04,31.07,30.9772,31.05,329203
2016-03-10,31.06,31.08,31.01,31.01,654190
2016-03-11,31.05,31.06,31.01,31.02,318888
2016-03-14,31.06,31.1,31.02,31.09,440676
2016-03-15,31.09,31.0999,31.03,31.06,380087
2016-03-16,31.07,31.13,31.05,31.13,407483
2016-03-17,31.13,31.19,31.1166,31.18,305927
2016-03-18,31.18,31.22,31.15,31.2,372468
2016-03-21,31.2,31.22,31.09,31.18,1222794
2016-03-22,31.18,31.22,31.16,31.2,814271
2016-03-23,31.19,31.25,31.1638,31.23,1263672
2016-03-24,31.25,31.26,31.15,31.18,439585
2016-03-28,31.22,31.22,31.18,31.2,476668
2016-03-29,31.23,31.2999,31.18,31.26,452040
2016-03-30,31.29,31.29,31.23,31.26,379239
2016-03-31,31.2,31.34,31.2,31.34,824124
2016-04-01,31.29,31.3,31.0,31.06,3939317
2016-04-04,31.18,31.19,31.0,31.1,3660492
2016-04-05,31.2,31.327,31.15,31.22,733996
2016-04-06,31.24,31.27,31.201,31.25,480246
2016-04-07,31.34,31.34,31.26,31.31,618682
2016-04-08,31.31,31.32,31.19,31.2,1202931
2016-04-11,31.32,31.32,31.2,31.28,1136197
2016-04-12,31.31,31.31,31.24,31.24,599051
2016-04-13,31.31,31.42,31.24,31.42,841406
2016-04-14,31.38,31.44,31.35,31.42,596047
2016-04-15,31.44,31.48,31.41,31.44,246493
2016-04-18,31.43,31.47,31.38,31.44,372040
2016-04-19,31.46,31.46,31.39,31.43,293209
2016-04-20,31.44,31.49,31.4348,31.49,340645
2016-04-21,31.47,31.48,31.44,31.47,443553
2016-04-22,31.47,31.4976,31.44,31.47,199370
2016-04-25,31.47,31.49,31.44,31.48,521870
2016-04-26,31.5,31.5399,31.44,31.5,401899
2016-04-27,31.51,31.65,31.495,31.65,1089858
2016-04-28,31.62,31.68,31.56,31.68,450370
2016-04-29,31.71,31.71,31.5811,31.67,312385
2016-05-02,31.62,31.62,31.48,31.48,585492
2016-05-03,31.62,31.663,31.53,31.61,367330
2016-05-04,31.57,31.649,31.56,31.57,345764
2016-05-05,31.58,31.6,31.57,31.57,660243
2016-05-06,31.62,31.6305,31.57,31.63,243927
2016-05-09,31.63,31.6799,31.56,31.61,314709
2016-05-10,31.63,31.68,31.56,31.63,428515
2016-05-11,31.66,31.6953,31.625,31.65,327371
2016-05-12,31.64,31.67,31.6,31.62,377305
2016-05-13,31.69,31.77,31.636,31.77,630585
2016-05-16,31.76,31.774,31.67,31.76,469677
2016-05-17,31.79,31.8099,31.7301,31.8,373485
2016-05-18,31.81,31.8399,31.705,31.74,489988
2016-05-19,31.76,31.82,31.7,31.8,639389
2016-05-20,31.81,31.868,31.76,31.85,354784
2016-05-23,31.88,31.89,31.8101,31.87,461575
2016-05-24,31.85,31.87,31.789,31.87,809615
2016-05-25,31.85,31.88,31.83,31.85,660049
2016-05-26,31.88,31.88,31.8,31.85,624451
2016-05-27,31.87,31.88,31.84,31.88,175161
2016-05-31,31.84,31.87,31.8,31.85,570832
2016-06-01,31.78,31.78,31.71,31.74,369645
2016-06-02,31.75,31.76,31.7133,31.72,442083
2016-06-03,31.8,31.82,31.74,31.78,342954
2016-06-06,31.76,31.78,31.74,31.74,342826
2016-06-07,31.78,31.79,31.75,31.77,268068
2016-06-08,31.78,31.8,31.766,31.79,214765
2016-06-09,31.81,31.84,31.76,31.84,465855
2016-06-10,31.83,31.93,31.83,31.85,227204
2016-06-13,31.95,31.98,31.91,31.92,279192
2016-06-14,31.97,32.0,31.9296,31.98,287519
2016-06-15,31.97,32.03,31.925,31.94,560532
2016-06-16,31.98,32.0399,31.91,31.92,646988
2016-06-17,31.95,32.0,31.8,31.93,733915
2016-06-20,32.0,32.04,31.8801,31.95,357740
2016-06-21,32.0,32.05,31.95,32.03,278974
2016-06-22,32.08,32.08,32.02,32.08,290436
2016-06-23,32.03,32.08,32.01,32.04,282330
2016-06-24,32.15,32.18,32.08,32.14,494037
2016-06-27,32.22,32.31,32.17,32.245,1043053
2016-06-28,32.3,32.37,32.25,32.335,1239734
2016-06-29,32.35,32.38,32.31,32.33,1209323
2016-06-30,32.34,32.36,32.26,32.32,862696
2016-07-01,32.3,32.3,32.2,32.2,627591
2016-07-05,32.28,32.28,32.2,32.22,528143
2016-07-06,32.27,32.3,32.23,32.3,446595
2016-07-07,32.3,32.3,32.25,32.28,326807
2016-07-08,32.31,32.36,32.27,32.36,432520
2016-07-11,32.32,32.336,32.3,32.32,460624
2016-07-12,32.3,32.31,32.205,32.22,536238
2016-07-13,32.3,32.3,32.23,32.24,247333
2016-07-14,32.25,32.26,32.2,32.22,423281
2016-07-15,32.22,32.29,32.2,32.25,1621388
2016-07-18,32.26,32.3,32.2,32.23,427177
2016-07-19,32.23,32.3,32.22,32.23,243831
2016-07-20,32.23,32.28,32.17,32.28,547165
2016-07-21,32.24,32.285,32.201,32.25,210991
2016-07-22,32.27,32.3,32.2,32.28,617813
2016-07-25,32.3,32.31,32.27,32.27,296672
2016-07-26,32.29,32.33,32.27,32.32,748380
2016-07-27,32.31,32.33,32.3,32.32,610975
2016-07-28,32.33,32.335,32.3,32.33,655810
2016-07-29,32.33,32.36,32.305,32.34,345744
2016-08-01,32.22,32.24,32.18,32.19,474021
2016-08-02,32.16,32.2,32.15,32.19,958810
2016-08-03,32.15,32.24,32.13,32.21,357558
2016-08-04,32.2,32.27,32.18,32.26,794046
2016-08-05,32.21,32.25,32.16,32.21,510945
2016-08-08,32.2,32.23,32.16,32.23,331153
2016-08-09,32.22,32.25,32.1901,32.25,350661
2016-08-10,32.24,32.3,32.23,32.3,274890
2016-08-11,32.28,32.2899,32.24,32.25,266856
2016-08-12,32.27,32.33,32.22,32.32,379907
2016-08-15,32.28,32.3142,32.25,32.28,215773
2016-08-16,32.31,32.33,32.2,32.24,795864
2016-08-17,32.27,32.3,32.2,32.22,398534
2016-08-18,32.25,32.32,32.25,32.3,218218
2016-08-19,32.31,32.314,32.2,32.23,992177
2016-08-22,32.32,32.33,32.25,32.32,638761
2016-08-23,32.32,32.34,32.26,32.34,253748
2016-08-24,32.34,32.3499,32.27,32.33,280597
2016-08-25,32.31,32.34,32.28,32.34,245416
2016-08-26,32.36,32.37,32.29,32.31,420289
2016-08-29,32.39,32.42,32.32,32.39,775018
2016-08-30,32.37,32.4099,32.32,32.37,450497
2016-08-31,32.39,32.4,32.34,32.4,335271
2016-09-01,32.27,32.28,32.24,32.27,352528
2016-09-02,32.25,32.28,32.22,32.22,263514
2016-09-06,32.28,32.32,32.24,32.32,401253
2016-09-07,32.32,32.34,32.29,32.32,405413
2016-09-08,32.3,32.33,32.21,32.28,384925
2016-09-09,32.27,32.3099,32.21,32.24,699096
2016-09-12,32.26,32.32,32.2472,32.29,821361
2016-09-13,32.3,32.3095,32.2,32.23,387338
2016-09-14,32.21,32.3,32.2,32.26,619699
2016-09-15,32.2,32.288,32.2,32.22,385154
2016-09-16,32.25,32.272,32.21,32.25,274452
2016-09-19,32.22,32.275,32.21,32.27,242688
2016-09-20,32.29,32.3,32.24,32.25,576753
2016-09-21,32.27,32.27,32.175,32.26,439949
2016-09-22,32.24,32.29,32.23,32.28,547157
2016-09-23,32.24,32.29,32.22,32.25,204370
2016-09-26,32.26,32.29,32.26,32.28,165888
2016-09-27,32.29,32.31,32.27,32.3,155383
2016-09-28,32.29,32.3299,32.28,32.31,340925
2016-09-29,32.26,32.29,32.25,32.29,381126
2016-09-30,32.27,32.314,32.25,32.25,617270
2016-10-03,32.18,32.25,32.01,32.01,1964827
2016-10-04,32.07,32.1,31.97,31.97,741653
2016-10-05,32.0,32.05,31.93,31.93,876320
2016-10-06,31.98,32.02,31.924,31.97,576496
2016-10-07,31.98,32.06,31.89,31.95,393504
2016-10-10,31.93,31.9896,31.86,31.94,335541
2016-10-11,31.89,31.96,31.72,31.74,1521149
2016-10-12,31.74,31.8,31.67,31.7,387585
2016-10-13,31.68,31.76,31.63,31.69,838019
2016-10-14,31.65,31.675,31.53,31.53,757697
2016-10-17,31.56,31.63,31.46,31.47,542684
2016-10-18,31.48,31.75,31.48,31.64,765367
2016-10-19,31.61,31.727,31.5836,31.71,398020
2016-10-20,31.7,31.73,31.66,31.7,239337
2016-10-21,31.72,31.75,31.68,31.73,195317
2016-10-24,31.76,31.76,31.66,31.66,291118
2016-10-25,31.7,31.72,31.66,31.72,326704
2016-10-26,31.68,31.71,31.635,31.67,355913
2016-10-27,31.62,31.6527,31.58,31.58,395933
2016-10-28,31.57,31.635,31.56,31.61,244748
2016-10-31,31.64,31.66,31.59,31.64,369200
2016-11-01,31.54,31.54,31.46,31.48,566561
2016-11-02,31.48,31.5,31.38,31.41,998561
2016-11-03,31.41,31.5,31.38,31.5,607966
2016-11-04,31.52,31.56,31.46,31.5,406011
2016-11-07,31.5,31.5,31.394,31.44,376209
2016-11-08,31.45,31.509900000000002,31.39,31.39,207050
2016-11-09,31.33,31.34,30.98,31.09,1150268
2016-11-10,30.95,31.1299,29.66,30.16,2785329
2016-11-11,30.16,30.3925,30.01,30.11,1467346
2016-11-14,29.81,30.033,29.2799,29.39,2669150
2016-11-15,29.5,29.84,29.48,29.69,1080863
2016-11-16,29.64,29.75,29.44,29.47,1247798
2016-11-17,29.45,29.66,29.35,29.4,1480134
2016-11-18,29.44,29.79,29.44,29.74,861794
2016-11-21,29.66,29.77,29.593,29.73,975773
2016-11-22,29.65,29.75,29.37,29.42,1248993
2016-11-23,29.44,29.4655,29.1,29.21,1543829
2016-11-25,29.1,29.4,29.1,29.35,238673
2016-11-28,29.35,29.39,29.2405,29.3,493068
2016-11-29,29.15,29.33,28.96,29.09,1193047
2016-11-30,29.07,29.1095,28.66,28.75,6884428
2016-12-01,28.62,28.84,28.33,28.6,1633096
2016-12-02,28.51,28.94,28.51,28.94,4182684
2016-12-05,28.93,28.95,28.77,28.85,1479073
2016-12-06,28.94,29.26,28.89,29.26,1683737
2016-12-07,29.36,29.6,29.3,29.58,1203649
2016-12-08,29.48,29.525,29.3802,29.46,1097811
2016-12-09,29.45,29.52,29.2111,29.25,1291393
2016-12-12,29.25,29.41,29.0312,29.33,1884401
2016-12-13,29.3,29.415,29.241,29.36,2139452
2016-12-14,29.38,29.53,29.3,29.31,1217753
2016-12-15,29.31,29.31,29.13,29.2,1105257
2016-12-16,29.16,29.29,29.1401,29.21,689485
2016-12-19,29.2,29.349,29.2,29.33,839911
2016-12-20,29.3,29.33,29.11,29.2,1130567
2016-12-21,29.16,29.41,29.12,29.28,1194829
2016-12-22,29.3,29.36,29.2,29.31,1095572
2016-12-23,29.24,29.383,29.18,29.27,1337710
2016-12-27,29.2,29.35,29.2,29.24,1202527
2016-12-28,29.27,29.58,29.2,29.57,2155841
2016-12-29,29.5,29.62,29.45,29.59,1387867
2016-12-30,29.6,29.68,29.5,29.68,1006188
2017-01-03,29.62,29.68,29.53,29.63,762959
2017-01-04,29.59,29.7,29.573,29.68,697870
2017-01-05,29.72,29.82,29.7,29.77,420775
2017-01-06,29.78,29.85,29.72,29.79,622603
2017-01-09,29.9,29.93,29.8,29.92,446012
2017-01-10,29.84,29.95,29.81,29.91,288761
2017-01-11,29.97,30.09,29.87,30.05,684609
2017-01-12,30.08,30.17,30.05,30.17,837409
2017-01-13,30.14,30.19,30.09,30.16,554613
2017-01-17,30.19,30.24,30.13,30.18,821464
2017-01-18,30.12,30.19,30.08,30.12,543001
2017-01-19,30.07,30.13,29.94,30.06,610650
2017-01-20,30.0,30.03,29.9004,30.02,530581
2017-01-23,29.93,30.04,29.87,29.88,600445
2017-01-24,29.96,30.0,29.79,29.87,958381
2017-01-25,29.88,29.93,29.8583,29.9,515666
2017-01-26,29.95,30.02,29.85,30.01,2064736
2017-01-27,30.01,30.02,29.93,30.02,614576
2017-01-30,29.99,30.0598,29.94,29.94,1239915
2017-01-31,30.0,30.07,29.973,30.06,574678
2017-02-01,29.86,29.88,29.8,29.87,700913
2017-02-02,29.86,29.97,29.84,29.92,447158
2017-02-03,29.95,30.02,29.93,29.98,357955
2017-02-06,30.01,30.04,29.97,30.04,393710
2017-02-07,30.01,30.06,29.95,30.06,371419
2017-02-08,30.06,30.09,30.01,30.05,586375
2017-02-09,30.0,30.07,29.99,30.06,459127
2017-02-10,30.05,30.07,30.0,30.04,426965
2017-02-13,30.03,30.09,30.02,30.09,1192056
2017-02-14,30.18,30.24,30.12,30.19,351201
2017-02-15,30.14,30.22,30.13,30.17,372222
2017-02-16,30.2,30.23,30.17,30.17,470923
2017-02-17,30.22,30.3,30.18,30.26,682311
2017-02-21,30.21,30.32,30.21,30.26,817285
2017-02-22,30.26,30.33,30.25,30.33,580492
2017-02-23,30.36,30.38,30.32,30.35,319078
2017-02-24,30.38,30.41,30.35,30.4,471191
2017-02-27,30.38,30.39,30.35,30.38,327352
2017-02-28,30.41,30.44,30.38,30.39,351029
2017-03-01,30.19,30.28,30.14,30.28,580091
2017-03-02,30.19,30.27,30.13,30.18,765583
2017-03-03,30.14,30.18,30.12,30.18,473115
2017-03-06,30.14,30.25,30.1,30.2,295883
2017-03-07,30.18,30.24,30.13,30.24,459899
2017-03-08,30.18,30.2,30.11,30.12,552151
2017-03-09,30.05,30.14,29.85,29.85,745408
2017-03-10,30.03,30.11,29.92,29.96,750400
2017-03-13,30.06,30.14,29.97,30.06,711210
2017-03-14,30.06,30.1,29.99,30.05,646440
2017-03-15,30.03,30.27,30.01,30.25,709593
2017-03-16,30.25,30.3,30.23,30.3,316495
2017-03-17,30.27,30.35,30.27,30.3,505576
2017-03-20,30.35,30.35,30.28,30.33,370705
2017-03-21,30.25,30.37,30.23,30.35,335228
2017-03-22,30.37,30.4,30.36,30.38,275970
2017-03-23,30.4,30.43,30.39,30.42,384333
2017-03-24,30.41,30.46,30.36,30.45,381713
2017-03-27,30.54,30.54,30.46,30.5,833931
2017-03-28,30.49,30.56,30.48,30.55,489744
2017-03-29,30.58,30.58,30.5,30.58,421193
2017-03-30,30.51,30.57,30.51,30.56,710088
2017-03-31,30.52,30.59,30.5,30.57,578210
2017-04-03,30.5,30.61,30.46,30.59,4322928
2017-04-04,30.57,30.59,30.53,30.55,1398657
2017-04-05,30.54,30.58,30.52,30.57,974053
2017-04-06,30.59,30.64,30.55,30.59,417385
2017-04-07,30.65,30.66,30.58,30.59,583271
2017-04-10,30.66,30.69,30.61,30.68,1236143
2017-04-11,30.7,30.72,30.66,30.72,486234
2017-04-12,30.71,30.78,30.71,30.74,840992
2017-04-13,30.75,30.79,30.73,30.77,606956
2017-04-17,30.79,30.8,30.73,30.76,783321
2017-04-18,30.78,30.87,30.76,30.87,627576
2017-04-19,30.83,30.87,30.77,30.84,430200
2017-04-20,30.83,30.85,30.79,30.82,684485
2017-04-21,30.84,30.86,30.8,30.84,686469
2017-04-24,30.78,30.82,30.74,30.77,1151059
2017-04-25,30.76,30.77,30.65,30.65,626705
2017-04-26,30.67,30.72,30.63,30.65,509125
2017-04-27,30.65,30.73,30.63,30.73,715942
2017-04-28,30.71,30.74,30.63,30.66,835562
2017-05-01,30.66,30.7,30.56,30.58,439915
2017-05-02,30.62,30.66,30.58,30.65,305779
2017-05-03,30.66,30.66,30.53,30.54,1249164
2017-05-04,30.59,30.6,30.56,30.6,504162
2017-05-05,30.62,30.64,30.56,30.6,252172
2017-05-08,30.6,30.64,30.57,30.6,290202
2017-05-09,30.61,30.65,30.58,30.62,472077
2017-05-10,30.65,30.66,30.63,30.66,241911
2017-05-11,30.64,30.69,30.62,30.69,247807
2017-05-12,30.74,30.75,30.69,30.75,186971
2017-05-15,30.77,30.78,30.73,30.78,421951
2017-05-16,30.78,30.83,30.77,30.8,344672
2017-05-17,30.88,30.93,30.83,30.92,494409
2017-05-18,30.93,30.94,30.88,30.93,416010
2017-05-19,30.95,30.95,30.89,30.93,220316
2017-05-22,30.93,30.96,30.9,30.96,268490
2017-05-23,30.99,31.0,30.95,30.98,241252
2017-05-24,30.99,31.0,30.94,30.96,347110
2017-05-25,30.97,31.0,30.95,30.98,316279
2017-05-26,30.99,31.02,30.94,30.94,278100
2017-05-30,31.05,31.08,30.98,31.06,248235
2017-05-31,31.05,31.13,31.05,31.11,264927
2017-06-01,30.99,31.04,30.9,31.04,477435
2017-06-02,31.09,31.09,31.04,31.08,312388
2017-06-05,31.08,31.09,30.98,31.02,571468
2017-06-06,31.11,31.11,31.04,31.05,490153
2017-06-07,31.08,31.11,30.99,31.04,259572
2017-06-08,31.05,31.08,30.96,31.01,484498
2017-06-09,30.96,31.0,30.93,31.0,370238
2017-06-12,31.0,31.01,30.96,31.0,470890
2017-06-13,30.99,31.01,30.98,31.0,278462
2017-06-14,31.05,31.1,31.02,31.04,258709
2017-06-15,31.04,31.06,30.98,31.0,272271
2017-06-16,31.01,31.04,31.0,31.04,203444
2017-06-19,31.01,31.08,31.01,31.02,299334
2017-06-20,31.05,31.08,31.03,31.07,381697
2017-06-21,31.04,31.05,31.0,31.04,594681
2017-06-22,31.08,31.1,31.03,31.08,338866
2017-06-23,31.05,31.07,31.0,31.06,290546
2017-06-26,31.09,31.1,31.07,31.08,146004
2017-06-27,31.06,31.09,31.01,31.04,269048
2017-06-28,31.06,31.06,30.96,31.01,408091
2017-06-29,30.95,30.95,30.79,30.82,601216
2017-06-30,30.88,30.92,30.8,30.91,483640
2017-07-03,30.69,30.86,30.22,30.49,3726401
2017-07-05,30.66,30.76,30.59,30.67,2476991
2017-07-06,30.68,30.78,30.63,30.7,1527990
2017-07-07,30.71,30.78,30.7,30.78,710267
2017-07-10,30.78,30.8,30.74,30.8,449709
2017-07-11,30.79,30.81,30.75,30.8,323313
2017-07-12,30.83,30.95,30.83,30.93,724406
2017-07-13,30.9,30.93,30.85,30.93,472528
2017-07-14,30.9,30.98,30.9,30.98,604394
2017-07-17,30.95,30.98,30.91,30.95,302247
2017-07-18,30.99,31.04,30.95,31.03,427265
2017-07-19,30.99,31.07,30.98,31.04,614358
2017-07-20,31.06,31.09,31.04,31.05,279029
2017-07-21,31.09,31.1,30.99,31.01,631299
2017-07-24,31.03,31.09,31.03,31.06,192136
2017-07-25,31.06,31.07,31.01,31.01,220597
2017-07-26,31.05,31.11,31.02,31.07,392430
2017-07-27,31.09,31.09,31.03,31.08,314387
2017-07-28,31.11,31.12,30.77,30.86,860945
2017-07-31,30.83,31.1,30.72,30.93,2387042
2017-08-01,30.83,30.98,30.74,30.82,611694
2017-08-02,30.82,30.9,30.81,30.88,210912
2017-08-03,30.93,31.03,30.91,31.03,569496
2017-08-04,30.98,30.98,30.92,30.96,197476
2017-08-07,30.99,31.04,30.98,31.04,238188
2017-08-08,31.01,31.02,30.91,30.99,402869
2017-08-09,31.01,31.04,30.96,30.98,181686
2017-08-10,31.0,31.05,30.96,31.0,278680
2017-08-11,31.02,31.03,30.97,31.0,329665
2017-08-14,31.02,31.04,31.0,31.04,355082
2017-08-15,31.03,31.04,31.0,31.0,172405
2017-08-16,31.06,31.14,31.0,31.11,473080
2017-08-17,31.1,31.16,31.08,31.14,239564
2017-08-18,31.14,31.23,31.11,31.16,247333
2017-08-21,31.16,31.26,31.15,31.26,324672
2017-08-22,31.23,31.24,31.17,31.2,637741
2017-08-23,31.18,31.26,31.18,31.26,617023
2017-08-24,31.24,31.28,31.21,31.27,580067
2017-08-25,31.29,31.34,31.25,31.34,315685
2017-08-28,31.35,31.35,31.26,31.32,369263
2017-08-29,31.36,31.4,31.3131,31.39,327726
2017-08-30,31.4,31.44,31.36,31.42,583036
2017-08-31,31.42,31.45,31.39,31.41,392483
2017-09-01,31.38,31.3985,31.28,31.34,405104
2017-09-05,31.36,31.42,31.35,31.42,454386
2017-09-06,31.41,31.42,31.37,31.37,327237
2017-09-07,31.44,31.47,31.4,31.42,292436
2017-09-08,31.42,31.46,31.34,31.39,332047
2017-09-11,31.4,31.4,31.3,31.32,263945
2017-09-12,31.35,31.35,31.26,31.3,308198
2017-09-13,31.3,31.35,31.28,31.31,189606
2017-09-14,31.28,31.33,31.27,31.32,189368
2017-09-15,31.3,31.3427,31.26,31.27,210355
2017-09-18,31.31,31.34,31.27,31.34,163720
2017-09-19,31.35,31.35,31.27,31.29,202034
2017-09-20,31.32,31.34,31.25,31.3,228047
2017-09-21,31.29,31.33,31.22,31.33,435390
2017-09-22,31.31,31.38,31.26,31.31,304547
2017-09-25,31.33,31.37,31.32,31.37,200023
2017-09-26,31.28,31.33,31.27,31.33,644002
2017-09-27,31.27,31.31,31.25,31.28,521160
2017-09-28,31.26,31.3,31.25,31.3,297743
2017-09-29,31.29,31.31,31.25,31.31,507046
