2011-11-17,24.8,24.81,24.68,24.68,6950
2011-11-18,25.1,25.1,24.74,24.74,13951
2011-11-21,25.9,26.01,24.36,24.474,18097
2011-11-22,24.4155,24.452,24.386,24.44,2322
2011-11-23,24.169,24.169,24.106,24.133,2036
2011-11-25,24.2,24.2,24.06,24.098,3965
2011-11-28,24.75,24.75,24.32,24.32,4348
2011-11-29,24.65,24.65,24.447,24.4799,2930
2011-11-30,25.4,25.4,24.81,24.87,1561
2011-12-01,24.98,24.98,24.78,24.82,19665
2011-12-02,25.36,25.36,24.5,24.94,37607
2011-12-05,25.25,25.25,24.9,24.9,18549
2011-12-06,24.9,25.07,24.9,25.06,23008
2011-12-07,25.0,25.09,24.96,25.0,7042
2011-12-08,24.95,24.95,24.751,24.804,14800
2011-12-09,24.8,24.922,24.8,24.922,11100
2011-12-12,25.23,25.23,24.5255,24.6048,4020
2011-12-13,24.5512,24.66,24.45,24.454,13743
2011-12-14,24.32,24.32,24.16,24.16,9480
2011-12-15,24.66,24.66,24.25,24.3199,17924
2011-12-16,24.36,24.36,24.23,24.29,15862
2011-12-19,24.36,24.36,24.36,24.36,200
2011-12-20,24.71,24.72,24.71,24.72,1900
2011-12-21,24.7,24.841,24.636400000000002,24.841,38312
2011-12-22,24.841,24.841,24.841,24.841,0
2011-12-23,25.07,25.11,25.0543,25.11,2494
2011-12-27,24.98,24.98,24.86,24.89,20300
2011-12-28,24.87,24.89,24.85,24.89,1050
2011-12-29,24.93,24.93,24.8016,24.8016,8937
2011-12-30,24.89,25.02,24.89,25.02,3835
2012-01-03,25.6,25.6,25.1001,25.18,3949
2012-01-04,25.1,25.25,25.1,25.228,15650
2012-01-05,25.0,25.11,25.0,25.0705,8935
2012-01-06,24.98,25.03,24.95,24.9999,13100
2012-01-09,25.0,25.15,24.9597,25.15,10887
2012-01-10,25.5,25.99,25.24,25.63,2365096
2012-01-11,25.57,25.57,25.35,25.44,837662
2012-01-12,25.57,25.58,25.38,25.56,56080
2012-01-13,25.57,25.8,25.04,25.3,75839
2012-01-17,25.66,25.66,25.3,25.33,33452
2012-01-18,25.47,25.67,25.4,25.67,30599
2012-01-19,25.79,25.79,25.5101,25.6699,16870
2012-01-20,25.9,25.9,25.55,25.76,65250
2012-01-23,26.46,26.46,25.6201,25.9,15503
2012-01-24,26.0,26.0,25.58,25.82,4436
2012-01-25,25.55,25.97,25.55,25.97,50370
2012-01-26,25.99,26.01,25.83,25.83,14735
2012-01-27,25.83,25.92,25.8064,25.8401,23979
2012-01-30,25.86,25.92,25.747,25.7701,20839
2012-01-31,25.8501,25.94,25.85,25.899,15755
2012-02-01,26.0012,26.11,26.0,26.042,5367
2012-02-02,26.0845,26.12,26.0201,26.0201,10224
2012-02-03,26.32,26.347,26.23,26.23,13086
2012-02-06,26.29,26.33,26.1301,26.26,21235
2012-02-07,26.38,26.38,26.1701,26.171,9308
2012-02-08,26.77,26.77,26.18,26.45,18049
2012-02-09,26.42,26.42,26.2301,26.37,11761
2012-02-10,27.06,27.06,25.9325,25.96,23957
2012-02-13,26.56,26.56,26.0001,26.11,8600
2012-02-14,26.14,26.16,25.86,25.935,17032
2012-02-15,26.14,26.14,25.9,25.9675,35333
2012-02-16,25.81,26.11,25.81,26.02,10351
2012-02-17,26.08,26.09,25.92,26.09,10120
2012-02-21,26.26,26.26,26.0301,26.0301,12633
2012-02-22,26.0,26.05,25.938,25.98,21724
2012-02-23,26.21,26.21,26.054,26.0812,15512
2012-02-24,26.07,26.25,26.01,26.2394,56688
2012-02-27,26.2,26.25,25.81,25.97,37991
2012-02-28,26.15,26.28,25.81,26.26,15992
2012-02-29,26.3101,26.5199,26.19,26.2701,13646
2012-03-01,26.3,26.51,26.25,26.47,23949
2012-03-02,26.45,26.45,26.1801,26.37,16320
2012-03-05,26.21,26.28,26.21,26.2101,9900
2012-03-06,26.21,26.21,25.7701,25.8001,14998
2012-03-07,25.8,26.0699,25.8,26.03,9846
2012-03-08,26.0694,26.2799,26.0694,26.2799,6166
2012-03-09,26.26,26.27,26.1501,26.1601,21191
2012-03-12,26.15,26.15,26.0601,26.1275,10122
2012-03-13,26.22,26.3,26.02,26.13,34448
2012-03-14,26.1,26.26,25.96,26.098,12450
2012-03-15,26.13,26.2399,26.0301,26.19,41339
2012-03-16,26.24,26.24,26.01,26.164,16209
2012-03-19,25.99,26.38,25.99,26.2716,5930
2012-03-20,26.0,26.22,26.0,26.1054,17000
2012-03-21,26.38,26.38,25.99,26.0501,26633
2012-03-22,25.99,25.99,25.8,25.8244,20991
2012-03-23,25.84,25.97,25.764,25.97,12966
2012-03-26,26.66,26.66,25.912,26.21,19869
2012-03-27,26.66,26.66,25.9201,25.9201,16351
2012-03-28,26.16,26.16,25.761,25.81,14170
2012-03-29,25.75,26.022,25.7,26.022,9216
2012-03-30,26.46,26.46,25.94,26.0101,16712
2012-04-02,25.9699,26.11,25.9,26.03,16174
2012-04-03,26.06,26.15,25.8422,26.1,15663
2012-04-04,26.09,26.09,25.7301,25.7321,12136
2012-04-05,25.75,26.02,25.75,25.7501,7583
2012-04-09,25.7619,25.8899,25.75,25.86,12469
2012-04-10,25.86,26.06,25.51,25.76,19865
2012-04-11,26.16,26.16,25.61,25.612,9462
2012-04-12,26.16,26.16,25.89,26.05,49063
2012-04-13,26.45,26.45,25.974,26.0,37199
2012-04-16,25.92,26.1,25.81,26.0399,27889
2012-04-17,26.2999,26.2999,26.2123,26.2123,6917
2012-04-18,26.22,26.32,26.01,26.0301,9664
2012-04-19,26.12,26.19,26.0399,26.11,7520
2012-04-20,26.34,26.49,26.18,26.31,19766
2012-04-23,26.02,26.481,26.0,26.23,25837
2012-04-24,26.13,26.312,26.13,26.29,9311
2012-04-25,26.28,26.5,26.28,26.39,15984
2012-04-26,26.384,26.52,26.35,26.472,16588
2012-04-27,26.58,26.59,26.498,26.56,7664
2012-04-30,26.47,26.649,26.3,26.62,22317
2012-05-01,26.45,26.83,26.39,26.43,33443
2012-05-02,26.62,26.62,26.25,26.54,17557
2012-05-03,26.5599,26.5599,26.31,26.31,6144
2012-05-04,26.11,26.29,26.11,26.1601,8995
2012-05-07,26.1801,26.3128,26.16,26.2644,5665
2012-05-08,26.0,26.15,26.0,26.124,17747
2012-05-09,26.0,26.09,25.8601,26.03,31024
2012-05-10,26.1299,26.56,25.96,26.12,22106
2012-05-11,25.82,26.44,25.82,26.04,21170
2012-05-14,26.04,26.05,25.89,25.89,120561
2012-05-15,26.11,26.11,25.75,25.8,51817
2012-05-16,25.73,25.78,25.581,25.642,21580
2012-05-17,25.56,25.56,25.33,25.4032,15979
2012-05-18,25.27,25.42,25.15,25.15,22350
2012-05-21,25.38,25.86,25.36,25.65,23142
2012-05-22,25.8,25.8,25.1301,25.22,10882
2012-05-23,25.32,25.85,24.9,24.96,67748
2012-05-24,25.02,25.278,24.8,24.8,24782
2012-05-25,25.0301,25.1099,25.0001,25.0393,12065
2012-05-29,25.44,25.44,25.0,25.096,10576
2012-05-30,25.07,25.07,24.75,24.9599,18825
2012-05-31,24.78,25.0,24.68,24.7801,26719
2012-06-01,24.6599,24.6599,24.33,24.4872,15326
2012-06-04,24.76,24.76,24.24,24.4533,11870
2012-06-05,24.47,24.49,24.3506,24.49,11007
2012-06-06,24.5632,24.79,24.4601,24.7862,17004
2012-06-07,24.66,25.46,24.41,24.88,14600
2012-06-08,25.01,25.01,24.63,24.91,9349
2012-06-11,25.22,25.22,24.75,24.7936,9893
2012-06-12,24.8105,24.96,24.67,24.75,17694
2012-06-13,24.76,25.01,24.56,24.7382,27466
2012-06-14,24.92,24.97,24.6935,24.8401,10107
2012-06-15,24.9,25.23,24.7801,24.8601,35895
2012-06-18,24.7917,25.01,24.76,24.9199,9305
2012-06-19,24.92,25.26,24.92,25.1,53430
2012-06-20,25.19,25.215,24.7501,24.97,7122
2012-06-21,25.09,25.0999,24.6701,24.6701,9178
2012-06-22,24.57,24.96,24.57,24.9035,5889
2012-06-25,24.35,24.91,24.35,24.868,12307
2012-06-26,24.9,25.11,24.86,25.1,14981
2012-06-27,25.07,25.07,24.891,24.9301,15428
2012-06-28,24.75,24.93,24.75,24.778,13622
2012-06-29,25.1,25.33,25.1,25.1201,8937
2012-07-02,25.31,25.31,25.1401,25.2899,9914
2012-07-03,25.43,25.51,25.37,25.4268,13251
2012-07-05,25.58,25.58,25.3,25.4099,26432
2012-07-06,25.13,25.33,25.13,25.2903,10098
2012-07-09,25.42,25.42,25.142,25.2999,8595
2012-07-10,25.27,25.32,25.0601,25.0601,10551
2012-07-11,25.32,25.3285,25.1801,25.3089,5810
2012-07-12,25.1676,25.32,25.0904,25.2101,9306
2012-07-13,25.4495,25.4495,25.35,25.3501,3932
2012-07-16,25.4687,25.4999,25.3773,25.4001,5299
2012-07-17,25.29,25.63,25.29,25.466,17194
2012-07-18,25.75,25.75,25.5169,25.67,9113
2012-07-19,25.51,25.75,25.51,25.69,19311
2012-07-20,25.48,25.74,25.48,25.4901,9207
2012-07-23,25.55,25.55,25.3602,25.49,10892
2012-07-24,25.49,25.52,25.23,25.32,23320
2012-07-25,25.4999,25.509900000000002,25.28,25.37,8868
2012-07-26,25.65,25.75,25.5901,25.66,43050
2012-07-27,25.75,25.92,25.7101,25.92,28113
2012-07-30,25.9099,25.98,25.78,25.85,22240
2012-07-31,25.94,26.05,25.8301,25.91,16018
2012-08-01,25.89,26.04,25.8,25.91,22134
2012-08-02,25.79,26.0,25.72,25.8499,51490
2012-08-03,25.88,26.25,25.88,26.0001,20021
2012-08-06,26.0101,26.245,26.01,26.05,10303
2012-08-07,25.9,26.1,25.9,26.005,10328
2012-08-08,26.14,26.2,25.9001,26.2,4045
2012-08-09,26.47,26.47,26.102,26.3499,20057
2012-08-10,26.25,26.465,26.2099,26.41,10340
2012-08-13,26.4,26.73,25.8801,26.13,99621
2012-08-14,26.8,26.8,25.92,26.0101,24934
2012-08-15,26.315,26.3499,26.07,26.3499,5229
2012-08-16,26.35,26.48,26.1,26.382,53127
2012-08-17,26.38,26.85,26.08,26.27,7542
2012-08-20,26.4,26.4,26.14,26.39,23882
2012-08-21,26.27,26.45,26.1101,26.34,9470
2012-08-22,26.27,26.419,26.0201,26.39,9834
2012-08-23,26.37,26.38,26.12,26.34,7914
2012-08-24,26.36,26.4799,26.07,26.27,15230
2012-08-27,26.32,26.36,26.062,26.3,10032
2012-08-28,26.3699,26.3699,26.18,26.202,7492
2012-08-29,26.08,26.47,26.08,26.35,43253
2012-08-30,26.4,26.4,26.1201,26.24,26624
2012-08-31,26.44,26.4676,26.22,26.22,8743
2012-09-04,26.32,26.34,26.08,26.11,14713
2012-09-05,25.95,26.2683,25.95,26.15,10845
2012-09-06,26.08,26.4099,26.08,26.38,17378
2012-09-07,26.3595,26.56,26.311,26.34,40505
2012-09-10,26.49,26.49,26.21,26.2101,34449
2012-09-11,26.25,26.5399,26.25,26.44,11345
2012-09-12,26.6392,26.64,26.42,26.5387,16929
2012-09-13,26.48,26.81,26.48,26.81,13702
2012-09-14,26.88,27.0,26.6501,26.6501,17165
2012-09-17,26.7,26.8523,26.48,26.5448,43119
2012-09-18,26.6579,26.67,26.561,26.6199,8840
2012-09-19,26.95,26.95,26.63,26.69,13923
2012-09-20,26.5847,26.67,26.56,26.662,5724
2012-09-21,26.83,26.8699,26.5901,26.5901,6873
2012-09-24,26.5501,26.65,26.5501,26.5701,6507
2012-09-25,26.83,26.83,26.6101,26.67,16316
2012-09-26,26.575,26.63,26.56,26.63,8554
2012-09-27,26.75,26.89,26.64,26.85,23640
2012-09-28,26.7799,26.78,26.64,26.6701,6225
2012-10-01,26.7,26.76,26.5901,26.5901,120045
2012-10-02,26.85,26.85,26.56,26.68,15246
2012-10-03,26.78,26.78,26.53,26.57,24663
2012-10-04,26.63,26.81,26.53,26.63,14870
2012-10-05,26.83,27.01,26.54,26.66,22691
2012-10-08,26.77,26.77,26.47,26.6292,2976
2012-10-09,26.79,26.79,26.4401,26.4401,13960
2012-10-10,26.42,26.6199,26.42,26.54,17049
2012-10-11,26.46,26.6422,26.46,26.582,11013
2012-10-12,26.5,26.63,26.5,26.614,11331
2012-10-15,26.63,26.8,26.6,26.66,19979
2012-10-16,26.8,26.8,26.48,26.59,13019
2012-10-17,26.63,26.84,26.5318,26.7,16741
2012-10-18,26.7471,26.78,26.45,26.55,13739
2012-10-19,26.77,26.84,26.4601,26.5,23334
2012-10-22,26.52,26.5224,26.4201,26.4301,9881
2012-10-23,26.55,26.6099,26.4201,26.6099,42702
2012-10-24,26.75,26.75,26.498,26.61,20651
2012-10-25,26.7499,26.7499,26.46,26.47,8644
2012-10-26,26.69,26.72,26.4701,26.6699,15039
2012-10-31,26.66,26.96,26.327,26.64,36693
2012-11-01,26.62,26.62,26.41,26.53,147071
2012-11-02,26.7299,26.7299,26.35,26.35,28906
2012-11-05,26.5047,26.509900000000002,26.3601,26.41,31904
2012-11-06,26.57,26.78,26.46,26.5501,29403
2012-11-07,26.65,26.65,26.44,26.48,12950
2012-11-08,26.53,26.7399,26.32,26.32,28611
2012-11-09,26.43,26.53,26.2401,26.27,45261
2012-11-12,26.61,26.61,26.3501,26.42,14044
2012-11-13,26.5699,26.5699,26.3101,26.3683,12284
2012-11-14,26.56,26.6,26.41,26.41,14787
2012-11-15,26.32,26.5199,26.21,26.42,33002
2012-11-16,26.57,26.57,26.0901,26.16,39910
2012-11-19,26.14,26.595,26.14,26.42,19924
2012-11-20,26.3552,26.5873,26.3,26.5873,7318
2012-11-21,26.6399,26.66,26.38,26.54,15199
2012-11-23,26.45,26.72,26.38,26.6887,7828
2012-11-26,26.58,26.64,26.55,26.56,7147
2012-11-27,26.35,26.6399,26.35,26.55,9476
2012-11-28,26.38,26.68,26.38,26.67,9312
2012-11-29,26.7099,26.71,26.59,26.68,15548
2012-11-30,26.6201,26.73,26.611,26.73,16157
2012-12-03,26.8,26.8,26.43,26.6,36262
2012-12-04,26.79,26.82,26.6101,26.6201,16014
2012-12-05,26.6924,26.7999,26.64,26.7999,6001
2012-12-06,26.7,26.759900000000002,26.39,26.62,16606
2012-12-07,26.76,26.76,26.5601,26.5601,8878
2012-12-10,26.42,26.76,26.42,26.72,11673
2012-12-11,26.75,26.8199,26.66,26.67,12143
2012-12-12,26.93,26.93,26.7329,26.8356,11276
2012-12-13,27.0,27.11,26.8369,26.85,17075
2012-12-14,26.99,26.99,26.7005,26.8799,27070
2012-12-17,27.1,27.1,26.87,26.92,24683
2012-12-18,27.09,27.09,26.9804,27.04,22839
2012-12-19,27.0001,27.13,27.0,27.08,30084
2012-12-20,27.15,27.32,27.03,27.32,40848
2012-12-21,27.28,27.28,27.05,27.11,35356
2012-12-24,27.2,27.3,27.1301,27.2106,9789
2012-12-26,27.28,27.37,27.0,27.0,42833
2012-12-27,27.19,27.19,26.84,26.85,21279
2012-12-28,27.04,27.11,26.89,26.89,39732
2012-12-31,27.46,27.46,26.85,27.101,49857
2013-01-02,27.2,27.48,27.132,27.2156,23803
2013-01-03,27.2399,27.26,26.9601,26.9601,20598
2013-01-04,27.21,27.21,27.0401,27.0801,9307
2013-01-07,27.08,27.3,27.0,27.16,19187
2013-01-08,27.16,27.1807,27.0301,27.0301,10599
2013-01-09,27.15,27.1699,27.016,27.06,6443
2013-01-10,27.86,27.86,27.16,27.25,35885
2013-01-11,27.2,27.31,27.2,27.31,12998
2013-01-14,27.62,27.62,27.1501,27.27,53712
2013-01-15,27.1001,27.45,27.1001,27.32,12406
2013-01-16,27.25,27.29,27.12,27.15,29906
2013-01-17,27.27,27.33,27.101,27.18,77861
2013-01-18,27.26,27.47,26.99,27.01,51028
2013-01-22,27.27,27.27,27.05,27.109,20079
2013-01-23,27.24,27.24,26.921,27.05,16127
2013-01-24,26.74,27.01,26.74,26.93,17580
2013-01-25,27.01,27.01,26.8345,26.8501,19156
2013-01-28,26.93,26.97,26.783,26.9278,31183
2013-01-29,26.81,27.03,26.81,27.028,42196
2013-01-30,27.05,27.12,26.94,27.01,80854
2013-01-31,27.1325,27.32,27.1101,27.278,54006
2013-02-01,27.32,27.32,27.0801,27.3,23632
2013-02-04,27.32,27.58,27.14,27.161,66516
2013-02-05,27.4,27.4,27.06,27.2,41778
2013-02-06,27.25,27.38,27.042,27.36,27806
2013-02-07,27.44,27.44,27.19,27.291,26872
2013-02-08,27.49,27.49,27.17,27.2199,19048
2013-02-11,27.14,27.2748,27.0873,27.1499,35924
2013-02-12,27.1899,27.1899,27.0615,27.17,23959
2013-02-13,27.28,27.28,27.091,27.15,27181
2013-02-14,27.25,27.25,27.04,27.1,31446
2013-02-15,27.5,27.5,27.0,27.14,17995
2013-02-19,27.18,27.18,26.93,27.01,56983
2013-02-20,26.85,26.92,26.6799,26.7202,31873
2013-02-21,26.74,26.74,26.47,26.5959,37951
2013-02-22,26.63,26.71,26.47,26.679,19478
2013-02-25,26.59,26.6,26.2601,26.316,14343
2013-02-26,26.3501,26.48,26.32,26.4312,19325
2013-02-27,26.46,26.59,26.39,26.59,13290
2013-02-28,26.7,26.7,26.31,26.4,561472
2013-03-01,26.54,26.54,26.2775,26.51,63175
2013-03-04,26.428,26.59,26.428,26.55,26186
2013-03-05,26.62,26.63,26.47,26.6263,13896
2013-03-06,26.55,26.55,26.3701,26.4401,10857
2013-03-07,26.44,26.54,26.4,26.54,23575
2013-03-08,26.61,26.61,26.5101,26.59,32521
2013-03-11,26.4,26.63,26.4,26.54,26692
2013-03-12,26.42,26.66,26.42,26.62,33468
2013-03-13,26.61,26.62,26.47,26.55,11676
2013-03-14,26.68,26.74,26.5801,26.6536,15299
2013-03-15,26.75,26.86,26.67,26.729,23668
2013-03-18,26.7188,26.81,26.58,26.58,14289
2013-03-19,26.42,26.72,26.42,26.58,23110
2013-03-20,26.58,26.7,26.58,26.69,24922
2013-03-21,26.78,26.78,26.58,26.606,12126
2013-03-22,26.635,26.8,26.6301,26.75,12533
2013-03-25,26.87,26.91,26.6401,26.85,16477
2013-03-26,26.94,26.9693,26.804,26.95,11537
2013-03-27,27.05,27.05,26.9,26.99,40786
2013-03-28,27.09,27.2,26.971,27.01,34715
2013-04-01,26.62,26.796,26.54,26.65,24937
2013-04-02,26.93,26.93,26.6101,26.72,18703
2013-04-03,26.6,26.94,26.57,26.91,18147
2013-04-04,26.61,26.97,26.61,26.97,9547
2013-04-05,26.792,26.93,26.5801,26.7191,15626
2013-04-08,26.56,26.96,26.41,26.94,22813
2013-04-09,26.99,26.99,26.58,26.86,20080
2013-04-10,26.89,26.96,26.81,26.93,11116
2013-04-11,26.97,27.05,26.74,26.912,50069
2013-04-12,27.05,27.05,26.811,26.858,35281
2013-04-15,26.95,26.95,26.55,26.55,29705
2013-04-16,26.726,26.76,26.6455,26.6501,63974
2013-04-17,26.63,26.65,26.39,26.42,30545
2013-04-18,26.48,26.6999,26.4001,26.5,18528
2013-04-19,26.508,26.619,26.44,26.47,8808
2013-04-22,26.45,26.6399,26.45,26.51,14568
2013-04-23,26.5701,26.5999,26.5101,26.5599,13369
2013-04-24,26.66,26.66,26.5201,26.59,23061
2013-04-25,26.52,26.79,26.52,26.73,20559
2013-04-26,26.84,26.88,26.645,26.793,18530
2013-04-29,26.91,27.03,26.8402,27.0,21042
2013-04-30,27.13,27.13,26.9001,26.9633,19553
2013-05-01,27.0,27.0899,26.871,27.01,42231
2013-05-02,27.09,27.11,26.85,27.01,28292
2013-05-03,27.14,27.14,26.875,27.1,15649
2013-05-06,27.09,27.11,26.92,27.04,19453
2013-05-07,27.13,27.15,26.97,27.11,14349
2013-05-08,27.02,27.206,26.92,27.09,35581
2013-05-09,27.24,27.24,27.0017,27.01,32478
2013-05-10,26.95,27.02,26.6701,26.91,50747
2013-05-13,26.668,26.82,26.6601,26.6601,18803
2013-05-14,26.6548,26.71,26.54,26.58,32799
2013-05-15,26.7,26.7,26.5026,26.62,23453
2013-05-16,26.61,26.72,26.55,26.6341,44597
2013-05-17,26.68,26.68,26.4,26.4501,47685
2013-05-20,26.35,26.66,26.35,26.6393,40088
2013-05-21,26.67,26.67,26.3,26.4096,32761
2013-05-22,26.36,26.46,26.128,26.24,116982
2013-05-23,26.3899,26.5,26.17,26.34,13470
2013-05-24,26.41,26.465,26.17,26.44,37421
2013-05-28,26.65,26.65,26.1501,26.2029,20452
2013-05-29,26.01,26.3199,25.98,26.1,21988
2013-05-30,26.329,26.4199,26.1801,26.1801,22044
2013-05-31,26.23,26.24,25.72,25.76,1571699
2013-06-03,25.75,25.79,25.3501,25.6828,336211
2013-06-04,25.47,25.6099,25.16,25.37,186556
2013-06-05,25.3101,25.45,25.26,25.27,133455
2013-06-06,25.39,25.76,25.25,25.59,127756
2013-06-07,25.57,25.78,25.56,25.72,105274
2013-06-10,25.99,25.99,25.55,25.55,27603
2013-06-11,25.25,25.69,25.25,25.41,36870
2013-06-12,25.29,25.4789,25.2701,25.3001,13062
2013-06-13,25.17,25.62,25.17,25.48,25215
2013-06-14,25.6,25.62,25.374,25.4,37846
2013-06-17,25.6183,25.6183,25.3901,25.592,9545
2013-06-18,25.69,25.69,25.32,25.35,65013
2013-06-19,25.39,25.64,25.15,25.15,14624
2013-06-20,25.15,25.15,24.495,24.55,17603
2013-06-21,24.47,24.63,24.4,24.4,39422
2013-06-24,24.4,24.4,23.51,24.01,59614
2013-06-25,23.99,24.27,23.93,24.09,84404
2013-06-26,24.05,24.33,24.05,24.13,145298
2013-06-27,24.1,24.349,24.08,24.14,29024
2013-06-28,24.0901,24.3,23.99,23.99,22667
2013-07-01,24.24,24.36,24.03,24.35,17196
2013-07-02,24.06,24.19,23.83,24.03,36392
2013-07-03,23.83,24.19,23.83,24.14,9722
2013-07-05,24.1,24.1,23.83,23.89,28877
2013-07-08,23.9,24.23,23.9,23.93,38966
2013-07-09,23.88,24.14,23.875,23.9,69787
2013-07-10,23.83,24.16,23.74,23.94,61954
2013-07-11,24.01,24.5196,23.985,24.31,47840
2013-07-12,24.41,24.5929,24.12,24.3,17744
2013-07-15,24.42,24.47,24.3,24.34,62911
2013-07-16,24.46,24.6199,24.085,24.45,31162
2013-07-17,24.62,24.63,24.4,24.43,21439
2013-07-18,24.41,24.4774,24.4,24.44,21220
2013-07-19,24.16,24.7558,24.16,24.43,37568
2013-07-22,24.16,24.57,24.16,24.31,68594
2013-07-23,24.4,24.64,24.095,24.52,54255
2013-07-24,24.45,24.62,24.44,24.45,24304
2013-07-25,24.52,24.61,24.51,24.57,29998
2013-07-26,24.62,24.638,24.5,24.56,41053
2013-07-29,24.47,24.5399,24.4501,24.5,17704
2013-07-30,24.43,24.654,24.43,24.45,27143
2013-07-31,24.37,24.56,24.17,24.45,23640
2013-08-01,24.65,24.65,24.185,24.2,36707
2013-08-02,24.15,24.289,24.111,24.21,18449
2013-08-05,24.35,24.36,24.02,24.21,16499
2013-08-06,24.11,24.215,23.64,23.68,911157
2013-08-07,23.68,24.0,23.511,23.85,364650
2013-08-08,23.84,24.24,23.8,24.15,24652
2013-08-09,23.97,24.2,23.91,23.98,15193
2013-08-12,23.75,24.0,23.75,23.9,11671
2013-08-13,23.9,23.98,23.55,23.87,72261
2013-08-14,23.9,24.1696,23.75,23.99,18897
2013-08-15,23.77,24.075,23.65,23.938,114044
2013-08-16,23.9,24.1563,23.545,23.97,28319
2013-08-19,23.83,24.1152,23.721,23.85,18210
2013-08-20,23.76,23.87,23.58,23.74,64372
2013-08-21,23.82,23.87,23.53,23.63,70696
2013-08-22,23.6,23.8399,23.6,23.74,18757
2013-08-23,23.84,23.96,23.691,23.85,33397
2013-08-26,23.73,23.99,23.7,23.83,43767
2013-08-27,23.78,24.06,23.78,23.92,58221
2013-08-28,23.98,24.09,23.76,23.97,266978
2013-08-29,23.86,24.0,23.85,23.87,112459
2013-08-30,23.87,24.04,23.87,24.01,53916
2013-09-03,24.0,24.07,23.83,23.84,74193
2013-09-04,24.0136,24.1001,24.01,24.04,36380
2013-09-05,24.03,24.0699,23.9,23.91,34850
2013-09-06,24.05,24.3799,24.0401,24.1,14485
2013-09-09,24.23,24.25,24.01,24.15,31164
2013-09-10,24.0001,24.26,23.98,24.22,819698
2013-09-11,24.08,24.3099,24.0101,24.23,99158
2013-09-12,24.16,24.27,24.15,24.22,26769
2013-09-13,24.29,24.36,24.13,24.19,68623
2013-09-16,24.33,24.43,24.3,24.35,36952
2013-09-17,24.43,24.57,24.3,24.45,44726
2013-09-18,24.36,24.75,24.36,24.72,96130
2013-09-19,24.72,24.789,24.49,24.75,37659
2013-09-20,24.76,24.76,24.51,24.57,27460
2013-09-23,24.55,24.728,24.4667,24.6,14252
2013-09-24,24.5201,24.73,24.485,24.58,23765
2013-09-25,24.685,24.7899,24.53,24.54,19012
2013-09-26,24.525,24.599,24.461,24.54,30994
2013-09-27,24.54,24.67,24.54,24.61,24507
2013-09-30,24.6314,24.743,24.55,24.6,16357
2013-10-01,24.4701,24.7,24.46,24.47,18057
2013-10-02,24.47,24.53,24.46,24.46,26589
2013-10-03,24.53,24.54,24.48,24.49,13594
2013-10-04,24.625,24.63,24.44,24.51,32120
2013-10-07,24.5,24.6023,24.45,24.45,9768
2013-10-08,24.4501,24.53,24.34,24.34,8500
2013-10-09,24.326,24.42,24.25,24.27,16119
2013-10-10,24.28,24.38,24.271,24.271,13841
2013-10-11,24.44,24.5445,24.241,24.5445,5976
2013-10-14,24.2,24.575,24.2,24.4801,6399
2013-10-15,24.58,24.58,24.32,24.33,12410
2013-10-16,24.36,24.595,24.27,24.565,7698
2013-10-17,24.49,24.759900000000002,24.49,24.57,8903
2013-10-18,24.75,24.7799,24.4852,24.6,14648
2013-10-21,24.79,24.79,24.65,24.7465,18142
2013-10-22,24.8,24.96,24.73,24.94,34297
2013-10-23,24.79,24.79,24.6096,24.66,19714
2013-10-24,24.5572,24.72,24.54,24.72,3124
2013-10-25,24.7199,24.7199,24.57,24.6792,3508
2013-10-28,24.61,24.7,24.46,24.61,15321
2013-10-29,24.6,24.64,24.53,24.64,2412
2013-10-30,24.606,24.6999,24.5113,24.5113,2314
2013-10-31,24.98,25.26,24.6818,24.85,7717
2013-11-01,24.6098,24.82,24.565,24.62,83677
2013-11-04,24.75,24.75,24.62,24.635,32973
2013-11-05,24.61,24.7656,24.61,24.64,1740
2013-11-06,24.7425,24.89,24.6,24.6,8372
2013-11-07,24.5,24.842,24.5,24.51,10218
2013-11-08,24.6424,24.7069,24.5185,24.6199,7437
2013-11-11,24.5,24.6799,24.5,24.6799,11662
2013-11-12,24.71,24.71,24.421,24.61,6653
2013-11-13,24.57,24.73,24.55,24.5801,13426
2013-11-14,24.45,24.73,24.45,24.67,38777
2013-11-15,24.72,24.72,24.52,24.64,18491
2013-11-18,24.75,24.75,24.63,24.719,5133
2013-11-19,24.8,24.83,24.6699,24.6699,2959
2013-11-20,24.62,24.65,24.53,24.65,9344
2013-11-21,24.55,24.5501,24.5267,24.549,3941
2013-11-22,24.52,24.73,24.51,24.73,7953
2013-11-25,24.85,24.85,24.5,24.51,16401
2013-11-26,24.79,24.79,24.58,24.67,3436
2013-11-27,24.54,24.56,24.51,24.52,2745
2013-11-29,24.88,24.88,24.56,24.56,1163
2013-12-02,24.33,24.5,24.32,24.43,4720
2013-12-03,24.53,24.68,24.2401,24.26,7286
2013-12-04,24.64,24.67,24.021,24.1,10350
2013-12-05,24.49,24.49,24.08,24.2399,7269
2013-12-06,24.171,24.3,24.1,24.1,26274
2013-12-09,24.15,24.3199,24.0901,24.3199,33811
2013-12-10,24.19,24.25,24.12,24.1501,35888
2013-12-11,24.12,24.4009,24.02,24.03,24852
2013-12-12,24.01,24.05,23.93,23.941,3346
2013-12-13,23.99,24.0276,23.99,24.01,2615
2013-12-16,23.99,24.0999,23.92,23.94,22172
2013-12-17,24.25,24.25,23.95,24.11,8168
2013-12-18,23.9203,24.18,23.78,24.175,5667
2013-12-19,24.09,24.5,23.84,23.84,8614
2013-12-20,24.36,24.36,23.78,23.86,16660
2013-12-23,23.86,24.15,23.81,23.86,114592
2013-12-24,23.86,24.2199,23.86,24.1,6228
2013-12-26,23.89,23.93,23.63,23.7,4118
2013-12-27,23.56,23.709600000000002,23.55,23.55,13706
2013-12-30,23.7,23.8599,23.66,23.76,8617
2013-12-31,23.59,24.0,23.59,23.97,36578
2014-01-02,23.78,23.94,23.69,23.69,26530
2014-01-03,23.71,23.938,23.71,23.938,3940
2014-01-06,24.12,24.12,23.72,23.8456,11536
2014-01-07,23.73,23.94,23.7,23.853,7377
2014-01-08,23.7,23.795,23.7,23.7508,7062
2014-01-09,23.705,23.87,23.541,23.68,15079
2014-01-10,23.65,23.7199,23.4939,23.71,10147
2014-01-13,23.935,23.935,23.5812,23.69,14166
2014-01-14,23.8,23.9899,23.57,23.6351,15062
2014-01-15,23.5701,23.8365,23.57,23.5999,1524
2014-01-16,23.77,23.773600000000002,23.57,23.68,9541
2014-01-17,23.58,23.91,23.57,23.6,3380
2014-01-21,23.82,23.82,23.55,23.55,9842
2014-01-22,23.56,23.66,23.4,23.4,6716
2014-01-23,23.4879,23.8099,23.4,23.4,7834
2014-01-24,23.533,23.71,23.4,23.45,22410
2014-01-27,23.68,23.93,23.29,23.45,31086
2014-01-28,23.33,23.4,23.3,23.37,7573
2014-01-29,23.4,23.4,23.1401,23.3364,5345
2014-01-30,23.3599,23.4,23.17,23.4,2959
2014-01-31,23.25,23.46,23.15,23.26,5892
2014-02-03,23.06,23.32,23.06,23.296,3849
2014-02-04,23.1915,23.4099,23.1915,23.282,4857
2014-02-05,23.26,23.26,23.12,23.13,22662
2014-02-06,23.21,23.3199,23.13,23.17,8854
2014-02-07,23.31,23.42,23.225,23.42,4449
2014-02-10,23.52,23.52,23.2301,23.26,3772
2014-02-11,23.3125,23.4,23.3125,23.392,4924
2014-02-12,23.58,23.5999,23.38,23.43,20118
2014-02-13,23.45,23.61,23.45,23.5899,23412
2014-02-14,23.6699,23.76,23.6446,23.76,2166
2014-02-18,23.79,23.79,23.57,23.7305,6301
2014-02-19,23.75,23.75,23.3801,23.402,7824
2014-02-20,23.56,23.72,23.37,23.5101,6371
2014-02-21,23.38,23.5499,23.36,23.43,11181
2014-02-24,23.51,23.61,23.39,23.61,4791
2014-02-25,23.5899,23.6199,23.43,23.6,10714
2014-02-26,23.6375,23.6375,23.56,23.6196,2513
2014-02-27,23.45,23.61,23.4401,23.61,6218
2014-02-28,23.46,23.8,23.46,23.76,6668
2014-03-03,23.77,23.77,23.4,23.55,5326
2014-03-04,23.48,23.6099,23.36,23.57,5991
2014-03-05,23.55,23.66,23.5,23.66,9807
2014-03-06,23.48,23.88,23.48,23.81,11363
2014-03-07,23.51,23.642,23.48,23.634,2111
2014-03-10,23.59,23.61,23.3901,23.61,1302
2014-03-11,23.5,23.6299,23.421,23.57,4453
2014-03-12,23.6199,23.6399,23.4571,23.6399,2849
2014-03-13,23.47,23.6799,23.47,23.47,7261
2014-03-14,23.49,23.66,23.47,23.55,3611
2014-03-17,23.72,23.77,23.52,23.63,75597
2014-03-18,23.74,23.74,23.42,23.56,41693
2014-03-19,23.65,23.66,23.2601,23.2601,9458
2014-03-20,23.2974,23.47,23.26,23.37,8885
2014-03-21,23.52,23.52,23.32,23.42,22063
2014-03-24,23.49,23.6,23.44,23.53,3840
2014-03-25,23.55,23.58,23.355,23.5031,8987
2014-03-26,23.5281,23.66,23.52,23.64,10055
2014-03-27,23.69,23.8099,23.6,23.795,3643
2014-03-28,23.778,23.8,23.69,23.75,5139
2014-03-31,23.76,23.87,23.68,23.81,5200
2014-04-01,23.8,23.8,23.56,23.71,12132
2014-04-02,23.72,23.77,23.5701,23.73,5520
2014-04-03,23.72,23.7407,23.545,23.72,10200
2014-04-04,23.94,23.94,23.72,23.72,3933
2014-04-07,23.7,23.7999,23.6617,23.77,1454
2014-04-08,23.66,24.07,23.66,24.07,6149
2014-04-09,24.0,24.22,23.98,24.15,42551
2014-04-10,24.101,24.19,23.92,23.92,21691
2014-04-11,24.0425,24.13,24.0,24.0,5518
2014-04-14,24.03,24.11,23.9004,23.9004,3335
2014-04-15,23.9897,24.1299,23.8,24.0,36378
2014-04-16,24.15,24.16,23.8101,23.99,9068
2014-04-17,24.05,24.15,23.87,24.1036,5612
2014-04-21,24.69,24.69,23.89,24.088,6888
2014-04-22,24.06,24.23,24.05,24.23,1673
2014-04-23,24.32,24.32,23.89,24.22,11874
2014-04-24,24.1799,24.18,23.98,24.04,41523
2014-04-25,23.8,24.2199,23.8,24.1499,3177
2014-04-28,24.149,24.149,23.98,24.03,5409
2014-04-29,24.15,24.8599,24.15,24.37,154278
2014-04-30,24.59,24.8699,24.39,24.77,8665
2014-05-01,24.88,24.88,24.3984,24.88,13624
2014-05-02,24.93,24.93,24.408,24.82,7297
2014-05-05,25.0,25.01,24.59,24.85,2939
2014-05-06,24.86,25.155,24.86,25.07,9066
2014-05-07,25.31,25.31,25.0,25.13,24131
2014-05-08,25.2399,25.24,25.06,25.23,5370
2014-05-09,25.15,25.24,25.056,25.056,4438
2014-05-12,25.43,25.43,25.06,25.0713,3959
2014-05-13,25.07,25.07,24.82,25.01,6175
2014-05-14,25.05,25.0599,24.87,24.9033,46969
2014-05-15,24.6,24.99,24.6,24.86,22117
2014-05-16,25.0,25.0,24.8701,24.9684,7437
2014-05-19,25.0,25.0394,24.72,24.77,35269
2014-05-20,25.01,25.025,24.72,25.025,14070
2014-05-21,24.82,24.9,24.71,24.82,28216
2014-05-22,24.78,24.9,24.78,24.8,16793
2014-05-23,24.68,25.0832,24.68,25.0832,10364
2014-05-27,25.1,25.12,24.81,25.0,14468
2014-05-28,25.25,25.25,24.7701,24.8101,2798
2014-05-29,24.97,25.1099,24.8125,25.0199,6218
2014-05-30,25.09,25.0999,24.68,24.8599,6475
2014-06-02,24.99,24.99,24.47,24.759900000000002,17934
2014-06-03,24.87,24.87,24.5,24.6,49433
2014-06-04,24.64,24.64,24.27,24.45,72071
2014-06-05,24.8,24.8,24.3,24.31,6930
2014-06-06,24.44,24.759,24.41,24.75,6036
2014-06-09,24.9405,24.9405,24.53,24.61,5465
2014-06-10,24.85,24.9099,24.4648,24.81,10005
2014-06-11,24.85,24.9299,24.85,24.865,1097
2014-06-12,24.98,25.04,24.5501,24.63,6777
2014-06-13,25.2,25.21,24.6,24.6,6525
2014-06-16,24.79,25.05,24.79,24.9799,8859
2014-06-17,24.955,24.96,24.76,24.76,7965
2014-06-18,25.15,25.15,24.75,25.0599,7353
2014-06-19,25.12,25.14,24.991,25.11,7560
2014-06-20,25.12,25.19,25.0001,25.12,5423
2014-06-23,25.22,25.22,25.0,25.04,12176
2014-06-24,25.18,25.19,25.01,25.1,20041
2014-06-25,25.05,25.2099,24.84,25.19,10777
2014-06-26,25.21,25.219,24.95,25.06,13327
2014-06-27,24.99,25.3785,24.99,25.25,6117
2014-06-30,25.03,25.39,25.03,25.13,6731
2014-07-01,25.49,25.549,25.11,25.42,9649
2014-07-02,25.6,25.6,24.9,25.074,29627
2014-07-03,25.36,25.42,24.98,25.42,4155
2014-07-07,24.91,25.47,24.91,25.2,22208
2014-07-08,25.09,25.3,25.06,25.19,13273
2014-07-09,25.19,25.42,24.8036,25.42,7363
2014-07-10,25.1,25.4,24.97,25.33,25639
2014-07-11,25.01,25.314,25.01,25.0201,3748
2014-07-14,25.2949,25.2949,25.02,25.19,50163
2014-07-15,25.29,25.29,25.1,25.17,25964
2014-07-16,25.3,25.3,25.09,25.09,10851
2014-07-17,25.25,25.265,25.13,25.1935,15379
2014-07-18,25.09,25.17,24.99,25.11,22827
2014-07-21,25.2074,25.25,25.01,25.01,1729
2014-07-22,25.0,25.27,25.0,25.08,8636
2014-07-23,25.22,25.22,25.0,25.03,8807
2014-07-24,25.1,25.21,25.01,25.082,7837
2014-07-25,25.0101,25.0101,24.8901,24.95,8286
2014-07-28,24.95,25.045,24.76,25.045,8601
2014-07-29,24.9087,25.04,24.89,24.89,5999
2014-07-30,25.16,25.16,24.75,24.81,10969
2014-07-31,24.7501,24.86,24.7,24.755,5527
2014-08-01,24.7,24.79,24.6758,24.74,6075
2014-08-04,24.8,24.8,24.55,24.78,4210
2014-08-05,24.79,24.79,24.63,24.63,4833
2014-08-06,24.563,24.7453,24.55,24.67,3847
2014-08-07,24.45,24.4799,24.3901,24.46,6869
2014-08-08,24.4399,24.54,24.4399,24.52,6455
2014-08-11,24.52,24.64,24.35,24.6104,9589
2014-08-12,24.62,24.65,24.5,24.5796,1167
2014-08-13,24.75,24.75,24.47,24.64,7984
2014-08-14,24.6399,24.6499,24.35,24.35,11665
2014-08-15,24.36,24.6599,24.3,24.62,10229
2014-08-18,24.63,24.65,24.27,24.59,4934
2014-08-19,24.65,24.65,24.5,24.57,7016
2014-08-20,24.59,24.59,24.3,24.47,8991
2014-08-21,24.48,24.565,24.32,24.51,13703
2014-08-22,24.56,24.59,24.39,24.49,13361
2014-08-25,24.7,24.7,24.41,24.46,8596
2014-08-26,24.37,24.6099,24.34,24.3509,7317
2014-08-27,24.24,24.6899,24.24,24.689,7165
2014-08-28,24.78,24.78,24.4,24.67,10784
2014-08-29,24.71,24.88,24.62,24.62,4500
2014-09-02,24.42,24.84,24.26,24.57,2634
2014-09-03,24.83,24.83,24.19,24.48,8984
2014-09-04,24.68,24.71,24.215,24.54,27998
2014-09-05,24.43,24.55,24.43,24.49,11253
2014-09-08,24.68,24.68,24.161,24.34,5124
2014-09-09,24.31,24.31,24.0,24.2352,23565
2014-09-10,24.3171,24.3171,24.07,24.3001,12072
2014-09-11,24.0001,24.25,23.96,24.2299,23678
2014-09-12,23.98,24.2,23.96,24.11,18519
2014-09-15,23.97,24.2399,23.97,24.0099,21816
2014-09-16,23.89,24.27,23.8401,24.09,27530
2014-09-17,24.13,24.66,23.95,24.29,35920
2014-09-18,24.61,24.61,24.02,24.36,6510
2014-09-19,24.15,24.42,24.02,24.35,12374
2014-09-22,24.23,24.27,23.95,24.27,90834
2014-09-23,23.9701,24.2999,23.951,24.175,6515
2014-09-24,24.48,24.48,23.951,24.19,5628
2014-09-25,24.17,24.1799,23.78,24.05,14125
2014-09-26,24.17,24.17,23.37,23.87,5634
2014-09-29,24.0257,24.06,23.77,23.9499,7679
2014-09-30,23.95,23.9599,23.6001,23.86,5040
2014-10-01,23.5401,23.89,23.54,23.86,3711
2014-10-02,23.8799,23.8899,23.6301,23.6301,1850
2014-10-03,23.95,23.95,23.24,23.305,11190
2014-10-06,23.68,23.8799,23.34,23.6116,9211
2014-10-07,23.6899,23.87,23.5796,23.87,6003
2014-10-08,23.73,23.9,23.4101,23.5801,2974
2014-10-09,23.91,23.91,23.614,23.68,3142
2014-10-10,23.373,23.6999,23.35,23.59,11173
2014-10-13,23.58,23.62,23.2146,23.43,3572
2014-10-14,23.7937,23.7937,23.53,23.565,4913
2014-10-15,23.27,23.64,23.25,23.6,16771
2014-10-16,23.79,23.81,23.44,23.65,18554
2014-10-17,23.91,23.91,23.2701,23.55,9692
2014-10-20,23.71,23.71,23.29,23.508,4709
2014-10-21,23.84,23.84,23.3096,23.463,6041
2014-10-22,23.45,23.867,23.45,23.79,10365
2014-10-23,23.9,23.92,23.53,23.65,5953
2014-10-24,23.7704,23.7704,23.5225,23.5225,873
2014-10-27,23.59,23.8,23.5001,23.75,3094
2014-10-28,23.94,23.94,23.523,23.71,4312
2014-10-29,23.817,23.817,23.53,23.53,5296
2014-10-30,23.55,23.562,23.541,23.562,5946
2014-10-31,23.74,23.74,23.5001,23.66,4547
2014-11-03,23.685200000000002,23.685200000000002,23.46,23.5,4241
2014-11-04,23.65,23.65,23.12,23.53,20462
2014-11-05,23.69,23.6999,23.33,23.62,7531
2014-11-06,23.77,23.77,23.42,23.43,13344
2014-11-07,23.27,23.703,23.27,23.47,9607
2014-11-10,23.67,23.67,23.5,23.5457,4720
2014-11-11,23.65,23.68,23.4301,23.64,5511
2014-11-12,23.89,23.94,23.5,23.501,7595
2014-11-13,23.86,23.9,23.4,23.5,11390
2014-11-14,23.54,23.82,23.48,23.71,6195
2014-11-17,23.72,23.7498,23.27,23.5295,28586
2014-11-18,23.63,23.66,23.3001,23.46,16146
2014-11-19,23.58,23.64,23.26,23.64,29273
2014-11-20,23.72,23.769,23.34,23.53,9360
2014-11-21,23.749,23.836,23.44,23.79,6153
2014-11-24,23.86,23.86,23.51,23.65,7585
2014-11-25,23.71,23.93,23.52,23.6011,9954
2014-11-26,23.49,23.91,23.49,23.64,15268
2014-11-28,23.91,23.91,23.25,23.36,4329
2014-12-01,23.44,23.5299,23.263,23.27,12825
2014-12-02,23.25,23.29,23.03,23.11,26181
2014-12-03,23.3,23.3099,23.11,23.2399,8704
2014-12-04,23.32,23.38,23.05,23.335,27858
2014-12-05,23.15,23.15,23.0,23.0001,13584
2014-12-08,22.87,23.05,22.5,22.82,4762
2014-12-09,22.67,22.87,22.59,22.648,15263
2014-12-10,22.531,22.839,22.53,22.58,16736
2014-12-11,22.73,23.51,22.52,22.65,4179
2014-12-12,22.3506,22.72,22.3506,22.72,15292
2014-12-15,22.44,22.44,22.021,22.36,16384
2014-12-16,22.2,22.3013,22.03,22.05,27950
2014-12-17,22.05,22.6499,22.0,22.0,11720
2014-12-18,22.02,22.4799,22.02,22.07,28933
2014-12-19,22.0501,22.719,22.0501,22.3896,22492
2014-12-22,22.2,22.51,22.01,22.16,11914
2014-12-23,22.0808,22.9799,22.0808,22.3254,10213
2014-12-24,22.2601,22.5899,22.2601,22.33,6281
2014-12-26,22.95,22.95,21.9901,22.05,7727
2014-12-29,22.29,22.29,21.95,21.99,26591
2014-12-30,22.07,22.799,21.9201,22.09,17026
2014-12-31,22.13,23.259900000000002,22.02,22.51,12852
2015-01-02,22.66,23.2199,22.0932,22.26,15299
2015-01-05,22.21,22.329,22.1,22.1999,7002
2015-01-06,22.03,22.14,21.78,21.9999,12409
2015-01-07,21.7701,22.0799,21.77,21.8899,5862
2015-01-08,21.6455,21.98,21.6455,21.8799,9236
2015-01-09,21.9,21.9,21.57,21.6,12107
2015-01-12,21.79,21.79,21.361,21.38,15458
2015-01-13,21.4164,21.96,21.38,21.8099,6209
2015-01-14,21.6,21.859,21.43,21.49,2687
2015-01-15,21.489,21.8573,21.3998,21.3998,737
2015-01-16,21.64,21.9401,21.191,21.63,5442
2015-01-20,21.534,21.534,21.06,21.19,9679
2015-01-21,21.49,21.49,21.1201,21.2699,5860
2015-01-22,21.33,21.33,20.81,21.1669,18549
2015-01-23,20.95,21.0241,20.776,20.818,21312
2015-01-26,20.88,21.165,20.5125,20.9,6204
2015-01-27,20.67,21.2299,20.39,21.08,7394
2015-01-28,21.14,21.2,20.8,20.8,5857
2015-01-29,20.811700000000002,21.0399,20.47,20.6,11191
2015-01-30,20.38,20.4,19.81,19.8201,17127
2015-02-02,20.43,20.43,19.7301,20.349,7887
2015-02-03,20.5,20.74,20.12,20.4,14260
2015-02-04,20.3,20.7999,20.06,20.4,18908
2015-02-05,20.5,20.96,20.4101,20.96,8511
2015-02-06,20.76,20.76,20.2,20.41,8224
2015-02-09,20.42,20.9599,20.1001,20.52,32449
2015-02-10,20.3,20.9899,20.1001,20.9,30634
2015-02-11,20.7,20.71,20.171,20.32,51528
2015-02-12,20.49,20.6778,20.35,20.6647,5546
2015-02-13,20.9299,20.94,20.5501,20.9386,8511
2015-02-17,20.74,20.87,20.58,20.85,7991
2015-02-18,20.92,20.9499,20.53,20.53,16790
2015-02-19,20.5,20.9399,20.5,20.9399,24364
2015-02-20,20.62,20.89,20.5501,20.8599,9027
2015-02-23,20.72,20.89,20.5101,20.69,5677
2015-02-24,20.62,20.89,20.5201,20.6405,9623
2015-02-25,20.8199,20.8199,20.5301,20.8199,3374
2015-02-26,20.8599,20.88,20.5204,20.88,2341
2015-02-27,20.59,20.84,20.53,20.8199,6563
2015-03-02,20.67,20.7488,20.3045,20.45,41164
2015-03-03,20.45,20.68,20.45,20.66,2961
2015-03-04,20.7,20.79,20.5801,20.77,10498
2015-03-05,20.71,20.8,20.57,20.79,12530
2015-03-06,20.5,20.79,20.41,20.42,11915
2015-03-09,20.9299,20.9299,20.4,20.4751,3307
2015-03-10,20.42,20.596,20.26,20.549,8843
2015-03-11,20.39,20.8099,20.02,20.2,3432
2015-03-12,20.62,20.62,20.06,20.18,7927
2015-03-13,20.05,20.4,20.05,20.06,12114
2015-03-16,20.62,20.62,20.0001,20.4199,2285
2015-03-17,20.23,20.3,20.0101,20.09,11692
2015-03-18,20.03,20.25,20.02,20.24,2852
2015-03-19,20.28,20.421,20.0301,20.27,6430
2015-03-20,20.3175,20.4899,20.11,20.3284,8216
2015-03-23,20.39,20.48,20.3401,20.48,17956
2015-03-24,20.48,20.48,20.3601,20.38,9784
2015-03-25,20.48,20.54,20.15,20.5,11125
2015-03-26,20.5372,20.6287,20.33,20.33,5713
2015-03-27,20.17,20.6162,20.16,20.52,6104
2015-03-30,20.39,20.5499,20.2433,20.28,2227
2015-03-31,20.17,20.25,20.03,20.09,12703
2015-04-01,19.94,20.19,19.8901,19.91,24755
2015-04-02,20.1,20.1376,19.92,19.96,7772
2015-04-06,19.9,20.6399,19.9,20.37,11174
2015-04-07,20.38,20.38,20.07,20.22,17523
2015-04-08,20.37,20.59,19.9817,20.22,5275
2015-04-09,20.14,20.6087,20.001,20.15,9055
2015-04-10,20.02,20.19,19.95,19.96,9883
2015-04-13,20.04,20.1499,19.7801,19.9132,22819
2015-04-14,20.04,20.04,19.7322,19.77,6312
2015-04-15,19.83,20.0888,19.74,20.0888,12341
2015-04-16,20.09,20.45,20.0019,20.13,11219
2015-04-17,20.05,20.2707,20.05,20.1875,6126
2015-04-20,20.18,20.56,19.88,19.88,6422
2015-04-21,20.15,20.15,20.05,20.1,8959
2015-04-22,20.02,20.22,19.91,19.9201,13206
2015-04-23,20.1599,20.46,19.9601,20.31,12313
2015-04-24,20.41,20.57,20.31,20.3892,11792
2015-04-27,20.32,20.5291,20.02,20.33,9312
2015-04-28,20.46,20.9099,20.1001,20.86,14115
2015-04-29,20.93,21.08,20.85,20.85,14729
2015-04-30,21.04,21.44,20.8637,21.26,38043
2015-05-01,21.97,21.97,21.21,21.7,9013
2015-05-04,21.51,21.54,21.21,21.23,11521
2015-05-05,21.11,21.76,21.11,21.679,81662
2015-05-06,21.8,21.87,20.8848,21.15,19529
2015-05-07,21.12,21.99,20.8001,21.59,1633153
2015-05-08,21.85,21.85,21.5,21.61,668478
2015-05-11,21.65,21.89,21.6,21.86,362658
2015-05-12,21.96,22.09,21.8658,22.06,256684
2015-05-13,22.0,22.3624,22.0,22.13,421357
2015-05-14,22.27,22.29,22.11,22.17,76940
2015-05-15,22.15,22.44,22.05,22.05,78745
2015-05-18,21.95,22.06,21.89,21.95,114616
2015-05-19,21.93,22.15,21.36,21.82,94468
2015-05-20,21.84,21.8999,21.3401,21.81,38399
2015-05-21,21.81,22.13,21.35,21.52,90772
2015-05-22,21.66,22.4104,21.33,21.33,85260
2015-05-26,21.4,21.49,20.805,20.92,39337
2015-05-27,20.89,21.151,20.8,20.86,22331
2015-05-28,21.05,21.2204,20.66,20.94,20515
2015-05-29,20.92,21.05,20.7,20.96,125400
2015-06-01,21.04,21.04,20.45,20.8283,170993
2015-06-02,20.95,20.99,20.5501,20.67,80460
2015-06-03,20.94,20.97,20.54,20.82,85890
2015-06-04,20.8,20.8988,20.43,20.68,91276
2015-06-05,20.5,20.8,20.485,20.65,104818
2015-06-08,20.68,20.8289,20.4701,20.72,38283
2015-06-09,20.74,20.93,20.52,20.52,57370
2015-06-10,20.81,21.17,20.5,20.67,61179
2015-06-11,20.66,20.97,20.5325,20.71,22392
2015-06-12,20.7,20.95,20.59,20.9,76765
2015-06-15,20.66,20.9099,20.57,20.83,32741
2015-06-16,20.77,20.815,20.56,20.77,79284
2015-06-17,20.8,20.8,20.6813,20.79,26035
2015-06-18,20.81,21.24,20.8,20.95,11737
2015-06-19,20.952,20.9899,20.63,20.64,18767
2015-06-22,20.79,20.879,20.23,20.32,82649
2015-06-23,20.3,20.606,20.11,20.12,142901
2015-06-24,20.31,20.3745,19.89,19.97,112563
2015-06-25,20.05,20.2871,19.9,20.18,10298
2015-06-26,20.1,20.1,19.797,20.0,10623
2015-06-29,20.0,20.03,19.73,19.9,22683
2015-06-30,19.95,20.225,19.54,19.67,35549
2015-07-01,19.59,19.84,19.53,19.68,57494
2015-07-02,19.7267,19.789,19.34,19.68,28182
2015-07-06,19.39,19.6999,19.33,19.33,126835
2015-07-07,19.33,19.45,19.12,19.19,64910
2015-07-08,18.94,19.2499,18.67,18.82,641343
2015-07-09,19.07,19.07,18.07,18.3,1557203
2015-07-10,18.13,18.8699,18.13,18.5,895240
2015-07-13,18.6,18.6,18.3301,18.4,709363
2015-07-14,18.295,18.64,18.295,18.6,231049
2015-07-15,18.44,18.64,18.3527,18.36,289439
2015-07-16,18.4197,18.76,18.32,18.49,274760
2015-07-17,18.39,18.72,18.39,18.59,128515
2015-07-20,18.61,18.9835,18.601,18.62,41337
2015-07-21,18.75,18.9599,18.42,18.58,46997
2015-07-22,18.5,18.807,18.37,18.52,69832
2015-07-23,18.53,18.596,18.38,18.41,97409
2015-07-24,18.22,18.72,18.22,18.38,203001
2015-07-27,18.55,18.55,18.31,18.31,12957
2015-07-28,18.49,18.53,18.3905,18.47,11738
2015-07-29,18.42,18.7416,18.42,18.45,50911
2015-07-30,18.37,18.72,18.3,18.33,5720
2015-07-31,18.291,18.5299,18.15,18.15,12653
2015-08-03,18.16,18.3317,18.15,18.15,4439
2015-08-04,18.02,18.41,17.89,17.95,40266
2015-08-05,17.96,18.3699,17.9501,18.06,22816
2015-08-06,17.98,18.1499,17.87,18.06,51841
2015-08-07,18.05,18.12,17.97,18.09,100871
2015-08-10,18.104,18.2382,18.0101,18.16,16945
2015-08-11,18.17,18.17,17.93,18.03,16529
2015-08-12,18.05,18.29,18.05,18.1799,18734
2015-08-13,18.1,18.15,17.94,18.12,27543
2015-08-14,17.97,18.09,17.97,18.0,4246
2015-08-17,18.08,18.08,17.94,18.041,8105
2015-08-18,18.04,18.05,17.9,18.03,4098
2015-08-19,17.84,17.9399,17.6873,17.86,43549
2015-08-20,17.82,17.88,17.6501,17.72,40076
2015-08-21,18.0099,18.0099,17.386,17.46,5380
2015-08-24,17.17,17.49,16.1592,17.16,33747
2015-08-25,17.07,17.122,16.85,16.88,56886
2015-08-26,16.8701,16.95,16.8701,16.95,3198
2015-08-27,17.01,17.05,16.7102,16.9,80570
2015-08-28,16.81,17.1,16.81,17.1,8474
2015-08-31,17.54,17.54,17.1,17.12,4719
2015-09-01,17.52,17.52,16.8644,17.04,16460
2015-09-02,17.0501,17.32,17.0501,17.2024,7427
2015-09-03,17.1732,17.25,17.0124,17.13,21099
2015-09-04,17.1,17.45,17.08,17.38,52375
2015-09-08,17.33,17.68,17.297,17.572,95027
2015-09-09,17.5,17.875,17.4935,17.51,48889
2015-09-10,17.42,17.712,17.386,17.53,112392
2015-09-11,17.5,17.71,17.27,17.58,90320
2015-09-14,17.51,17.7927,17.42,17.61,173356
2015-09-15,17.58,17.7361,17.3501,17.49,87818
2015-09-16,17.53,17.7456,17.445,17.64,98296
2015-09-17,17.7,17.83,17.4648,17.56,112534
2015-09-18,17.55,17.65,17.4801,17.61,16290
2015-09-21,17.45,17.54,17.4,17.5,10219
2015-09-22,17.1385,17.4599,17.1385,17.42,81081
2015-09-23,17.3,17.3,17.0238,17.14,81945
2015-09-24,16.95,17.0,16.7,16.7,157274
2015-09-25,17.0,17.0,16.53,16.53,7194
2015-09-28,16.3,16.566,16.0088,16.21,57795
2015-09-29,16.15,16.31,15.9501,16.01,13047
2015-09-30,16.01,16.42,15.98,16.42,68847
2015-10-01,16.19,16.3,16.05,16.17,16899
2015-10-02,16.16,16.5096,16.02,16.15,116070
2015-10-05,16.35,16.62,16.021,16.55,83413
2015-10-06,16.0501,16.6795,16.0501,16.58,142201
2015-10-07,16.15,16.57,16.15,16.4,106107
2015-10-08,16.4899,16.58,16.2101,16.43,139241
2015-10-09,16.48,16.493,16.1916,16.49,123413
2015-10-12,16.4105,16.4105,16.1506,16.19,58907
2015-10-13,16.1,16.27,16.0,16.06,196913
2015-10-14,16.08,16.32,15.9,16.2501,291156
2015-10-15,16.1999,16.38,16.07,16.35,109186
2015-10-16,16.198,16.54,16.0611,16.4,203069
2015-10-19,16.37,16.7553,16.341,16.65,154738
2015-10-20,16.740099999999998,17.01,16.740099999999998,16.93,111160
2015-10-21,16.84,17.38,16.84,17.1,112631
2015-10-22,17.29,17.29,16.927,17.05,23756
2015-10-23,17.15,17.3395,17.03,17.04,75765
2015-10-26,17.2001,17.32,17.04,17.16,99903
2015-10-27,17.23,17.3499,16.9404,17.0,21260
2015-10-28,17.088,17.196,17.02,17.04,16588
2015-10-29,17.06,17.278,16.9874,17.0701,56667
2015-10-30,17.3895,17.3895,17.02,17.03,52701
2015-11-02,17.08,17.24,17.0,17.11,15977
2015-11-03,16.941,17.21,16.94,17.11,64285
2015-11-04,17.17,17.306,16.95,17.14,72256
2015-11-05,17.13,17.3,16.99,17.21,51919
2015-11-06,17.19,17.4,17.0501,17.38,162315
2015-11-09,17.3856,17.4899,17.3,17.36,108121
2015-11-10,17.26,17.38,17.26,17.3,3438
2015-11-11,17.31,17.4,17.2937,17.33,19109
2015-11-12,17.368,17.37,17.1601,17.24,6180
2015-11-13,17.07,17.268,17.07,17.1,6365
2015-11-16,17.23,17.23,17.0001,17.22,6971
2015-11-17,17.13,17.19,17.0516,17.19,3380
2015-11-18,17.18,17.18,17.01,17.09,10530
2015-11-19,17.1,17.15,16.94,17.0,46264
2015-11-20,17.05,17.05,16.8801,16.9589,4874
2015-11-23,16.93,16.93,16.7,16.7,9539
2015-11-24,16.81,16.86,16.7199,16.86,9229
2015-11-25,16.643,16.7899,16.6398,16.6401,6719
2015-11-27,16.62,16.6799,16.4601,16.53,3139
2015-11-30,16.552,16.56,16.4818,16.55,23301
2015-12-01,16.39,16.56,16.35,16.35,2663
2015-12-02,16.32,16.39,16.25,16.34,6642
2015-12-03,16.22,16.398,16.17,16.17,5656
2015-12-04,16.11,16.4168,16.06,16.06,25163
2015-12-07,16.05,16.155,15.86,15.87,9938
2015-12-08,15.9599,15.9599,15.55,15.67,21803
2015-12-09,15.5813,15.66,15.5225,15.62,44033
2015-12-10,15.3948,15.56,15.3801,15.56,40582
2015-12-11,15.43,15.44,15.31,15.39,30704
2015-12-14,15.4,15.42,15.19,15.19,26674
2015-12-15,15.2,15.56,15.14,15.48,58089
2015-12-16,15.4,15.85,15.4,15.78,73684
2015-12-17,15.59,15.73,15.54,15.63,57434
2015-12-18,15.725999999999999,15.725999999999999,15.48,15.62,57481
2015-12-21,15.78,15.78,15.5,15.52,44153
2015-12-22,15.5,15.68,15.5,15.58,62857
2015-12-23,15.6501,16.013,15.65,15.89,82774
2015-12-24,15.38,16.0999,15.38,15.84,117197
2015-12-28,15.82,15.9,15.25,15.42,99382
2015-12-29,15.43,15.8499,15.43,15.71,74076
2015-12-30,15.85,16.0,15.6,16.0,51889
2015-12-31,16.06,16.19,15.9575,16.0761,18765
2016-01-04,16.26,16.45,15.721,15.89,6059
2016-01-05,16.09,16.09,15.5201,15.6799,7406
2016-01-06,15.57,15.8099,15.3,15.3,63492
2016-01-07,15.1,15.322,15.1,15.2,3928
2016-01-08,15.1101,15.1745,14.93,14.93,6277
2016-01-11,15.001,15.0295,14.8,14.8,3193
2016-01-12,14.705,14.77,14.38,14.38,89371
2016-01-13,14.3001,14.486,14.2,14.2316,13890
2016-01-14,14.2,14.2,13.9,14.1,34563
2016-01-15,13.9,13.9,13.5001,13.6599,43171
2016-01-19,13.71,13.76,13.5,13.61,13995
2016-01-20,13.5627,13.6599,13.45,13.65,16109
2016-01-21,13.41,14.0,13.4,13.67,96741
2016-01-22,14.1845,14.24,13.805,14.24,68820
2016-01-25,14.14,14.16,14.0401,14.12,6365
2016-01-26,14.18,14.35,14.18,14.25,5213
2016-01-27,14.3071,14.39,14.2201,14.25,9958
2016-01-28,14.388,14.388,14.2,14.32,4625
2016-01-29,14.4,14.468,14.2001,14.3901,38179
2016-02-01,14.4,14.48,14.29,14.4787,14098
2016-02-02,14.21,14.3925,14.2,14.3,6398
2016-02-03,14.4899,14.51,14.27,14.51,106298
2016-02-04,14.57,14.677,14.5654,14.66,7048
2016-02-05,14.71,14.7899,14.62,14.625,19351
2016-02-08,14.55,14.9199,14.4115,14.445,6086
2016-02-09,14.4686,14.4686,14.4268,14.4268,269
2016-02-10,14.4843,14.4843,14.34,14.39,2509
2016-02-11,14.01,14.182,13.9201,14.12,27055
2016-02-12,14.2,14.2,14.01,14.07,9248
2016-02-16,13.9981,14.0399,13.96,13.9812,6202
2016-02-17,13.95,14.18,13.92,14.18,4782
2016-02-18,14.031,14.2294,14.0101,14.19,4397
2016-02-19,14.25,14.28,14.0001,14.2499,8122
2016-02-22,14.3,14.3359,14.1901,14.26,5198
2016-02-23,14.2,14.2,14.0,14.0,3383
2016-02-24,14.105,14.105,13.843,14.0085,7391
2016-02-25,14.4688,14.525,13.85,14.525,2127
2016-02-26,14.27,14.27,14.011,14.011,16891
2016-02-29,14.15,14.2762,14.0,14.2599,8516
2016-03-01,14.0172,14.2,14.0086,14.2,10207
2016-03-02,14.367,14.427,14.3,14.427,6066
2016-03-03,14.5,14.61,14.38,14.51,3916
2016-03-04,14.82,14.8899,14.55,14.55,58829
2016-03-07,14.72,15.09,14.72,15.0,44715
2016-03-08,15.1799,15.1799,14.9385,14.97,13030
2016-03-09,14.92,15.11,14.7242,14.84,9505
2016-03-10,15.13,15.13,14.8101,14.97,14261
2016-03-11,14.92,15.25,14.92,15.01,12549
2016-03-14,15.15,15.25,15.02,15.22,6742
2016-03-15,15.09,15.22,14.89,14.9101,4722
2016-03-16,14.7901,15.26,14.7901,15.19,15398
2016-03-17,15.0,15.5685,15.0,15.33,25986
2016-03-18,15.483,15.6,15.23,15.6,7725
2016-03-21,15.6,15.6,15.48,15.6,11962
2016-03-22,15.36,15.69,15.35,15.45,2396
2016-03-23,15.637,15.75,15.2501,15.75,13337
2016-03-24,15.69,15.78,15.3,15.77,18190
2016-03-28,15.73,15.8,15.6,15.8,5055
2016-03-29,15.88,16.1,15.8,16.08,8620
2016-03-30,16.31,16.33,16.0157,16.13,3649
2016-03-31,15.832,16.1308,15.832,16.0099,10282
2016-04-01,16.09,16.09,15.76,15.84,39604
2016-04-04,15.84,16.3612,15.84,15.95,7118
2016-04-05,16.0,16.0,15.7,15.76,41180
2016-04-06,15.85,15.9499,15.7501,15.91,14571
2016-04-07,15.94,16.5,15.904,16.45,2216048
2016-04-08,16.5,16.73,16.45,16.65,367936
2016-04-11,16.84,16.84,16.67,16.76,464818
2016-04-12,16.77,17.06,16.67,17.01,472105
2016-04-13,17.19,17.19,16.65,16.6799,256730
2016-04-14,16.74,16.74,16.45,16.68,698867
2016-04-15,16.71,16.71,16.51,16.67,224308
2016-04-18,16.69,16.89,16.33,16.53,148363
2016-04-19,16.45,16.83,16.45,16.74,125561
2016-04-20,16.89,16.98,16.761,16.89,137546
2016-04-21,16.9713,16.99,16.77,16.82,534902
2016-04-22,17.06,17.06,16.8,16.92,73741
2016-04-25,16.92,17.079,16.92,17.0,181653
2016-04-26,16.93,17.14,16.92,17.05,56762
2016-04-27,17.14,17.1599,16.9401,17.096,96236
2016-04-28,17.22,17.31,17.18,17.21,64368
2016-04-29,17.5,17.5,17.05,17.33,173578
2016-05-02,17.25,17.35,17.2393,17.25,97108
2016-05-03,17.23,17.23,16.9,16.91,298724
2016-05-04,16.78,16.934,16.651,16.76,59354
2016-05-05,16.91,16.91,16.77,16.77,95192
2016-05-06,16.89,16.9,16.73,16.76,70946
2016-05-09,16.72,16.7299,16.61,16.62,29269
2016-05-10,16.76,16.76,16.57,16.65,86656
2016-05-11,16.7349,16.75,16.62,16.62,26757
2016-05-12,16.7765,16.7814,16.53,16.53,54001
2016-05-13,16.48,16.5437,16.3799,16.48,37555
2016-05-16,16.6383,16.6392,16.4301,16.48,116155
2016-05-17,16.4,16.5999,16.3799,16.43,58316
2016-05-18,16.57,16.5999,16.19,16.19,95254
2016-05-19,16.1901,16.38,15.93,16.21,61938
2016-05-20,16.15,16.42,16.15,16.35,76786
2016-05-23,16.35,16.4,16.1399,16.33,28631
2016-05-24,16.45,16.45,16.2801,16.31,22939
2016-05-25,16.46,16.54,16.3399,16.5,51674
2016-05-26,16.63,16.7499,16.382,16.52,19465
2016-05-27,16.64,16.76,16.4199,16.52,74518
2016-05-31,16.47,16.61,16.36,16.415,75583
2016-06-01,16.56,16.62,16.4099,16.48,49794
2016-06-02,16.425,16.59,16.425,16.54,53218
2016-06-03,16.8,16.8,16.6201,16.7,59759
2016-06-06,16.77,16.78,16.5901,16.7399,55473
2016-06-07,16.73,16.9098,16.73,16.81,26251
2016-06-08,16.97,17.02,16.8828,17.0,20334
2016-06-09,17.0,17.0,16.847,17.0,20921
2016-06-10,17.06,17.06,16.79,16.835,23476
2016-06-13,16.6601,16.8099,16.6601,16.72,8569
2016-06-14,16.68,16.68,16.43,16.51,75046
2016-06-15,16.432,16.4943,16.2,16.22,192854
2016-06-16,16.37,16.37,15.21,15.3,1612861
2016-06-17,15.48,15.67,15.38,15.39,1299914
2016-06-20,15.75,15.81,15.575,15.575,1007659
2016-06-21,15.75,15.84,15.532,15.67,410276
2016-06-22,15.65,15.78,15.65,15.7275,171177
2016-06-23,15.95,16.08,15.9201,16.02,236021
2016-06-24,15.23,15.9398,15.1598,15.3901,167728
2016-06-27,15.3063,15.41,15.0101,15.14,121496
2016-06-28,15.38,15.73,15.1,15.4,97851
2016-06-29,15.5,15.658,15.4101,15.47,177939
2016-06-30,15.71,15.71,15.4171,15.52,412294
2016-07-01,15.44,15.844100000000001,15.44,15.69,60151
2016-07-05,15.72,15.72,15.34,15.37,150120
2016-07-06,15.28,15.58,15.24,15.38,69425
2016-07-07,15.48,15.53,15.27,15.49,91775
2016-07-08,15.45,15.54,15.2231,15.27,141601
2016-07-11,15.58,15.58,15.27,15.28,170219
2016-07-12,15.65,15.69,15.4601,15.65,152338
2016-07-13,15.67,15.67,15.4201,15.58,100760
2016-07-14,15.78,15.97,15.6005,15.65,120518
2016-07-15,15.7,15.96,15.64,15.7742,62418
2016-07-18,15.91,15.93,15.7,15.82,81097
2016-07-19,15.87,15.89,15.61,15.75,133314
2016-07-20,15.79,15.98,15.68,15.98,171043
2016-07-21,16.12,16.3,15.87,16.01,135788
2016-07-22,16.04,16.09,15.8,16.08,133325
2016-07-25,15.95,16.07,15.7601,16.03,34262
2016-07-26,16.1,16.117,15.9,16.04,120081
2016-07-27,16.12,16.2,15.951,16.11,84271
2016-07-28,16.02,16.17,16.02,16.17,40622
2016-07-29,16.23,16.37,16.148,16.16,92602
2016-08-01,16.23,16.28,15.962,16.07,84627
2016-08-02,16.22,16.3301,15.98,16.14,73751
2016-08-03,16.14,16.16,16.071,16.13,31219
2016-08-04,16.14,16.2951,16.14,16.18,61202
2016-08-05,16.1,16.31,16.1,16.26,17606
2016-08-08,16.3,16.58,16.23,16.57,582156
2016-08-09,16.44,16.57,16.34,16.51,361050
2016-08-10,16.63,16.7381,16.5,16.58,371660
2016-08-11,16.56,16.749,16.4,16.595,88042
2016-08-12,16.7,16.76,16.61,16.64,556051
2016-08-15,16.8249,16.8249,16.6,16.63,37905
2016-08-16,16.68,16.902,16.67,16.69,34761
2016-08-17,16.61,16.7099,16.45,16.49,413501
2016-08-18,16.619,16.97,16.51,16.75,280408
2016-08-19,16.7,16.945,16.53,16.89,472512
2016-08-22,16.84,16.84,16.66,16.7,47705
2016-08-23,16.91,16.95,16.713,16.82,602496
2016-08-24,16.9,16.9,16.6251,16.81,39113
2016-08-25,16.8,16.94,16.72,16.8125,23727
2016-08-26,16.7432,16.877,16.62,16.7275,42333
2016-08-29,16.62,16.78,16.62,16.6899,21702
2016-08-30,16.63,16.665,16.5101,16.57,31888
2016-08-31,16.56,16.69,16.4001,16.46,72026
2016-09-01,16.541,16.65,16.31,16.52,41132
2016-09-02,16.49,16.5891,16.468,16.51,51390
2016-09-06,16.47,16.65,16.45,16.597,113076
2016-09-07,16.72,16.72,16.28,16.5,54882
2016-09-08,16.58,16.58,16.3,16.48,142771
2016-09-09,16.55,16.6099,16.1501,16.21,10711
2016-09-12,16.54,16.55,15.9801,16.09,12052
2016-09-13,16.3243,16.3243,15.88,15.9,64655
2016-09-14,15.86,16.032,15.86,15.9,8734
2016-09-15,16.02,16.07,15.93,15.95,33976
2016-09-16,15.84,15.9,15.8,15.845,17232
2016-09-19,16.0,16.08,15.82,15.83,4547
2016-09-20,15.95,16.0,15.88,15.91,37322
2016-09-21,15.87,16.013,15.82,15.96,49231
2016-09-22,16.02,16.2,16.02,16.16,26617
2016-09-23,16.07,16.25,15.9,16.01,13442
2016-09-26,16.33,16.33,15.85,15.85,13326
2016-09-27,15.939,16.26,15.88,15.93,16092
2016-09-28,15.915,16.16,15.8792,16.06,48881
2016-09-29,16.15,16.2474,15.99,16.0,23143
2016-09-30,16.23,16.2399,16.04,16.199,5593
2016-10-03,16.21,16.21,15.86,15.98,11991
2016-10-04,15.99,16.05,15.66,15.7,683894
2016-10-05,15.7,15.8199,15.67,15.745,212766
2016-10-06,15.81,15.93,15.75,15.78,15425
2016-10-07,15.77,15.83,15.54,15.57,1669355
2016-10-10,15.8,15.83,15.64,15.6701,39808
2016-10-11,15.76,15.76,15.52,15.52,43293
2016-10-12,15.66,15.66,15.5401,15.625,39946
2016-10-13,15.62,15.7099,15.53,15.6601,54862
2016-10-14,15.81,15.8887,15.7436,15.8887,43962
2016-10-17,15.76,15.96,15.72,15.9001,195569
2016-10-18,16.06,16.06,16.01,16.01,9601
2016-10-19,16.08,16.08,15.93,15.95,26114
2016-10-20,15.95,15.97,15.87,15.91,14277
2016-10-21,15.87,15.87,15.7601,15.84,21089
2016-10-24,15.9,15.9,15.72,15.79,25907
2016-10-25,15.77,15.79,15.72,15.76,15864
2016-10-26,15.75,15.77,15.7,15.71,17463
2016-10-27,15.79,15.79,15.67,15.69,25856
2016-10-28,15.7006,15.8,15.6699,15.73,49867
2016-10-31,15.79,15.79,15.7001,15.72,25111
2016-11-01,15.58,15.73,15.58,15.69,18867
2016-11-02,15.67,15.76,15.63,15.63,9258
2016-11-03,15.74,15.78,15.6701,15.69,8157
2016-11-04,15.72,15.79,15.69,15.73,6824
2016-11-07,15.85,15.85,15.73,15.74,6563
2016-11-08,15.72,15.85,15.72,15.85,7817
2016-11-09,15.65,15.78,15.6,15.71,29106
2016-11-10,15.7,15.7964,15.6596,15.7,61840
2016-11-11,15.74,15.794,15.71,15.73,20987
2016-11-14,15.73,15.7537,15.6,15.66,36298
2016-11-15,15.68,15.69,15.6,15.63,29868
2016-11-16,15.66,15.66,15.42,15.46,458093
2016-11-17,15.42,15.51,15.280100000000001,15.3,65244
2016-11-18,15.35,15.35,15.22,15.25,27940
2016-11-21,15.47,15.58,15.4,15.47,25383
2016-11-22,15.58,15.58,15.42,15.47,33904
2016-11-23,15.47,15.4946,15.4,15.46,12694
2016-11-25,15.58,15.58,15.43,15.43,4206
2016-11-28,15.5,15.5881,15.45,15.47,184991
2016-11-29,15.47,15.53,15.45,15.45,26264
2016-11-30,15.54,15.54,15.44,15.51,16409
2016-12-01,15.41,15.64,15.41,15.63,30274
2016-12-02,15.64,15.6999,15.5911,15.67,18161
2016-12-05,15.6,15.73,15.59,15.6,18205
2016-12-06,15.69,15.78,15.641,15.66,22473
2016-12-07,15.74,15.74,15.6,15.62,31107
2016-12-08,15.73,15.79,15.6645,15.75,14361
2016-12-09,15.706,15.729,15.62,15.67,15323
2016-12-12,15.83,15.84,15.68,15.733,52990
2016-12-13,15.83,15.8466,15.74,15.8,60418
2016-12-14,15.77,15.84,15.67,15.68,30863
2016-12-15,15.67,15.74,15.6,15.7,26429
2016-12-16,15.73,15.83,15.6865,15.83,50104
2016-12-19,15.69,15.7299,15.65,15.69,7816
2016-12-20,15.73,15.73,15.62,15.7,17706
2016-12-21,15.73,15.809,15.6455,15.77,10045
2016-12-22,15.71,15.71,15.591,15.689,6570
2016-12-23,15.59,15.5999,15.54,15.58,18321
2016-12-27,15.6,15.62,15.44,15.45,104140
2016-12-28,15.45,15.58,15.4,15.53,114750
2016-12-29,15.53,15.7004,15.51,15.61,181920
2016-12-30,15.6,15.78,15.6,15.74,70470
2017-01-03,15.86,15.95,15.77,15.86,130509
2017-01-04,15.88,16.21,15.88,16.2,149258
2017-01-05,16.06,16.32,16.06,16.18,49967
2017-01-06,16.309,16.4001,16.24,16.33,124996
2017-01-09,16.28,16.339,16.12,16.24,84797
2017-01-10,16.26,16.3201,16.154,16.16,62128
2017-01-11,16.15,16.41,16.1478,16.36,116267
2017-01-12,16.4181,16.46,16.31,16.46,19065
2017-01-13,16.46,16.5,16.23,16.38,127811
2017-01-17,16.5,16.6632,16.496,16.5,186480
2017-01-18,16.46,16.55,16.255,16.3,105422
2017-01-19,16.39,16.39,16.2,16.21,15236
2017-01-20,16.28,16.36,16.2,16.31,104860
2017-01-23,16.3,16.45,16.27,16.35,80944
2017-01-24,16.48,16.622,16.471,16.51,109218
2017-01-25,16.62,16.81,16.62,16.73,89035
2017-01-26,16.87,16.87,16.74,16.8,85774
2017-01-27,16.88,16.88,16.73,16.73,62778
2017-01-30,16.78,16.89,16.77,16.84,100040
2017-01-31,16.92,16.99,16.86,16.95,99155
2017-02-01,16.9,16.91,16.79,16.87,87148
2017-02-02,17.0,17.0,16.85,16.92,67932
2017-02-03,16.99,17.01,16.94,16.96,27300
2017-02-06,16.95,17.01,16.84,17.0,85687
2017-02-07,16.98,16.99,16.77,16.89,106308
2017-02-08,16.99,16.99,16.8,16.85,91590
2017-02-09,16.9,16.93,16.82,16.91,145437
2017-02-10,17.01,17.04,16.89,16.99,379213
2017-02-13,17.08,17.08,16.96,17.06,103008
2017-02-14,17.1,17.1,16.92,16.99,76751
2017-02-15,17.0,17.02,16.9,16.99,121616
2017-02-16,17.07,17.11,16.94,17.11,55629
2017-02-17,17.15,17.2,17.06,17.2,141890
2017-02-21,17.21,17.25,17.15,17.23,74741
2017-02-22,17.2,17.27,17.16,17.22,87775
2017-02-23,17.32,17.42,17.29,17.31,167665
2017-02-24,17.42,17.42,17.25,17.3,104107
2017-02-27,17.31,17.44,17.14,17.24,171029
2017-02-28,17.24,17.24,16.94,16.96,216679
2017-03-01,16.88,16.88,16.83,16.83,34233
2017-03-02,16.73,16.9,16.67,16.72,88476
2017-03-03,16.75,16.82,16.68,16.74,60148
2017-03-06,16.79,16.89,16.78,16.85,5977
2017-03-07,16.89,16.89,16.62,16.62,111639
2017-03-08,16.6,16.75,16.6,16.62,27592
2017-03-09,16.71,16.72,16.57,16.59,20424
2017-03-10,16.71,16.78,16.66,16.66,11998
2017-03-13,16.8,16.93,16.73,16.75,113219
2017-03-14,16.88,16.91,16.71,16.77,30550
2017-03-15,16.92,17.14,16.78,17.1,311390
2017-03-16,17.13,17.15,16.92,16.98,140834
2017-03-17,17.15,17.39,16.99,16.99,60918
2017-03-20,17.14,17.16,17.06,17.06,178307
2017-03-21,17.21,17.24,16.95,16.95,68958
2017-03-22,16.95,17.01,16.85,16.88,76701
2017-03-23,16.88,17.0,16.86,16.9,35550
2017-03-24,17.0,17.06,16.95,17.04,49768
2017-03-27,17.12,17.12,16.96,17.0,78563
2017-03-28,17.04,17.09,16.94,17.04,139802
2017-03-29,17.03,17.22,17.0,17.1,67950
2017-03-30,17.17,17.29,17.17,17.28,42306
2017-03-31,17.24,17.34,17.23,17.33,16205
2017-04-03,17.25,17.25,17.0,17.07,74285
2017-04-04,17.1,17.21,17.1,17.21,131935
2017-04-05,17.25,17.25,17.08,17.08,42887
2017-04-06,17.2,17.24,17.17,17.23,17533
2017-04-07,17.34,17.38,17.29,17.3,44442
2017-04-10,17.35,17.51,17.31,17.43,103922
2017-04-11,17.49,17.51,17.37,17.45,59828
2017-04-12,17.5,17.53,17.47,17.53,37593
2017-04-13,17.44,17.59,17.43,17.44,28448
2017-04-17,17.54,17.56,17.44,17.48,45024
2017-04-18,17.38,17.46,17.34,17.34,19538
2017-04-19,17.31,17.34,17.2,17.22,22635
2017-04-20,17.32,17.32,17.22,17.28,50233
2017-04-21,17.32,17.32,17.17,17.17,26821
2017-04-24,17.16,17.28,17.16,17.21,57012
2017-04-25,17.18,17.21,17.12,17.2,19857
2017-04-26,17.2,17.23,17.14,17.15,20458
2017-04-27,17.21,17.21,17.05,17.11,20889
2017-04-28,17.15,17.15,17.02,17.04,47144
2017-05-01,17.01,17.1,16.98,17.0,18553
2017-05-02,16.87,16.9,16.83,16.85,12639
2017-05-03,16.8,16.89,16.8,16.84,49148
2017-05-04,16.82,16.91,16.64,16.66,133149
2017-05-05,16.68,16.87,16.66,16.8,14215
2017-05-08,16.85,16.85,16.71,16.73,18395
2017-05-09,16.71,16.87,16.71,16.85,12881
2017-05-10,16.87,16.95,16.84,16.94,14155
2017-05-11,16.87,16.87,16.76,16.84,11759
2017-05-12,16.76,16.87,16.76,16.81,8812
2017-05-15,16.98,17.01,16.84,16.85,14339
2017-05-16,16.94,16.97,16.85,16.97,12474
2017-05-17,16.97,16.98,16.84,16.86,20525
2017-05-18,16.9,16.94,16.83,16.84,68713
2017-05-19,16.83,16.94,16.83,16.92,16155
2017-05-22,16.88,16.98,16.88,16.96,18866
2017-05-23,16.98,17.02,16.97,16.97,28294
2017-05-24,16.98,17.02,16.98,17.02,18841
2017-05-25,16.94,17.0,16.94,17.0,54338
2017-05-26,16.99,16.99,16.94,16.95,17593
2017-05-30,16.99,16.99,16.95,16.95,14541
2017-05-31,16.96,16.96,16.93,16.93,38703
2017-06-01,16.88,16.91,16.83,16.87,99815
2017-06-02,16.89,16.9,16.78,16.81,22906
2017-06-05,16.81,16.81,16.77,16.79,27006
2017-06-06,16.77,16.81,16.76,16.78,31617
2017-06-07,16.75,16.78,16.7,16.72,15775
2017-06-08,16.7,16.8,16.68,16.79,17367
2017-06-09,16.86,16.93,16.8,16.92,10191
2017-06-12,16.92,17.1,16.85,17.1,18704
2017-06-13,17.12,17.48,17.12,17.42,46846
2017-06-14,17.45,17.5,17.34,17.4,36817
2017-06-15,17.36,17.36,17.28,17.32,35161
2017-06-16,17.33,17.46,17.33,17.44,21211
2017-06-19,17.46,17.49,17.41,17.41,75097
2017-06-20,17.43,17.43,17.22,17.32,19751
2017-06-21,17.28,17.32,17.18,17.21,11006
2017-06-22,17.38,17.38,17.31,17.38,12952
2017-06-23,17.39,17.41,17.35,17.39,17375
2017-06-26,17.4,17.4,17.35,17.36,11570
2017-06-27,17.41,17.43,17.36,17.43,10002
2017-06-28,17.51,17.73,17.51,17.73,29372
2017-06-29,17.75,17.83,17.71,17.71,90070
2017-06-30,17.82,17.9,17.82,17.9,20853
2017-07-03,17.99,17.99,17.8,17.8,16442
2017-07-05,17.92,17.92,17.8,17.85,96477
2017-07-06,17.74,17.89,17.74,17.82,45057
2017-07-07,17.83,17.92,17.79,17.9,38128
2017-07-10,17.91,17.91,17.81,17.87,36078
2017-07-11,17.88,17.88,17.81,17.84,25460
2017-07-12,17.92,18.22,17.85,18.14,92825
2017-07-13,18.14,18.21,18.03,18.19,41470
2017-07-14,18.22,18.31,18.18,18.3,24095
2017-07-17,18.21,18.31,18.2,18.21,51465
2017-07-18,18.22,18.37,18.22,18.22,35132
2017-07-19,18.3,18.38,18.3,18.35,18099
2017-07-20,18.35,18.41,18.35,18.37,73234
2017-07-21,18.39,18.45,18.35,18.42,13123
2017-07-24,18.53,18.56,18.49,18.5,136934
2017-07-25,18.5,18.56,18.48,18.52,25377
2017-07-26,18.52,18.67,18.5,18.56,73989
2017-07-27,18.56,18.63,18.42,18.45,67472
2017-07-28,18.52,18.71,18.52,18.68,48800
2017-07-31,18.69,18.71,18.64,18.64,148366
2017-08-01,18.69,18.69,18.45,18.51,81570
2017-08-02,18.51,18.55,18.47,18.48,19344
2017-08-03,18.53,18.53,18.33,18.34,61016
2017-08-04,18.26,18.4,18.26,18.38,22040
2017-08-07,18.28,18.32,18.2,18.25,34847
2017-08-08,18.1,18.11,17.98,18.01,144197
2017-08-09,17.78,17.86,17.77,17.86,237807
2017-08-10,17.85,17.95,17.63,17.77,99310
2017-08-11,17.7,17.85,17.64,17.78,81928
2017-08-14,17.75,17.84,17.69,17.84,230711
2017-08-15,17.71,17.73,17.64,17.7,27727
2017-08-16,17.61,17.87,17.56,17.86,24094
2017-08-17,17.93,17.93,17.82,17.86,18843
2017-08-18,17.9,18.09,17.9,18.09,101557
2017-08-21,18.08,18.15,18.0,18.05,41309
2017-08-22,18.25,18.26,18.09,18.12,28812
2017-08-23,18.14,18.2,18.09,18.19,66362
2017-08-24,18.17,18.28,18.17,18.28,56778
2017-08-25,18.18,18.37,18.18,18.36,271812
2017-08-28,18.35,18.46,18.34,18.39,107891
2017-08-29,18.375,18.4,18.22,18.3,65364
2017-08-30,18.2,18.23,18.12,18.21,119637
2017-08-31,18.25,18.37,18.21,18.37,19080
2017-09-01,18.35,18.5992,18.35,18.51,157912
2017-09-05,18.55,18.58,18.46,18.51,121840
2017-09-06,18.54,18.79,18.45,18.76,50473
2017-09-07,18.79,18.91,18.78,18.88,110838
2017-09-08,18.93,18.94,18.77,18.91,74127
2017-09-11,18.96,18.97,18.88,18.91,124527
2017-09-12,18.8,18.96,18.8,18.86,26660
2017-09-13,18.94,18.94,18.76,18.86,108109
2017-09-14,18.86,18.93,18.86,18.91,25608
2017-09-15,18.96,18.99,18.88,18.94,87592
2017-09-18,18.97,18.97,18.71,18.79,36031
2017-09-19,18.89,18.89,18.73,18.84,10531
2017-09-20,18.79,18.83,18.46,18.6,212757
2017-09-21,18.64,18.71,18.6,18.69,57928
2017-09-22,18.54,18.64,18.5,18.58,238120
2017-09-25,18.49,18.61,18.49,18.55,17920
2017-09-26,18.6,18.61,18.48,18.59,71828
2017-09-27,18.61,18.61,18.43,18.49,45374
2017-09-28,18.43,18.62,18.43,18.55,24296
2017-09-29,18.48,18.62,18.48,18.55,32859
