2009-11-17,25.15,25.34,25.15,25.25,3801
2009-11-18,25.6,25.6,25.0,25.05,38072
2009-11-19,25.26,25.26,25.0,25.05,15650
2009-11-20,25.28,25.28,25.0,25.11,7221
2009-11-23,25.5,25.5,25.15,25.21,16750
2009-11-24,25.21,25.25,25.114,25.17,6165
2009-11-25,25.14,25.14,25.13,25.13,1148
2009-11-27,25.0,25.0,24.8801,25.0,50850
2009-11-30,25.25,25.25,25.06,25.13,3165
2009-12-01,25.09,25.25,25.02,25.02,20380
2009-12-02,25.2,25.2,24.83,25.04,9718
2009-12-03,25.37,25.37,24.9,24.95,7245
2009-12-04,25.0,25.0864,24.5,24.85,9690
2009-12-07,24.85,24.9422,24.63,24.9,4314
2009-12-08,25.14,25.14,24.81,24.923000000000002,3734
2009-12-09,24.81,24.84,24.81,24.83,5060
2009-12-10,24.8699,24.91,24.8699,24.91,2300
2009-12-11,24.82,25.02,24.82,24.99,3327
2009-12-14,25.05,25.64,25.05,25.3,7714
2009-12-15,25.43,26.15,25.0,25.33,8780
2009-12-16,25.54,26.26,25.38,25.38,6200
2009-12-17,25.6,26.19,25.49,25.51,9050
2009-12-18,25.72,25.72,25.4,25.4,1580
2009-12-21,26.27,26.27,25.52,25.75,2990
2009-12-22,25.75,25.75,25.75,25.75,5100
2009-12-23,25.9,26.76,25.58,25.62,10702
2009-12-24,25.76,25.9,25.6,25.6,2665
2009-12-28,25.79,25.9,25.65,25.65,2715
2009-12-29,26.24,26.24,25.5,25.5,5050
2009-12-30,25.5,25.57,25.34,25.54,4070
2009-12-31,25.5,25.58,25.49,25.49,1665
2010-01-04,25.66,25.75,25.66,25.6977,2724
2010-01-05,25.73,25.73,25.49,25.5966,16060
2010-01-06,25.65,25.81,25.5,25.7,8795
2010-01-07,25.8,25.8,25.6,25.75,19275
2010-01-08,25.59,25.6,25.37,25.58,2300
2010-01-11,25.85,25.85,25.35,25.7092,3940
2010-01-12,25.86,25.86,25.65,25.65,10670
2010-01-13,25.77,25.77,25.6,25.71,4640
2010-01-14,25.5,25.708,25.5,25.708,1796
2010-01-15,25.5,25.88,24.94,25.65,31627
2010-01-19,25.95,25.95,25.87,25.95,5075
2010-01-20,25.54,25.62,25.345,25.62,1167
2010-01-21,25.94,25.95,25.7501,25.87,4052
2010-01-22,25.75,25.81,25.7,25.76,7400
2010-01-25,25.7,25.7,25.23,25.6399,6860
2010-01-26,25.85,25.9,25.8499,25.9,816
2010-01-27,25.85,25.85,25.694,25.74,54625
2010-01-28,25.79,25.8,25.62,25.79,18059
2010-01-29,25.8,26.01,25.44,25.62,7316
2010-02-01,26.06,26.06,25.75,25.79,6883
2010-02-02,25.86,25.86,25.8,25.8,4100
2010-02-03,25.85,25.9,25.82,25.9,950
2010-02-04,25.75,25.82,25.49,25.53,39342
2010-02-05,25.55,25.55,25.4,25.53,2501
2010-02-08,25.55,25.66,25.5,25.5,2430
2010-02-09,25.67,25.74,25.55,25.74,7270
2010-02-10,25.665,25.7099,25.5801,25.5801,1160
2010-02-11,25.74,25.9,25.72,25.9,9783
2010-02-12,25.75,25.85,25.75,25.85,2200
2010-02-16,25.88,25.88,25.8,25.8,1365
2010-02-17,25.86,25.95,25.85,25.93,32960
2010-02-18,25.9496,25.958,25.85,25.958,1413
2010-02-19,26.02,26.46,25.98,25.98,6290
2010-02-22,26.22,26.22,25.8,25.9299,5698
2010-02-23,25.8844,25.92,25.8,25.8,7948
2010-02-24,25.9296,25.99,25.9296,25.974,1928
2010-02-25,26.39,26.39,25.8,25.962,6700
2010-02-26,26.2,26.2,25.85,25.956,4878
2010-03-01,25.68,25.9499,25.65,25.8,10103
2010-03-02,25.94,26.003,25.78,26.0,40783
2010-03-03,26.02,26.02,25.96,25.97,5057
2010-03-04,26.0,26.13,25.87,25.94,16603
2010-03-05,26.19,28.5,26.05,26.28,90932
2010-03-08,26.25,26.25,26.15,26.234,20834
2010-03-09,26.12,26.32,26.12,26.18,24165
2010-03-10,26.28,26.34,26.16,26.28,59210
2010-03-11,26.14,26.27,26.14,26.26,2741
2010-03-12,26.1,26.15,26.1,26.15,800
2010-03-15,26.18,26.18,26.03,26.1399,5065
2010-03-16,26.19,26.29,26.12,26.12,7762
2010-03-17,26.35,26.35,26.3,26.35,4647
2010-03-18,26.37,26.38,26.1999,26.24,2995
2010-03-19,26.19,26.2,26.19,26.2,6751
2010-03-22,26.92,27.7,25.88,26.14,3770
2010-03-23,26.03,26.0999,25.95,26.09,2800
2010-03-24,26.0,26.09,25.86,26.089,4281
2010-03-25,27.95,27.95,25.78,25.8,7533
2010-03-26,25.6,25.86,25.6,25.81,3835
2010-03-29,25.6001,25.979,25.6,25.85,5320
2010-03-30,26.14,26.14,25.99,26.01,7041
2010-03-31,25.72,26.03,25.72,26.03,27762
2010-04-01,26.0,26.11,26.0,26.1,10892
2010-04-05,26.1,26.26,26.1,26.26,77514
2010-04-06,26.09,26.25,25.94,26.22,47138
2010-04-07,26.25,26.25,26.17,26.18,198633
2010-04-08,26.7,26.7,25.89,26.2,27000
2010-04-09,26.22,26.24,26.06,26.24,60489
2010-04-12,26.26,26.29,26.18,26.2099,373338
2010-04-13,26.16,26.17,26.0501,26.13,27910
2010-04-14,26.22,26.22,26.13,26.1401,10494
2010-04-15,26.21,26.25,26.19,26.23,103486
2010-04-16,26.1,26.15,26.04,26.15,10849
2010-04-19,26.04,26.05,26.04,26.05,1642
2010-04-20,26.05,26.27,25.97,26.06,36041
2010-04-21,26.29,26.3,26.141,26.26,3719
2010-04-22,26.3,26.35,26.2,26.245,16235
2010-04-23,26.89,26.89,26.41,26.67,7613
2010-04-26,26.55,26.55,26.46,26.505,2644
2010-04-27,26.58,26.58,26.26,26.3899,4449
2010-04-28,26.14,26.63,26.12,26.46,9561
2010-04-29,26.55,26.61,26.5,26.5,7378
2010-04-30,26.72,26.72,26.11,26.4,2681
2010-05-03,26.4,26.43,26.24,26.43,1025
2010-05-04,26.195,26.215,26.1501,26.16,1371
2010-05-05,26.06,26.24,26.06,26.12,3027
2010-05-06,26.79,26.79,25.51,25.735,11390
2010-05-07,25.43,25.68,24.7,25.098,7450
2010-05-10,25.93,25.93,25.36,25.78,57322
2010-05-11,25.7,25.73,25.6,25.73,1200
2010-05-12,25.65,25.83,25.61,25.819,1125
2010-05-13,25.95,26.12,25.95,25.9701,10305
2010-05-14,26.09,26.09,25.684,25.89,5091
2010-05-17,25.91,25.91,25.46,25.64,21013
2010-05-18,25.79,25.99,25.6186,25.6186,11793
2010-05-19,25.579,25.75,25.42,25.42,2533
2010-05-20,25.41,25.41,24.77,24.7801,8871
2010-05-21,24.61,25.26,24.61,25.19,53916
2010-05-24,25.39,25.39,25.07,25.07,1367
2010-05-25,24.71,25.04,24.71,25.04,7638
2010-05-26,25.28,25.28,25.058,25.058,3269
2010-05-27,25.86,25.86,25.131,25.131,4163
2010-05-28,25.33,25.33,25.01,25.31,62000
2010-06-01,24.76,24.98,24.75,24.75,30958
2010-06-02,24.58,25.24,24.38,25.24,51620
2010-06-03,25.2625,25.2625,25.17,25.21,1611
2010-06-04,25.09,25.22,24.9,24.9,13594
2010-06-07,25.175,25.175,24.835,24.95,4628
2010-06-08,24.82,25.16,24.82,25.16,1741
2010-06-09,25.28,25.3095,25.12,25.12,1376
2010-06-10,25.36,25.5,25.32,25.5,218553
2010-06-11,25.45,25.53,25.41,25.43,11708
2010-06-14,25.59,25.71,25.445,25.445,219562
2010-06-15,25.56,25.73,25.53,25.72,20517
2010-06-16,25.6,25.74,25.59,25.69,2770
2010-06-17,25.59,25.7399,25.58,25.7059,15705
2010-06-18,25.69,25.7,25.69,25.7,17843
2010-06-21,26.56,26.56,25.6001,25.6001,9127
2010-06-22,25.45,25.7,25.3732,25.3732,2440
2010-06-23,25.385,25.385,25.385,25.385,110
2010-06-24,25.36,25.37,25.279,25.279,5742
2010-06-25,25.3325,25.4225,25.3325,25.4225,1980
2010-06-28,25.2932,25.2932,25.2932,25.2932,200
2010-06-29,24.94,25.1,24.75,24.75,16399
2010-06-30,25.1401,25.23,25.06,25.2,12718
2010-07-01,24.82,25.1199,24.82,24.9813,2594
2010-07-02,24.9812,25.25,24.97,25.2,3705
2010-07-06,24.89,25.1,24.89,24.97,1880
2010-07-07,25.32,25.32,25.32,25.32,145
2010-07-08,25.395,25.432,25.22,25.3355,4200
2010-07-09,25.52,25.53,25.52,25.5277,8241
2010-07-12,25.48,25.54,25.38,25.54,2295
2010-07-13,25.52,25.54,25.3413,25.395,5309
2010-07-14,25.52,25.6499,25.51,25.6199,8378
2010-07-15,25.62,25.62,25.387,25.387,5224
2010-07-16,25.23,25.54,25.23,25.526,2735
2010-07-19,25.645,25.645,25.6,25.6,310
2010-07-20,25.65,25.775,25.65,25.67,2499
2010-07-21,26.15,26.15,25.65,25.72,2480
2010-07-22,26.22,26.22,25.76,25.91,2151
2010-07-23,26.09,26.09,25.81,25.88,1098
2010-07-26,25.69,25.844,25.69,25.82,2114
2010-07-27,25.69,25.9,25.68,25.9,10399
2010-07-28,25.8704,26.01,25.8704,25.98,1788
2010-07-29,25.94,25.98,25.83,25.87,2848
2010-07-30,26.0,26.0,25.855,25.91,2716
2010-08-02,26.19,26.19,26.0101,26.0101,1210
2010-08-03,26.25,26.25,26.04,26.04,1270
2010-08-04,25.84,26.1,25.84,26.0,2583
2010-08-05,25.96,26.017,25.8712,25.8712,6502
2010-08-06,25.8848,25.8848,25.12,25.84,11676
2010-08-09,26.03,26.03,26.03,26.03,120
2010-08-10,25.78,25.915,25.77,25.8454,3377
2010-08-11,25.6,25.74,25.6,25.72,2612
2010-08-12,25.675,25.72,25.6101,25.709,9644
2010-08-13,25.6728,25.6728,25.61,25.66,1698
2010-08-16,25.7155,25.81,25.6816,25.7948,5208
2010-08-17,25.77,25.77,25.77,25.77,200
2010-08-18,25.67,25.82,25.67,25.7656,8028
2010-08-19,25.75,25.75,25.636,25.6967,804
2010-08-20,25.65,25.65,25.6035,25.6035,1736
2010-08-23,26.06,26.06,25.61,25.65,4459
2010-08-24,25.58,25.74,25.542,25.6,2775
2010-08-25,25.68,25.68,25.54,25.59,14329
2010-08-26,25.64,25.64,25.451,25.54,4798
2010-08-27,25.58,25.63,25.56,25.62,3085
2010-08-30,25.0,25.65,25.0,25.5,6712
2010-08-31,25.4,25.59,25.4,25.57,3440
2010-09-01,25.75,25.75,25.57,25.64,3000
2010-09-02,25.64,25.74,25.63,25.7341,2441
2010-09-03,25.85,25.85,25.41,25.41,30119
2010-09-07,25.37,25.61,25.37,25.4501,2462
2010-09-08,25.52,25.65,25.5,25.63,1443
2010-09-09,25.62,25.63,25.455,25.6093,4628
2010-09-10,25.74,25.74,25.5101,25.645,2991
2010-09-13,25.62,25.62,25.5,25.61,6645
2010-09-14,25.69,25.69,25.54,25.55,4130
2010-09-15,25.5,25.64,25.5,25.64,8033
2010-09-16,25.65,25.68,25.54,25.634,2756
2010-09-17,25.6082,25.66,25.5871,25.59,1707
2010-09-20,25.5,25.73,25.5,25.73,4800
2010-09-21,25.7499,25.81,25.7499,25.81,3096
2010-09-22,25.76,25.77,25.7001,25.77,26624
2010-09-23,25.5,25.77,25.24,25.6856,5094
2010-09-24,25.62,25.81,25.53,25.71,15273
2010-09-27,26.0,26.03,25.41,25.71,17139
2010-09-28,25.86,25.86,25.7,25.83,5256
2010-09-29,25.8,25.84,25.76,25.76,1825
2010-09-30,25.78,25.8701,25.75,25.792,13778
2010-10-01,25.8,25.815,25.8,25.806,1860
2010-10-04,25.8,25.87,25.771,25.87,6455
2010-10-05,25.85,25.99,25.77,25.82,16414
2010-10-06,25.77,25.79,25.65,25.718,4062
2010-10-07,25.655,25.74,25.62,25.62,7521
2010-10-08,25.77,25.78,25.61,25.735,7587
2010-10-11,25.79,25.81,25.66,25.75,4437
2010-10-12,25.67,25.7999,25.67,25.7324,5808
2010-10-13,25.7,25.8,25.64,25.8,3742
2010-10-14,25.61,25.74,25.61,25.73,9820
2010-10-15,25.62,25.75,25.62,25.73,13936
2010-10-18,25.72,25.72,25.63,25.631,8875
2010-10-19,25.63,25.74,25.59,25.59,3470
2010-10-20,25.7199,25.72,25.65,25.65,1279
2010-10-21,25.6666,25.72,25.585,25.585,3036
2010-10-22,25.54,25.71,25.5,25.594,14271
2010-10-25,25.6,25.67,25.49,25.65,3671
2010-10-26,26.37,26.37,25.565,25.72,17126
2010-10-27,25.7,25.9,25.665,25.9,2915
2010-10-28,25.65,25.65,25.511,25.61,1344
2010-10-29,25.58,25.83,25.51,25.51,4003
2010-11-01,25.66,25.72,25.66,25.695,3160
2010-11-02,25.64,25.75,25.55,25.5535,8786
2010-11-03,25.68,25.75,25.67,25.75,8625
2010-11-04,25.385,25.52,25.38,25.465,3881
2010-11-05,25.4899,25.56,25.35,25.55,4751
2010-11-08,25.41,25.5399,25.386,25.5399,8176
2010-11-09,25.48,25.63,25.42,25.42,12299
2010-11-10,25.48,25.5499,25.39,25.42,19668
2010-11-11,25.37,25.4818,25.34,25.35,123900
2010-11-12,25.4499,25.46,25.34,25.35,1490
2010-11-15,25.27,25.3499,25.27,25.32,49220
2010-11-16,25.2601,25.4,25.2601,25.4,4020
2010-11-17,25.26,25.56,25.25,25.36,7800
2010-11-18,24.9501,25.55,24.9501,25.49,10695
2010-11-19,25.41,25.51,25.2883,25.2883,9583
2010-11-22,25.36,25.4,25.19,25.33,90124
2010-11-23,25.345,25.46,25.27,25.46,1786
2010-11-24,25.72,25.72,25.32,25.32,5415
2010-11-26,25.4099,25.41,25.3728,25.4099,1828
2010-11-29,25.01,25.41,25.01,25.41,1783
2010-11-30,25.5,25.5,25.449,25.49,2336
2010-12-01,25.45,25.45,25.3501,25.4299,15430
2010-12-02,25.68,25.68,25.39,25.4154,6294
2010-12-03,25.55,25.55,25.43,25.43,967
2010-12-06,25.01,25.36,25.01,25.27,4457
2010-12-07,25.35,25.38,25.171,25.3,3960
2010-12-08,25.24,25.24,25.2001,25.2001,2820
2010-12-09,25.2287,25.395,25.2287,25.395,1660
2010-12-10,25.205,25.27,24.97,25.19,52018
2010-12-13,25.15,25.185,25.15,25.18,7129
2010-12-14,25.14,25.26,25.14,25.175,5612
2010-12-15,25.2999,25.3,25.2999,25.2999,559
2010-12-16,25.125,25.4,25.125,25.3632,1474
2010-12-17,24.83,25.39,24.83,25.345,6631
2010-12-20,25.26,25.345,25.101,25.2,19726
2010-12-21,25.21,25.48,24.901,25.4799,4954
2010-12-22,25.285,25.48,25.141,25.141,3853
2010-12-23,24.91,25.17,24.801,24.99,19534
2010-12-27,25.49,25.49,24.891,25.0299,38705
2010-12-28,24.9284,24.939,24.57,24.652,3364
2010-12-29,24.99,24.99,24.57,24.6,157420
2010-12-30,25.125,25.125,24.65,24.65,5716
2010-12-31,24.8,24.85,24.49,24.7,13901
2011-01-03,24.9,24.904,24.651,24.75,119854
2011-01-04,24.9,25.04,24.75,25.04,94966
2011-01-05,24.83,25.08,24.83,25.08,8573
2011-01-06,25.07,25.07,24.9,24.94,10112
2011-01-07,25.08,25.1,24.9701,25.1,5071
2011-01-10,24.97,25.13,24.97,25.125,12747
2011-01-11,25.005,25.15,24.96,25.15,4927
2011-01-12,25.19,25.2,24.991,25.02,9082
2011-01-13,25.085,25.15,25.06,25.099,5672
2011-01-14,25.14,25.2,24.9601,25.01,8956
2011-01-18,24.96,25.15,24.96,25.15,4468
2011-01-19,24.97,25.14,24.97,25.005,8875
2011-01-20,25.05,25.13,24.92,24.95,72875
2011-01-21,24.96,25.08,24.9401,25.06,1814
2011-01-24,24.9501,25.065,24.94,24.9401,8105
2011-01-25,25.02,25.02,25.02,25.02,160
2011-01-26,25.015,25.14,25.015,25.05,4501
2011-01-27,25.17,25.17,25.09,25.1,5690
2011-01-28,25.1084,25.1084,24.92,24.92,19023
2011-01-31,25.07,25.17,25.06,25.17,8184
2011-02-01,25.2,25.23,25.03,25.14,13356
2011-02-02,25.0601,25.27,25.0601,25.27,4035
2011-02-03,25.21,25.23,25.077,25.114,3461
2011-02-04,25.35,25.35,25.1,25.125,815
2011-02-07,25.29,25.31,25.15,25.23,9803
2011-02-08,24.87,25.2,24.87,25.11,9146
2011-02-09,25.21,25.21,25.0849,25.1,6059
2011-02-10,25.1,25.23,25.07,25.115,13013
2011-02-11,25.3,25.3,25.25,25.25,827
2011-02-14,25.21,25.21,25.0501,25.2,3218
2011-02-15,25.28,25.36,25.2,25.33,5223
2011-02-16,25.38,25.41,25.33,25.4,6765
2011-02-17,25.3001,25.3001,25.3001,25.3001,200
2011-02-18,25.38,25.38,25.27,25.27,3624
2011-02-22,25.14,25.23,25.14,25.23,4616
2011-02-23,25.29,25.31,25.2,25.201,7317
2011-02-24,25.28,25.28,25.12,25.12,2918
2011-02-25,25.22,25.5,25.22,25.3,7807
2011-02-28,25.29,25.29,25.043,25.043,3084
2011-03-01,25.31,25.31,25.05,25.146,15898
2011-03-02,25.26,25.33,25.2497,25.29,6439
2011-03-03,25.16,25.4,25.16,25.4,8233
2011-03-04,25.2,25.3499,25.19,25.3399,2203
2011-03-07,25.5,25.5,25.24,25.24,7776
2011-03-08,25.5,25.5,25.15,25.15,854
2011-03-09,25.32,25.33,25.2,25.3,6420
2011-03-10,25.0,25.2,25.0,25.068,1330
2011-03-11,25.25,25.37,25.25,25.37,1313
2011-03-14,25.47,25.47,25.13,25.3355,3376
2011-03-15,25.29,25.46,25.198,25.46,5606
2011-03-16,25.396,25.42,25.396,25.42,699
2011-03-17,25.31,25.4,25.23,25.28,4013
2011-03-18,25.35,25.46,25.35,25.46,2842
2011-03-21,25.45,25.46,24.97,25.4599,1319
2011-03-22,25.33,25.45,25.3,25.33,719
2011-03-23,25.18,25.41,25.15,25.4,17300
2011-03-24,25.27,25.46,25.2101,25.4,3520
2011-03-25,25.39,25.46,25.29,25.31,1362
2011-03-28,25.28,25.49,25.28,25.34,3380
2011-03-29,25.49,25.6,25.35,25.36,5203
2011-03-30,25.32,25.63,25.241,25.61,12162
2011-03-31,25.57,25.57,25.5499,25.5499,500
2011-04-01,25.62,25.62,25.4601,25.501,3977
2011-04-04,25.5,25.63,25.49,25.63,8884
2011-04-05,25.5,25.58,25.5,25.58,750
2011-04-06,25.55,25.62,25.55,25.62,945
2011-04-07,25.55,25.55,25.36,25.54,9333
2011-04-08,25.4999,25.4999,25.25,25.27,10154
2011-04-11,25.46,25.46,25.16,25.39,10680
2011-04-12,25.242,25.36,25.242,25.2999,2767
2011-04-13,25.208,25.3023,25.17,25.19,3799
2011-04-14,25.35,25.36,25.278,25.3199,2887
2011-04-15,25.39,25.42,25.37,25.42,4471
2011-04-18,25.42,25.42,25.42,25.42,0
2011-04-19,25.57,25.57,25.33,25.4999,7841
2011-04-20,25.63,25.63,25.39,25.5,7803
2011-04-21,25.413,25.45,25.29,25.31,7618
2011-04-25,25.44,25.4996,25.42,25.42,590
2011-04-26,25.42,25.4452,25.42,25.4452,1032
2011-04-27,25.42,25.48,25.366,25.47,5499
2011-04-28,25.42,25.5,25.319,25.47,3467
2011-04-29,25.67,25.7,25.35,25.38,4995
2011-05-02,25.23,25.5,25.23,25.5,3547
2011-05-03,25.49,25.49,25.3,25.42,9525
2011-05-04,25.3999,25.4,25.2601,25.2601,2521
2011-05-05,25.04,25.42,25.04,25.42,1147
2011-05-06,25.45,25.45,25.3,25.31,2385
2011-05-09,25.4,25.4,25.228,25.228,4555
2011-05-10,25.18,25.46,25.17,25.41,9932
2011-05-11,25.37,25.37,25.19,25.25,6368
2011-05-12,25.3,25.36,25.3,25.3098,8181
2011-05-13,25.32,25.32,25.18,25.25,2808
2011-05-16,25.2,25.21,25.1632,25.1632,795
2011-05-17,25.18,25.28,25.18,25.2367,1420
2011-05-18,25.18,25.35,25.18,25.35,2781
2011-05-19,25.27,25.27,25.138,25.25,2564
2011-05-20,25.22,25.39,25.22,25.38,5460
2011-05-23,25.29,25.53,25.2,25.5,16345
2011-05-24,25.2201,25.58,25.2201,25.241,1885
2011-05-25,25.04,25.47,25.04,25.47,46698
2011-05-26,25.4365,25.45,25.3774,25.3774,871
2011-05-27,25.3999,25.4,25.2868,25.2868,3429
2011-05-31,25.19,25.5835,25.14,25.34,1419
2011-06-01,25.5,25.5,25.18,25.2,11391
2011-06-02,25.35,25.4075,25.2409,25.29,10350
2011-06-03,25.12,25.38,25.12,25.35,4099
2011-06-06,25.35,25.35,25.26,25.26,2886
2011-06-07,25.3,25.42,25.18,25.26,8749
2011-06-08,25.36,25.45,25.23,25.3699,5830
2011-06-09,25.27,25.47,25.27,25.45,5924
2011-06-10,25.2566,25.34,25.18,25.18,5160
2011-06-13,25.32,25.51,25.1701,25.24,8201
2011-06-14,25.3,25.41,25.22,25.4,6080
2011-06-15,25.27,25.72,25.27,25.27,17635
2011-06-16,25.36,25.41,25.24,25.24,7279
2011-06-17,25.2,25.31,25.18,25.31,3683
2011-06-20,25.31,25.42,25.31,25.42,5708
2011-06-21,25.41,25.69,25.39,25.48,6680
2011-06-22,25.57,25.64,25.32,25.37,19737
2011-06-23,25.4,25.51,25.258,25.32,7141
2011-06-24,25.24,25.26,25.21,25.26,1985
2011-06-27,25.27,25.28,25.15,25.16,3556
2011-06-28,25.3299,25.47,25.3299,25.47,2555
2011-06-29,25.34,25.4,25.1725,25.4,7244
2011-06-30,25.49,25.49,25.196,25.196,2698
2011-07-01,25.242,25.39,25.17,25.27,11032
2011-07-05,25.16,25.22,25.15,25.2,8695
2011-07-06,25.23,25.26,25.1888,25.24,4030
2011-07-07,25.2798,25.4399,25.2798,25.4399,3302
2011-07-08,25.1701,25.27,25.1701,25.27,930
2011-07-11,25.44,25.48,25.05,25.05,10504
2011-07-12,25.24,25.25,25.1425,25.1425,1670
2011-07-13,25.25,25.52,25.25,25.39,9141
2011-07-14,25.38,25.38,25.2978,25.314,2095
2011-07-15,25.2101,25.49,25.2101,25.44,7750
2011-07-18,25.25,25.35,25.25,25.3084,1623
2011-07-19,25.34,25.35,25.33,25.35,606
2011-07-20,25.3,25.55,25.3,25.54,4230
2011-07-21,25.63,25.63,25.44,25.45,9022
2011-07-22,25.78,25.78,25.44,25.44,4421
2011-07-25,25.43,25.59,25.24,25.4,18417
2011-07-26,25.26,25.5,25.26,25.37,2924
2011-07-27,25.45,25.47,25.25,25.25,8370
2011-07-28,25.42,25.42,24.77,25.2061,11540
2011-07-29,25.19,25.19,25.06,25.13,26045
2011-08-01,25.2,25.21,25.1715,25.1715,1223
2011-08-02,25.25,25.25,24.98,25.04,3070
2011-08-03,25.08,25.0935,24.86,24.86,2910
2011-08-04,24.82,24.82,23.99,23.99,11127
2011-08-05,24.83,24.83,24.11,24.21,6533
2011-08-08,23.86,23.88,23.18,23.18,18060
2011-08-09,24.34,24.34,21.521,23.81,22886
2011-08-10,24.36,24.36,23.98,23.98,2376
2011-08-11,24.23,24.34,23.82,24.14,44158
2011-08-12,24.19,24.3,24.15,24.26,5063
2011-08-15,24.44,24.44,24.3501,24.42,2450
2011-08-16,24.64,24.64,24.1,24.1,38581
2011-08-17,24.28,24.45,23.851,24.34,79127
2011-08-18,24.01,24.01,24.01,24.01,400
2011-08-19,24.03,24.32,23.9,24.0928,20162
2011-08-22,24.34,24.34,23.93,24.08,7947
2011-08-23,24.03,24.1501,23.97,24.12,11050
2011-08-24,24.04,24.19,23.99,24.05,30670
2011-08-25,24.16,24.2,24.1001,24.1001,2454
2011-08-26,24.19,24.42,24.04,24.27,5846
2011-08-29,24.41,24.41,24.34,24.41,2432
2011-08-30,24.34,24.504,24.28,24.2801,1731
2011-08-31,24.7,24.7225,24.53,24.66,4033
2011-09-01,24.51,24.59,24.49,24.5,2607
2011-09-02,24.43,24.464,24.27,24.28,10220
2011-09-06,24.19,24.33,24.025,24.26,16956
2011-09-07,24.35,24.45,24.35,24.45,2351
2011-09-08,24.48,24.51,24.35,24.41,3726
2011-09-09,24.25,24.27,24.13,24.24,39589
2011-09-12,24.24,24.29,24.22,24.29,1980
2011-09-13,24.25,24.37,24.25,24.27,2430
2011-09-14,24.23,24.27,24.01,24.22,13835
2011-09-15,23.83,24.35,23.83,24.35,3968
2011-09-16,24.26,24.39,24.26,24.39,21130
2011-09-19,24.09,24.28,24.09,24.1401,5410
2011-09-20,24.45,24.45,24.45,24.45,398
2011-09-21,24.29,24.4,24.29,24.4,8344
2011-09-22,24.16,24.24,24.09,24.09,11990
2011-09-23,24.15,24.4,24.11,24.16,12365
2011-09-26,24.43,24.43,24.17,24.17,2050
2011-09-27,24.18,24.39,24.1552,24.26,5160
2011-09-28,24.07,24.47,24.03,24.05,13260
2011-09-29,24.14,24.1932,24.14,24.1932,560
2011-09-30,24.02,24.03,23.89,24.03,6230
2011-10-03,24.23,24.23,23.6,23.6301,29937
2011-10-04,23.45,23.88,23.45,23.88,12257
2011-10-05,23.86,24.02,23.86,23.93,1490
2011-10-06,23.9,24.18,23.9,24.18,4053
2011-10-07,23.94,24.1385,23.94,24.09,6651
2011-10-10,24.45,24.45,24.24,24.33,2490
2011-10-11,23.86,24.34,23.86,24.13,7400
2011-10-12,24.36,24.36,24.35,24.36,500
2011-10-13,24.14,24.14,24.14,24.14,100
2011-10-14,24.31,24.31,24.31,24.31,100
2011-10-17,24.01,24.52,24.01,24.52,8262
2011-10-18,24.43,24.43,24.115,24.19,23450
2011-10-19,24.47,24.47,24.16,24.2,6198
2011-10-20,24.31,24.5,24.31,24.4,3962
2011-10-21,24.48,24.48,23.59,23.59,366
2011-10-24,24.16,24.66,24.16,24.57,9730
2011-10-25,24.65,24.86,24.195,24.36,20080
2011-10-26,24.49,24.7,24.35,24.68,4140
2011-10-27,25.15,25.15,24.5,24.6,4614
2011-10-28,24.64,24.79,24.64,24.79,2400
2011-10-31,25.08,25.08,24.84,24.84,2800
2011-11-01,24.84,24.93,24.4,24.93,9798
2011-11-02,25.15,25.15,24.63,24.681,1510
2011-11-03,24.93,24.93,24.93,24.93,152
2011-11-04,24.72,24.8,24.72,24.8,213
2011-11-07,24.8436,24.8499,24.8436,24.8499,299
2011-11-08,24.92,24.92,24.92,24.92,200
2011-11-09,24.95,24.95,24.8048,24.8048,350
2011-11-10,24.7864,24.83,24.68,24.68,685
2011-11-11,24.7769,24.94,24.7769,24.94,418
2011-11-14,24.94,24.94,24.671,24.72,18450
2011-11-15,24.97,24.97,24.75,24.9,2205
2011-11-16,24.6652,24.6652,24.5,24.5,1263
2011-11-17,24.5,24.63,24.5,24.63,311
2011-11-18,24.73,24.73,24.73,24.73,230
2011-11-21,24.54,24.54,24.27,24.3401,1580
2011-11-22,24.3401,24.3401,24.3401,24.3401,0
2011-11-23,24.27,24.28,23.93,24.28,4600
2011-11-25,24.28,24.28,24.28,24.28,0
2011-11-28,24.33,24.33,24.32,24.32,3017
2011-11-29,24.33,24.555,24.33,24.55,5642
2011-11-30,24.42,24.49,24.38,24.42,3992
2011-12-01,24.42,24.6955,24.39,24.55,1786
2011-12-02,24.66,24.81,24.56,24.56,3966
2011-12-05,24.5601,24.5601,23.84,24.46,3910
2011-12-06,24.53,24.579,24.53,24.55,3203
2011-12-07,24.53,24.74,24.37,24.45,9371
2011-12-08,24.66,24.66,24.41,24.41,5362
2011-12-09,24.59,24.7116,24.54,24.65,1529
2011-12-12,24.63,24.63,24.43,24.5055,7161
2011-12-13,24.58,24.58,24.0,24.3384,3265
2011-12-14,24.42,24.42,24.42,24.42,200
2011-12-15,24.5,24.86,24.5,24.61,42062
2011-12-16,24.52,24.68,24.28,24.38,5521
2011-12-19,24.34,24.39,24.34,24.39,2410
2011-12-20,24.67,24.67,24.36,24.46,6433
2011-12-21,24.45,24.62,24.305,24.62,20259
2011-12-22,24.55,24.72,24.55,24.63,13398
2011-12-23,24.74,24.74,24.51,24.51,2564
2011-12-27,24.65,24.65,24.42,24.5616,2427
2011-12-28,24.5616,24.5616,24.5616,24.5616,0
2011-12-29,24.63,24.75,24.5,24.57,12107
2011-12-30,24.5,24.69,24.44,24.58,6110
2012-01-03,24.86,25.08,24.8,24.92,1992
2012-01-04,24.7829,24.877,24.76,24.76,635
2012-01-05,24.89,24.9155,24.8395,24.91,1339
2012-01-06,24.94,24.96,24.94,24.96,2200
2012-01-09,25.12,25.15,24.98,24.98,2285
2012-01-10,25.08,25.192,25.005,25.12,6193
2012-01-11,24.92,25.12,24.92,25.12,1898
2012-01-12,25.0001,25.0297,24.93,25.0011,871
2012-01-13,24.94,24.94,24.92,24.94,9800
2012-01-17,24.95,25.08,24.7,24.93,33855
2012-01-18,25.0,25.22,24.942,25.0,11063
2012-01-19,25.0425,25.06,25.025,25.025,5705
2012-01-20,25.1,25.1,25.0988,25.0988,400
2012-01-23,25.01,25.08,24.93,24.96,4000
2012-01-24,25.1,25.119,24.881,25.02,2042
2012-01-25,25.07,25.2,24.89,25.03,3480
2012-01-26,25.0501,25.22,24.95,25.22,13701
2012-01-27,25.22,26.71,25.1,25.3124,86000
2012-01-30,25.08,25.45,25.08,25.35,9186
2012-01-31,25.43,25.43,25.28,25.31,7235
2012-02-01,25.4202,25.5,25.4201,25.4496,1533
2012-02-02,25.6,25.6,25.51,25.59,693
2012-02-03,25.65,25.65,25.518,25.55,21970
2012-02-06,25.55,25.55,25.31,25.33,8390
2012-02-07,25.27,25.5,25.21,25.44,4030
2012-02-08,25.42,25.42,25.35,25.35,460
2012-02-09,25.5,25.51,25.35,25.43,7334
2012-02-10,25.37,25.5,25.2,25.411,7280
2012-02-13,25.69,25.69,25.5,25.51,7230
2012-02-14,25.65,25.6599,25.51,25.55,4387
2012-02-15,25.6095,25.65,25.55,25.55,5311
2012-02-16,25.55,25.55,25.55,25.55,0
2012-02-17,25.62,25.65,25.45,25.4879,29827
2012-02-21,25.46,25.4799,25.38,25.4799,2433
2012-02-22,25.36,25.418,25.31,25.3101,3153
2012-02-23,25.37,25.37,25.31,25.31,1529
2012-02-24,25.32,25.456,25.32,25.45,743
2012-02-27,25.63,25.68,25.54,25.616,2763
2012-02-28,25.66,25.68,25.59,25.61,2184
2012-02-29,25.7,25.73,25.602899999999998,25.602899999999998,5346
2012-03-01,25.602899999999998,25.602899999999998,25.602899999999998,25.602899999999998,0
2012-03-02,25.67,25.737,25.51,25.51,7348
2012-03-05,25.3,25.57,25.3,25.4586,8135
2012-03-06,25.39,25.4401,25.26,25.3156,8194
2012-03-07,25.58,25.71,25.46,25.71,4785
2012-03-08,25.6099,25.8,25.6099,25.740099999999998,5259
2012-03-09,25.5699,25.7601,25.5699,25.6801,2377
2012-03-12,25.86,25.86,25.59,25.59,3968
2012-03-13,25.5901,25.77,25.5901,25.77,1078
2012-03-14,25.5701,25.6,25.56,25.56,1885
2012-03-15,25.74,25.74,25.6592,25.6592,600
2012-03-16,25.6592,25.6592,25.6592,25.6592,0
2012-03-19,25.8699,25.8699,25.71,25.71,447
2012-03-20,25.5399,25.66,25.5299,25.58,4800
2012-03-21,25.6099,25.72,25.58,25.58,5900
2012-03-22,25.46,25.5601,25.4299,25.45,4250
2012-03-23,25.62,25.67,25.55,25.67,6289
2012-03-26,25.76,25.76,25.56,25.7592,2284
2012-03-27,25.67,25.67,25.54,25.54,3640
2012-03-28,25.52,25.5901,25.45,25.464,3020
2012-03-29,25.4,25.6074,25.4,25.6074,12149
2012-03-30,25.8,25.82,25.65,25.67,3563
2012-04-02,25.77,25.8,25.72,25.74,5911
2012-04-03,25.77,25.92,25.68,25.768,3112
2012-04-04,25.65,25.75,25.63,25.69,8846
2012-04-05,25.7,25.7,25.61,25.7,7412
2012-04-09,25.78,25.78,25.639,25.77,3025
2012-04-10,25.68,25.68,25.46,25.52,11059
2012-04-11,25.63,25.67,25.49,25.57,9705
2012-04-12,25.95,25.95,25.8905,25.95,2152
2012-04-13,25.76,25.85,25.76,25.85,1210
2012-04-16,25.71,25.774,25.681,25.681,416
2012-04-17,25.75,25.79,25.65,25.65,17142
2012-04-18,25.71,25.71,25.71,25.71,400
2012-04-19,25.66,25.8899,25.66,25.88,35460
2012-04-20,25.9,26.04,25.8,25.96,3304
2012-04-23,25.66,25.85,25.66,25.69,2275
2012-04-24,25.67,25.8531,25.67,25.8531,1060
2012-04-25,25.86,25.86,25.859,25.86,2031
2012-04-26,25.66,25.9333,25.66,25.808,1428
2012-04-27,26.21,26.21,25.87,25.94,8187
2012-04-30,25.79,25.91,25.79,25.91,4654
2012-05-01,25.9499,26.058,25.87,25.87,5130
2012-05-02,25.85,25.94,25.833,25.833,7881
2012-05-03,26.09,26.09,25.7,25.7228,4055
2012-05-04,25.71,25.81,25.7,25.754,12966
2012-05-07,25.7,25.75,25.58,25.7,39394
2012-05-08,25.56,25.65,25.32,25.6158,12911
2012-05-09,25.54,25.71,25.47,25.5901,46522
2012-05-10,25.78,25.8,25.68,25.75,9600
2012-05-11,25.92,25.92,25.6,25.6,1040
2012-05-14,25.68,25.72,25.5401,25.72,1280
2012-05-15,25.58,25.58,25.58,25.58,200
2012-05-16,25.4,25.43,25.4,25.4,1628
2012-05-17,25.22,25.22,24.982,24.982,2485
2012-05-18,25.24,25.24,24.87,24.87,1054
2012-05-21,24.95,25.21,24.91,25.15,18175
2012-05-22,25.08,25.18,25.04,25.04,7712
2012-05-23,25.06,25.06,24.82,25.03,11242
2012-05-24,25.04,25.04,24.97,24.97,3400
2012-05-25,24.98,25.0,24.96,24.978,1594
2012-05-29,25.2,25.2,25.18,25.18,200
2012-05-30,25.1278,25.13,24.89,24.948,2487
2012-05-31,25.0801,25.0801,24.9899,24.99,4647
2012-06-01,24.87,24.98,24.8399,24.87,12623
2012-06-04,24.78,24.7952,24.78,24.7952,9656
2012-06-05,24.85,24.91,24.84,24.9,2125
2012-06-06,24.99,25.1,24.99,24.99,8097
2012-06-07,25.14,25.2,25.14,25.14,3816
2012-06-08,24.81,24.96,22.2,24.86,19120
2012-06-11,25.26,25.26,25.0,25.0,1490
2012-06-12,25.04,25.07,25.02,25.07,600
2012-06-13,24.91,25.0,24.82,24.9,4474
2012-06-14,24.91,25.0299,24.8201,24.8201,1315
2012-06-15,24.92,25.11,24.86,24.9299,4551
2012-06-18,24.9361,24.9361,24.9361,24.9361,118
2012-06-19,24.96,25.1024,24.96,25.1024,728
2012-06-20,25.1024,25.1024,25.1024,25.1024,0
2012-06-21,24.9199,24.96,24.67,24.78,38729
2012-06-22,24.66,24.66,24.66,24.66,600
2012-06-25,24.79,24.969,24.69,24.89,6299
2012-06-26,25.0145,25.0145,24.89,25.0,3533
2012-06-27,24.91,24.91,24.8044,24.8044,1034
2012-06-28,24.78,24.78,24.6,24.67,1542
2012-06-29,24.87,25.03,24.6,24.9805,5506
2012-07-02,24.83,24.8536,24.83,24.8536,790
2012-07-03,24.7617,24.7617,24.7617,24.7617,2906
2012-07-05,24.72,24.72,24.72,24.72,256
2012-07-06,24.8,24.8,24.8,24.8,200
2012-07-09,25.09,25.09,24.85,24.9199,4023
2012-07-10,24.92,24.92,24.78,24.87,36127
2012-07-11,24.9399,24.94,24.74,24.7465,12224
2012-07-12,24.6,24.74,24.6,24.63,31913
2012-07-13,24.6901,24.8276,24.69,24.71,1602
2012-07-16,24.6958,24.6958,24.67,24.67,318
2012-07-17,24.8,24.83,24.7201,24.7201,11771
2012-07-18,24.81,24.89,24.7201,24.87,2174
2012-07-19,24.7,24.72,24.7,24.72,792
2012-07-20,24.72,24.72,24.72,24.72,0
2012-07-23,24.72,24.72,24.72,24.72,0
2012-07-24,24.8699,24.8699,24.71,24.8073,2012
2012-07-25,24.8,24.81,24.68,24.68,3912
2012-07-26,24.91,24.91,24.65,24.6518,6025
2012-07-27,25.048,25.09,24.83,24.88,10028
2012-07-30,24.81,24.8775,24.81,24.8775,286
2012-07-31,24.38,24.86,24.38,24.81,2100
2012-08-01,24.86,24.8958,24.75,24.83,5846
2012-08-02,24.87,25.16,24.87,25.16,1444
2012-08-03,25.61,25.61,24.87,24.8701,966
2012-08-06,24.94,24.9963,24.83,24.86,39588
2012-08-07,24.8701,24.99,24.87,24.8801,4925
2012-08-08,24.92,25.36,24.92,25.1,16317
2012-08-09,25.07,25.07,25.07,25.07,202
2012-08-10,25.07,25.07,25.07,25.07,0
2012-08-13,25.148,25.15,25.004,25.004,1694
2012-08-14,25.21,25.21,24.88,24.9682,55446
2012-08-15,25.0108,25.09,24.97,24.9926,1694
2012-08-16,25.01,25.15,24.97,24.984,39750
2012-08-17,24.91,24.91,24.9,24.9,214
2012-08-20,24.9,24.9,24.9,24.9,0
2012-08-21,24.95,24.9728,24.95,24.9728,800
2012-08-22,24.9694,24.9694,24.9,24.9407,1740
2012-08-23,25.02,25.02,24.9,24.91,1379
2012-08-24,24.91,24.91,24.91,24.91,0
2012-08-27,24.9225,24.9225,24.9225,24.9225,619
2012-08-28,24.93,25.03,24.93,25.0,16985
2012-08-29,25.03,25.095,24.94,25.05,20772
2012-08-30,25.05,25.05,25.05,25.05,0
2012-08-31,25.2,25.22,24.9,25.21,37244
2012-09-04,24.99,25.06,24.92,25.01,51891
2012-09-05,25.11,25.11,24.94,24.94,7348
2012-09-06,25.07,25.15,25.0,25.15,28900
2012-09-07,25.12,25.2,25.05,25.15,3319
2012-09-10,25.1,25.2,25.1,25.17,4324
2012-09-11,25.17,25.17,25.17,25.17,0
2012-09-12,25.15,25.19,25.12,25.1832,4860
2012-09-13,25.1799,25.18,25.17,25.17,500
2012-09-14,25.2,25.24,25.13,25.2016,2349
2012-09-17,25.2,25.2,25.03,25.09,1788
2012-09-18,25.02,25.08,24.96,24.96,6522
2012-09-19,25.15,25.15,24.97,25.0799,9043
2012-09-20,24.96,25.03,24.95,25.03,7200
2012-09-21,24.93,25.0,24.93,24.99,3210
2012-09-24,24.82,24.986,24.82,24.91,23801
2012-09-25,24.88,24.93,24.8,24.84,22058
2012-09-26,24.97,24.97,24.74,24.89,10400
2012-09-27,24.9985,24.9985,24.86,24.9624,6213
2012-09-28,24.84,24.9,24.81,24.83,20845
2012-10-01,24.95,25.0,24.94,24.98,55774
2012-10-02,25.07,25.07,24.86,24.87,3238
2012-10-03,24.8901,25.0,24.8901,25.0,415
2012-10-04,25.03,25.18,25.03,25.13,4735
2012-10-05,25.2,25.2,25.12,25.15,329
2012-10-08,25.01,25.05,24.94,25.05,7682
2012-10-09,25.07,25.07,24.9,25.04,16645
2012-10-10,25.0242,25.05,24.93,25.0,25779
2012-10-11,25.08,25.14,25.01,25.01,16762
2012-10-12,24.96,25.0,24.91,24.92,2420
2012-10-15,24.86,25.0,24.86,24.9194,5810
2012-10-16,24.9,24.99,24.89,24.9665,5252
2012-10-17,24.89,25.15,24.89,25.15,27720
2012-10-18,25.01,25.06,24.95,24.96,7582
2012-10-19,24.82,24.82,24.64,24.67,9330
2012-10-22,24.61,24.66,24.53,24.6008,9401
2012-10-23,24.51,24.54,24.4293,24.5,28891
2012-10-24,24.63,24.65,24.53,24.592,28288
2012-10-25,24.67,24.67,24.36,24.3917,21211
2012-10-26,24.1304,24.445,24.1304,24.2083,1086
2012-10-31,24.1,24.55,24.1,24.54,5998
2012-11-01,24.3508,24.55,24.3508,24.37,5720
2012-11-02,24.65,24.65,24.33,24.4,4100
2012-11-05,24.44,24.59,24.44,24.58,1300
2012-11-06,24.4472,24.48,24.38,24.48,854
2012-11-07,24.35,24.43,24.28,24.34,9146
2012-11-08,24.43,24.43,24.3001,24.41,3034
2012-11-09,24.41,24.41,24.41,24.41,0
2012-11-12,24.55,24.55,24.48,24.48,1042
2012-11-13,24.48,24.48,24.48,24.48,0
2012-11-14,24.4459,24.54,24.3701,24.54,1618
2012-11-15,24.3901,24.46,24.3901,24.3901,300
2012-11-16,24.66,24.66,24.51,24.51,954
2012-11-19,24.59,24.59,24.48,24.5701,1331
2012-11-20,24.57,24.57,24.57,24.57,405
2012-11-21,24.5439,24.7,24.54,24.69,1263
2012-11-23,24.59,24.59,24.59,24.59,100
2012-11-26,24.46,24.69,24.46,24.65,10286
2012-11-27,24.97,24.97,24.7,24.75,13344
2012-11-28,24.62,24.75,24.6,24.64,1965
2012-11-29,24.6293,24.6293,24.6081,24.6081,676
2012-11-30,24.47,24.64,24.47,24.64,1086
2012-12-03,24.52,24.57,24.43,24.57,2646
2012-12-04,24.4,24.56,24.4,24.45,1929
2012-12-05,24.487,24.62,24.43,24.43,21393
2012-12-06,24.49,24.59,24.47,24.59,32362
2012-12-07,24.59,24.59,24.28,24.33,12665
2012-12-10,24.63,24.8585,24.63,24.836,1642
2012-12-11,24.69,24.69,24.69,24.69,763
2012-12-12,24.7701,24.89,24.72,24.72,3476
2012-12-13,24.89,24.89,24.89,24.89,100
2012-12-14,24.87,24.87,24.87,24.87,225
2012-12-17,24.77,24.78,24.74,24.78,4525
2012-12-18,24.99,25.2,24.83,24.8601,9028
2012-12-19,24.71,24.98,24.71,24.93,4848
2012-12-20,24.74,24.83,24.64,24.83,5022
2012-12-21,24.85,24.9,24.72,24.9,11535
2012-12-24,24.81,24.8324,24.740099999999998,24.740099999999998,1801
2012-12-26,24.75,24.85,24.68,24.7717,5150
2012-12-27,24.79,24.7913,24.79,24.7913,310
2012-12-28,24.58,24.909,24.58,24.77,11915
2012-12-31,24.99,25.16,24.85,25.159,7612
2013-01-02,25.02,25.31,24.94,25.02,22205
2013-01-03,25.0,25.22,24.93,25.0,19483
2013-01-04,24.96,25.14,24.96,25.06,5734
2013-01-07,25.01,25.04,24.96,25.04,1915
2013-01-08,25.11,25.11,24.944,24.944,8298
2013-01-09,25.01,25.01,24.975,25.0,500
2013-01-10,25.1,25.2,25.05,25.2,31234
2013-01-11,25.15,25.2,25.07,25.2,14449
2013-01-14,25.0,25.0,25.0,25.0,2400
2013-01-15,24.7226,24.82,24.7226,24.82,829
2013-01-16,24.81,24.82,24.69,24.69,14215
2013-01-17,24.849,25.01,24.839,24.97,7860
2013-01-18,25.05,25.05,24.85,24.92,4662
2013-01-22,25.05,25.05,24.969,25.04,8420
2013-01-23,25.05,25.07,24.949,24.99,11477
2013-01-24,24.84,25.1,24.84,25.0324,12208
2013-01-25,25.05,25.1,24.979,25.04,7000
2013-01-28,25.1,25.16,25.011,25.11,16600
2013-01-29,25.1101,25.16,24.9564,25.0849,38627
2013-01-30,25.23,25.23,25.02,25.07,5767
2013-01-31,25.01,25.19,25.01,25.11,48701
2013-02-01,25.17,25.17,25.1,25.137,17074
2013-02-04,25.17,25.2,25.0884,25.12,5940
2013-02-05,25.159,25.24,25.159,25.19,14589
2013-02-06,25.1,25.25,25.1,25.25,6781
2013-02-07,25.1,25.11,25.1,25.11,676
2013-02-08,25.14,25.25,25.14,25.25,596
2013-02-11,25.16,25.16,25.16,25.16,635
2013-02-12,25.25,25.39,25.221,25.39,3913
2013-02-13,25.38,25.38,25.29,25.29,1864
2013-02-14,25.34,25.34,25.34,25.34,200
2013-02-15,25.37,25.51,25.3236,25.5,5113
2013-02-19,25.5499,25.5499,25.5234,25.53,4115
2013-02-20,25.53,25.53,25.39,25.39,6789
2013-02-21,25.4,25.56,25.24,25.27,4023
2013-02-22,25.27,25.27,25.27,25.27,0
2013-02-25,25.25,25.34,25.22,25.22,4207
2013-02-26,25.3507,25.3507,25.2,25.334,13500
2013-02-27,25.34,25.3799,25.3,25.37,8453
2013-02-28,25.181,25.365,25.181,25.334,1058
2013-03-01,25.29,25.34,25.23,25.24,2608
2013-03-04,25.05,25.38,25.05,25.38,5054
2013-03-05,25.3,25.43,25.165,25.43,895
2013-03-06,25.26,25.4,25.26,25.4,3464
2013-03-07,25.56,25.56,25.31,25.37,53142
2013-03-08,25.48,25.48,25.311,25.48,2279
2013-03-11,25.47,25.4799,25.47,25.4799,453
2013-03-12,25.486,25.486,25.4695,25.47,1174
2013-03-13,25.45,25.71,25.41,25.52,18860
2013-03-14,25.6,25.6,25.45,25.56,1800
2013-03-15,25.45,25.45,25.44,25.44,900
2013-03-18,25.5,25.57,25.44,25.44,1751
2013-03-19,25.5,25.5,25.49,25.49,643
2013-03-20,25.7512,25.7512,25.55,25.732,2806
2013-03-21,25.59,25.65,25.4401,25.4686,567
2013-03-22,25.4801,25.5904,25.4801,25.56,2600
2013-03-25,25.58,25.58,25.44,25.44,20530
2013-03-26,25.53,25.78,25.53,25.78,7981
2013-03-27,25.7125,25.7125,25.71,25.71,598
2013-03-28,25.62,25.62,25.62,25.62,100
2013-04-01,25.4401,25.85,25.4401,25.651,3150
2013-04-02,25.94,25.95,25.6073,25.6599,2756
2013-04-03,25.48,25.49,25.37,25.44,6732
2013-04-04,25.4852,25.546,25.4852,25.518,642
2013-04-05,25.42,25.4612,25.42,25.4612,803
2013-04-08,25.6,25.6,25.5365,25.55,1250
2013-04-09,25.66,25.66,25.65,25.65,324
2013-04-10,25.65,25.74,25.5,25.74,4851
2013-04-11,25.66,25.71,25.43,25.4438,2056
2013-04-12,25.55,25.55,25.41,25.55,2044
2013-04-15,25.48,25.48,25.08,25.39,3044
2013-04-16,25.48,25.77,25.3901,25.6,9222
2013-04-17,25.4999,25.5,25.4999,25.5,200
2013-04-18,25.3501,25.65,25.3501,25.4532,2322
2013-04-19,25.7099,25.73,25.6155,25.69,4290
2013-04-22,25.61,25.61,25.45,25.45,714
2013-04-23,25.72,25.722,25.72,25.722,870
2013-04-24,25.82,25.82,25.5001,25.5668,2851
2013-04-25,25.4666,25.59,25.4666,25.59,730
2013-04-26,25.83,25.83,25.4925,25.5662,4312
2013-04-29,25.5662,25.5662,25.5662,25.5662,0
2013-04-30,25.6,25.61,25.4434,25.4434,3325
2013-05-01,25.5,25.64,25.4999,25.6099,16083
2013-05-02,25.63,25.74,25.63,25.74,3196
2013-05-03,25.82,25.92,25.81,25.81,2689
2013-05-06,25.7099,25.9028,25.561,25.72,43586
2013-05-07,25.66,25.81,25.62,25.6901,23160
2013-05-08,25.64,25.78,25.62,25.78,12302
2013-05-09,25.62,25.687,25.6,25.67,3338
2013-05-10,25.58,25.6844,25.562,25.562,1259
2013-05-13,25.79,25.79,25.46,25.52,28567
2013-05-14,25.65,25.65,25.43,25.55,105172
2013-05-15,25.68,25.68,25.4699,25.54,81634
2013-05-16,25.63,25.68,25.51,25.51,40193
2013-05-17,25.68,25.68,25.52,25.53,29588
2013-05-20,25.55,25.62,25.45,25.45,108928
2013-05-21,25.4924,25.66,25.42,25.63,109799
2013-05-22,25.64,25.76,25.604,25.604,10119
2013-05-23,25.404,25.82,25.404,25.71,45099
2013-05-24,25.77,25.79,25.711,25.77,10997
2013-05-28,25.88,25.99,25.7,25.84,25496
2013-05-29,25.7399,25.8,25.67,25.75,4100
2013-05-30,25.84,26.09,25.84,25.98,10600
2013-05-31,25.92,26.0499,25.92,25.94,5015
2013-06-03,25.85,26.1292,25.81,25.94,35616
2013-06-04,26.07,26.08,25.87,25.87,30346
2013-06-05,26.01,26.19,25.8,25.82,19584
2013-06-06,25.9171,26.15,25.86,26.13,41466
2013-06-07,26.06,26.18,25.96,25.96,11230
2013-06-10,26.18,26.18,25.93,25.97,35077
2013-06-11,25.952,26.156,25.952,26.03,33605
2013-06-12,26.12,26.13,25.96,26.09,26396
2013-06-13,26.1,26.244,26.01,26.14,30777
2013-06-14,26.28,26.34,26.1,26.16,25810
2013-06-17,26.31,26.33,26.13,26.15,8429
2013-06-18,26.18,26.35,26.1,26.11,11614
2013-06-19,26.25,26.25,26.07,26.1599,27321
2013-06-20,26.18,26.23,25.9,26.03,6336
2013-06-21,26.2,26.309,25.992,26.15,4689
2013-06-24,26.18,26.29,26.08,26.18,3814
2013-06-25,26.2,26.28,26.17,26.18,2471
2013-06-26,26.2,26.21,26.0784,26.16,6517
2013-06-27,26.39,26.39,26.0501,26.15,1380
2013-06-28,26.15,26.15,26.1,26.12,600
2013-07-01,26.2999,26.2999,26.104,26.104,578
2013-07-02,26.154,26.18,25.98,26.1223,3543
2013-07-03,26.1216,26.16,26.1216,26.16,511
2013-07-05,26.04,26.08,25.95,26.08,5006
2013-07-08,26.05,26.076,26.02,26.0449,814
2013-07-09,26.14,26.15,26.14,26.14,694
2013-07-10,26.13,26.188,26.1,26.1,6785
2013-07-11,26.199,26.2199,26.11,26.206,4556
2013-07-12,26.11,26.2099,26.1,26.2099,3667
2013-07-15,26.1484,26.21,26.11,26.199,3436
2013-07-16,26.19,26.24,26.1,26.24,8367
2013-07-17,26.52,26.52,26.15,26.2,13381
2013-07-18,26.1,26.41,26.1,26.34,48224
2013-07-19,26.25,26.36,26.13,26.346,28145
2013-07-22,26.1834,26.35,26.16,26.34,11607
2013-07-23,26.2,26.35,26.15,26.15,7043
2013-07-24,26.01,26.2399,26.01,26.15,3088
2013-07-25,26.14,26.3782,26.13,26.35,30930
2013-07-26,26.25,26.43,26.25,26.43,2399
2013-07-29,26.319,26.5,26.306,26.5,4242
2013-07-30,26.39,26.49,26.355,26.48,2960
2013-07-31,26.47,26.48,26.218,26.48,9656
2013-08-01,26.469,26.509,26.19,26.36,15589
2013-08-02,26.35,26.59,26.35,26.51,26662
2013-08-05,26.51,26.77,26.3124,26.55,27523
2013-08-06,26.4226,26.4899,26.34,26.34,1911
2013-08-07,26.46,26.5,26.28,26.308,4800
2013-08-08,26.51,26.67,26.4,26.67,8924
2013-08-09,26.52,26.52,26.39,26.39,9889
2013-08-12,26.26,26.38,26.178,26.261,2914
2013-08-13,26.48,26.48,26.204,26.24,5550
2013-08-14,26.32,26.38,26.17,26.2834,4157
2013-08-15,26.19,26.27,26.01,26.02,11934
2013-08-16,26.01,26.17,25.85,25.86,4336
2013-08-19,26.07,26.07,26.066,26.066,300
2013-08-20,25.96,26.12,25.95,26.09,45943
2013-08-21,26.14,26.14,25.97,26.14,3796
2013-08-22,26.03,26.24,25.91,26.1,10219
2013-08-23,26.1,26.1,26.1,26.1,0
2013-08-26,26.2399,26.24,26.0,26.07,29816
2013-08-27,26.09,26.22,25.981,26.15,66342
2013-08-28,26.0801,26.19,26.01,26.1,26343
2013-08-29,26.12,26.27,25.89,26.15,10800
2013-08-30,26.17,26.25,26.01,26.17,47670
2013-09-03,26.29,26.29,26.07,26.2005,14900
2013-09-04,26.22,26.28,26.11,26.18,10864
2013-09-05,26.28,26.47,26.02,26.29,17733
2013-09-06,26.3099,26.34,26.23,26.32,3465
2013-09-09,26.258,26.442,26.16,26.17,14139
2013-09-10,26.5,27.04,26.04,26.27,41253
2013-09-11,26.11,26.33,25.73,26.16,14080
2013-09-12,26.3899,26.39,26.26,26.26,2889
2013-09-13,26.36,26.4883,26.3,26.32,5875
2013-09-16,26.51,26.56,26.36,26.3708,2450
2013-09-17,26.5889,26.5889,26.5263,26.5263,1881
2013-09-18,26.54,26.89,26.48,26.69,6800
2013-09-19,26.7099,26.7482,26.45,26.5901,12397
2013-09-20,26.67,26.67,26.43,26.43,1931
2013-09-23,26.598,26.598,26.554,26.554,415
2013-09-24,26.66,26.7,26.53,26.53,3425
2013-09-25,26.588,26.659,26.5,26.5,1672
2013-09-26,26.71,26.74,26.56,26.56,2346
2013-09-27,26.68,26.7,26.67,26.68,1573
2013-09-30,26.6495,26.6495,26.64,26.64,378
2013-10-01,26.76,26.76,26.54,26.5965,2071
2013-10-02,26.75,26.75,26.64,26.64,781
2013-10-03,26.68,26.76,26.68,26.76,13134
2013-10-04,26.6201,26.8,26.62,26.779,1555
2013-10-07,26.79,26.79,26.6,26.61,10614
2013-10-08,26.65,26.75,26.6,26.6,1195
2013-10-09,26.6198,26.7783,26.6,26.66,1574
2013-10-10,26.71,26.84,26.71,26.8,2511
2013-10-11,26.77,26.83,26.6801,26.782,1655
2013-10-14,26.84,26.84,26.702,26.78,4711
2013-10-15,26.82,26.84,26.7916,26.7916,311
2013-10-16,26.94,26.94,26.59,26.62,37207
2013-10-17,26.7,26.7,26.6799,26.6799,403
2013-10-18,26.75,26.788,26.6,26.76,3902
2013-10-21,26.85,26.85,26.55,26.6,14243
2013-10-22,26.764,26.82,26.7506,26.8,1161
2013-10-23,26.69,26.69,26.61,26.61,1285
2013-10-24,26.76,26.869,26.7457,26.869,1745
2013-10-25,26.85,26.85,26.73,26.8299,2317
2013-10-28,26.79,26.89,26.71,26.82,7178
2013-10-29,26.94,26.94,26.77,26.85,4286
2013-10-30,26.96,26.96,26.69,26.79,2831
2013-10-31,26.8518,26.86,26.71,26.764,9062
2013-11-01,26.71,26.8,26.67,26.8,4559
2013-11-04,26.95,26.95,26.76,26.85,8077
2013-11-05,26.79,26.79,26.66,26.66,6554
2013-11-06,26.7286,26.7299,26.7012,26.709600000000002,1781
2013-11-07,26.98,26.98,26.68,26.732,6900
2013-11-08,26.9,26.9,26.7034,26.7034,1345
2013-11-11,27.12,27.12,26.68,26.91,2180
2013-11-12,26.85,26.99,26.76,26.84,2033
2013-11-13,26.82,26.99,26.82,26.99,984
2013-11-14,27.01,27.19,26.94,26.94,15954
2013-11-15,26.9585,27.0,26.9585,27.0,3905
2013-11-18,26.97,26.97,26.8595,26.92,3102
2013-11-19,26.86,26.86,26.702,26.7208,4094
2013-11-20,26.5,26.8292,26.5,26.808,30389
2013-11-21,26.91,26.92,26.77,26.8419,5191
2013-11-22,26.92,26.96,26.92,26.92,2321
2013-11-25,26.85,26.9585,26.85,26.9,3025
2013-11-26,27.01,27.08,26.87,27.0489,6612
2013-11-27,27.09,27.13,26.97,27.06,6936
2013-11-29,27.13,27.13,26.9701,26.9701,2074
2013-12-02,27.1,27.1199,27.07,27.07,14700
2013-12-03,27.0,27.15,26.79,26.9175,8861
2013-12-04,26.91,26.9376,26.89,26.89,861
2013-12-05,27.04,27.04,26.76,26.878,8156
2013-12-06,26.9,27.0299,26.89,26.89,5020
2013-12-09,27.08,27.08,26.86,26.91,6007
2013-12-10,26.83,26.83,26.734,26.734,580
2013-12-11,26.85,26.85,26.7531,26.7572,6888
2013-12-12,27.0,27.0,26.401,26.76,4674
2013-12-13,27.05,27.05,26.781,26.781,10384
2013-12-16,26.86,26.9,26.83,26.9,2398
2013-12-17,26.869,26.9,26.869,26.9,605
2013-12-18,26.9099,26.9099,26.69,26.795,10345
2013-12-19,26.98,26.98,26.5305,26.7456,4038
2013-12-20,26.77,26.81,26.75,26.75,4671
2013-12-23,26.815,26.88,26.77,26.86,4139
2013-12-24,26.791,26.791,26.791,26.791,531
2013-12-26,26.76,26.9099,26.76,26.898600000000002,2344
2013-12-27,26.73,26.73,26.39,26.46,8941
2013-12-30,26.58,26.58,26.39,26.431,6801
2013-12-31,26.62,26.62,26.507,26.54,4122
2014-01-02,26.4,26.5,26.4,26.41,3173
2014-01-03,26.541,26.6492,26.44,26.5414,14165
2014-01-06,26.599,26.599,26.5625,26.5625,6098
2014-01-07,26.669,26.6699,26.5789,26.6699,1889
2014-01-08,26.85,26.85,26.47,26.4943,2877
2014-01-09,26.84,26.84,26.4,26.46,45436
2014-01-10,26.7,26.73,26.6571,26.6571,3790
2014-01-13,26.89,26.89,26.5,26.5,10219
2014-01-14,26.649,26.661,26.63,26.63,713
2014-01-15,26.6,26.73,26.6,26.73,2442
2014-01-16,26.66,26.7299,26.55,26.58,6641
2014-01-17,26.6106,26.72,26.5001,26.72,5339
2014-01-21,26.82,26.82,26.727899999999998,26.77,6390
2014-01-22,26.8112,26.84,26.6501,26.6501,3483
2014-01-23,26.712,26.712,26.58,26.5954,4312
2014-01-24,26.45,26.7,26.45,26.68,7610
2014-01-27,26.88,26.8899,26.631,26.746,5303
2014-01-28,26.72,26.8699,26.72,26.8524,3525
2014-01-29,26.76,26.7699,26.74,26.74,1132
2014-01-30,26.87,26.89,26.8312,26.89,1263
2014-01-31,26.95,26.96,26.72,26.878,6868
2014-02-03,26.99,26.99,26.76,26.766,8819
2014-02-04,26.96,26.99,26.94,26.98,4700
2014-02-05,26.96,26.99,26.9,26.95,8648
2014-02-06,27.08,27.1399,26.9969,27.1399,21521
2014-02-07,27.34,27.34,27.0,27.0,6810
2014-02-10,27.14,27.1684,27.011,27.09,7383
2014-02-11,27.146,27.155,27.02,27.155,1865
2014-02-12,27.1476,27.2,27.142,27.18,1910
2014-02-13,27.22,27.24,27.19,27.24,932
2014-02-14,27.31,27.35,27.16,27.31,4433
2014-02-18,27.46,27.46,27.3,27.32,9681
2014-02-19,27.278,27.278,27.1495,27.1495,2683
2014-02-20,27.37,27.37,27.27,27.32,2782
2014-02-21,27.27,27.32,27.2501,27.2772,2690
2014-02-24,27.5,27.5,27.31,27.32,16736
2014-02-25,27.23,27.27,27.23,27.27,581
2014-02-26,27.38,27.38,27.2587,27.27,9105
2014-02-27,27.4,27.4,27.32,27.35,8626
2014-02-28,27.48,27.48,27.34,27.452,20480
2014-03-03,27.37,27.469,27.21,27.21,5339
2014-03-04,27.39,27.55,27.37,27.4499,6962
2014-03-05,27.35,27.35,27.222,27.232,22681
2014-03-06,27.42,27.42,27.22,27.22,23278
2014-03-07,27.1499,27.33,27.1,27.25,14311
2014-03-10,27.2398,27.2516,27.22,27.24,6351
2014-03-11,27.36,27.36,27.128,27.128,3570
2014-03-12,27.17,27.2395,27.17,27.1812,2834
2014-03-13,27.3,27.3701,27.16,27.16,9379
2014-03-14,27.4095,27.41,27.3,27.35,18999
2014-03-17,27.53,27.538,27.47,27.47,18199
2014-03-18,27.37,27.46,27.36,27.46,3732
2014-03-19,27.355,27.43,27.28,27.43,4358
2014-03-20,27.53,27.53,27.46,27.48,27255
2014-03-21,27.45,27.45,27.3896,27.3896,22028
2014-03-24,27.49,27.49,27.25,27.2699,8343
2014-03-25,27.3301,27.42,27.2901,27.348,7297
2014-03-26,27.53,27.53,27.18,27.18,3269
2014-03-27,27.21,27.23,27.0794,27.17,8702
2014-03-28,27.29,27.3179,27.05,27.09,4528
2014-03-31,27.38,27.38,27.2181,27.25,3048
2014-04-01,27.33,27.339,27.2514,27.336,8644
2014-04-02,27.33,27.4,27.33,27.35,2629
2014-04-03,27.4001,27.4001,27.26,27.31,9228
2014-04-04,27.4399,27.4399,27.0,27.11,11419
2014-04-07,27.0,27.0999,26.9249,26.97,10998
2014-04-08,27.01,27.1899,27.01,27.1899,223513
2014-04-09,27.35,27.35,27.18,27.296,2826
2014-04-10,27.1565,27.1565,26.9601,26.99,21754
2014-04-11,27.03,27.08,26.8232,26.8232,8492
2014-04-14,27.1535,27.1535,26.99,27.0648,10129
2014-04-15,27.044,27.044,26.6,27.031,17249
2014-04-16,27.0665,27.11,26.95,27.11,6934
2014-04-17,26.982,27.06,26.982,27.0099,5089
2014-04-21,27.01,27.0443,26.804,26.81,13133
2014-04-22,27.124,27.15,26.9701,27.15,10155
2014-04-23,27.07,27.07,26.88,26.92,28410
2014-04-24,26.9301,27.2,26.9301,27.15,16746
2014-04-25,27.03,27.0499,26.85,27.04,12154
2014-04-28,27.1027,27.11,26.91,27.07,10034
2014-04-29,27.0328,27.15,26.95,27.1499,3706
2014-04-30,27.3,27.3,27.18,27.25,1325
2014-05-01,27.35,27.4,27.1583,27.35,3477
2014-05-02,27.4,27.406,27.16,27.19,4646
2014-05-05,27.33,27.41,27.27,27.4,8723
2014-05-06,27.3428,27.36,27.3428,27.35,1797
2014-05-07,27.31,27.3399,27.09,27.26,4995
2014-05-08,27.37,27.37,27.136,27.136,4428
2014-05-09,27.01,27.08,27.0,27.08,4524
2014-05-12,27.174,27.259900000000002,27.174,27.25,2341
2014-05-13,27.186,27.2086,27.11,27.176,8968
2014-05-14,27.12,27.12,26.98,27.0206,2880
2014-05-15,26.98,27.009,26.8601,27.009,3126
2014-05-16,27.1341,27.24,27.1341,27.2,3226
2014-05-19,27.05,27.12,26.96,27.05,2814
2014-05-20,27.12,27.14,27.039,27.1,4028
2014-05-21,27.21,27.29,27.1816,27.258,1848
2014-05-22,27.34,27.388,27.27,27.3365,85832
2014-05-23,27.28,27.419,27.23,27.34,46816
2014-05-27,27.449,27.449,27.2601,27.32,8917
2014-05-28,27.16,27.17,27.086,27.11,3742
2014-05-29,27.214,27.2399,27.11,27.15,3686
2014-05-30,27.18,27.2765,27.08,27.2765,4731
2014-06-02,27.44,27.44,27.16,27.39,22028
2014-06-03,27.31,27.33,27.21,27.2501,5296
2014-06-04,27.8,27.8,27.3,27.3101,4225
2014-06-05,27.53,27.53,27.18,27.18,15667
2014-06-06,27.13,27.33,27.1122,27.33,3130
2014-06-09,27.3116,27.42,27.3116,27.41,3078
2014-06-10,27.4499,27.4499,27.327,27.37,4542
2014-06-11,27.45,27.45,27.24,27.34,9163
2014-06-12,27.27,27.41,27.27,27.34,5659
2014-06-13,27.45,27.45,27.35,27.35,7384
2014-06-16,27.36,27.41,27.358,27.41,3987
2014-06-17,27.63,27.63,27.43,27.49,4726
2014-06-18,27.54,27.5456,27.43,27.5456,3781
2014-06-19,27.504,27.504,27.366,27.4568,2681
2014-06-20,27.71,27.71,27.47,27.53,7498
2014-06-23,27.64,27.64,27.44,27.5,13522
2014-06-24,27.67,27.67,27.39,27.39,17915
2014-06-25,27.5399,27.65,27.5399,27.65,16276
2014-06-26,27.86,27.86,27.61,27.73,4749
2014-06-27,28.0025,28.068,27.8,27.95,6265
2014-06-30,28.0,28.0,27.77,27.82,7511
2014-07-01,27.94,27.96,27.8101,27.9399,8622
2014-07-02,27.85,27.85,27.76,27.82,6342
2014-07-03,27.8499,27.92,27.8154,27.92,6833
2014-07-07,27.89,27.89,27.68,27.7292,3486
2014-07-08,27.68,27.85,27.64,27.6563,5171
2014-07-09,27.65,27.81,27.6401,27.81,3394
2014-07-10,27.79,27.79,27.59,27.65,3669
2014-07-11,27.848,27.88,27.8201,27.8201,3905
2014-07-14,27.997,27.997,27.9301,27.9664,9332
2014-07-15,28.16,28.16,27.792,27.87,7603
2014-07-16,27.86,27.89,27.7801,27.89,29141
2014-07-17,27.8099,27.81,27.55,27.69,414378
2014-07-18,27.9194,28.0,27.8801,27.97,33492
2014-07-21,27.85,28.0,27.83,27.947,16817
2014-07-22,28.0,28.08,27.93,27.93,136833
2014-07-23,28.24,28.24,27.9301,27.98,15354
2014-07-24,27.98,27.98,27.871,27.92,6708
2014-07-25,27.84,27.881,27.79,27.86,7265
2014-07-28,28.14,28.14,27.8001,27.86,11930
2014-07-29,27.88,27.96,27.78,27.82,33125
2014-07-30,27.93,27.93,27.7012,27.85,12259
2014-07-31,27.98,27.98,27.46,27.575,15864
2014-08-01,27.747,27.7799,27.7,27.76,10520
2014-08-04,27.94,27.94,27.718,27.74,15571
2014-08-05,27.64,27.748,27.62,27.71,9202
2014-08-06,27.58,27.58,27.056,27.3,16903
2014-08-07,27.33,27.36,27.05,27.1,68104
2014-08-08,27.22,27.36,27.12,27.3,24881
2014-08-11,27.33,27.33,27.18,27.26,142090
2014-08-12,27.25,27.265,27.11,27.13,25452
2014-08-13,27.1793,27.2899,27.154,27.2899,6347
2014-08-14,27.2,27.2999,27.19,27.28,5728
2014-08-15,27.58,27.58,27.31,27.33,13066
2014-08-18,27.46,27.54,27.311,27.48,21699
2014-08-19,27.4499,27.5,27.3959,27.46,9841
2014-08-20,27.59,27.66,27.46,27.53,9033
2014-08-21,27.52,27.55,27.46,27.497,15988
2014-08-22,27.46,27.51,27.33,27.49,11577
2014-08-25,27.53,27.54,27.38,27.38,5968
2014-08-26,27.35,27.5,27.35,27.41,10952
2014-08-27,27.4394,27.4394,27.3802,27.409,3076
2014-08-28,27.37,27.45,27.3201,27.38,7896
2014-08-29,27.4001,27.58,27.4001,27.58,5596
2014-09-02,27.68,27.68,27.4301,27.65,10200
2014-09-03,27.78,27.78,27.4999,27.62,9183
2014-09-04,27.65,27.65,27.11,27.53,16110
2014-09-05,27.53,27.6,27.43,27.5458,44420
2014-09-08,27.54,27.5428,27.41,27.54,18368
2014-09-09,27.4019,27.59,27.4019,27.55,15250
2014-09-10,27.507,27.61,27.507,27.52,11100
2014-09-11,27.568,27.619,27.524,27.61,5969
2014-09-12,27.63,27.63,27.42,27.58,17722
2014-09-15,27.62,27.62,27.4201,27.540399999999998,4098
2014-09-16,27.66,27.7099,27.533,27.7,10702
2014-09-17,27.64,27.64,27.5001,27.5201,15349
2014-09-18,27.7,27.7199,27.56,27.56,7053
2014-09-19,27.53,27.65,27.511,27.58,4855
2014-09-22,27.55,27.55,27.3256,27.44,7763
2014-09-23,27.51,27.51,27.37,27.3975,12358
2014-09-24,27.56,27.62,27.5,27.61,18562
2014-09-25,27.4156,27.43,27.32,27.36,17875
2014-09-26,27.54,27.6,27.413,27.6,17425
2014-09-29,27.5,27.8,27.5,27.52,18953
2014-09-30,27.71,27.71,27.363,27.4392,14861
2014-10-01,27.3828,27.45,27.35,27.44,15681
2014-10-02,27.49,27.63,27.2701,27.61,17906
2014-10-03,27.6501,27.7899,27.6501,27.78,6449
2014-10-06,27.82,27.82,27.59,27.6201,11893
2014-10-07,27.48,28.0311,27.373,27.6099,10779
2014-10-08,27.52,27.82,27.51,27.7574,14156
2014-10-09,28.26,28.26,27.4601,27.5,37781
2014-10-10,27.37,27.755,27.37,27.68,20799
2014-10-13,27.75,27.75,27.4,27.4,19739
2014-10-14,27.32,27.54,27.32,27.415,21464
2014-10-15,27.05,27.05,26.3858,26.89,19629
2014-10-16,26.65,27.05,26.65,27.0123,9651
2014-10-17,27.01,27.39,27.01,27.15,9518
2014-10-20,27.259900000000002,27.259900000000002,27.0568,27.23,6208
2014-10-21,27.07,27.45,27.07,27.3999,5286
2014-10-22,27.319,27.36,27.15,27.15,81486
2014-10-23,27.3,27.4,27.2999,27.4,8229
2014-10-24,27.23,27.4,27.23,27.37,20045
2014-10-27,27.36,27.45,27.141,27.32,50881
2014-10-28,27.28,27.47,27.28,27.47,25981
2014-10-29,27.3992,27.63,27.25,27.39,48364
2014-10-30,27.44,27.54,27.3301,27.54,15045
2014-10-31,27.469,27.61,27.469,27.5071,6621
2014-11-03,27.38,27.708,27.38,27.5601,58022
2014-11-04,27.41,27.4546,27.2896,27.38,51386
2014-11-05,27.37,27.61,27.37,27.517,31459
2014-11-06,27.66,27.7,27.4,27.42,45401
2014-11-07,27.44,27.61,27.404,27.5,11237
2014-11-10,27.4033,27.58,27.3701,27.49,15262
2014-11-11,27.33,27.43,27.2901,27.3665,12271
2014-11-12,27.3,27.45,27.3,27.41,33594
2014-11-13,27.36,27.61,27.36,27.47,15646
2014-11-14,27.54,27.59,27.4001,27.585,28287
2014-11-17,27.57,27.77,27.57,27.63,11585
2014-11-18,27.81,27.917,27.8,27.91,14502
2014-11-19,27.92,27.92,27.76,27.887,8801
2014-11-20,27.9399,27.9399,27.83,27.86,9109
2014-11-21,27.95,27.96,27.833,27.8912,16872
2014-11-24,27.96,27.99,27.8,27.91,21294
2014-11-25,27.89,28.5484,27.89,27.94,16106
2014-11-26,27.97,28.04,27.95,28.0,5178
2014-11-28,28.2,28.2,28.0,28.0001,3289
2014-12-01,28.1,28.1,27.891,27.891,3042
2014-12-02,27.86,28.04,27.86,27.93,6694
2014-12-03,28.11,28.11,27.97,28.0512,23841
2014-12-04,28.0165,28.08,27.957,28.02,4201
2014-12-05,27.96,28.11,27.951,28.06,15894
2014-12-08,28.1,28.1,27.75,27.85,54191
2014-12-09,27.879,28.0665,27.818,28.048,7660
2014-12-10,28.03,28.03,27.75,27.79,36975
2014-12-11,27.92,28.0499,27.726,27.9207,19245
2014-12-12,27.84,28.47,27.751,27.76,13409
2014-12-15,27.83,28.1,27.78,27.87,48467
2014-12-16,27.73,27.94,27.55,27.7,11734
2014-12-17,27.89,27.97,27.838,27.88,14617
2014-12-18,28.15,28.15,27.85,27.93,40911
2014-12-19,28.48,28.48,27.7601,28.37,68436
2014-12-22,28.42,28.42,27.839,27.93,57261
2014-12-23,27.9,27.9,27.6901,27.8599,58177
2014-12-24,27.99,28.03,27.72,27.784,17887
2014-12-26,27.78,28.0,27.78,27.97,12036
2014-12-29,28.0,28.07,27.821,27.91,34535
2014-12-30,28.0,28.02,27.954,27.99,18568
2014-12-31,28.01,28.0299,27.87,27.91,7157
2015-01-02,28.0799,28.0799,27.88,27.91,10208
2015-01-05,27.97,27.97,27.741,27.79,84609
2015-01-06,27.96,27.96,27.78,27.8,19925
2015-01-07,27.97,28.08,27.78,28.08,54171
2015-01-08,28.16,28.16,27.99,28.08,25481
2015-01-09,28.14,28.14,27.99,28.08,21973
2015-01-12,28.09,28.11,27.95,28.0508,18273
2015-01-13,27.96,28.127,27.96,28.02,6929
2015-01-14,28.1533,28.1533,27.95,27.95,5805
2015-01-15,28.06,28.09,28.01,28.044,5830
2015-01-16,28.01,28.0999,27.98,28.08,5305
2015-01-20,28.17,28.2,28.08,28.09,13801
2015-01-21,28.24,28.24,28.03,28.08,73064
2015-01-22,28.23,28.26,28.132,28.24,13395
2015-01-23,28.21,28.29,28.07,28.27,26039
2015-01-26,28.32,28.32,28.1901,28.32,11811
2015-01-27,28.23,28.39,28.23,28.33,405425
2015-01-28,28.51,28.51,28.17,28.2098,145931
2015-01-29,28.34,28.34,28.04,28.15,29333
2015-01-30,28.05,28.21,28.05,28.17,28718
2015-02-02,28.3,28.3,28.03,28.21,22766
2015-02-03,28.3,28.34,28.23,28.23,27045
2015-02-04,28.34,28.36,28.15,28.24,33313
2015-02-05,28.39,28.492,28.33,28.38,221420
2015-02-06,28.48,28.48,28.36,28.37,19150
2015-02-09,28.42,28.42,28.33,28.3722,8553
2015-02-10,28.54,28.54,28.34,28.42,21544
2015-02-11,28.41,28.42,28.2901,28.2901,19206
2015-02-12,28.43,28.48,28.4,28.4,16530
2015-02-13,28.33,28.52,28.33,28.46,5413
2015-02-17,28.46,28.57,28.4,28.55,10780
2015-02-18,28.5292,28.6599,28.52,28.53,12696
2015-02-19,28.49,28.61,28.49,28.61,8400
2015-02-20,28.6,28.66,28.5,28.6126,18514
2015-02-23,28.7,28.7,28.52,28.52,49334
2015-02-24,28.5346,28.59,28.52,28.59,22165
2015-02-25,28.63,28.68,28.6,28.67,49665
2015-02-26,28.69,28.69,28.55,28.64,49882
2015-02-27,28.64,28.68,28.57,28.68,25085
2015-03-02,28.71,28.71,28.63,28.71,37925
2015-03-03,28.71,28.73,28.64,28.72,85984
2015-03-04,28.69,28.76,28.638,28.72,40538
2015-03-05,28.7,28.7,28.5801,28.61,24632
2015-03-06,28.69,28.69,28.51,28.52,49859
2015-03-09,28.64,28.64,28.53,28.5599,14635
2015-03-10,28.47,28.5599,28.46,28.53,30363
2015-03-11,28.53,28.74,28.47,28.72,39648
2015-03-12,28.685,28.84,28.685,28.81,75015
2015-03-13,28.75,28.75,28.6,28.728,37633
2015-03-16,28.73,28.819,28.73,28.804,4686
2015-03-17,28.8,28.8099,28.684,28.79,12813
2015-03-18,28.76,28.82,28.66,28.7206,59264
2015-03-19,28.62,28.84,28.62,28.8,28237
2015-03-20,28.87,28.9,28.79,28.89,30488
2015-03-23,28.83,28.96,28.83,28.95,20817
2015-03-24,28.9,28.96,28.84,28.9599,35679
2015-03-25,28.96,28.96,28.85,28.86,22056
2015-03-26,28.87,28.9,28.81,28.87,13701
2015-03-27,28.8744,28.94,28.8579,28.94,15969
2015-03-30,29.01,29.01,28.86,28.9,71441
2015-03-31,28.9,28.9,28.8,28.84,40568
2015-04-01,28.9,28.95,28.815,28.95,37521
2015-04-02,29.01,29.01,28.9125,28.97,21471
2015-04-06,29.02,29.0699,28.9395,28.999,11540
2015-04-07,28.99,29.05,28.9,28.93,51767
2015-04-08,28.9734,28.98,28.85,28.95,16320
2015-04-09,29.06,29.06,28.86,29.014,48359
2015-04-10,29.03,29.04,28.931,29.04,41628
2015-04-13,29.06,29.06,28.9,28.95,13221
2015-04-14,28.92,28.96,28.9,28.94,12823
2015-04-15,28.9599,29.0,28.8701,28.97,10070
2015-04-16,28.87,29.0,28.87,28.97,13066
2015-04-17,28.94,28.99,28.88,28.95,18415
2015-04-20,29.0,29.04,28.9801,29.03,9740
2015-04-21,29.08,29.08,28.9842,29.0388,12879
2015-04-22,29.12,29.12,28.99,29.0,32918
2015-04-23,29.0,29.0352,28.9165,29.02,18031
2015-04-24,28.87,29.0099,28.87,28.92,28719
2015-04-27,28.86,28.9799,28.86,28.88,43338
2015-04-28,28.99,28.99,28.8801,28.93,10468
2015-04-29,28.84,28.9599,28.84,28.9,13250
2015-04-30,28.921,29.01,28.901,28.968,18058
2015-05-01,28.97,29.04,28.94,29.01,18267
2015-05-04,28.93,29.01,28.91,28.94,36812
2015-05-05,28.94,28.94,28.91,28.93,25013
2015-05-06,28.93,28.99,28.91,28.92,20155
2015-05-07,28.86,28.96,28.83,28.8869,17905
2015-05-08,28.92,29.05,28.89,28.96,15673
2015-05-11,29.0,29.0499,28.9502,29.02,22564
2015-05-12,29.0,29.0504,28.9,29.03,24793
2015-05-13,29.06,29.09,29.0101,29.04,38877
2015-05-14,29.07,29.07,29.0,29.01,11278
2015-05-15,29.0,29.005,28.85,28.912,200684
2015-05-18,28.85,28.97,28.85,28.97,17779
2015-05-19,29.0,29.0,28.860500000000002,28.892,18180
2015-05-20,28.98,29.0099,28.87,28.97,17019
2015-05-21,28.98,29.04,28.92,29.02,12039
2015-05-22,29.04,29.06,28.9401,29.02,53186
2015-05-26,29.04,29.07,28.9201,29.04,22491
2015-05-27,29.04,29.08,29.0,29.05,21864
2015-05-28,29.09,29.1,29.01,29.09,24754
2015-05-29,29.09,29.13,29.0,29.08,24134
2015-06-01,29.15,29.15,28.96,29.05,28824
2015-06-02,29.09,29.09,28.9601,29.08,27362
2015-06-03,29.0627,29.13,29.04,29.088,79534
2015-06-04,29.08,29.12,29.0201,29.05,222140
2015-06-05,28.92,29.09,28.92,29.09,21506
2015-06-08,29.12,29.12,28.9201,28.99,27353
2015-06-09,29.03,29.04,28.9501,29.03,17566
2015-06-10,29.13,29.13,28.9701,29.05,14884
2015-06-11,28.96,29.04,28.95,29.0,45483
2015-06-12,28.99,29.06,28.96,29.04,33372
2015-06-15,29.0,29.06,28.96,29.04,26514
2015-06-16,29.07,29.07,28.93,29.0,19515
2015-06-17,29.05,29.05,28.91,28.94,33463
2015-06-18,28.91,29.09,28.91,29.0,83416
2015-06-19,29.05,29.05,28.9399,28.97,44145
2015-06-22,28.94,28.94,28.85,28.92,31654
2015-06-23,28.92,28.987,28.8601,28.96,33370
2015-06-24,29.01,29.01,28.8401,28.9,16406
2015-06-25,28.96,28.96,28.85,28.9,23371
2015-06-26,28.96,28.96,28.758,28.8279,16498
2015-06-29,28.67,28.76,28.61,28.73,25837
2015-06-30,28.86,28.86,28.62,28.71,24836
2015-07-01,28.79,28.79,28.7212,28.77,55372
2015-07-02,28.82,28.86,28.74,28.84,30692
2015-07-06,28.73,28.96,28.73,28.96,175469
2015-07-07,28.86,28.86,28.525,28.75,82449
2015-07-08,28.71,28.75,28.55,28.66,81914
2015-07-09,28.76,28.8,28.66,28.72,62984
2015-07-10,28.87,28.87,28.76,28.82,51892
2015-07-13,28.95,28.95,28.59,28.75,20289
2015-07-14,28.83,28.85,28.71,28.79,30989
2015-07-15,28.89,28.89,28.63,28.7,23211
2015-07-16,28.74,28.74,28.6,28.67,14609
2015-07-17,28.64,28.64,28.52,28.591,55589
2015-07-20,28.69,28.7484,28.55,28.61,12710
2015-07-21,28.63,28.662,28.58,28.6499,13785
2015-07-22,28.65,28.66,28.3901,28.51,17111
2015-07-23,28.6762,28.7,28.5501,28.62,39344
2015-07-24,28.69,28.69,28.42,28.51,42318
2015-07-27,28.36,28.38,28.22,28.22,24072
2015-07-28,28.16,28.31,28.059,28.28,110644
2015-07-29,28.32,28.3399,28.1,28.2801,20069
2015-07-30,28.39,28.47,28.355,28.42,40219
2015-07-31,28.48,28.48,28.4001,28.44,6102
2015-08-03,28.42,28.4299,28.27,28.39,36907
2015-08-04,28.34,28.3899,28.27,28.28,24143
2015-08-05,28.338,28.41,28.29,28.38,7429
2015-08-06,28.28,28.37,28.12,28.28,52902
2015-08-07,28.35,28.35,28.2179,28.22,13651
2015-08-10,28.22,28.44,28.08,28.44,23104
2015-08-11,28.36,28.43,28.24,28.3888,56693
2015-08-12,28.26,28.3799,28.1101,28.22,25168
2015-08-13,28.12,28.31,28.12,28.31,23742
2015-08-14,28.38,28.38,28.2201,28.362,19749
2015-08-17,28.3799,28.45,28.2301,28.45,15077
2015-08-18,28.45,28.45,28.2701,28.42,19465
2015-08-19,28.38,28.51,28.26,28.34,24703
2015-08-20,28.15,28.4499,28.15,28.319,60388
2015-08-21,28.28,28.38,28.13,28.29,44817
2015-08-24,28.29,28.29,27.92,28.28,27331
2015-08-25,28.36,28.95,27.8,28.06,68853
2015-08-26,28.58,28.658,28.0152,28.26,20014
2015-08-27,28.55,28.55,28.0401,28.34,14278
2015-08-28,28.143,28.33,28.1347,28.33,15904
2015-08-31,28.35,28.41,28.2101,28.39,22110
2015-09-01,28.1,28.38,28.02,28.24,81670
2015-09-02,28.06,28.218,28.0402,28.08,13080
2015-09-03,28.25,28.33,28.09,28.32,5810
2015-09-04,28.06,28.29,28.0501,28.29,13798
2015-09-08,28.41,28.42,28.2636,28.42,156431
2015-09-09,28.61,28.7299,28.23,28.27,91672
2015-09-10,28.32,28.37,28.2172,28.32,24397
2015-09-11,28.28,28.41,28.23,28.39,13926
2015-09-14,28.48,28.48,28.31,28.32,17196
2015-09-15,28.48,28.48,28.2701,28.42,23117
2015-09-16,28.5,28.5,28.3101,28.41,19392
2015-09-17,28.23,28.48,28.23,28.34,17381
2015-09-18,28.23,28.43,28.23,28.3263,49481
2015-09-21,28.39,28.39,28.24,28.34,23263
2015-09-22,28.13,28.26,28.13,28.17,116873
2015-09-23,28.28,28.43,28.13,28.13,24582
2015-09-24,28.2,28.2399,28.0101,28.18,18749
2015-09-25,28.34,28.48,27.92,27.92,28773
2015-09-28,27.74,27.8999,27.53,27.53,116684
2015-09-29,27.759900000000002,27.7799,27.564,27.72,14010
2015-09-30,27.78,27.82,27.55,27.81,49952
2015-10-01,27.87,27.87,26.623,27.65,15677
2015-10-02,28.12,28.13,27.23,27.8799,92185
2015-10-05,27.8299,27.84,27.641,27.81,60484
2015-10-06,27.94,27.9899,27.558,27.6701,18224
2015-10-07,27.81,27.81,27.5601,27.75,421603
2015-10-08,27.6618,27.7665,27.55,27.75,13035
2015-10-09,27.7951,27.8,27.66,27.79,14336
2015-10-12,27.81,27.81,27.6401,27.73,23289
2015-10-13,27.8099,27.84,27.7201,27.765,13424
2015-10-14,27.71,27.8099,27.66,27.71,20996
2015-10-15,27.87,27.88,27.6801,27.88,169076
2015-10-16,27.64,27.8,27.6,27.8,15522
2015-10-19,27.8,27.87,27.675,27.8,16701
2015-10-20,27.77,27.92,27.73,27.76,47656
2015-10-21,27.96,27.96,27.5001,27.72,40096
2015-10-22,27.94,27.99,27.46,27.52,19505
2015-10-23,27.53,27.61,27.38,27.59,41526
2015-10-26,27.58,27.58,27.4001,27.4077,48807
2015-10-27,27.41,27.6599,27.405,27.48,38813
2015-10-28,27.52,27.74,27.39,27.57,23802
2015-10-29,27.6255,27.81,27.57,27.62,56024
2015-10-30,27.78,27.8475,27.563,27.57,172035
2015-11-02,27.56,27.8099,27.56,27.59,83797
2015-11-03,27.76,27.76,27.56,27.68,39173
2015-11-04,27.77,27.77,27.575,27.5801,31250
2015-11-05,27.55,27.95,27.51,27.53,37712
2015-11-06,27.7099,27.7099,27.5501,27.7,30264
2015-11-09,27.664,27.73,27.5501,27.59,98510
2015-11-10,27.57,27.7799,27.54,27.67,9470
2015-11-11,27.79,27.79,27.55,27.61,15720
2015-11-12,27.66,27.708,27.5101,27.62,15495
2015-11-13,27.45,27.6781,27.45,27.6,24058
2015-11-16,27.66,27.7299,27.501,27.63,34003
2015-11-17,27.7,27.755,27.5455,27.591,12736
2015-11-18,27.69,27.7,27.5601,27.655,581832
2015-11-19,27.58,27.6299,27.424,27.46,33107
2015-11-20,27.6199,27.6699,27.45,27.59,28406
2015-11-23,27.59,27.7,27.49,27.59,72352
2015-11-24,27.53,27.6,27.47,27.55,46693
2015-11-25,27.6,27.7,27.53,27.59,70649
2015-11-27,27.593,27.72,27.593,27.72,3833
2015-11-30,27.62,27.7499,27.59,27.65,54715
2015-12-01,27.68,27.86,27.68,27.78,35797
2015-12-02,27.8599,27.9,27.81,27.82,17887
2015-12-03,27.83,27.9558,27.7801,27.875,16615
2015-12-04,27.9599,27.98,27.8384,27.9393,35507
2015-12-07,27.929,27.93,27.852,27.86,7989
2015-12-08,27.916,27.916,27.798000000000002,27.87,5284
2015-12-09,27.88,27.976,27.85,27.85,15206
2015-12-10,27.99,27.99,27.86,27.86,8664
2015-12-11,27.79,27.9699,27.79,27.859,13149
2015-12-14,27.87,27.99,27.83,27.92,27104
2015-12-15,28.01,28.01,27.82,27.9191,20486
2015-12-16,27.9765,28.055,27.91,28.01,15576
2015-12-17,28.05,28.07,27.8511,27.97,32054
2015-12-18,27.78,28.4205,27.6071,27.86,37461
2015-12-21,27.76,27.95,27.76,27.93,18937
2015-12-22,27.99,28.13,27.94,28.08,16831
2015-12-23,28.07,28.2,28.07,28.18,63170
2015-12-24,28.12,28.33,28.1009,28.11,13976
2015-12-28,28.05,28.35,27.95,28.1104,99975
2015-12-29,27.93,28.0899,27.93,28.0299,9398
2015-12-30,28.056,28.0999,27.9387,28.073,48572
2015-12-31,28.0198,28.0981,27.93,28.07,26628
2016-01-04,27.91,28.15,27.91,28.15,33749
2016-01-05,28.24,28.24,27.982,28.14,15645
2016-01-06,27.92,28.19,27.9,28.04,16422
2016-01-07,27.86,27.97,27.8036,27.97,20745
2016-01-08,28.035,28.035,27.89,27.95,11506
2016-01-11,27.9899,27.9899,27.83,27.92,23333
2016-01-12,28.05,28.05,27.7701,27.89,42533
2016-01-13,27.77,27.948,27.691,27.76,26553
2016-01-14,27.74,27.78,27.65,27.76,18076
2016-01-15,27.47,28.135,26.645,27.61,11353
2016-01-19,27.62,27.6415,27.454,27.59,23344
2016-01-20,27.48,27.6,27.3801,27.5,17572
2016-01-21,27.5265,27.63,27.4414,27.545,53135
2016-01-22,27.72,27.72,27.585,27.689,19204
2016-01-25,27.759900000000002,27.7699,27.5901,27.745,14578
2016-01-26,27.8,27.9,27.6801,27.87,17573
2016-01-27,27.8699,27.8799,27.79,27.849,21023
2016-01-28,27.85,28.01,27.47,27.978,52791
2016-01-29,28.12,28.12,27.95,28.03,24457
2016-02-01,27.84,28.17,27.84,28.0843,46074
2016-02-02,28.1165,28.1999,28.04,28.14,43209
2016-02-03,28.2,28.27,28.12,28.2498,45953
2016-02-04,28.2522,28.29,28.13,28.1809,47134
2016-02-05,28.154,28.31,28.139,28.274,17893
2016-02-08,28.35,28.35,27.9101,28.14,36924
2016-02-09,27.93,28.166,27.93,28.15,14408
2016-02-10,28.54,28.54,28.034,28.24,28291
2016-02-11,27.85,28.97,27.85,28.16,24554
2016-02-12,28.17,28.35,28.1056,28.19,12991
2016-02-16,28.51,28.51,28.2,28.46,38665
2016-02-17,28.6,28.6,28.3201,28.5,10733
2016-02-18,28.6,28.665,28.34,28.439,108608
2016-02-19,28.34,28.56,28.3301,28.5399,12546
2016-02-22,28.68,28.68,28.48,28.56,43591
2016-02-23,28.38,28.55,28.38,28.4734,26885
2016-02-24,28.4815,28.5185,28.37,28.459,7838
2016-02-25,28.5299,28.64,28.4401,28.64,20704
2016-02-26,28.81,28.81,28.51,28.68,26732
2016-02-29,28.7499,28.85,28.52,28.52,42060
2016-03-01,28.58,28.92,28.58,28.7,9816
2016-03-02,28.75,28.75,28.6101,28.71,11888
2016-03-03,28.6226,28.95,28.62,28.9,57402
2016-03-04,28.89,28.93,28.79,28.91,27034
2016-03-07,28.764,28.81,28.72,28.79,32221
2016-03-08,28.6675,28.7,28.55,28.6198,29044
2016-03-09,28.69,28.69,28.445,28.622,17481
2016-03-10,28.624,28.6599,28.5101,28.52,43325
2016-03-11,28.5573,28.7,28.532,28.7,33964
2016-03-14,28.75,28.75,28.5501,28.648,18272
2016-03-15,28.585,28.5898,28.38,28.54,14923
2016-03-16,28.38,28.55,28.2601,28.55,16314
2016-03-17,28.56,28.67,28.42,28.65,20090
2016-03-18,28.75,28.76,28.6201,28.637,44203
2016-03-21,28.57,28.84,28.5372,28.83,21007
2016-03-22,28.9,28.9,28.66,28.81,17774
2016-03-23,28.67,28.87,28.67,28.84,30782
2016-03-24,28.8001,28.87,28.71,28.76,22735
2016-03-28,28.7982,28.88,28.7222,28.73,38473
2016-03-29,28.9,28.93,28.74,28.9,33165
2016-03-30,28.86,28.93,28.78,28.91,59669
2016-03-31,28.82,28.91,28.77,28.86,33179
2016-04-01,28.8,28.82,28.644,28.82,8940
2016-04-04,28.65,28.85,28.65,28.85,99601
2016-04-05,28.6,28.6,28.186,28.45,20414
2016-04-06,28.32,28.5799,28.28,28.44,19073
2016-04-07,28.56,28.657,28.4873,28.59,21558
2016-04-08,28.85,28.85,28.437,28.52,34536
2016-04-11,28.67,28.67,28.344,28.46,30346
2016-04-12,28.3691,28.4362,28.29,28.41,19203
2016-04-13,28.38,28.46,28.2528,28.4025,69105
2016-04-14,28.32,28.386,28.21,28.26,26821
2016-04-15,28.14,28.4,28.14,28.27,37029
2016-04-18,28.27,28.3999,28.2301,28.25,13348
2016-04-19,28.42,28.42,28.24,28.4,24070
2016-04-20,28.5,28.51,28.11,28.34,88789
2016-04-21,28.39,28.39,28.25,28.37,485519
2016-04-22,28.41,28.55,28.41,28.55,26934
2016-04-25,28.42,28.5,28.36,28.4999,31515
2016-04-26,28.51,28.58,28.4101,28.54,21463
2016-04-27,28.67,28.67,28.426,28.51,45329
2016-04-28,28.094,28.5799,28.094,28.4286,33633
2016-04-29,28.29,28.51,28.29,28.51,14688
2016-05-02,28.71,28.75,28.39,28.61,63992
2016-05-03,28.35,28.57,28.35,28.515,35964
2016-05-04,28.49,28.51,28.3601,28.48,25625
2016-05-05,28.58,28.58,28.355,28.42,27499
2016-05-06,28.25,28.41,28.25,28.4,24313
2016-05-09,28.31,28.59,28.31,28.461,35120
2016-05-10,28.5381,28.6413,28.5101,28.64,238349
2016-05-11,28.51,28.689,28.51,28.63,20528
2016-05-12,28.64,28.64,28.34,28.47,33107
2016-05-13,28.44,28.51,28.33,28.46,19654
2016-05-16,28.46,28.63,28.46,28.57,24090
2016-05-17,28.63,28.64,28.432,28.54,27697
2016-05-18,28.515,28.7199,28.515,28.65,9882
2016-05-19,28.63,28.6449,28.468,28.6359,18668
2016-05-20,28.86,28.86,28.59,28.76,20602
2016-05-23,28.8,28.82,28.76,28.8,8429
2016-05-24,28.85,28.9,28.85,28.9,25655
2016-05-25,28.87,28.97,28.8362,28.97,53382
2016-05-26,28.91,28.989,28.8566,28.94,16063
2016-05-27,28.98,28.98,28.7568,28.88,26785
2016-05-31,28.827,28.89,28.7508,28.84,11594
2016-06-01,28.72,28.9099,28.72,28.9,33031
2016-06-02,28.85,28.96,28.8001,28.96,24607
2016-06-03,28.867,28.95,28.8384,28.9,28706
2016-06-06,28.841,28.92,28.835,28.8437,19144
2016-06-07,28.9199,28.9199,28.8298,28.84,86480
2016-06-08,28.908,28.92,28.82,28.85,22372
2016-06-09,28.94,28.95,28.8101,28.92,70042
2016-06-10,28.78,28.9209,28.78,28.8425,16910
2016-06-13,28.73,28.89,28.7101,28.77,63958
2016-06-14,28.68,28.74,28.6,28.7,30193
2016-06-15,28.61,28.7499,28.57,28.69,26935
2016-06-16,28.61,28.7083,28.5435,28.68,14521
2016-06-17,28.76,28.76,28.52,28.65,27738
2016-06-20,28.82,28.8499,28.679,28.7414,8035
2016-06-21,28.65,28.94,28.51,28.776,24966
2016-06-22,28.83,28.83,28.584,28.6971,20147
2016-06-23,28.77,28.86,28.68,28.86,30145
2016-06-24,28.18,28.77,26.91,28.37,54151
2016-06-27,28.16,28.3,27.9617,28.143,15164
2016-06-28,28.45,28.45,28.1321,28.28,21642
2016-06-29,28.24,28.4,28.2301,28.4,13917
2016-06-30,28.25,28.43,28.246,28.43,27391
2016-07-01,28.5,28.6,27.98,28.313,12871
2016-07-05,28.26,28.2699,28.02,28.2476,43739
2016-07-06,28.08,28.32,28.0701,28.19,51764
2016-07-07,28.09,28.3,28.09,28.21,22141
2016-07-08,28.36,28.3899,28.2,28.2001,58718
2016-07-11,28.39,28.42,28.2401,28.34,31900
2016-07-12,28.49,28.49,28.29,28.306,13766
2016-07-13,28.48,28.48,28.2401,28.33,17583
2016-07-14,28.4,28.49,28.3201,28.47,10556
2016-07-15,28.5,28.6099,28.401,28.6,54328
2016-07-18,28.49,28.59,28.42,28.58,39707
2016-07-19,28.64,28.64,28.45,28.49,48060
2016-07-20,28.535,28.62,28.521,28.59,25091
2016-07-21,28.53,28.579,28.48,28.54,16747
2016-07-22,28.59,28.59,28.4301,28.55,19590
2016-07-25,28.63,28.75,28.51,28.59,14119
2016-07-26,28.68,28.68,28.5201,28.6,9872
2016-07-27,28.52,28.63,28.25,28.4,23885
2016-07-28,28.53,28.64,28.42,28.492,20517
2016-07-29,28.57,28.5798,28.46,28.53,10375
2016-08-01,28.58,28.6499,28.3953,28.52,14975
2016-08-02,28.4,28.45,28.32,28.39,26470
2016-08-03,28.31,28.45,28.281,28.39,23441
2016-08-04,28.39,28.39,28.2636,28.36,11225
2016-08-05,28.3,28.38,28.251,28.294,11359
2016-08-08,28.42,28.42,28.25,28.333,38831
2016-08-09,28.3,28.3799,28.27,28.32,26351
2016-08-10,28.32,28.4699,28.32,28.45,13315
2016-08-11,28.53,28.53,28.3401,28.48,31662
2016-08-12,28.43,28.49,28.3201,28.45,82192
2016-08-15,28.36,28.4899,28.29,28.3,66611
2016-08-16,28.29,28.45,28.29,28.33,55134
2016-08-17,28.44,28.4899,28.27,28.34,23586
2016-08-18,28.5158,28.5158,28.41,28.45,18954
2016-08-19,28.46,28.499,28.4135,28.49,13812
2016-08-22,28.75,28.98,28.7201,28.96,393532
2016-08-23,29.29,29.29,28.8601,28.91,958617
2016-08-24,29.09,29.09,28.78,28.78,125129
2016-08-25,28.73,28.9299,28.6301,28.7,21526
2016-08-26,28.96,28.96,28.58,28.67,37729
2016-08-29,28.41,28.8792,28.41,28.81,36326
2016-08-30,28.89,28.89,28.711,28.82,10793
2016-08-31,28.82,28.85,28.646,28.85,36239
2016-09-01,28.8656,28.92,28.748,28.89,16304
2016-09-02,29.0,29.0,28.93,28.98,32345
2016-09-06,28.88,28.99,28.86,28.92,22170
2016-09-07,28.89,29.0199,28.876,29.009,6857
2016-09-08,29.0,29.13,28.9701,29.09,389210
2016-09-09,29.02,29.0999,28.86,29.0,14141
2016-09-12,28.98,29.1431,28.947,29.13,10697
2016-09-13,29.08,29.33,28.89,28.89,115633
2016-09-14,28.962,29.06,28.89,28.91,10934
2016-09-15,28.89,29.032,28.89,28.96,4227
2016-09-16,28.82,28.99,28.81,28.99,10651
2016-09-19,29.15,29.45,28.8735,28.95,27634
2016-09-20,29.0,29.0,28.76,28.95,34925
2016-09-21,28.8783,29.068,28.8372,28.97,14647
2016-09-22,28.99,29.1,28.9723,29.07,17565
2016-09-23,28.96,29.06,28.917,29.03,15950
2016-09-26,28.82,29.07,28.82,29.04,13256
2016-09-27,28.95,29.1,28.9301,28.98,21713
2016-09-28,29.12,29.14,28.96,28.96,9933
2016-09-29,29.01,29.0526,28.8401,28.8991,24067
2016-09-30,28.99,29.22,28.99,29.2,7947
2016-10-03,29.175,29.24,29.0501,29.14,9544
2016-10-04,29.23,29.2399,29.01,29.1,42264
2016-10-05,29.2113,29.2188,29.0701,29.11,41914
2016-10-06,29.27,29.27,29.0401,29.15,14491
2016-10-07,29.27,29.27,28.935,28.95,20209
2016-10-10,29.09,29.15,28.94,28.97,48555
2016-10-11,28.82,28.92,28.784,28.92,16388
2016-10-12,28.8801,28.93,28.73,28.81,25649
2016-10-13,28.78,28.93,28.777,28.85,29935
2016-10-14,28.7842,28.9099,28.75,28.75,13136
2016-10-17,28.71,28.926,28.71,28.83,13480
2016-10-18,28.98,28.98,28.81,28.82,25847
2016-10-19,29.0,29.0,28.79,28.88,12525
2016-10-20,28.84,29.0899,28.84,28.96,10151
2016-10-21,29.01,29.1003,28.93,28.98,4747
2016-10-24,29.0165,29.03,28.99,28.99,13536
2016-10-25,28.91,29.02,28.91,29.01,13351
2016-10-26,29.04,29.04,28.94,28.96,179180
2016-10-27,28.9432,28.96,28.7994,28.84,33493
2016-10-28,28.9,28.95,28.75,28.75,13660
2016-10-31,28.92,28.92,28.75,28.77,23869
2016-11-01,28.92,28.9559,28.7601,28.79,60557
2016-11-02,28.86,28.9682,28.7699,28.77,16214
2016-11-03,28.73,28.83,28.7,28.7,63395
2016-11-04,28.7358,28.7358,28.51,28.66,43367
2016-11-07,28.81,28.87,28.66,28.8,95560
2016-11-08,28.8796,28.97,28.864,28.9,7880
2016-11-09,28.78,28.78,28.6546,28.759900000000002,29999
2016-11-10,28.72,28.72,28.54,28.54,33492
2016-11-11,28.62,28.713,28.57,28.63,28682
2016-11-14,28.64,28.6463,28.56,28.57,45030
2016-11-15,28.71,28.75,28.58,28.71,22818
2016-11-16,28.66,28.9043,28.66,28.83,12650
2016-11-17,28.87,29.083,28.87,29.02,8421
2016-11-18,29.15,29.23,29.06,29.09,14649
2016-11-21,29.11,29.259900000000002,29.09,29.13,32015
2016-11-22,29.26,29.26,29.1564,29.18,38600
2016-11-23,29.17,29.3051,29.1201,29.3051,11840
2016-11-25,29.3008,29.3008,29.2501,29.2625,4651
2016-11-28,29.31,29.31,29.21,29.23,10534
2016-11-29,29.31,29.47,29.21,29.22,15784
2016-11-30,29.25,29.25,29.2,29.22,21925
2016-12-01,29.12,29.25,29.105,29.21,16889
2016-12-02,29.24,29.305,29.1951,29.2,14409
2016-12-05,29.332,29.34,29.22,29.33,38131
2016-12-06,29.4,29.4,29.21,29.31,23742
2016-12-07,29.41,29.41,29.22,29.22,58583
2016-12-08,29.33,29.3841,29.2401,29.28,28257
2016-12-09,29.37,29.3799,29.2401,29.3,42058
2016-12-12,29.3141,29.3141,29.18,29.19,15091
2016-12-13,29.34,29.35,29.1644,29.2,59145
2016-12-14,29.25,29.3,29.2,29.22,148835
2016-12-15,29.17,29.33,29.17,29.276,36589
2016-12-16,29.26,29.36,29.22,29.2788,42398
2016-12-19,29.22,29.36,29.22,29.36,18044
2016-12-20,29.4,29.44,29.2849,29.34,27607
2016-12-21,29.364,29.4299,29.285,29.31,101690
2016-12-22,29.31,29.442,29.3,29.375,46478
2016-12-23,29.44,29.49,29.33,29.34,25890
2016-12-27,29.46,29.48,29.35,29.37,53088
2016-12-28,29.32,29.385,29.26,29.31,15857
2016-12-29,29.26,29.4,29.23,29.32,54090
2016-12-30,29.38,29.38,29.25,29.3,32566
2017-01-03,29.39,29.42,29.24,29.37,49507
2017-01-04,29.38,29.43,29.26,29.35,45336
2017-01-05,29.38,29.38,29.2104,29.24,43347
2017-01-06,29.29,29.37,29.25,29.3127,20079
2017-01-09,29.34,29.3899,29.26,29.37,103406
2017-01-10,29.47,29.47,29.3101,29.43,33837
2017-01-11,29.44,29.51,29.41,29.51,31651
2017-01-12,29.45,29.45,29.36,29.38,27728
2017-01-13,29.3899,29.43,29.3306,29.4,16537
2017-01-17,29.3,29.51,29.3,29.51,29188
2017-01-18,29.52,29.52,29.36,29.4725,47068
2017-01-19,29.36,29.5,29.36,29.49,37820
2017-01-20,29.4983,29.4983,29.45,29.49,8818
2017-01-23,29.41,29.5,29.3431,29.388,13989
2017-01-24,29.4,29.5707,29.4,29.53,27292
2017-01-25,29.57,29.6439,29.4975,29.6,23463
2017-01-26,29.57,29.632,29.5,29.58,109254
2017-01-27,29.62,29.62,29.5332,29.6,54720
2017-01-30,29.52,29.6539,29.475,29.4922,93154
2017-01-31,29.49,29.65,29.49,29.62,70175
2017-02-01,29.69,29.73,29.51,29.6,59930
2017-02-02,29.5,29.68,29.5,29.62,39673
2017-02-03,29.71,29.71,29.61,29.71,24502
2017-02-06,29.66,29.7,29.6,29.67,15699
2017-02-07,29.67,29.7,29.61,29.7,27533
2017-02-08,29.6,29.77,29.6,29.68,53136
2017-02-09,29.74,29.74,29.58,29.62,55759
2017-02-10,29.62,29.67,29.55,29.57,35205
2017-02-13,29.99,29.99,29.52,29.56,48338
2017-02-14,29.54,29.66,29.54,29.64,20313
2017-02-15,29.64,29.69,29.6,29.67,25142
2017-02-16,29.68,29.68,29.6,29.66,26585
2017-02-17,29.61,29.66,29.6,29.61,39371
2017-02-21,29.66,29.68,29.61,29.68,36852
2017-02-22,29.63,29.75,29.63,29.71,10903
2017-02-23,29.79,29.8,29.7,29.8,28617
2017-02-24,29.7,29.83,29.69,29.82,42196
2017-02-27,29.79,29.85,29.78,29.85,19414
2017-02-28,29.77,29.85,29.66,29.84,32057
2017-03-01,29.98,29.98,29.86,29.9,51390
2017-03-02,29.82,29.9,29.8,29.86,41347
2017-03-03,29.87,29.97,29.84,29.88,23721
2017-03-06,29.85,29.86,29.8,29.84,32641
2017-03-07,29.83,29.87,29.76,29.86,27915
2017-03-08,29.9,29.9,29.8,29.8,33982
2017-03-09,29.83,29.84,29.76,29.82,34579
2017-03-10,29.88,29.89,29.77,29.79,90647
2017-03-13,29.79,29.85,29.79,29.79,35400
2017-03-14,29.76,29.85,29.76,29.8,30924
2017-03-15,29.78,29.86,29.75,29.82,52139
2017-03-16,29.71,29.85,29.71,29.75,25076
2017-03-17,29.91,29.91,29.79,29.84,38233
2017-03-20,29.84,29.85,29.8,29.84,18761
2017-03-21,29.96,29.96,29.79,29.81,34186
2017-03-22,29.86,29.89,29.77,29.84,17120
2017-03-23,29.84,29.91,29.83,29.83,31266
2017-03-24,29.91,29.94,29.87,29.92,56884
2017-03-27,29.88,29.91,29.85,29.91,17254
2017-03-28,29.97,29.97,29.84,29.92,23639
2017-03-29,29.92,29.98,29.89,29.97,101410
2017-03-30,29.99,30.01,29.92,29.93,40344
2017-03-31,29.9,30.05,29.9,29.99,26455
2017-04-03,30.12,30.12,29.99,30.04,47790
2017-04-04,30.05,30.13,30.0,30.11,41720
2017-04-05,30.19,30.2,29.99,30.03,142493
2017-04-06,30.06,30.14,30.06,30.12,16470
2017-04-07,30.16,30.2,30.1,30.18,29255
2017-04-10,30.21,30.3,30.13,30.2,30429
2017-04-11,30.24,30.26,30.14,30.2,37600
2017-04-12,30.25,30.32,30.16,30.27,49262
2017-04-13,30.32,30.34,30.18,30.2,67790
2017-04-17,30.2,30.22,30.17,30.22,23256
2017-04-18,30.22,30.29,30.19,30.28,31448
2017-04-19,30.38,30.38,30.23,30.23,61602
2017-04-20,30.34,30.34,30.22,30.28,19142
2017-04-21,30.29,30.29,30.23,30.25,24646
2017-04-24,30.4,30.42,30.23,30.29,253640
2017-04-25,30.26,30.34,30.14,30.31,46105
2017-04-26,30.22,30.36,30.22,30.29,175567
2017-04-27,30.25,30.32,30.25,30.29,30348
2017-04-28,30.24,30.3,30.22,30.3,30542
2017-05-01,30.38,30.38,30.26,30.28,27550
2017-05-02,30.25,30.32,30.22,30.27,93238
2017-05-03,30.25,30.33,30.14,30.21,48728
2017-05-04,30.28,30.28,30.11,30.15,83498
2017-05-05,30.21,30.21,30.1,30.14,72972
2017-05-08,30.18,30.19,30.11,30.16,48789
2017-05-09,30.23,30.23,30.13,30.2,18527
2017-05-10,30.23,30.24,30.16,30.24,20267
2017-05-11,30.22,30.24,30.16,30.2,33370
2017-05-12,30.16,30.21,30.12,30.16,43593
2017-05-15,30.2,30.2,30.12,30.13,27039
2017-05-16,30.16,30.16,30.08,30.08,25420
2017-05-17,29.98,30.14,29.98,30.12,60194
2017-05-18,30.11,30.2,30.11,30.18,206805
2017-05-19,30.26,30.27,30.16,30.19,29916
2017-05-22,30.25,30.28,30.18,30.23,153952
2017-05-23,30.28,30.28,30.19,30.23,375244
2017-05-24,30.28,30.29,30.2,30.21,18114
2017-05-25,30.29,30.29,30.22,30.26,15829
2017-05-26,30.26,30.26,30.21,30.23,13962
2017-05-30,30.21,30.26,30.2,30.23,17127
2017-05-31,30.28,30.34,30.21,30.33,43960
2017-06-01,30.3,30.43,30.27,30.43,30523
2017-06-02,30.43,30.43,30.36,30.39,55574
2017-06-05,30.43,30.44,30.36,30.41,62477
2017-06-06,30.41,30.41,30.31,30.34,30082
2017-06-07,30.31,30.38,30.29,30.34,44941
2017-06-08,30.32,30.37,30.3,30.37,29623
2017-06-09,30.3,30.39,30.3,30.33,35629
2017-06-12,30.34,30.45,30.34,30.38,33843
2017-06-13,30.45,30.5,30.42,30.49,23023
2017-06-14,30.5,30.54,30.45,30.54,40199
2017-06-15,30.45,30.51,30.43,30.43,229089
2017-06-16,30.44,30.45,30.34,30.4,30694
2017-06-19,30.45,30.5,30.43,30.49,38432
2017-06-20,30.45,30.46,30.4,30.45,39436
2017-06-21,30.4,30.49,30.4,30.45,35044
2017-06-22,30.44,30.52,30.42,30.49,51048
2017-06-23,30.5,30.59,30.46,30.59,30187
2017-06-26,30.56,30.6,30.52,30.59,24939
2017-06-27,30.58,30.65,30.57,30.62,47372
2017-06-28,30.64,30.72,30.64,30.67,29685
2017-06-29,30.66,30.72,30.64,30.72,25161
2017-06-30,30.77,30.78,30.7,30.74,25508
2017-07-03,30.79,30.81,30.65,30.77,92473
2017-07-05,30.79,30.79,30.68,30.77,26836
2017-07-06,30.73,30.81,30.73,30.775,29851
2017-07-07,30.8,30.81,30.76,30.81,53351
2017-07-10,30.78,30.81,30.75,30.79,45395
2017-07-11,30.77,30.84,30.73,30.76,48519
2017-07-12,30.74,30.74,30.66,30.66,101002
2017-07-13,30.66,30.66,30.61,30.64,27401
2017-07-14,30.64,30.73,30.64,30.73,33997
2017-07-17,30.66,30.78,30.66,30.73,37775
2017-07-18,30.74,30.74,30.63,30.67,61137
2017-07-19,30.67,30.71,30.65,30.66,38440
2017-07-20,30.71,30.71,30.6,30.69,258183
2017-07-21,30.68,30.74,30.62,30.69,56051
2017-07-24,30.75,30.79,30.72,30.77,18434
2017-07-25,30.85,30.98,30.78,30.9,57397
2017-07-26,30.92,30.95,30.82,30.91,155243
2017-07-27,30.9,30.93,30.79,30.89,29754
2017-07-28,30.91,30.92,30.83,30.91,60656
2017-07-31,30.91,30.91,30.77,30.83,42742
2017-08-01,30.84,30.92,30.71,30.82,57084
2017-08-02,30.78,30.8,30.71,30.77,79072
2017-08-03,30.65,30.71,30.57,30.65,77337
2017-08-04,30.64,30.65,30.57,30.58,57084
2017-08-07,30.6,30.6,30.42,30.53,195438
2017-08-08,30.52,30.52,30.41,30.48,40228
2017-08-09,30.35,30.39,30.31,30.33,116005
2017-08-10,30.35,30.4299,30.31,30.32,165177
2017-08-11,30.37,30.48,30.37,30.45,25155
2017-08-14,30.42,30.479,30.36,30.45,54802
2017-08-15,30.5,30.5,30.33,30.37,78274
2017-08-16,30.3714,30.43,30.3498,30.36,31856
2017-08-17,30.32,30.39,30.27,30.32,37592
2017-08-18,30.32,30.34,30.26,30.33,33495
2017-08-21,30.26,30.43,30.26,30.41,35331
2017-08-22,30.38,30.46,30.32,30.4,126797
2017-08-23,30.41,30.47,30.41,30.47,84708
2017-08-24,30.48,30.49,30.43,30.48,18338
2017-08-25,30.54,30.55,30.48,30.54,27919
2017-08-28,30.53,30.54,30.49,30.53,36185
2017-08-29,30.48,30.6106,30.48,30.58,53324
2017-08-30,30.63,30.63,30.56,30.58,23079
2017-08-31,30.61,30.61,30.4701,30.49,28754
2017-09-01,30.53,30.669,30.53,30.63,18291
2017-09-05,30.68,30.74,30.6101,30.7,74867
2017-09-06,30.6,30.7,30.6,30.65,18861
2017-09-07,30.62,30.68,30.61,30.64,35640
2017-09-08,30.65,30.66,30.59,30.66,31183
2017-09-11,30.68,30.73,30.65,30.71,92852
2017-09-12,30.73,30.8,30.66,30.77,33083
2017-09-13,30.67,30.75,30.67,30.71,23122
2017-09-14,30.75,30.84,30.7,30.74,92866
2017-09-15,30.78,30.83,30.7,30.82,23666
2017-09-18,30.84,30.89,30.81,30.87,32312
2017-09-19,30.88,30.88,30.74,30.81,21735
2017-09-20,30.79,30.87,30.75,30.85,28756
2017-09-21,30.8,30.82,30.72,30.79,31337
2017-09-22,30.78,30.78,30.7,30.71,80943
2017-09-25,30.71,30.84,30.71,30.83,109994
2017-09-26,30.86,30.89,30.76,30.86,104533
2017-09-27,30.88,30.88,30.77,30.84,242898
2017-09-28,30.82,31.0,30.76,30.78,160196
2017-09-29,30.77,30.85,30.74,30.811,60476
