2011-07-14,50.0199,50.0442,49.98,49.98,3394
2011-07-15,49.9,49.99,49.89,49.99,19504
2011-07-18,50.0,50.0,49.91,49.91,18996
2011-07-19,49.89,49.98,49.87,49.98,13215
2011-07-20,50.0,50.13,49.97,49.98,3079
2011-07-21,49.93,49.93,49.89,49.91,48820
2011-07-22,49.92,49.98,49.92,49.98,9765
2011-07-25,49.9,49.94,49.89,49.9,10590
2011-07-26,49.92,49.97,49.92,49.96,4231
2011-07-27,49.94,49.95,49.91,49.92,8496
2011-07-28,50.03,50.04,50.0,50.04,12415
2011-07-29,49.76,50.2999,49.76,50.2999,22756
2011-08-01,50.13,50.41,50.13,50.394800000000004,30378
2011-08-02,50.5,50.73,50.48,50.7299,25397
2011-08-03,50.74,50.83,50.72,50.77,44723
2011-08-04,50.78,51.01,50.78,51.01,34832
2011-08-05,50.88,50.93,50.71,50.78,32700
2011-08-08,50.41,50.965,50.41,50.9348,11800
2011-08-09,50.89,51.26,50.85,51.1622,85906
2011-08-10,51.27,51.34,51.24,51.34,12622
2011-08-11,51.39,51.39,50.99,51.03,18422
2011-08-12,51.05,51.1,50.97,51.0974,27646
2011-08-15,51.11,51.13,51.0026,51.04,21028
2011-08-16,51.08,51.15,51.0,51.1326,25345
2011-08-17,51.1822,51.3,51.18,51.28,19321
2011-08-18,51.45,51.52,51.3638,51.4974,104724
2011-08-19,51.2,51.31,51.2,51.3,26036
2011-08-22,51.32,51.33,51.2099,51.25,21624
2011-08-23,51.22,51.24,51.0901,51.1374,29183
2011-08-24,51.1,51.1,50.9426,50.95,26091
2011-08-25,50.91,51.01,50.89,50.9974,20004
2011-08-26,51.1,51.13,51.01,51.06,20691
2011-08-29,50.95,51.245,50.85,50.93,38087
2011-08-30,51.2,51.27,51.1248,51.26,49743
2011-08-31,51.2,51.23,51.16,51.16,67947
2011-09-01,51.18,51.25,51.07,51.23,30803
2011-09-02,51.3,51.51,51.3,51.48,43698
2011-09-06,51.6,51.6,51.5,51.57,68744
2011-09-07,51.3,51.419,51.22,51.36,72512
2011-09-08,51.6,51.6,51.329,51.416,14782
2011-09-09,51.55,51.56,51.42,51.55,27432
2011-09-12,51.5,51.65,51.48,51.51,26099
2011-09-13,51.54,51.55,51.41,51.476,31118
2011-09-14,51.45,51.47,51.4,51.45,107675
2011-09-15,51.37,51.38,51.249,51.249,29759
2011-09-16,51.33,51.33,51.162,51.25,20822
2011-09-19,51.46,51.529,51.29,51.48,29154
2011-09-20,51.51,51.67,51.45,51.491,61542
2011-09-21,51.55,51.66,51.42,51.63,111750
2011-09-22,51.74,51.829,51.64,51.779,14593
2011-09-23,51.9,51.9,51.5634,51.5634,22240
2011-09-26,51.54,51.54,51.37,51.389,15967
2011-09-27,51.35,51.35,51.2,51.29,92817
2011-09-28,51.36,51.36,51.081,51.186,23656
2011-09-29,51.11,51.249,51.1,51.1,29474
2011-09-30,51.48,51.48,51.22,51.38,24926
2011-10-03,51.43,51.46,51.3,51.44,14777
2011-10-04,51.47,51.47,51.308,51.35,8860
2011-10-05,51.32,51.32,51.15,51.242,50428
2011-10-06,51.22,51.22,51.11,51.11,4520
2011-10-07,51.0,51.0,50.871,50.91,19854
2011-10-10,50.86,50.86,50.73,50.826,26415
2011-10-11,50.84,50.944,50.826,50.944,53819
2011-10-12,50.92,50.92,50.759,50.838,34714
2011-10-13,50.92,50.925,50.82,50.84,19547
2011-10-14,50.83,50.93,50.81,50.89,57132
2011-10-17,51.16,51.19,50.8991,51.06,43699
2011-10-18,51.08,51.12,51.019,51.04,32989
2011-10-19,51.04,51.11,51.01,51.09,32220
2011-10-20,51.11,51.13,51.03,51.08,16805
2011-10-21,51.09,51.15,51.08,51.12,26092
2011-10-24,51.16,51.16,51.05,51.05,268170
2011-10-25,51.09,51.21,51.01,51.21,149047
2011-10-26,51.28,51.28,51.01,51.06,82135
2011-10-27,51.07,51.07,50.892,50.976,59438
2011-10-28,51.12,51.122,50.98,51.1,63042
2011-10-31,51.32,51.38,51.23,51.38,76855
2011-11-01,51.6,51.6,51.45,51.56,21454
2011-11-02,51.55,51.57,51.436,51.568,64017
2011-11-03,51.48,51.49,51.413,51.49,548491
2011-11-04,51.49,51.5,51.28,51.42,165445
2011-11-07,51.39,51.5,51.33,51.42,55466
2011-11-08,51.5,51.5,51.29,51.29,76927
2011-11-09,51.5,51.52,51.364,51.46,41984
2011-11-10,51.1,51.42,51.02,51.39,45078
2011-11-11,51.37,51.399,51.13,51.266,74464
2011-11-14,51.36,51.36,51.3,51.36,21412
2011-11-15,51.38,51.38,51.262,51.3,18247
2011-11-16,51.4,51.4,51.269,51.36,32011
2011-11-17,51.35,51.395,51.274,51.377,22984
2011-11-18,51.34,51.34,51.27,51.3,35168
2011-11-21,51.31,51.36,51.31,51.339,20022
2011-11-22,51.36,51.36,51.28,51.348,22501
2011-11-23,51.31,51.42,51.31,51.42,27773
2011-11-25,51.39,51.39,51.324,51.338,11116
2011-11-28,51.22,51.35,51.17,51.349,40147
2011-11-29,51.36,51.36,51.22,51.3,76120
2011-11-30,51.23,51.25,51.161,51.2,48543
2011-12-01,51.1,51.1,50.94,50.98,113291
2011-12-02,51.04,51.25,51.021,51.248,54967
2011-12-05,51.21,51.259,51.17,51.25,51952
2011-12-06,51.25,51.28,51.181,51.239,33050
2011-12-07,51.29,51.335,51.12,51.317,49057
2011-12-08,51.36,51.46,51.28,51.456,35950
2011-12-09,51.47,51.47,51.346,51.36,20283
2011-12-12,51.42,51.46,51.42,51.45,28487
2011-12-13,51.45,51.544,51.39,51.53,27114
2011-12-14,51.6,51.73,51.57,51.722,35396
2011-12-15,52.42,52.42,51.52,51.569,224898
2011-12-16,51.72,51.729,51.64,51.72,29025
2011-12-19,51.76,51.79,51.698,51.78,33551
2011-12-20,51.73,51.73,51.622,51.638,36390
2011-12-21,51.63,51.63,51.482,51.51,81885
2011-12-22,51.6,51.61,51.4,51.41,102440
2011-12-23,51.62,51.62,51.38,51.419,32799
2011-12-27,51.52,51.52,51.43,51.49,55567
2011-12-28,51.44,51.61,51.44,51.588,38332
2011-12-29,51.65,51.71,51.56,51.68,134316
2011-12-30,51.69,51.75,51.66,51.7,90139
2012-01-03,51.68,51.75,51.46,51.47,301125
2012-01-04,51.64,51.64,51.46,51.498,168195
2012-01-05,51.56,51.58,51.4,51.5,134792
2012-01-06,51.54,51.6,51.53,51.57,22875
2012-01-09,51.59,51.69,51.57,51.63,471634
2012-01-10,51.5,51.6,51.45,51.56,264865
2012-01-11,51.67,51.67,51.57,51.642,35989
2012-01-12,51.86,51.86,51.654,51.733,64017
2012-01-13,51.87,51.9,51.823,51.9,22393
2012-01-17,51.79,51.9,51.79,51.824,63168
2012-01-18,51.91,51.97,51.83,51.84,73642
2012-01-19,51.82,51.82,51.66,51.74,103775
2012-01-20,51.71,51.71,51.606,51.618,30551
2012-01-23,51.62,51.62,51.56,51.57,46436
2012-01-24,51.57,51.609,51.55,51.563,26405
2012-01-25,51.65,51.78,51.573,51.716,24313
2012-01-26,51.87,51.87,51.746,51.78,76457
2012-01-27,51.97,51.97,51.888,51.97,14753
2012-01-30,52.1,52.11,52.01,52.02,200140
2012-01-31,52.05,52.13,52.02,52.13,39094
2012-02-01,52.06,52.06,51.84,51.9,107358
2012-02-02,52.01,52.01,51.8513,51.949,107508
2012-02-03,51.9,51.96,51.7601,51.87,95228
2012-02-06,51.86,51.919,51.834,51.91,35783
2012-02-07,51.89,51.89,51.83,51.87,47479
2012-02-08,51.82,51.82,51.66,51.79,74796
2012-02-09,51.84,51.84,51.547,51.629,83144
2012-02-10,51.82,51.85,51.762,51.822,15779
2012-02-13,51.75,51.897,51.748,51.88,18600
2012-02-14,51.9,51.959,51.847,51.93,36359
2012-02-15,51.98,52.0,51.897,51.94,46005
2012-02-16,51.91,51.939,51.78,51.83,66346
2012-02-17,51.75,51.79,51.727,51.78,44547
2012-02-21,51.79,51.79,51.65,51.67,46975
2012-02-22,51.78,51.86,51.76,51.86,35773
2012-02-23,51.77,51.9,51.76,51.89,81261
2012-02-24,51.9,51.92,51.85,51.91,22486
2012-02-27,52.02,52.02,51.974,52.01,22103
2012-02-28,52.08,52.09,52.0,52.0,41577
2012-02-29,51.94,52.019,51.9,52.01,124889
2012-03-01,51.84,51.84,51.72,51.83,65249
2012-03-02,51.9,51.95,51.89,51.95,58573
2012-03-05,51.96,51.969,51.88,51.9,69435
2012-03-06,51.97,51.99,51.93,51.96,38769
2012-03-07,51.95,51.97,51.92,51.94,25266
2012-03-08,51.92,51.93,51.81,51.88,32707
2012-03-09,51.85,51.85,51.64,51.76,65376
2012-03-12,51.88,51.88,51.77,51.828,32448
2012-03-13,51.79,51.8,51.696,51.7,32574
2012-03-14,51.59,51.59,51.37,51.429,53904
2012-03-15,51.4,51.44,51.37,51.41,55510
2012-03-16,51.37,51.41,51.301,51.41,38973
2012-03-19,51.41,51.41,51.19,51.29,55496
2012-03-20,50.96,51.28,50.96,51.25,41198
2012-03-21,51.22,51.41,51.22,51.41,23380
2012-03-22,51.47,51.47,51.43,51.45,37195
2012-03-23,51.5,51.55,51.471,51.53,21600
2012-03-26,51.54,51.54,51.44,51.5,30635
2012-03-27,51.55,51.64,51.549,51.64,35676
2012-03-28,51.61,51.642,51.519,51.57,81213
2012-03-29,51.65,51.69,51.53,51.62,479335
2012-03-30,51.73,51.73,51.48,51.49,32848
2012-04-02,51.47,51.569,51.36,51.394,42353
2012-04-03,51.52,51.54,51.28,51.294,56337
2012-04-04,51.26,51.39,51.26,51.382,46429
2012-04-05,51.47,51.48,51.404,51.43,28809
2012-04-09,51.75,51.75,51.548,51.548,58319
2012-04-10,51.75,51.75,51.61,51.644,188843
2012-04-11,51.8,51.8,51.594,51.65,34952
2012-04-12,51.77,51.77,51.63,51.71,17280
2012-04-13,51.85,51.85,51.67,51.71,26116
2012-04-16,51.83,51.87,51.77,51.804,30485
2012-04-17,51.87,51.87,51.78,51.78,29834
2012-04-18,51.82,51.82,51.76,51.78,23932
2012-04-19,51.85,51.879,51.81,51.85,24008
2012-04-20,51.86,51.86,51.78,51.83,37913
2012-04-23,51.96,51.96,51.87,51.91,43743
2012-04-24,51.97,51.97,51.846,51.88,42337
2012-04-25,51.88,51.88,51.8,51.85,13647
2012-04-26,51.96,51.96,51.87,51.89,15523
2012-04-27,51.89,51.93,51.849,51.93,33030
2012-04-30,52.03,52.03,51.98,52.01,473813
2012-05-01,51.95,51.95,51.84,51.9,89802
2012-05-02,52.0,52.0,51.95,51.98,35345
2012-05-03,51.98,52.01,51.97,51.98,27817
2012-05-04,52.06,52.12,52.032,52.12,110016
2012-05-07,52.12,52.139,52.05,52.05,56640
2012-05-08,52.14,52.15,52.0972,52.12,30195
2012-05-09,52.2,52.25,52.12,52.17,26000
2012-05-10,52.09,52.09,51.97,52.06,47524
2012-05-11,51.9,52.11,51.9,52.07,18220
2012-05-14,52.16,52.2,52.051,52.13,41110
2012-05-15,52.19,52.19,52.03,52.06,43504
2012-05-16,52.04,52.11,51.97,52.11,23051
2012-05-17,52.01,52.152,52.01,52.128,34367
2012-05-18,52.09,52.15,52.066,52.14,23418
2012-05-21,52.08,52.11,52.04,52.1,47591
2012-05-22,52.08,52.08,51.95,52.027,180797
2012-05-23,51.97,52.11,51.97,52.07,43753
2012-05-24,52.01,52.079,52.0,52.05,39236
2012-05-25,52.05,52.07,52.0,52.07,16947
2012-05-29,52.08,52.12,52.046,52.08,26202
2012-05-30,52.21,52.24,52.139,52.19,19462
2012-05-31,52.33,52.47,52.2601,52.38,68704
2012-06-01,52.16,52.47,52.16,52.431,331850
2012-06-04,52.42,52.46,52.361,52.43,168441
2012-06-05,52.37,52.38,52.31,52.33,43420
2012-06-06,52.23,52.29,52.159,52.17,42515
2012-06-07,52.21,52.21,52.11,52.13,44385
2012-06-08,52.27,52.29,52.11,52.12,55732
2012-06-11,52.21,52.239,52.12,52.2,68183
2012-06-12,52.18,52.209,52.1,52.13,15493
2012-06-13,52.16,52.256,52.14,52.25,56208
2012-06-14,52.25,52.26,52.184,52.24,16730
2012-06-15,52.28,52.32,52.232,52.32,18589
2012-06-18,52.37,52.38,52.33,52.379,68810
2012-06-19,52.26,52.39,52.26,52.39,124435
2012-06-20,52.29,52.35,52.22,52.3,71344
2012-06-21,52.39,52.42,52.32,52.4,27966
2012-06-22,52.37,52.37,52.3,52.36,41698
2012-06-25,52.47,52.47,52.32,52.4,53333
2012-06-26,52.32,52.399,52.309,52.34,31765
2012-06-27,52.35,52.369,52.286,52.36,28653
2012-06-28,52.4,52.432,52.34,52.39,33590
2012-06-29,52.31,52.41,52.27,52.36,205692
2012-07-02,52.19,52.33,52.06,52.272,137626
2012-07-03,52.27,52.316,52.17,52.17,53972
2012-07-05,52.28,52.38,52.24,52.369,37153
2012-07-06,52.48,52.48,52.33,52.376,49553
2012-07-09,52.48,52.53,52.431,52.53,18676
2012-07-10,52.44,52.58,52.44,52.58,15838
2012-07-11,52.57,52.613,52.53,52.56,34042
2012-07-12,52.63,52.644,52.56,52.594,29767
2012-07-13,52.62,52.65,52.588,52.65,20038
2012-07-16,52.79,52.79,52.68,52.712,36228
2012-07-17,52.71,52.72,52.666,52.67,28407
2012-07-18,52.67,52.82,52.67,52.764,316491
2012-07-19,52.77,52.802,52.74,52.758,43654
2012-07-20,52.83,52.88,52.8,52.87,56607
2012-07-23,52.87,52.93,52.87,52.89,44618
2012-07-24,52.85,52.952,52.8,52.95,19691
2012-07-25,52.89,52.97,52.89,52.96,16144
2012-07-26,52.95,52.959,52.8,52.855,108440
2012-07-27,52.75,52.83,52.7,52.83,553538
2012-07-30,52.83,52.86,52.788,52.86,33375
2012-07-31,52.95,52.95,52.87,52.95,31314
2012-08-01,52.85,52.89,52.76,52.84,183141
2012-08-02,52.9,52.93,52.82,52.93,18269
2012-08-03,52.85,52.86,52.75,52.82,56759
2012-08-06,52.82,52.85,52.8,52.84,64060
2012-08-07,52.75,52.76,52.48,52.75,265627
2012-08-08,52.7,52.7,52.541,52.66,51464
2012-08-09,52.44,52.649,52.44,52.62,43577
2012-08-10,52.61,52.64,52.52,52.56,611691
2012-08-13,52.63,52.63,52.49,52.522,41920
2012-08-14,52.45,52.46,52.4,52.44,34047
2012-08-15,52.35,52.35,52.25,52.29,43454
2012-08-16,52.3,52.3,52.14,52.21,34016
2012-08-17,52.14,52.26,52.14,52.24,28136
2012-08-20,52.25,52.25,52.21,52.24,23930
2012-08-21,52.26,52.34,52.22,52.34,75614
2012-08-22,52.43,52.54,52.41,52.53,50252
2012-08-23,52.6,52.65,52.52,52.58,71793
2012-08-24,52.63,52.636,52.55,52.55,24538
2012-08-27,52.5,52.61,52.49,52.51,65803
2012-08-28,52.58,52.682,52.568,52.64,28867
2012-08-29,52.63,52.65,52.55,52.65,39611
2012-08-30,52.66,52.67,52.6,52.66,22013
2012-08-31,52.69,52.79,52.58,52.78,247552
2012-09-04,52.74,52.74,52.62,52.67,68647
2012-09-05,52.61,52.662,52.59,52.63,48939
2012-09-06,52.69,52.69,52.52,52.57,84991
2012-09-07,52.67,52.71,52.57,52.59,84252
2012-09-10,52.6,52.64,52.55,52.64,25449
2012-09-11,52.58,52.589,52.52,52.57,45694
2012-09-12,52.5,52.51,52.42,52.487,60130
2012-09-13,52.54,52.55,52.31,52.54,34828
2012-09-14,52.41,52.48,52.3,52.36,45157
2012-09-17,52.38,52.49,52.37,52.45,25012
2012-09-18,52.55,52.56,52.45,52.5,57662
2012-09-19,52.57,52.57,52.5,52.54,45578
2012-09-20,52.6,52.6,52.5,52.55,58382
2012-09-21,52.52,52.64,52.5,52.6,49445
2012-09-24,52.64,52.69,52.61,52.67,42660
2012-09-25,52.8,52.8,52.6,52.73,86031
2012-09-26,52.77,52.8,52.72,52.8,31967
2012-09-27,53.12,53.12,52.75,52.79,48803
2012-09-28,52.92,52.92,52.73,52.81,37704
2012-10-01,52.83,52.83,52.6,52.8,38327
2012-10-02,52.78,52.87,52.71,52.81,48591
2012-10-03,52.39,52.82,52.39,52.79,158930
2012-10-04,52.79,52.8,52.67,52.74,53567
2012-10-05,52.66,52.69,52.61,52.64,58820
2012-10-08,52.69,52.72,52.6,52.7,27874
2012-10-09,52.65,52.708,52.6,52.67,24285
2012-10-10,52.61,52.66,52.566,52.64,64348
2012-10-11,52.61,52.71,52.572,52.678,34067
2012-10-12,52.78,52.83,52.75,52.8,70798
2012-10-15,52.78,52.85,52.69,52.85,49722
2012-10-16,52.65,52.74,52.65,52.7,37393
2012-10-17,52.66,52.66,52.55,52.597,23010
2012-10-18,52.62,52.63,52.518,52.56,44423
2012-10-19,52.56,52.64,52.559,52.63,46662
2012-10-22,52.72,52.72,52.58,52.58,38781
2012-10-23,52.6,52.65,52.59,52.64,33743
2012-10-24,52.6,52.66,52.59,52.6,35789
2012-10-25,52.5,52.56,52.4,52.42,75781
2012-10-26,52.51,52.62,52.51,52.61,33367
2012-10-31,52.79,52.79,52.6644,52.72,57787
2012-11-01,52.63,52.66,52.566,52.64,73460
2012-11-02,52.68,52.69,52.536,52.63,54106
2012-11-05,52.68,52.71,52.63,52.68,67088
2012-11-06,52.64,52.659,52.55,52.57,38537
2012-11-07,52.76,52.77,52.68,52.73,61284
2012-11-08,52.71,52.8,52.646,52.73,60754
2012-11-09,52.8,52.8,52.67,52.713,37908
2012-11-12,52.7,52.79,52.7,52.79,15721
2012-11-13,52.81,52.82,52.74,52.79,66996
2012-11-14,52.65,52.74,52.571,52.708,29700
2012-11-15,52.71,52.77,52.698,52.73,50361
2012-11-16,52.8,52.82,52.64,52.71,166525
2012-11-19,52.89,52.89,52.69,52.83,849647
2012-11-20,52.78,52.81,52.71,52.71,38341
2012-11-21,52.69,52.73,52.666,52.7,62065
2012-11-23,52.69,52.71,52.65,52.69,18109
2012-11-26,52.76,52.79,52.676,52.75,41858
2012-11-27,52.76,52.81,52.671,52.73,52936
2012-11-28,52.76,52.831,52.76,52.81,34693
2012-11-29,52.81,52.85,52.75,52.85,49630
2012-11-30,52.86,52.86,52.812,52.84,49202
2012-12-03,52.69,52.72,52.601,52.67,65581
2012-12-04,52.69,52.75,52.64,52.75,47071
2012-12-05,52.8,52.8,52.73,52.78,49255
2012-12-06,52.84,52.84,52.71,52.71,124809
2012-12-07,52.77,52.77,52.66,52.7,46318
2012-12-10,52.81,52.81,52.64,52.67,43924
2012-12-11,52.77,52.79,52.68,52.769,173888
2012-12-12,52.74,52.74,52.6,52.64,64913
2012-12-13,52.6,52.66,52.55,52.62,171750
2012-12-14,52.64,52.668,52.611,52.66,84106
2012-12-17,52.67,52.67,52.52,52.54,112465
2012-12-18,52.66,52.66,52.41,52.42,153557
2012-12-19,52.4,52.53,52.37,52.38,357552
2012-12-20,52.42,52.5,52.35,52.4,324312
2012-12-21,52.4,52.529,52.36,52.46,124649
2012-12-24,52.47,52.47,52.42,52.44,50863
2012-12-26,52.5,52.5,52.42,52.43,75278
2012-12-27,52.3,52.449,52.3,52.33,93958
2012-12-28,52.5,52.5,52.34,52.379,210691
2012-12-31,52.36,52.41,52.315,52.338,63117
2013-01-02,52.31,52.31,52.181,52.26,70403
2013-01-03,52.26,52.3,52.12,52.17,135761
2013-01-04,52.14,52.202,52.03,52.2,238225
2013-01-07,52.13,52.27,52.13,52.21,200672
2013-01-08,52.22,52.25,52.22,52.23,48748
2013-01-09,52.26,52.28,52.226,52.26,42477
2013-01-10,52.21,52.24,52.194,52.214,72620
2013-01-11,52.16,52.26,52.151,52.26,91854
2013-01-14,52.3,52.329,52.28,52.299,70754
2013-01-15,52.37,52.379,52.31,52.35,48815
2013-01-16,52.37,52.38,52.32,52.36,42418
2013-01-17,52.28,52.3,52.2308,52.27,56224
2013-01-18,52.29,52.33,52.27,52.32,63371
2013-01-22,52.29,52.35,52.28,52.34,71672
2013-01-23,52.37,52.37,52.34,52.37,37356
2013-01-24,52.33,52.34,52.29,52.31,67245
2013-01-25,52.25,52.25,52.13,52.16,97520
2013-01-28,52.1,52.1,51.97,52.1,75183
2013-01-29,52.1,52.14,52.03,52.11,117416
2013-01-30,52.03,52.129,52.03,52.119,62949
2013-01-31,52.1,52.139,52.04,52.1,225430
2013-02-01,52.09,52.09,51.94,51.96,60384
2013-02-04,51.94,52.0768,51.94,51.98,118350
2013-02-05,51.98,52.02,51.95,52.02,65591
2013-02-06,52.03,52.082,52.006,52.07,70627
2013-02-07,52.06,52.13,52.05,52.1,131249
2013-02-08,52.1,52.11,52.02,52.09,54625
2013-02-11,52.08,52.1,52.06,52.08,62295
2013-02-12,52.05,52.08,52.03,52.07,58624
2013-02-13,51.98,52.0,51.9566,51.99,55574
2013-02-14,52.01,52.08,51.99,52.08,88079
2013-02-15,52.07,52.08,52.016,52.03,55694
2013-02-19,52.09,52.11,52.02,52.06,74101
2013-02-20,52.02,52.08,52.01,52.07,66275
2013-02-21,52.11,52.13,52.076,52.092,49591
2013-02-22,52.12,52.15,52.12,52.12,74623
2013-02-25,52.1,52.3,52.09,52.3,51513
2013-02-26,52.28,52.33,52.25,52.28,71617
2013-02-27,52.34,52.34,52.249,52.26,93882
2013-02-28,52.29,52.33,52.22,52.23,227422
2013-03-01,52.24,52.24,52.18,52.18,103532
2013-03-04,52.25,52.25,52.2,52.211,72541
2013-03-05,52.15,52.22,52.14,52.21,108723
2013-03-06,52.14,52.17,52.12,52.139,94784
2013-03-07,52.06,52.079,52.01,52.044,110446
2013-03-08,51.92,51.949,51.86,51.89,72609
2013-03-11,51.94,51.94,51.86,51.86,60168
2013-03-12,51.94,51.959,51.9,51.929,69418
2013-03-13,51.93,51.97,51.891,51.93,35082
2013-03-14,51.93,51.98,51.9,51.94,30745
2013-03-15,51.85,52.0,51.85,51.9,96436
2013-03-18,52.1,52.1,51.95,52.06,85432
2013-03-19,52.11,52.16,52.07,52.14,56487
2013-03-20,52.03,52.13,52.03,52.07,53208
2013-03-21,52.07,52.1,52.05,52.087,31239
2013-03-22,52.15,52.15,52.04,52.1,38339
2013-03-25,52.1,52.15,52.05,52.1,66152
2013-03-26,52.01,52.16,52.01,52.14,38188
2013-03-27,52.13,52.21,52.13,52.193,43464
2013-03-28,52.17,52.251,52.17,52.229,49906
2013-04-01,52.15,52.19,52.12,52.16,118934
2013-04-02,52.16,52.189,52.14,52.152,57664
2013-04-03,52.16,52.23,52.16,52.225,86212
2013-04-04,52.24,52.3,52.24,52.28,116152
2013-04-05,52.38,52.5,52.38,52.46,48166
2013-04-08,52.41,52.46,52.4001,52.44,92362
2013-04-09,52.47,52.51,52.45,52.505,67524
2013-04-10,52.46,52.47,52.412,52.43,56458
2013-04-11,52.41,52.48,52.4,52.46,58598
2013-04-12,52.5,52.52,52.476,52.51,116618
2013-04-15,52.55,52.6,52.536,52.59,55602
2013-04-16,52.53,52.612,52.53,52.5601,91664
2013-04-17,52.56,52.6,52.558,52.58,60665
2013-04-18,52.55,52.6,52.55,52.57,75219
2013-04-19,52.57,52.61,52.57,52.606,50571
2013-04-22,52.6,52.64,52.6,52.615,199379
2013-04-23,52.64,52.67,52.61,52.64,23512
2013-04-24,52.59,52.69,52.59,52.64,40076
2013-04-25,52.61,52.632,52.545,52.56,105908
2013-04-26,52.64,52.66,52.608,52.658,35278
2013-04-29,52.73,52.78,52.68,52.71,523086
2013-04-30,52.67,52.74,52.66,52.67,112911
2013-05-01,52.66,52.68,52.63,52.644,60610
2013-05-02,52.69,52.69,52.646,52.668,32506
2013-05-03,52.65,52.654,52.55,52.559,49660
2013-05-06,52.5,52.51,52.38,52.46,167449
2013-05-07,52.35,52.46,52.33,52.41,324103
2013-05-08,52.43,52.44,52.34,52.362,85593
2013-05-09,52.44,52.47,52.32,52.325,130632
2013-05-10,52.37,52.37,52.16,52.18,167222
2013-05-13,52.12,52.14,52.08,52.08,72369
2013-05-14,52.07,52.124,52.04,52.04,62215
2013-05-15,52.07,52.1,52.0,52.03,63756
2013-05-16,52.1,52.18,52.098,52.16,43730
2013-05-17,52.15,52.18,52.06,52.082,138626
2013-05-20,52.08,52.09,51.97,51.98,76054
2013-05-21,52.02,52.1,51.959,52.1,60553
2013-05-22,52.13,52.19,51.9,51.928,78479
2013-05-23,51.93,52.02,51.84,51.91,63473
2013-05-24,51.94,51.98,51.854,51.87,47488
2013-05-28,51.88,51.88,51.65,51.67,65613
2013-05-29,51.62,51.69,51.591,51.68,107683
2013-05-30,51.67,51.69,51.63,51.64,55639
2013-05-31,51.65,51.69,51.511,51.626,80159
2013-06-03,51.55,51.619,51.36,51.42,247614
2013-06-04,51.45,51.45,51.29,51.29,72396
2013-06-05,51.4,51.45,51.328,51.37,36152
2013-06-06,51.43,51.56,51.371,51.47,52444
2013-06-07,51.57,51.57,51.27,51.37,57576
2013-06-10,51.29,51.29,51.17,51.17,69710
2013-06-11,51.16,51.29,51.062,51.29,41421
2013-06-12,51.21,51.28,51.13,51.16,55221
2013-06-13,51.2,51.339,51.16,51.33,28383
2013-06-14,51.26,51.44,51.26,51.38,45500
2013-06-17,51.35,51.45,51.33,51.33,53998
2013-06-18,51.29,51.36,51.256,51.31,56277
2013-06-19,51.26,51.35,50.86,51.0,87486
2013-06-20,50.7,50.79,50.53,50.7,342510
2013-06-21,50.51,50.61,50.25,50.25,107959
2013-06-24,50.12,50.25,49.94,50.05,144277
2013-06-25,50.12,50.25,49.991,50.03,85862
2013-06-26,50.24,50.368,50.15,50.24,60025
2013-06-27,50.48,50.51,50.39,50.51,34860
2013-06-28,50.47,50.564,50.4,50.542,54521
2013-07-01,50.53,50.586,50.47,50.579,111739
2013-07-02,50.62,50.67,50.58,50.626,43739
2013-07-03,50.614,50.6599,50.55,50.589,26578
2013-07-05,50.15,50.21,50.048,50.06,53158
2013-07-08,50.0,50.176,49.99,50.17,59154
2013-07-09,50.28,50.31,50.2,50.3,46601
2013-07-10,50.34,50.34,50.164,50.26,62812
2013-07-11,50.32,50.48,50.22,50.412,178973
2013-07-12,50.56,50.67,50.42,50.54,142642
2013-07-15,50.53,50.56,50.441,50.56,42040
2013-07-16,50.52,50.639,50.52,50.634,33558
2013-07-17,50.77,50.78,50.64,50.73,64882
2013-07-18,50.75,50.77,50.59,50.636,96434
2013-07-19,50.64,50.749,50.64,50.748,30937
2013-07-22,50.82,50.86,50.771,50.816,62097
2013-07-23,50.8,50.83,50.756,50.81,36178
2013-07-24,50.68,50.7,50.5512,50.61,36558
2013-07-25,50.54,50.66,50.521,50.65,217570
2013-07-26,50.69,50.7,50.61,50.69,63625
2013-07-29,50.67,50.69,50.6,50.66,112443
2013-07-30,50.69,50.7,50.6,50.659,58977
2013-07-31,50.52,50.82,50.42,50.81,61342
2013-08-01,50.67,50.67,50.49,50.536,67915
2013-08-02,50.46,50.6,50.46,50.5492,106934
2013-08-05,50.6,50.69,50.595,50.68,52846
2013-08-06,50.66,50.6799,50.6,50.62,34714
2013-08-07,50.61,50.69,50.61,50.621,63699
2013-08-08,50.74,50.76,50.672,50.694,42549
2013-08-09,50.78,50.83,50.682,50.829,48511
2013-08-12,50.75,50.86,50.7,50.73,39293
2013-08-13,50.65,50.75,50.512,50.59,42694
2013-08-14,50.49,50.5,50.46,50.47,79262
2013-08-15,50.31,50.4,50.231,50.39,38863
2013-08-16,50.36,50.36,50.08,50.22,99537
2013-08-19,50.02,50.12,49.92,50.0002,118716
2013-08-20,50.14,50.166,50.05,50.07,62536
2013-08-21,50.18,50.25,49.99,50.1,137150
2013-08-22,50.0,50.19,50.0,50.029,38051
2013-08-23,50.01,50.19,50.0,50.05,94638
2013-08-26,50.19,50.3,50.17,50.216,70627
2013-08-27,50.29,50.431,50.28,50.38,65799
2013-08-28,50.4,50.42,50.27,50.31,53568
2013-08-29,50.3,50.459,50.18,50.44,41150
2013-08-30,50.34,50.5,50.34,50.405,42269
2013-09-03,50.15,50.21,50.04,50.15,66999
2013-09-04,50.19,50.19,50.021,50.079,60787
2013-09-05,49.96,49.979,49.77,49.77,59364
2013-09-06,49.96,50.05,49.851,49.93,78140
2013-09-09,50.03,50.05,49.972,50.02,37941
2013-09-10,49.97,50.009,49.901,49.95,64060
2013-09-11,49.95,50.03,49.891,50.0,30874
2013-09-12,50.05,50.109,49.95,49.96,83453
2013-09-13,49.99,50.099,49.98,50.02,47654
2013-09-16,50.31,50.318,50.07,50.07,66185
2013-09-17,50.16,50.23,50.14,50.23,36730
2013-09-18,50.21,50.66,50.091,50.59,116605
2013-09-19,50.53,50.659,50.43,50.44,80510
2013-09-20,50.53,50.5697,50.4601,50.54,38097
2013-09-23,50.6,50.64,50.524,50.6,86852
2013-09-24,50.61,50.8,50.61,50.72,49086
2013-09-25,50.73,50.86,50.7099,50.859,96279
2013-09-26,50.77,50.81,50.73,50.785,47710
2013-09-27,50.808,50.874,50.768,50.84,40869
2013-09-30,50.82,50.85,50.761,50.83,43097
2013-10-01,50.67,50.73,50.631,50.71,62563
2013-10-02,50.71,50.83,50.71,50.734,39647
2013-10-03,50.73,50.84,50.67,50.78,48387
2013-10-04,50.74,50.769,50.696,50.74,30393
2013-10-07,50.78,50.82,50.7,50.749,49203
2013-10-08,50.76,50.799,50.721,50.77,55885
2013-10-09,50.76,50.769,50.69,50.71,45225
2013-10-10,50.65,50.735,50.604,50.735,25023
2013-10-11,50.75,50.78,50.65,50.71,58411
2013-10-14,50.73,50.74,50.586,50.632,48876
2013-10-15,50.72,50.72,50.56,50.591,61360
2013-10-16,50.62,50.785,50.55,50.73,65482
2013-10-17,50.91,50.92,50.84,50.89,45097
2013-10-18,51.03,51.03,50.97,51.02,62802
2013-10-21,51.0,51.08,50.918,50.98,77417
2013-10-22,51.11,51.16,51.068,51.16,68096
2013-10-23,51.12,51.2,51.1,51.11,81891
2013-10-24,51.19,51.22,51.15,51.2,78002
2013-10-25,51.21,51.3,51.161,51.236,94938
2013-10-28,51.19,51.224,51.18,51.2,76978
2013-10-29,51.19,51.25,51.17,51.25,58456
2013-10-30,51.22,51.28,51.118,51.16,131102
2013-10-31,51.19,51.19,51.08,51.14,41522
2013-11-01,51.02,51.02,50.85,50.91,50678
2013-11-04,50.91,50.98,50.91,50.96,64729
2013-11-05,50.9,50.9,50.811,50.84,49840
2013-11-06,50.88,50.979,50.84,50.9,107402
2013-11-07,50.9,50.97,50.882,50.912,39174
2013-11-08,50.7,50.71,50.62,50.64,81367
2013-11-11,50.63,50.65,50.58,50.61,56512
2013-11-12,50.6,50.64,50.561,50.6,48784
2013-11-13,50.68,50.74,50.626,50.705,52619
2013-11-14,50.7,50.876,50.7,50.8,42907
2013-11-15,50.87,50.87,50.81,50.865,32994
2013-11-18,50.89,50.97,50.86,50.97,61908
2013-11-19,50.96,50.97,50.88,50.91,46620
2013-11-20,50.89,50.94,50.731,50.75,56046
2013-11-21,50.77,50.799,50.67,50.712,46904
2013-11-22,50.79,50.85,50.771,50.83,81587
2013-11-25,50.79,50.89,50.79,50.808,51469
2013-11-26,50.86,50.92,50.856,50.89,64859
2013-11-27,50.89,50.909,50.807,50.87,29282
2013-11-29,50.83,50.85,50.771,50.85,12699
2013-12-02,50.69,50.69,50.55,50.55,75469
2013-12-03,50.63,50.7,50.601,50.652,56509
2013-12-04,50.52,50.56,50.491,50.55,46333
2013-12-05,50.46,50.49,50.42,50.43,87204
2013-12-06,50.46,50.52,50.421,50.52,53559
2013-12-09,50.55,50.57,50.52,50.55,87932
2013-12-10,50.67,50.69,50.58,50.678,43326
2013-12-11,50.74,50.74,50.604,50.619,67300
2013-12-12,50.58,50.6,50.5,50.55,89119
2013-12-13,50.65,50.65,50.54,50.59,33899
2013-12-16,50.61,50.67,50.554,50.625,131023
2013-12-17,50.75,50.77,50.6,50.74,99147
2013-12-18,50.74,50.841,50.62,50.726,55968
2013-12-19,50.5,50.63,50.5,50.586,70829
2013-12-20,50.55,50.689,50.55,50.61,47233
2013-12-23,50.66,51.83,50.63,50.655,153898
2013-12-24,50.59,50.59,50.4701,50.48,42966
2013-12-26,50.5,50.51,50.421,50.51,66773
2013-12-27,50.44,50.44,50.32,50.32,80490
2013-12-30,50.38,50.439,50.32,50.33,119580
2013-12-31,50.34,50.434,50.23,50.29,180222
2014-01-02,50.39,50.412,50.27,50.38,86607
2014-01-03,50.39,50.429,50.35,50.39,62644
2014-01-06,50.5,50.58,50.43,50.57,123769
2014-01-07,50.6,50.602,50.508,50.6,186011
2014-01-08,50.53,50.54,50.47,50.48,60734
2014-01-09,50.4784,50.52,50.424,50.52,63784
2014-01-10,50.61,50.75,50.61,50.71,61877
2014-01-13,50.81,50.8396,50.778,50.825,61513
2014-01-14,50.81,50.829,50.72,50.736,65696
2014-01-15,50.69,50.69,50.59,50.68,74515
2014-01-16,50.7,50.77,50.7,50.77,79404
2014-01-17,50.78,50.84,50.74,50.84,43982
2014-01-21,50.96,50.96,50.8,50.86,81757
2014-01-22,50.81,50.85,50.771,50.81,41283
2014-01-23,50.82,50.975,50.82,50.88,158898
2014-01-24,50.95,51.01,50.882,50.92,119829
2014-01-27,50.98,50.98,50.84,50.84,62031
2014-01-28,50.93,50.95,50.86,50.94,53652
2014-01-29,51.08,51.13,50.98,51.086,128974
2014-01-30,51.07,51.129,51.04,51.11,105426
2014-01-31,51.16,51.19,51.111,51.16,51981
2014-02-03,51.07,51.23,51.005,51.15,431090
2014-02-04,51.19,51.219,51.101,51.2,142303
2014-02-05,51.15,51.169,51.016,51.04,81543
2014-02-06,51.04,51.09,50.961,51.03,85775
2014-02-07,51.06,51.1299,50.992,51.082,45589
2014-02-10,51.1,51.16,51.07,51.14,119878
2014-02-11,51.17,51.17,50.991,51.04,80185
2014-02-12,51.04,51.04,50.96,50.99,76048
2014-02-13,51.04,51.05,50.96,51.01,105500
2014-02-14,51.09,51.09,51.0,51.06,61288
2014-02-18,51.15,51.15,51.061,51.11,90382
2014-02-19,51.19,51.22,51.07,51.07,43256
2014-02-20,51.08,51.08,51.001,51.06,68533
2014-02-21,51.0,51.068,51.0,51.06,50158
2014-02-24,51.09,51.1,51.051,51.08,89626
2014-02-25,51.11,51.166,51.1,51.165,85316
2014-02-26,51.21,51.272,51.17,51.27,42896
2014-02-27,51.24,51.31,51.24,51.29,72795
2014-02-28,51.32,51.32,51.22,51.29,119285
2014-03-03,51.24,51.36,51.1754,51.19,302916
2014-03-04,51.23,51.2399,51.03,51.14,136802
2014-03-05,51.07,51.082,51.0,51.02,70695
2014-03-06,51.02,51.06,51.0,51.03,74148
2014-03-07,50.88,50.95,50.86,50.922,80689
2014-03-10,50.9,50.94,50.88,50.92,115366
2014-03-11,50.89,50.936,50.871,50.93,49349
2014-03-12,50.98,51.03,50.961,51.03,76340
2014-03-13,51.0,51.19,50.951,51.19,73825
2014-03-14,51.29,51.29,51.1943,51.224,70117
2014-03-17,51.2,51.22,51.14,51.19,59096
2014-03-18,51.1,51.2,51.09,51.12,102770
2014-03-19,51.2,51.2,50.94,50.97,109069
2014-03-20,50.9,50.92,50.868,50.9,72211
2014-03-21,50.91,50.94,50.871,50.94,96514
2014-03-24,50.91,50.99,50.89,50.9855,50383
2014-03-25,51.0,51.04,50.9618,51.0,54900
2014-03-26,51.05,51.1,51.009,51.09,87984
2014-03-27,51.07,51.183,51.04,51.113,180360
2014-03-28,51.12,51.21,51.071,51.13,65682
2014-03-31,51.07,51.14,51.041,51.045,69311
2014-04-01,51.01,51.04,50.961,51.01,156361
2014-04-02,51.01,51.01,50.9,50.9,154499
2014-04-03,50.88,50.92,50.87,50.884,78294
2014-04-04,50.95,51.02,50.94,51.015,66620
2014-04-07,51.1,51.16,51.041,51.13,76364
2014-04-08,51.16,51.23,51.13,51.198,56366
2014-04-09,51.18,51.27,51.14,51.25,150891
2014-04-10,51.27,51.39,51.27,51.39,132782
2014-04-11,51.4,51.47,51.39,51.46,72631
2014-04-14,51.54,51.54,51.35,51.405,72736
2014-04-15,51.39,51.505,51.331,51.445,75823
2014-04-16,51.42,51.42,51.3,51.3,135149
2014-04-17,51.34,51.346,51.201,51.25,87637
2014-04-21,51.26,51.31,51.231,51.245,141918
2014-04-22,51.23,51.24,51.11,51.226,77200
2014-04-23,51.24,51.31,51.23,51.28,46492
2014-04-24,51.28,51.36,51.28,51.35,621470
2014-04-25,51.36,51.41,51.351,51.37,58763
2014-04-28,51.37,51.43,51.3,51.37,76486
2014-04-29,51.35,51.39,51.282,51.39,79088
2014-04-30,51.3,51.47,51.3,51.33,55601
2014-05-01,51.37,51.45,51.35,51.42,87636
2014-05-02,51.37,51.51,51.311,51.49,57315
2014-05-05,51.5,51.529,51.45,51.49,91022
2014-05-06,51.48,51.54,51.451,51.499,90798
2014-05-07,51.54,51.59,51.49,51.57,55861
2014-05-08,51.54,51.65,51.51,51.585,158059
2014-05-09,51.57,51.64,51.55,51.624,166969
2014-05-12,51.54,51.57,51.51,51.54,82990
2014-05-13,51.63,51.63,51.52,51.55,127874
2014-05-14,51.62,51.75,51.611,51.7,87503
2014-05-15,51.75,51.87,51.75,51.83,94213
2014-05-16,51.81,51.869,51.763,51.81,85939
2014-05-19,51.82,51.86,51.76,51.78,101956
2014-05-20,51.76,51.82,51.76,51.8,31479
2014-05-21,51.77,51.81,51.73,51.8,67906
2014-05-22,51.77,51.78,51.721,51.755,38409
2014-05-23,51.78,51.83,51.78,51.79,106793
2014-05-27,51.8,51.84,51.75,51.84,102316
2014-05-28,51.87,51.97,51.87,51.97,108231
2014-05-29,52.14,52.14,51.95,51.95,113774
2014-05-30,51.97,52.0,51.92,51.97,68600
2014-06-02,51.84,51.87,51.71,51.78,125089
2014-06-03,51.66,51.69,51.561,51.63,189723
2014-06-04,51.6,51.609,51.53,51.53,56932
2014-06-05,51.57,51.639,51.56,51.62,79424
2014-06-06,51.67,51.67,51.52,51.52,105396
2014-06-09,51.59,51.6,51.5,51.54,167564
2014-06-10,51.54,51.56,51.5001,51.54,89401
2014-06-11,51.55,51.57,51.5,51.554,75912
2014-06-12,51.51,51.65,51.491,51.59,116236
2014-06-13,51.54,51.624,51.54,51.606,53344
2014-06-16,51.6,51.63,51.51,51.62,132545
2014-06-17,51.64,51.64,51.511,51.548,92179
2014-06-18,51.62,51.62,51.5,51.5201,185523
2014-06-19,51.62,51.62,51.5,51.57,71265
2014-06-20,51.58,51.68,51.55,51.67,71124
2014-06-23,51.64,51.67,51.61,51.62,78736
2014-06-24,51.69,51.73,51.6,51.72,72537
2014-06-25,51.77,51.79,51.68,51.7,124107
2014-06-26,51.79,51.86,51.79,51.834,84671
2014-06-27,51.9,51.93,51.85,51.91,94005
2014-06-30,51.9,51.91,51.82,51.9,107800
2014-07-01,51.8,51.8,51.73,51.768,61387
2014-07-02,51.68,51.68,51.57,51.6,170273
2014-07-03,51.52,51.546,51.492,51.52,62260
2014-07-07,51.51,51.569,51.51,51.56,137379
2014-07-08,51.62,51.69,51.6,51.63,91452
2014-07-09,51.68,51.74,51.6075,51.71,76426
2014-07-10,51.78,51.81,51.67,51.75,111687
2014-07-11,51.79,51.84,51.73,51.82,65986
2014-07-14,51.79,51.809,51.694,51.72,188933
2014-07-15,51.71,51.75,51.641,51.69,224389
2014-07-16,51.7,51.73,51.68,51.72,81012
2014-07-17,51.74,51.85,51.72,51.829,114217
2014-07-18,51.85,51.8599,51.76,51.83,125634
2014-07-21,51.85,51.9,51.76,51.82,95031
2014-07-22,51.88,51.93,51.82,51.92,210258
2014-07-23,51.92,51.95,51.886,51.91,109260
2014-07-24,51.85,51.87,51.77,51.8,122894
2014-07-25,51.86,51.9,51.802,51.89,142777
2014-07-28,51.89,51.91,51.801,51.87,122980
2014-07-29,51.9,51.9,51.79,51.84,146828
2014-07-30,51.78,51.79,51.62,51.64,119652
2014-07-31,51.6,51.69,51.55,51.573,170742
2014-08-01,51.62,51.69,51.5401,51.689,90040
2014-08-04,51.75,51.77,51.63,51.69,106374
2014-08-05,51.71,51.77,51.61,51.75,52594
2014-08-06,51.8,51.8,51.73,51.745,65736
2014-08-07,51.78,51.86,51.716,51.85,95584
2014-08-08,51.82,51.94,51.81,51.87,444802
2014-08-11,51.91,51.91,51.821,51.85,96307
2014-08-12,51.9,51.9,51.76,51.79,104625
2014-08-13,51.87,51.93,51.8484,51.909,48768
2014-08-14,52.0,52.0,51.91,51.99,38331
2014-08-15,52.02,52.17,51.976,52.1,84677
2014-08-18,52.09,52.09,52.0,52.02,135552
2014-08-19,52.01,52.01,51.93,51.945,92862
2014-08-20,51.9,51.92,51.8201,51.88,97128
2014-08-21,51.9,51.96,51.87,51.94,132802
2014-08-22,52.0,52.0,51.85,51.94,107352
2014-08-25,51.9,51.959,51.9,51.959,65830
2014-08-26,51.96,51.999,51.94,51.98,71046
2014-08-27,52.0,52.075,51.988,52.01,392032
2014-08-28,52.05,52.129,52.04,52.12,96800
2014-08-29,52.18,52.21,52.13,52.13,52700
2014-09-02,52.02,52.02,51.81,51.84,264589
2014-09-03,51.85,51.88,51.811,51.88,92782
2014-09-04,51.9,51.9,51.759,51.815,171425
2014-09-05,51.85,51.87,51.771,51.85,82433
2014-09-08,51.86,51.87,51.76,51.76,87735
2014-09-09,51.7,51.76,51.7,51.738,85761
2014-09-10,51.72,51.72,51.62,51.65,145091
2014-09-11,51.62,51.669,51.58,51.58,63990
2014-09-12,51.54,51.56,51.5,51.528,93759
2014-09-15,51.52,51.58,51.471,51.518,256528
2014-09-16,51.56,51.57,51.501,51.52,83996
2014-09-17,51.54,51.623,51.431,51.446,76237
2014-09-18,51.48,51.5,51.451,51.5,35638
2014-09-19,51.46,51.567,51.451,51.559,93488
2014-09-22,51.52,51.64,51.52,51.63,102918
2014-09-23,51.64,51.67,51.6101,51.6699,82839
2014-09-24,51.68,51.7,51.6,51.62,218515
2014-09-25,51.65,51.72,51.65,51.715,168141
2014-09-26,51.79,51.79,51.661,51.726,767223
2014-09-29,51.78,51.79,51.69,51.79,226342
2014-09-30,51.8,51.83,51.741,51.767,322947
2014-10-01,51.77,51.82,51.7,51.78,607830
2014-10-02,51.91,51.96,51.835,51.88,285363
2014-10-03,51.82,51.875,51.74,51.84,192483
2014-10-06,51.85,51.97,51.8291,51.91,267810
2014-10-07,51.96,52.14,51.95,52.05,224993
2014-10-08,52.21,52.22,52.05,52.22,197300
2014-10-09,52.19,52.2,52.06,52.13,193931
2014-10-10,52.19,52.1999,52.09,52.19,189195
2014-10-13,52.19,52.37,52.19,52.326,165701
2014-10-14,52.33,52.449,52.33,52.4,167388
2014-10-15,52.66,52.925,52.411,52.503,312335
2014-10-16,52.69,52.69,52.43,52.53,158044
2014-10-17,52.4,52.501,52.3505,52.44,197318
2014-10-20,52.44,52.46,52.32,52.38,238642
2014-10-21,52.4,52.4,52.31,52.35,167984
2014-10-22,52.31,52.349,52.251,52.33,347616
2014-10-23,52.24,52.288,52.1,52.189,112422
2014-10-24,52.21,52.25,52.18,52.22,100617
2014-10-27,52.24,52.27,52.22,52.27,143432
2014-10-28,52.25,52.3,52.2,52.25,378226
2014-10-29,52.23,52.23,52.071,52.138,104431
2014-10-30,52.21,52.27,52.115,52.19,232766
2014-10-31,52.18,52.18,52.101,52.14,94507
2014-11-03,52.04,52.04,51.93,52.01,307949
2014-11-04,52.02,52.06,51.99,52.01,280866
2014-11-05,52.0,52.0485,51.95,52.01,233588
2014-11-06,51.96,52.0,51.91,51.94,153712
2014-11-07,52.0,52.1,51.975,52.1,217785
2014-11-10,52.08,52.09,51.95,51.961,133859
2014-11-11,51.95,51.97,51.901,51.94,102352
2014-11-12,52.01,52.029,51.93,51.949,115285
2014-11-13,51.98,52.019,51.96,52.0,180952
2014-11-14,52.0,52.06,51.941,52.06,142874
2014-11-17,52.08,52.119,52.0,52.05,296900
2014-11-18,52.04,52.088,52.04,52.08,143195
2014-11-19,52.02,52.069,51.961,51.979,116911
2014-11-20,52.09,52.0999,51.97,52.022,163079
2014-11-21,52.07,52.13,52.04,52.12,107572
2014-11-24,52.08,52.165,52.04,52.156,185291
2014-11-25,52.11,52.23,52.081,52.23,198837
2014-11-26,52.3,52.339,52.26,52.3,99357
2014-11-28,52.32,52.39,52.3,52.36,37536
2014-12-01,52.45,52.45,52.16,52.19,269674
2014-12-02,52.22,52.22,52.061,52.11,195971
2014-12-03,52.06,52.12,52.02,52.08,299200
2014-12-04,52.04,52.155,52.04,52.139,123354
2014-12-05,52.08,52.08,51.955,52.04,159592
2014-12-08,52.03,52.135,52.02,52.11,204696
2014-12-09,52.21,52.29,52.15,52.18,188697
2014-12-10,52.14,52.3,52.14,52.29,123725
2014-12-11,52.33,52.33,52.16,52.3,235486
2014-12-12,52.35,52.439,52.3101,52.43,146717
2014-12-15,52.39,52.43,52.3,52.34,159298
2014-12-16,52.53,52.53,52.3404,52.44,154858
2014-12-17,52.39,52.583,52.3,52.31,471946
2014-12-18,52.22,52.31,52.13,52.22,232407
2014-12-19,52.17,52.29,52.17,52.253,244919
2014-12-22,52.24,52.34,52.24,52.33,257605
2014-12-23,52.3,52.31,52.131,52.175,309327
2014-12-24,52.12,52.2,52.1,52.2,103625
2014-12-26,52.23,52.24,52.17,52.22,194138
2014-12-29,52.18,52.23,52.15,52.2,257652
2014-12-30,52.3,52.41,52.28,52.33,321824
2014-12-31,52.31,52.39,52.31,52.36,245055
2015-01-02,52.34,52.499,52.34,52.44,637830
2015-01-05,52.43,52.557,52.42,52.52,269597
2015-01-06,52.75,53.25,52.601,52.72,501783
2015-01-07,52.69,52.84,52.62,52.7,397652
2015-01-08,52.7,52.735,52.621,52.68,179353
2015-01-09,52.72,52.85,52.69,52.72,336949
2015-01-12,52.82,52.89,52.779,52.81,302144
2015-01-13,52.87,52.909,52.781,52.81,233546
2015-01-14,53.04,53.07,52.93,52.97,153463
2015-01-15,53.03,53.21,53.001,53.21,271347
2015-01-16,53.14,53.14,52.93,52.99,220984
2015-01-20,53.07,53.143,52.99,53.09,209860
2015-01-21,53.09,53.09,52.92,52.98,144714
2015-01-22,53.01,53.079,52.84,52.919,221635
2015-01-23,52.95,53.049,52.9001,53.04,110878
2015-01-26,53.0,53.04,52.93,52.99,214340
2015-01-27,53.09,53.11,52.963,53.0,130020
2015-01-28,53.12,53.29,53.051,53.23,244447
2015-01-29,53.24,53.24,53.07,53.11,137813
2015-01-30,53.39,53.39,53.216,53.26,170794
2015-02-02,53.26,53.26,53.11,53.2,296276
2015-02-03,53.22,53.22,53.09,53.11,258751
2015-02-04,53.01,53.12,52.96,53.11,143859
2015-02-05,52.98,53.069,52.96,53.04,225935
2015-02-06,52.95,52.99,52.8,52.82,199457
2015-02-09,52.95,52.95,52.74,52.78,222500
2015-02-10,52.72,52.7699,52.69,52.7,130372
2015-02-11,52.71,52.7199,52.6049,52.69,165576
2015-02-12,52.72,52.769,52.64,52.64,208228
2015-02-13,52.72,52.72,52.629,52.629,171759
2015-02-17,52.6,52.62,52.35,52.37,281995
2015-02-18,52.45,52.549,52.37,52.52,122843
2015-02-19,52.56,52.56,52.38,52.4,159558
2015-02-20,52.54,52.54,52.341,52.36,165493
2015-02-23,52.54,52.54,52.43,52.47,138039
2015-02-24,52.53,52.81,52.49,52.77,303152
2015-02-25,52.78,52.828,52.7201,52.8,167715
2015-02-26,52.75,52.8,52.641,52.69,223929
2015-02-27,52.72,52.83,52.711,52.825,152542
2015-03-02,52.82,52.82,52.53,52.55,491899
2015-03-03,52.5,52.55,52.34,52.369,512054
2015-03-04,52.58,52.58,52.331,52.41,227275
2015-03-05,52.47,52.48,52.38,52.42,150935
2015-03-06,52.32,52.32,52.091,52.16,238319
2015-03-09,52.24,52.25,52.12,52.15,228271
2015-03-10,52.33,52.33,52.236,52.31,140425
2015-03-11,52.32,52.396,52.28,52.39,168415
2015-03-12,52.48,52.53,52.37,52.44,192283
2015-03-13,52.41,52.489,52.39,52.4,159629
2015-03-16,52.5,52.5199,52.38,52.49,149606
2015-03-17,52.55,52.5599,52.45,52.5,152044
2015-03-18,52.55,52.8,52.48,52.79,172683
2015-03-19,52.74,52.79,52.66,52.7,110862
2015-03-20,52.76,52.84,52.758,52.83,185312
2015-03-23,52.89,52.9,52.831,52.9,239395
2015-03-24,52.96,53.02,52.9,53.01,221580
2015-03-25,53.05,53.05,52.93,52.94,291143
2015-03-26,52.89,52.89,52.72,52.752,221720
2015-03-27,52.78,52.83,52.77,52.8299,134909
2015-03-30,52.89,52.89,52.82,52.85,128925
2015-03-31,52.86,52.93,52.83,52.91,170568
2015-04-01,52.93,53.0,52.88,52.995,336826
2015-04-02,53.02,53.029,52.955,52.96,159967
2015-04-06,53.0,53.09,52.9,52.935,167181
2015-04-07,52.96,53.0,52.9,53.0,607591
2015-04-08,53.03,53.03,52.913,52.95,185000
2015-04-09,52.96,52.995,52.8301,52.9,146838
2015-04-10,52.91,52.943,52.8401,52.87,132650
2015-04-13,52.88,52.94,52.84,52.925,248652
2015-04-14,53.04,53.08,53.0,53.02,303359
2015-04-15,53.07,53.1,53.02,53.04,349683
2015-04-16,53.05,53.072,52.96,53.06,180822
2015-04-17,53.04,53.15,52.97,53.13,114822
2015-04-20,53.11,53.12,53.0358,53.07,255367
2015-04-21,53.04,53.057,52.96,53.01,170838
2015-04-22,53.0,53.0,52.81,52.83,172466
2015-04-23,52.91,52.92,52.84,52.84,169475
2015-04-24,52.98,52.98,52.881,52.97,176626
2015-04-27,52.98,53.0,52.9,52.98,206807
2015-04-28,52.93,52.93,52.8,52.8,185653
2015-04-29,52.7,52.74,52.62,52.7,235859
2015-04-30,52.62,52.7,52.53,52.69,138907
2015-05-01,52.51,52.55,52.36,52.41,333409
2015-05-04,52.45,52.45,52.3187,52.33,136726
2015-05-05,52.4,52.4,52.2144,52.29,176330
2015-05-06,52.25,52.25,52.07,52.12,187677
2015-05-07,52.15,52.24,52.122,52.2,150507
2015-05-08,52.4,52.41,52.29,52.34,142072
2015-05-11,52.32,52.32,52.08,52.08,159244
2015-05-12,52.03,52.15,51.998,52.12,186845
2015-05-13,52.21,52.21,52.01,52.06,87070
2015-05-14,52.02,52.17,52.02,52.14,123094
2015-05-15,52.18,52.32,52.172,52.29,176561
2015-05-18,52.29,52.3,52.18,52.19,108303
2015-05-19,52.05,52.15,52.02,52.05,197004
2015-05-20,52.06,52.17,52.02,52.105,190637
2015-05-21,52.14,52.24,52.12,52.23,155167
2015-05-22,52.2,52.2,52.09,52.19,181571
2015-05-26,52.15,52.27,52.1101,52.26,137119
2015-05-27,52.32,52.33,52.21,52.33,140123
2015-05-28,52.38,52.38,52.325,52.3699,131273
2015-05-29,52.44,52.44,52.36,52.39,99152
2015-06-01,52.33,52.34,52.14,52.185,199354
2015-06-02,52.08,52.08,51.93,51.97,190252
2015-06-03,51.91,51.91,51.71,51.72,156761
2015-06-04,51.74,51.84,51.73,51.81,119715
2015-06-05,51.67,51.72,51.61,51.69,157325
2015-06-08,51.67,51.749,51.67,51.69,201367
2015-06-09,51.71,51.712,51.53,51.6,180069
2015-06-10,51.5,51.56,51.46,51.49,373119
2015-06-11,51.48,51.66,51.48,51.658,179356
2015-06-12,51.58,51.758,51.58,51.64,98235
2015-06-15,51.8,51.8,51.635,51.66,101879
2015-06-16,51.66,51.74,51.66,51.74,170821
2015-06-17,51.72,51.79,51.57,51.75,90487
2015-06-18,51.74,51.76,51.645,51.76,132593
2015-06-19,51.86,51.88,51.8101,51.86,136708
2015-06-22,51.79,51.8,51.66,51.67,167705
2015-06-23,51.59,51.655,51.51,51.54,137855
2015-06-24,51.55,51.65,51.55,51.64,129521
2015-06-25,51.61,51.64,51.52,51.62,145816
2015-06-26,51.52,51.53,51.44,51.49,208125
2015-06-29,51.56,51.76,51.525,51.73,184369
2015-06-30,51.68,51.8,51.68,51.73,187700
2015-07-01,51.55,51.55,51.37,51.44,512586
2015-07-02,51.47,51.55,51.45,51.5,430016
2015-07-06,51.69,51.7598,51.561,51.63,90006
2015-07-07,51.91,51.95,51.774,51.8,155010
2015-07-08,51.88,51.94,51.8,51.9,124719
2015-07-09,51.8,51.899,51.75,51.75,115867
2015-07-10,51.63,51.64,51.51,51.58,210920
2015-07-13,51.44,51.49,51.38,51.39,107510
2015-07-14,51.45,51.56,51.44,51.56,273598
2015-07-15,51.52,51.72,51.5,51.71,312519
2015-07-16,51.63,51.75,51.604,51.75,182902
2015-07-17,51.66,51.74,51.651,51.74,130770
2015-07-20,51.69,51.714,51.63,51.64,114953
2015-07-21,51.65,51.73,51.63,51.717,181625
2015-07-22,51.73,51.79,51.709,51.73,100847
2015-07-23,51.75,51.86,51.7,51.842,101847
2015-07-24,51.89,51.9,51.83,51.8799,120536
2015-07-27,51.96,51.96,51.89,51.94,172435
2015-07-28,51.95,51.95,51.8501,51.91,187573
2015-07-29,51.89,51.89,51.82,51.85,198702
2015-07-30,51.84,51.91,51.84,51.91,76314
2015-07-31,52.01,52.079,52.01,52.07,120527
2015-08-03,52.02,52.05,51.945,52.02,210183
2015-08-04,52.02,52.05,51.95,51.95,341605
2015-08-05,51.94,51.94,51.75,51.812,235770
2015-08-06,51.8,51.89,51.771,51.87,377245
2015-08-07,51.93,51.989,51.88,51.9401,146516
2015-08-10,51.93,51.959,51.85,51.9,178259
2015-08-11,52.06,52.16,52.03,52.11,1232455
2015-08-12,52.16,52.24,52.09,52.1,259855
2015-08-13,52.08,52.08,51.94,51.94,127485
2015-08-14,51.94,51.98,51.881,51.905,114474
2015-08-17,51.95,51.98,51.92,51.92,88712
2015-08-18,51.91,51.96,51.861,51.88,209135
2015-08-19,51.86,52.1,51.8,52.09,889441
2015-08-20,52.1,52.149,52.07,52.13,203067
2015-08-21,52.15,52.216,52.085,52.15,339724
2015-08-24,52.27,52.467,52.1,52.18,431832
2015-08-25,52.06,52.1,51.91,52.05,559108
2015-08-26,51.87,51.95,51.8,51.86,178136
2015-08-27,51.87,51.927,51.8,51.87,269496
2015-08-28,51.99,52.0,51.85,51.91,319412
2015-08-31,52.01,52.02,51.81,51.81,232988
2015-09-01,51.85,51.88,51.746,51.86,455952
2015-09-02,51.83,51.85,51.71,51.78,252059
2015-09-03,51.77,51.83,51.71,51.8,163162
2015-09-04,51.89,51.9499,51.8,51.902,182874
2015-09-08,51.82,51.88,51.79,51.85,170524
2015-09-09,51.75,51.894,51.7,51.83,1944885
2015-09-10,51.86,51.87,51.74,51.77,158555
2015-09-11,51.83,51.899,51.8,51.86,164436
2015-09-14,51.91,51.91,51.84,51.88,112289
2015-09-15,51.87,51.87,51.63,51.64,257903
2015-09-16,51.58,51.655,51.57,51.6,336709
2015-09-17,51.56,51.9,51.56,51.85,207350
2015-09-18,51.94,52.0,51.8601,51.96,249232
2015-09-21,51.94,51.94,51.81,51.87,193338
2015-09-22,51.95,52.03,51.87,51.98,263335
2015-09-23,52.0,52.0265,51.92,51.98,305757
2015-09-24,52.14,52.14,51.95,51.98,108914
2015-09-25,51.87,51.94,51.866,51.92,360817
2015-09-28,51.92,52.03,51.8901,52.01,162885
2015-09-29,52.05,52.13,52.01,52.08,258526
2015-09-30,52.0,52.15,51.98,52.14,304597
2015-10-01,52.09,52.19,52.04,52.06,664050
2015-10-02,52.25,52.3,52.13,52.18,457421
2015-10-05,52.16,52.16,52.05,52.0999,429925
2015-10-06,52.19,52.24,52.05,52.15,514221
2015-10-07,52.11,52.17,52.06,52.1199,238742
2015-10-08,52.11,52.159,51.96,51.98,372411
2015-10-09,51.98,52.08,51.96,51.98,284217
2015-10-12,52.06,52.12,52.01,52.12,123624
2015-10-13,52.13,52.18,52.0501,52.17,149226
2015-10-14,52.22,52.32,52.17,52.31,304798
2015-10-15,52.3,52.3099,52.2227,52.27,214440
2015-10-16,52.29,52.3,52.2,52.25,269187
2015-10-19,52.3,52.3,52.161,52.27,176758
2015-10-20,52.17,52.19,52.09,52.16,379679
2015-10-21,52.19,52.3045,52.19,52.28,165809
2015-10-22,52.28,52.34,52.25,52.31,98123
2015-10-23,52.25,52.25,52.15,52.19,183249
2015-10-26,52.26,52.26,52.21,52.22,194589
2015-10-27,52.3,52.339,52.28,52.29,280452
2015-10-28,52.32,52.32,52.151,52.21,219213
2015-10-29,52.1,52.114,51.98,52.02,187372
2015-10-30,52.06,52.08,51.99,52.08,222582
2015-11-02,51.98,51.98,51.78,51.81,947629
2015-11-03,51.84,51.894,51.78,51.82,350560
2015-11-04,51.88,51.88,51.712,51.75,219949
2015-11-05,51.81,51.81,51.64,51.75,175489
2015-11-06,51.64,51.64,51.47,51.53,257085
2015-11-09,51.45,51.47,51.38,51.39,555329
2015-11-10,51.66,51.66,51.42,51.49,246380
2015-11-11,51.5,51.5,51.43,51.46,126575
2015-11-12,51.44,51.54,51.44,51.51,156728
2015-11-13,51.57,51.63,51.5,51.58,396094
2015-11-16,51.64,51.66,51.58,51.63,204166
2015-11-17,51.57,51.68,51.52,51.62,919479
2015-11-18,51.62,51.68,51.5801,51.64,367488
2015-11-19,51.71,51.727,51.65,51.67,252466
2015-11-20,51.73,51.75,51.6701,51.7,278422
2015-11-23,51.69,51.74,51.64,51.7104,128449
2015-11-24,51.74,51.79,51.704,51.78,193130
2015-11-25,51.77,51.8,51.72,51.77,168789
2015-11-27,51.76,51.81,51.74,51.79,44215
2015-11-30,51.78,51.89,51.72,51.78,224228
2015-12-01,51.73,51.88,51.7,51.83,321005
2015-12-02,51.84,51.879,51.782,51.86,420890
2015-12-03,51.73,51.745,51.52,51.58,237793
2015-12-04,51.56,51.67,51.56,51.65,199551
2015-12-07,51.61,51.78,51.61,51.71,298996
2015-12-08,51.76,51.774,51.671,51.68,350217
2015-12-09,51.65,51.7699,51.61,51.73,337209
2015-12-10,51.69,51.72,51.66,51.67,234105
2015-12-11,51.75,51.88,51.7218,51.83,321506
2015-12-14,51.8,51.8,51.635,51.7,396987
2015-12-15,51.47,51.61,51.47,51.51,444694
2015-12-16,51.45,51.56,51.41,51.47,492663
2015-12-17,51.47,51.61,51.47,51.5882,263441
2015-12-18,51.61,51.69,51.56,51.666,274992
2015-12-21,51.7,51.75,51.6,51.678,401022
2015-12-22,51.66,51.664,51.561,51.6,173216
2015-12-23,51.5,51.6,51.5,51.5658,302621
2015-12-24,51.51,51.61,51.5,51.6,246268
2015-12-28,51.59,51.65,51.5301,51.6,293433
2015-12-29,51.49,51.51,51.37,51.37,288212
2015-12-30,51.37,51.595,51.27,51.37,949347
2015-12-31,51.45,51.53,51.43,51.5,284421
2016-01-04,51.5,51.65,51.4501,51.54,1027596
2016-01-05,51.55,51.61,51.45,51.55,361810
2016-01-06,51.66,51.7,51.6,51.7,431370
2016-01-07,51.71,51.755,51.6,51.7,288781
2016-01-08,51.71,51.87,51.701,51.85,302709
2016-01-11,51.8,51.81,51.72,51.73,187689
2016-01-12,51.72,51.94,51.71,51.8,392884
2016-01-13,51.88,51.97,51.8178,51.89,332524
2016-01-14,51.93,51.965,51.81,51.89,234519
2016-01-15,51.94,51.99,51.892,51.93,388285
2016-01-19,51.93,52.01,51.9,51.91,714382
2016-01-20,52.08,52.15,52.0,52.09,555898
2016-01-21,52.05,52.11,51.97,52.03,486116
2016-01-22,51.91,51.99,51.9,51.97,672177
2016-01-25,51.94,51.9997,51.92,51.94,253498
2016-01-26,51.95,52.07,51.95,52.02,489583
2016-01-27,51.97,52.059,51.91,52.04,272167
2016-01-28,52.02,52.1,51.981,52.06,850874
2016-01-29,52.15,52.2299,52.09,52.16,642970
2016-02-01,52.1,52.1,51.91,51.985,455770
2016-02-02,52.1,52.14,52.04,52.08,247573
2016-02-03,52.13,52.27,52.05,52.13,382697
2016-02-04,52.16,52.2,52.067,52.2,283252
2016-02-05,52.09,52.1799,52.0399,52.1,364499
2016-02-08,52.3,52.4,52.1201,52.38,406241
2016-02-09,52.48,52.48,52.3399,52.39,327158
2016-02-10,52.29,52.45,52.29,52.44,386863
2016-02-11,52.62,52.649,52.44,52.5,266117
2016-02-12,52.25,52.46,52.25,52.38,246708
2016-02-16,52.28,52.31,52.21,52.21,333554
2016-02-17,52.29,52.29,52.09,52.14,409770
2016-02-18,52.16,52.3599,52.15,52.32,413794
2016-02-19,52.3,52.39,52.2701,52.3,312656
2016-02-22,52.21,52.356,52.21,52.33,192589
2016-02-23,52.25,52.419,52.23,52.4,232147
2016-02-24,52.47,52.54,52.36,52.43,336592
2016-02-25,52.53,52.6,52.43,52.6,233210
2016-02-26,52.42,52.43,52.33,52.4,175516
2016-02-29,52.41,52.48,52.401,52.4601,371193
2016-03-01,52.41,52.41,52.15,52.17,360605
2016-03-02,52.15,52.2,52.11,52.19,242618
2016-03-03,52.21,52.27,52.14,52.24,293252
2016-03-04,52.25,52.25,52.1224,52.21,219453
2016-03-07,52.18,52.2,52.13,52.16,388643
2016-03-08,52.35,52.46,52.3,52.36,387710
2016-03-09,52.34,52.375,52.28,52.325,236831
2016-03-10,52.32,52.365,52.19,52.21,864072
2016-03-11,52.23,52.28,52.13,52.21,331564
2016-03-14,52.16,52.26,52.16,52.18,283506
2016-03-15,52.16,52.26,52.16,52.2,276953
2016-03-16,52.15,52.37,52.13,52.35,295119
2016-03-17,52.46,52.49,52.37,52.44,363824
2016-03-18,52.51,52.55,52.46,52.53,281237
2016-03-21,52.48,52.61,52.4,52.51,405453
2016-03-22,52.53,52.56,52.371,52.39,375579
2016-03-23,52.35,52.5659,52.35,52.52,208177
2016-03-24,52.64,52.64,52.52,52.6,256375
2016-03-28,52.6,52.63,52.5001,52.58,317327
2016-03-29,52.63,52.79,52.58,52.77,410545
2016-03-30,52.74,52.777,52.66,52.69,322555
2016-03-31,52.76,52.86,52.7,52.82,734401
2016-04-01,52.81,52.81,52.64,52.64,654982
2016-04-04,52.72,52.7899,52.63,52.65,891456
2016-04-05,52.83,52.85,52.76,52.79,307088
2016-04-06,52.86,52.86,52.72,52.79,251800
2016-04-07,52.82,52.97,52.82,52.97,303284
2016-04-08,52.93,52.94,52.88,52.91,275798
2016-04-11,52.89,52.95,52.85,52.94,250694
2016-04-12,52.87,52.9,52.83,52.86,367886
2016-04-13,52.84,52.92,52.81,52.91,782018
2016-04-14,52.85,52.91,52.82,52.83,281750
2016-04-15,52.86,52.968,52.844,52.95,218131
2016-04-18,52.91,52.95,52.88,52.95,257749
2016-04-19,52.89,52.955,52.841,52.93,298890
2016-04-20,52.94,53.02,52.88,52.89,489270
2016-04-21,52.82,52.85,52.76,52.83,338713
2016-04-22,52.8,52.85,52.77,52.82,620242
2016-04-25,52.76,52.83,52.751,52.77,421089
2016-04-26,52.75,52.77,52.6,52.71,523066
2016-04-27,52.76,52.85,52.71,52.85,334314
2016-04-28,52.83,52.94,52.8,52.935,198638
2016-04-29,52.87,52.95,52.843,52.95,3275098
2016-05-02,52.84,52.86,52.71,52.74,364612
2016-05-03,52.96,52.96,52.78,52.86,564241
2016-05-04,52.87,52.96,52.84,52.96,372903
2016-05-05,52.93,53.01,52.87,53.0,327002
2016-05-06,53.02,53.03,52.96,53.0,454037
2016-05-09,53.0,53.05,52.98,53.04,298639
2016-05-10,53.04,53.05,53.0,53.03,204224
2016-05-11,53.02,53.09,52.97,53.06,356220
2016-05-12,53.02,53.05,52.98,53.025,296089
2016-05-13,53.02,53.08,53.0,53.075,497656
2016-05-16,53.04,53.04,52.98,53.0,425457
2016-05-17,52.98,53.02,52.91,52.94,285412
2016-05-18,52.9,52.9,52.7,52.74,242468
2016-05-19,52.71,52.74,52.6857,52.7,173388
2016-05-20,52.77,52.78,52.68,52.75,304075
2016-05-23,52.76,52.814,52.71,52.76,184151
2016-05-24,52.71,52.76,52.662,52.73,155051
2016-05-25,52.75,52.77,52.68,52.72,224314
2016-05-26,52.78,52.795,52.714,52.78,174711
2016-05-27,52.82,52.83,52.72,52.75,221553
2016-05-31,52.75,52.85,52.71,52.81,235936
2016-06-01,52.84,52.85,52.71,52.74,254294
2016-06-02,52.8,52.84,52.78,52.83,432472
2016-06-03,52.97,53.07,52.946,53.05,311640
2016-06-06,53.11,53.11,53.03,53.04,493894
2016-06-07,53.09,53.105,53.041,53.08,383924
2016-06-08,53.12,53.15,53.06,53.15,1658106
2016-06-09,53.22,53.23,53.16,53.2,236996
2016-06-10,53.27,53.31,53.221,53.28,390233
2016-06-13,53.36,53.36,53.27,53.34,469216
2016-06-14,53.39,53.39,53.31,53.315,191338
2016-06-15,53.33,53.45,53.325,53.4,653424
2016-06-16,53.49,53.5,53.35,53.4,336244
2016-06-17,53.37,53.392,53.31,53.33,162990
2016-06-20,53.27,53.27,53.22,53.25,325766
2016-06-21,53.24,53.24,53.17,53.18,444138
2016-06-22,53.18,53.22,53.13,53.19,273073
2016-06-23,53.14,53.18,53.11,53.13,283299
2016-06-24,53.38,53.479,53.301,53.34,979149
2016-06-27,53.59,53.609,53.53,53.585,277119
2016-06-28,53.66,53.71,53.59,53.695,260043
2016-06-29,53.69,53.72,53.61,53.62,879849
2016-06-30,53.65,53.7418,53.65,53.72,373691
2016-07-01,53.75,53.8,53.54,53.67,554904
2016-07-05,53.8,53.9,53.77,53.87,517245
2016-07-06,53.97,53.97,53.88,53.93,234554
2016-07-07,53.89,53.972,53.83,53.95,276496
2016-07-08,53.94,54.1,53.89,54.01,246918
2016-07-11,54.0,54.03,53.89,53.93,703895
2016-07-12,53.87,53.87,53.64,53.66,3798455
2016-07-13,53.85,53.85,53.71,53.75,335138
2016-07-14,53.7,53.7312,53.676,53.73,295347
2016-07-15,53.65,53.65,53.52,53.56,354132
2016-07-18,53.59,53.64,53.561,53.61,351769
2016-07-19,53.63,53.66,53.61,53.65,197225
2016-07-20,53.6,53.669,53.55,53.61,285179
2016-07-21,53.53,53.66,53.5,53.65,1138066
2016-07-22,53.59,53.7,53.59,53.635,275435
2016-07-25,53.65,53.67,53.61,53.65,765851
2016-07-26,53.69,53.69,53.61,53.655,233371
2016-07-27,53.68,53.782,53.66,53.765,254845
2016-07-28,53.75,53.807,53.7,53.76,254783
2016-07-29,53.83,53.92,53.8,53.92,332884
2016-08-01,53.76,53.8,53.75,53.76,292072
2016-08-02,53.65,53.7099,53.6,53.66,365857
2016-08-03,53.6,53.66,53.57,53.65,269833
2016-08-04,53.7,53.7684,53.66,53.7,257999
2016-08-05,53.66,53.68,53.54,53.54,210830
2016-08-08,53.54,53.5857,53.48,53.57,285699
2016-08-09,53.61,53.7,53.57,53.69,280727
2016-08-10,53.75,53.765,53.645,53.76,2132019
2016-08-11,53.78,53.78,53.65,53.68,237125
2016-08-12,53.79,53.8,53.71,53.73,225901
2016-08-15,53.73,53.75,53.69,53.69,339732
2016-08-16,53.69,53.714,53.63,53.65,288450
2016-08-17,53.63,53.73,53.62,53.685,148188
2016-08-18,53.74,53.76,53.66,53.74,271602
2016-08-19,53.69,53.74,53.64,53.695,241187
2016-08-22,53.73,53.7514,53.68,53.73,191387
2016-08-23,53.81,53.81,53.75,53.77,235881
2016-08-24,53.82,53.82,53.744,53.77,219075
2016-08-25,53.73,53.8,53.7,53.72,248912
2016-08-26,53.76,53.809,53.59,53.63,229936
2016-08-29,53.68,53.74,53.61,53.74,147988
2016-08-30,53.72,53.77,53.72,53.76,197983
2016-08-31,53.76,53.77,53.7,53.73,159559
2016-09-01,53.55,53.658500000000004,53.53,53.65,228728
2016-09-02,53.64,53.65,53.55,53.59,242997
2016-09-06,53.6,53.73,53.56,53.68,175450
2016-09-07,53.75,53.78,53.711,53.74,184395
2016-09-08,53.7,53.725,53.56,53.63,265725
2016-09-09,53.5,53.5,53.39,53.41,382968
2016-09-12,53.35,53.43,53.334,53.41,392999
2016-09-13,53.42,53.44,53.24,53.33,227319
2016-09-14,53.27,53.362,53.27,53.35,361551
2016-09-15,53.25,53.369,53.24,53.36,144423
2016-09-16,53.36,53.36,53.3,53.35,160184
2016-09-19,53.36,53.3752,53.32,53.35,233734
2016-09-20,53.38,53.43,53.36,53.38,172110
2016-09-21,53.36,53.44,53.3,53.44,208062
2016-09-22,53.5,53.57,53.4501,53.54,314825
2016-09-23,53.57,53.6058,53.51,53.57,171294
2016-09-26,53.63,53.66,53.6,53.66,238790
2016-09-27,53.72,53.72,53.65,53.71,197485
2016-09-28,53.71,53.78,53.7,53.72,307581
2016-09-29,53.66,53.75,53.63,53.73,202891
2016-09-30,53.72,53.74,53.62,53.67,371763
2016-10-03,53.55,53.55,53.473,53.5,322185
2016-10-04,53.45,53.498,53.356,53.39,250664
2016-10-05,53.35,53.35,53.25,53.31,165591
2016-10-06,53.25,53.3,53.211,53.23,197302
2016-10-07,53.24,53.308,53.182,53.26,387363
2016-10-10,53.24,53.24,53.15,53.2,251542
2016-10-11,53.17,53.215,53.1141,53.17,188966
2016-10-12,53.16,53.19,53.1201,53.18,218230
2016-10-13,53.22,53.26,53.18,53.24,236796
2016-10-14,53.2,53.25,53.1501,53.18,186162
2016-10-17,53.16,53.219,53.14,53.21,211716
2016-10-18,53.21,53.28,53.17,53.28,241429
2016-10-19,53.26,53.319,53.21,53.3,124214
2016-10-20,53.33,53.35,53.27,53.29,242603
2016-10-21,53.33,53.34,53.282,53.33,367570
2016-10-24,53.34,53.34,53.2311,53.28,161422
2016-10-25,53.22,53.3296,53.22,53.28,310546
2016-10-26,53.22,53.23,53.17,53.21,489052
2016-10-27,53.1,53.114,53.021,53.09,275171
2016-10-28,53.04,53.084,52.99,53.06,229076
2016-10-31,53.04,53.1,53.03,53.07,292986
2016-11-01,52.91,53.028,52.89,53.0,681790
2016-11-02,52.97,53.078,52.97,53.03,164453
2016-11-03,53.02,53.05,52.96,53.03,256244
2016-11-04,53.01,53.13,53.01,53.09,284433
2016-11-07,53.03,53.058,52.99,53.03,202106
2016-11-08,53.0,53.08,52.9,52.95,280373
2016-11-09,52.72,52.8,52.47,52.5,996621
2016-11-10,52.35,52.4,52.21,52.27,442658
2016-11-11,52.2,52.25,52.09,52.14,632750
2016-11-14,51.94,52.0125,51.864,51.92,550467
2016-11-15,51.92,51.99,51.88,51.95,237046
2016-11-16,51.89,52.02,51.861,52.01,195579
2016-11-17,51.93,51.964,51.83,51.89,343005
2016-11-18,51.85,51.92,51.67,51.74,271739
2016-11-21,51.72,51.76,51.68,51.75,434526
2016-11-22,51.78,51.84,51.7423,51.81,501726
2016-11-23,51.68,51.73,51.56,51.71,534833
2016-11-25,51.63,51.68,51.6,51.66,134948
2016-11-28,51.69,51.8,51.68,51.8,414283
2016-11-29,51.79,51.89,51.73,51.87,423863
2016-11-30,51.66,51.78,51.657,51.74,288729
2016-12-01,51.49,51.5,51.36,51.47,549294
2016-12-02,51.44,51.59,51.44,51.57,259344
2016-12-05,51.46,51.6272,51.45,51.57,401668
2016-12-06,51.54,51.62,51.52,51.61,452289
2016-12-07,51.63,51.69,51.61,51.69,530289
2016-12-08,51.56,51.63,51.55,51.61,612120
2016-12-09,51.59,51.6,51.41,51.47,530199
2016-12-12,51.36,51.43,51.34,51.43,655993
2016-12-13,51.46,51.49,51.387,51.47,429380
2016-12-14,51.51,51.56,51.23,51.24,637279
2016-12-15,51.24,51.268,51.16,51.19,706729
2016-12-16,51.23,51.24,51.15,51.18,399922
2016-12-19,51.18,51.28,51.17,51.28,596298
2016-12-20,51.18,51.249,51.17,51.24,642698
2016-12-21,51.2,51.33,51.2,51.33,952278
2016-12-22,51.23,51.35,51.23,51.33,476497
2016-12-23,51.37,51.39,51.32,51.38,297664
2016-12-27,51.24,51.34,51.24,51.34,613679
2016-12-28,51.23,51.345,51.2,51.34,475825
2016-12-29,51.42,51.49,51.367,51.47,631608
2016-12-30,51.43,51.5597,51.4247,51.5,817389
2017-01-03,51.42,51.62,51.42,51.62,609593
2017-01-04,51.61,51.64,51.528,51.64,843685
2017-01-05,51.69,51.82,51.64,51.82,355500
2017-01-06,51.74,51.77,51.69,51.72,288295
2017-01-09,51.76,51.81,51.76,51.8,405184
2017-01-10,51.79,51.82,51.75,51.78,361941
2017-01-11,51.83,51.9,51.76,51.82,382281
2017-01-12,51.93,51.95,51.81,51.84,464638
2017-01-13,51.78,51.8,51.6866,51.77,314567
2017-01-17,51.95,51.95,51.82,51.88,620653
2017-01-18,51.8,51.859,51.68,51.71,277546
2017-01-19,51.61,51.62,51.53,51.54,572259
2017-01-20,51.51,51.592,51.47,51.59,452392
2017-01-23,51.63,51.79,51.58,51.75,486658
2017-01-24,51.73,51.75,51.59,51.66,607442
2017-01-25,51.51,51.5512,51.45,51.48,571136
2017-01-26,51.48,51.53,51.41,51.51,317306
2017-01-27,51.55,51.59,51.53,51.59,264298
2017-01-30,51.61,51.65,51.56,51.57,372798
2017-01-31,51.57,51.7,51.57,51.67,432841
2017-02-01,51.48,51.53,51.41,51.45,383602
2017-02-02,51.55,51.59,51.47,51.5,395034
2017-02-03,51.55,51.61,51.45,51.52,228204
2017-02-06,51.65,51.68,51.57,51.66,546747
2017-02-07,51.69,51.78,51.64,51.67,630362
2017-02-08,51.67,51.87,51.67,51.87,309753
2017-02-09,51.83,51.83,51.7,51.73,289453
2017-02-10,51.65,51.74,51.62,51.73,207935
2017-02-13,51.68,51.69,51.61,51.67,346723
2017-02-14,51.62,51.65,51.49,51.58,305471
2017-02-15,51.49,51.54,51.47,51.52,303906
2017-02-16,51.5,51.62,51.5,51.58,382476
2017-02-17,51.69,51.73,51.67,51.71,222604
2017-02-21,51.66,51.75,51.63,51.72,362711
2017-02-22,51.79,51.79,51.63,51.75,325583
2017-02-23,51.81,51.83,51.76,51.83,272507
2017-02-24,51.93,52.0,51.89,52.0,275750
2017-02-27,51.98,52.0,51.87,51.91,412637
2017-02-28,51.92,51.96,51.87,51.9,283101
2017-03-01,51.65,51.65,51.54,51.58,362474
2017-03-02,51.5,51.51,51.42,51.46,442992
2017-03-03,51.46,51.5,51.41,51.5,295640
2017-03-06,51.51,51.52,51.44,51.48,430038
2017-03-07,51.45,51.45,51.37,51.41,290162
2017-03-08,51.27,51.33,51.25,51.31,414705
2017-03-09,51.24,51.27,51.14,51.17,362598
2017-03-10,51.23,51.23,51.13,51.19,297724
2017-03-13,51.17,51.18,51.11,51.13,400388
2017-03-14,51.1,51.15,51.1,51.13,305713
2017-03-15,51.19,51.36,51.15,51.36,230661
2017-03-16,51.39,51.4,51.35,51.37,293197
2017-03-17,51.42,51.47,51.39,51.44,403805
2017-03-20,51.46,51.52,51.45,51.52,200616
2017-03-21,51.52,51.64,51.51,51.64,273675
2017-03-22,51.72,51.75,51.66,51.67,775773
2017-03-23,51.74,51.75,51.63,51.7,177867
2017-03-24,51.68,51.72,51.64,51.69,221076
2017-03-27,51.83,51.84,51.76,51.79,322113
2017-03-28,51.89,51.89,51.7,51.74,384590
2017-03-29,51.77,51.8,51.74,51.79,643784
2017-03-30,51.78,51.79,51.71,51.74,370638
2017-03-31,51.72,51.8,51.72,51.79,398393
2017-04-03,51.72,51.83,51.69,51.82,726231
2017-04-04,51.83,51.84,51.78,51.81,382834
2017-04-05,51.79,51.87,51.72,51.87,418463
2017-04-06,51.85,51.85,51.75,51.82,287779
2017-04-07,51.91,51.92,51.74,51.77,326307
2017-04-10,51.8,51.84,51.77,51.81,493991
2017-04-11,51.9,51.97,51.85,51.96,442679
2017-04-12,52.0,52.08,51.95,52.07,466468
2017-04-13,52.14,52.14,52.03,52.11,593275
2017-04-17,52.19,52.2,52.08,52.12,471861
2017-04-18,52.23,52.31,52.16,52.3,244456
2017-04-19,52.27,52.27,52.18,52.21,300125
2017-04-20,52.2,52.2,52.09,52.17,491277
2017-04-21,52.17,52.2,52.14,52.16,306881
2017-04-24,52.06,52.12,52.02,52.12,265767
2017-04-25,52.04,52.04,51.91,51.96,585355
2017-04-26,51.93,52.0,51.9,52.0,293244
2017-04-27,51.99,52.04,51.95,52.03,251182
2017-04-28,51.99,52.09,51.97,52.09,265528
2017-05-01,51.97,52.03,51.89,51.93,427035
2017-05-02,51.89,51.98,51.87,51.98,394319
2017-05-03,52.0,52.02,51.93,51.95,236896
2017-05-04,51.87,51.91,51.82,51.89,279162
2017-05-05,51.89,51.91,51.82,51.89,333823
2017-05-08,51.87,51.88,51.82,51.84,362354
2017-05-09,51.8,51.81,51.75,51.8,282643
2017-05-10,51.87,51.87,51.77,51.78,233123
2017-05-11,51.76,51.79,51.73,51.79,291940
2017-05-12,51.89,51.94,51.87,51.94,299012
2017-05-15,51.97,51.98,51.92,51.96,263111
2017-05-16,52.02,52.04,51.96,52.01,282731
2017-05-17,52.14,52.23,52.11,52.23,287796
2017-05-18,52.28,52.29,52.21,52.26,212864
2017-05-19,52.25,52.25,52.16,52.25,321306
2017-05-22,52.24,52.24,52.19,52.22,239802
2017-05-23,52.28,52.28,52.1,52.13,218517
2017-05-24,52.15,52.19,52.09,52.19,270904
2017-05-25,52.2,52.21,52.16,52.17,208067
2017-05-26,52.23,52.25,52.19,52.23,177162
2017-05-30,52.3,52.32,52.26,52.32,260092
2017-05-31,52.33,52.38,52.3,52.36,268692
2017-06-01,52.21,52.26,52.2,52.26,277737
2017-06-02,52.36,52.39,52.31,52.37,334740
2017-06-05,52.34,52.35,52.3,52.32,215066
2017-06-06,52.42,52.43,52.38,52.43,378154
2017-06-07,52.4,52.43,52.35,52.37,198359
2017-06-08,52.37,52.37,52.28,52.34,299206
2017-06-09,52.29,52.33,52.26,52.32,246092
2017-06-12,52.27,52.33,52.25,52.28,262590
2017-06-13,52.24,52.29,52.2,52.29,229977
2017-06-14,52.44,52.54,52.43,52.47,604280
2017-06-15,52.44,52.45,52.4,52.43,251189
2017-06-16,52.45,52.46,52.43,52.45,179481
2017-06-19,52.4,52.45,52.37,52.39,432202
2017-06-20,52.41,52.47,52.41,52.47,318649
2017-06-21,52.46,52.51,52.42,52.5,906145
2017-06-22,52.53,52.53,52.47,52.53,249309
2017-06-23,52.5,52.53,52.48,52.53,226494
2017-06-26,52.58,52.6,52.55,52.58,294643
2017-06-27,52.51,52.51,52.4,52.43,485399
2017-06-28,52.43,52.43,52.35,52.43,313038
2017-06-29,52.24,52.34,52.2,52.31,437012
2017-06-30,52.31,52.31,52.22,52.25,374692
2017-07-03,52.14,52.15,52.04,52.08,181023
2017-07-05,52.06,52.08,52.0,52.07,370919
2017-07-06,52.04,52.05,51.97,52.02,259905
2017-07-07,52.0,52.01,51.9,51.97,398548
2017-07-10,52.01,52.01,51.93,51.97,537152
2017-07-11,51.99,52.05,51.97,52.05,396190
2017-07-12,52.14,52.18,52.09,52.18,671327
2017-07-13,52.16,52.17,52.09,52.15,309899
2017-07-14,52.23,52.25,52.15,52.18,268141
2017-07-17,52.2,52.24,52.17,52.22,351051
2017-07-18,52.32,52.34,52.28,52.34,300204
2017-07-19,52.37,52.37,52.32,52.36,323534
2017-07-20,52.42,52.43,52.37,52.38,818429
2017-07-21,52.43,52.45,52.41,52.44,168290
2017-07-24,52.45,52.45,52.39,52.43,311136
2017-07-25,52.33,52.33,52.24,52.25,261615
2017-07-26,52.23,52.33,52.2,52.31,227421
2017-07-27,52.28,52.31,52.22,52.25,284862
2017-07-28,52.27,52.33,52.26,52.32,268859
2017-07-31,52.32,52.37,52.31,52.37,231672
2017-08-01,52.23,52.36,52.21,52.36,484454
2017-08-02,52.37,52.42,52.35,52.36,357098
2017-08-03,52.38,52.45,52.35,52.45,384942
2017-08-04,52.39,52.39,52.3,52.37,341395
2017-08-07,52.36,52.38,52.33,52.38,296759
2017-08-08,52.37,52.37,52.29,52.35,356050
2017-08-09,52.43,52.45,52.35,52.38,280886
2017-08-10,52.44,52.47,52.38,52.46,275414
2017-08-11,52.43,52.51,52.37,52.51,431996
2017-08-14,52.45,52.49,52.39,52.44,504861
2017-08-15,52.33,52.4,52.31,52.36,264940
2017-08-16,52.3,52.44,52.3,52.38,213923
2017-08-17,52.44,52.52,52.41,52.52,199140
2017-08-18,52.55,52.56,52.47,52.47,295400
2017-08-21,52.53,52.55,52.48,52.54,268567
2017-08-22,52.52,52.53,52.46,52.49,268357
2017-08-23,52.57,52.58,52.51,52.58,259241
2017-08-24,52.56,52.59,52.51,52.55,278308
2017-08-25,52.56,52.6,52.52,52.59,235422
2017-08-28,52.61,52.62,52.56,52.62,245990
2017-08-29,52.74,52.74,52.64,52.69,261217
2017-08-30,52.65,52.68,52.62,52.68,286347
2017-08-31,52.68,52.73,52.66,52.73,427333
2017-09-01,52.57,52.6014,52.48,52.48,317737
2017-09-05,52.59,52.71,52.573,52.69,387629
2017-09-06,52.74,52.75,52.61,52.66,252674
2017-09-07,52.7,52.82,52.69,52.79,195972
2017-09-08,52.77,52.78,52.71,52.78,235302
2017-09-11,52.65,52.67,52.58,52.61,365618
2017-09-12,52.56,52.56,52.48,52.53,215690
2017-09-13,52.53,52.54,52.46,52.48,304493
2017-09-14,52.45,52.49,52.42,52.49,582018
2017-09-15,52.52,52.52,52.45,52.49,233019
2017-09-18,52.46,52.47,52.4,52.45,414815
2017-09-19,52.45,52.46,52.4,52.43,326751
2017-09-20,52.46,52.46,52.35,52.38,257274
2017-09-21,52.37,52.41,52.34,52.34,327523
2017-09-22,52.41,52.46,52.37,52.43,221287
2017-09-25,52.45,52.53,52.39,52.53,288131
2017-09-26,52.51,52.52,52.46,52.52,290005
2017-09-27,52.39,52.41,52.34,52.38,274651
2017-09-28,52.3,52.38,52.29,52.38,224436
2017-09-29,52.34,52.4199,52.31,52.36,247874
