2010-08-25,19.57,19.59,19.4,19.58,33668
2010-08-26,19.55,19.59,19.34,19.42,14845
2010-08-27,19.35,19.48,19.2,19.44,2680
2010-08-30,19.26,19.26,19.1,19.1,2988
2010-08-31,19.01,19.18,18.97,19.18,11578
2010-09-01,19.69,19.8,19.55,19.79,14178
2010-09-02,19.72,19.92,19.71,19.913,7660
2010-09-03,20.2,20.26,20.11,20.24,18278
2010-09-07,20.4,20.42,20.28,20.35,15030
2010-09-08,20.58,20.73,20.57,20.67,40103
2010-09-09,20.9,20.9,20.67,20.68,57033
2010-09-10,20.82,20.91,20.81,20.87,15692
2010-09-13,20.9,21.14,20.9,21.13,68005
2010-09-14,20.84,20.93,20.69,20.85,45568
2010-09-15,20.83,20.92,20.7359,20.91,16420
2010-09-16,20.66,20.73,20.55,20.73,24319
2010-09-17,21.05,21.06,20.89,21.02,40034
2010-09-20,21.57,21.66,21.319,21.58,130833
2010-09-21,21.25,21.34,21.11,21.17,93310
2010-09-22,21.27,21.27,21.05,21.11,36999
2010-09-23,21.04,21.15,20.87,20.96,22468
2010-09-24,21.66,21.79,21.54,21.7,35010
2010-09-27,21.67,21.73,21.5601,21.6,30072
2010-09-28,21.72,21.72,21.53,21.7,49696
2010-09-29,21.67,21.68,21.53,21.66,30590
2010-09-30,21.61,21.66,21.41,21.53,28190
2010-10-01,22.01,22.35,22.01,22.31,40606
2010-10-04,22.31,22.44,22.08,22.23,47683
2010-10-05,22.5,22.95,22.48,22.91,55365
2010-10-06,22.85,22.91,22.74,22.877,196670
2010-10-07,22.83,22.8759,22.6,22.69,36802
2010-10-08,22.61,22.889,22.61,22.85,1026312
2010-10-11,22.98,23.0285,22.895,22.96,60401
2010-10-12,22.82,22.88,22.6,22.88,34013
2010-10-13,23.18,23.32,23.1,23.26,401464
2010-10-14,23.21,23.21,22.92,23.21,320928
2010-10-15,23.09,23.095,22.84,22.95,61224
2010-10-18,22.83,22.9,22.71,22.84,87310
2010-10-19,22.7,22.7,22.34,22.43,38845
2010-10-20,22.4,22.789,22.4,22.72,28522
2010-10-21,22.96,23.0199,22.81,22.87,39494
2010-10-22,22.87,22.87,22.738,22.82,21996
2010-10-25,23.09,23.17,22.9736,22.99,29423
2010-10-26,22.91,22.91,22.76,22.87,20157
2010-10-27,22.81,22.8199,22.6,22.71,10372
2010-10-28,22.8,22.8,22.55,22.61,22888
2010-10-29,22.45,22.54,22.39,22.48,13902
2010-11-01,22.7,22.9,22.69,22.78,34623
2010-11-02,23.13,23.24,23.055,23.22,33613
2010-11-03,23.09,23.24,22.99,23.22,34700
2010-11-04,23.5,23.73,23.5,23.73,39497
2010-11-05,23.71,23.87,23.66,23.87,38333
2010-11-08,23.76,23.81,23.63,23.79,57398
2010-11-09,23.91,23.939,23.51,23.62,42977
2010-11-10,23.93,24.01,23.74,23.98,159073
2010-11-11,23.72,23.72,23.46,23.54,42276
2010-11-12,22.88,22.885,22.39,22.46,97196
2010-11-15,22.52,22.552,22.31,22.38,40451
2010-11-16,21.78,21.84,21.27,21.35,130284
2010-11-17,21.35,21.6,21.35,21.57,51216
2010-11-18,21.77,21.87,21.66,21.82,81137
2010-11-19,21.23,21.24,20.93,21.1401,63618
2010-11-22,21.25,21.33,21.1,21.3,26492
2010-11-23,20.82,20.97,20.58,20.6,63855
2010-11-24,20.62,20.9,20.62,20.8901,30401
2010-11-26,19.33,19.33,18.98,19.23,350188
2010-11-29,19.07,19.14,18.8401,19.14,120573
2010-11-30,19.1,19.43,19.1,19.3,176000
2010-12-01,20.25,20.437,20.21,20.4,202429
2010-12-02,20.59,20.82,20.5484,20.79,88313
2010-12-03,20.2,20.28,20.0,20.27,75587
2010-12-06,20.24,20.24,20.04,20.05,102498
2010-12-07,20.13,20.18,19.7,19.7,97261
2010-12-08,19.51,19.51,19.0893,19.2201,65579
2010-12-09,18.42,18.42,17.98,18.0001,219418
2010-12-10,18.47,18.66,18.44,18.645,79368
2010-12-13,19.34,19.34,19.04,19.1108,75906
2010-12-14,19.45,19.6,19.41,19.465,44254
2010-12-15,19.13,19.13,18.86,18.93,23505
2010-12-16,19.12,19.12,18.86,18.97,265981
2010-12-17,18.89,19.0,18.87,19.0,43950
2010-12-20,19.17,19.17,19.001,19.11,30118
2010-12-21,19.48,19.48,19.28,19.39,48779
2010-12-22,19.36,19.4,19.27,19.38,111565
2010-12-23,19.455,19.455,19.15,19.34,23046
2010-12-27,19.21,19.4,19.21,19.34,17953
2010-12-28,19.45,19.45,19.3801,19.39,13043
2010-12-29,19.6,19.63,19.44,19.57,36463
2010-12-30,19.67,19.8092,19.66,19.75,35259
2010-12-31,19.92,20.14,19.92,20.1013,12927
2011-01-03,20.45,20.73,20.45,20.71,40697
2011-01-04,20.59,20.63,20.23,20.35,49005
2011-01-05,20.07,20.25,19.941,20.14,58718
2011-01-06,19.8,19.8,19.41,19.56,282194
2011-01-07,19.14,19.15,18.861,19.0,60732
2011-01-10,18.45,18.46,18.3,18.43,63055
2011-01-11,18.36,18.38,18.2,18.3,169178
2011-01-12,18.78,18.84,18.61,18.76,109143
2011-01-13,18.71,18.71,18.43,18.44,73725
2011-01-14,18.21,18.23,18.1,18.23,250600
2011-01-18,18.01,18.03,17.79,17.8703,423411
2011-01-19,17.88,17.9399,17.6,17.62,52745
2011-01-20,17.63,17.8295,17.61,17.76,60249
2011-01-21,17.99,17.99,17.81,17.85,39501
2011-01-24,18.01,18.3,18.01,18.17,49837
2011-01-25,18.15,18.15,17.86,17.96,100018
2011-01-26,18.01,18.15,18.01,18.15,18807
2011-01-27,17.78,17.78,17.53,17.66,64315
2011-01-28,17.22,17.22,16.66,16.75,106594
2011-01-31,16.66,16.92,16.66,16.87,50529
2011-02-01,16.7,16.85,16.571,16.8,167697
2011-02-02,16.73,16.75,16.6,16.69,207276
2011-02-03,16.85,17.0,16.78,16.98,151425
2011-02-04,16.85,16.85,16.48,16.636,63387
2011-02-07,16.68,16.79,16.59,16.71,114862
2011-02-08,16.42,16.42,15.65,16.18,134247
2011-02-09,15.34,15.4,15.12,15.239,241847
2011-02-10,15.23,15.23,15.01,15.2007,153314
2011-02-11,15.53,15.96,15.53,15.93,203573
2011-02-14,16.48,16.5,16.26,16.378,266791
2011-02-15,16.34,16.56,16.318,16.38,147963
2011-02-16,16.51,16.66,16.51,16.57,141232
2011-02-17,16.83,16.9199,16.7662,16.86,208573
2011-02-18,16.57,16.57,16.4644,16.53,65941
2011-02-22,16.35,16.35,16.0,16.0192,193060
2011-02-23,16.08,16.09,15.83,15.96,75004
2011-02-24,15.63,15.63,15.33,15.5,185835
2011-02-25,15.57,15.72,15.5222,15.72,118656
2011-02-28,15.73,15.75,15.64,15.74,150498
2011-03-01,16.24,16.2799,15.83,15.83,506179
2011-03-02,16.0,16.03,15.944,15.95,61410
2011-03-03,16.28,16.41,16.24,16.39,74872
2011-03-04,16.2,16.21,15.97,16.16,69917
2011-03-07,15.87,15.95,15.65,15.75,194751
2011-03-08,16.0,16.27,16.0,16.25,112611
2011-03-09,16.27,16.33,16.15,16.33,134178
2011-03-10,16.16,16.16,15.9401,15.96,139016
2011-03-11,15.96,16.0292,15.801,16.0192,32391
2011-03-14,15.94,16.06,15.88,16.06,21561
2011-03-15,15.6,15.88,15.5001,15.83,84867
2011-03-16,15.9,15.947,15.63,15.68,30510
2011-03-17,15.85,15.98,15.8,15.831,33943
2011-03-18,15.8,15.81,15.67,15.6801,32905
2011-03-21,15.77,15.812,15.73,15.8,22791
2011-03-22,15.83,15.9,15.8,15.83,25632
2011-03-23,16.0,16.182,16.0,16.15,15720
2011-03-24,16.33,16.51,16.27,16.46,68422
2011-03-25,16.59,16.64,16.53,16.54,87600
2011-03-28,16.57,16.57,16.48,16.5,45898
2011-03-29,16.53,16.71,16.48,16.67,43552
2011-03-30,16.84,16.94,16.761,16.92,131886
2011-03-31,16.83,16.9,16.81,16.81,60028
2011-04-01,17.28,17.41,17.26,17.37,50878
2011-04-04,17.81,17.83,17.7,17.83,210012
2011-04-05,18.02,18.11,17.92,18.08,98438
2011-04-06,18.3,18.35,18.2004,18.3,356104
2011-04-07,18.43,18.56,18.321,18.42,66785
2011-04-08,18.29,18.29,17.9,17.98,148935
2011-04-11,17.89,17.89,17.7235,17.76,36710
2011-04-12,17.69,17.7,17.55,17.62,48752
2011-04-13,18.06,18.12,17.9501,17.97,35827
2011-04-14,17.95,18.09,17.891,18.03,45354
2011-04-15,18.04,18.1,17.93,17.9301,58730
2011-04-18,17.62,17.62,17.42,17.49,125533
2011-04-19,17.68,17.79,17.66,17.78,18524
2011-04-20,18.02,18.12,18.02,18.12,35605
2011-04-21,18.09,18.09,17.9563,18.02,20622
2011-04-25,18.0,18.0,17.77,17.85,21299
2011-04-26,17.97,18.06,17.89,18.04,15614
2011-04-27,17.96,17.96,17.78,17.94,41846
2011-04-28,17.71,17.725,17.6009,17.67,37502
2011-04-29,17.5,17.5212,17.43,17.5,20531
2011-05-02,17.33,17.33,17.15,17.18,39948
2011-05-03,16.94,16.94,16.561,16.75,61519
2011-05-04,16.8,16.8,16.49,16.5665,377857
2011-05-05,16.39,16.57,16.31,16.398,75640
2011-05-06,16.79,16.925,16.65,16.73,45629
2011-05-09,16.61,16.72,16.608,16.67,106767
2011-05-10,16.71,16.81,16.71,16.759900000000002,30920
2011-05-11,16.77,16.79,16.47,16.58,48567
2011-05-12,16.39,16.71,16.39,16.63,75492
2011-05-13,16.59,16.59,16.38,16.43,23451
2011-05-16,16.32,16.478,16.3,16.3522,16358
2011-05-17,16.19,16.27,16.12,16.231,56015
2011-05-18,16.14,16.28,16.08,16.28,76499
2011-05-19,16.14,16.14,15.9444,15.99,57247
2011-05-20,16.02,16.05,15.91,15.95,33849
2011-05-23,15.71,15.73,15.6,15.7,54313
2011-05-24,15.68,15.73,15.61,15.62,40658
2011-05-25,15.5,15.66,15.5,15.59,43683
2011-05-26,15.57,15.7,15.5,15.68,24976
2011-05-27,15.89,15.9699,15.89,15.955,25462
2011-05-31,16.41,16.52,16.37,16.4891,38919
2011-06-01,16.58,16.62,16.231,16.25,108220
2011-06-02,16.44,16.44,16.27,16.402,16000
2011-06-03,16.2,16.38,16.2,16.23,13230
2011-06-06,16.38,16.42,16.23,16.23,29494
2011-06-07,16.61,16.68,16.54,16.55,20040
2011-06-08,16.56,16.65,16.47,16.52,31630
2011-06-09,16.66,16.71,16.6,16.67,25286
2011-06-10,16.47,16.48,16.33,16.34,19575
2011-06-13,16.55,16.5799,16.44,16.47,36169
2011-06-14,16.74,16.77,16.66,16.7004,21960
2011-06-15,16.43,16.49,16.26,16.31,30441
2011-06-16,16.31,16.41,16.17,16.2901,35949
2011-06-17,16.23,16.23,16.08,16.11,7451
2011-06-20,15.45,15.45,15.25,15.42,114995
2011-06-21,15.3,15.47,15.27,15.38,97096
2011-06-22,15.21,15.233,15.08,15.08,50069
2011-06-23,15.05,15.12,14.9,15.12,55281
2011-06-24,15.46,15.51,15.27,15.3,50910
2011-06-27,15.45,15.65,15.45,15.58,38318
2011-06-28,15.73,15.87,15.7225,15.84,21332
2011-06-29,15.957,16.0199,15.89,15.98,35600
2011-06-30,16.12,16.26,16.109,16.22,19149
2011-07-01,16.22,16.5,16.22,16.48,35321
2011-07-05,16.54,16.55,16.47,16.52,49934
2011-07-06,16.46,16.51,16.39,16.401,24587
2011-07-07,16.73,16.88,16.73,16.79,22929
2011-07-08,16.52,16.6,16.43,16.6,7376
2011-07-11,16.4299,16.4299,16.16,16.19,41808
2011-07-12,16.1,16.2199,16.1,16.13,5909
2011-07-13,16.31,16.3496,16.18,16.25,133477
2011-07-14,16.41,16.41,16.17,16.17,8701
2011-07-15,16.34,16.43,16.3002,16.34,55144
2011-07-18,16.41,16.43,16.22,16.38,24221
2011-07-19,16.6699,16.6699,16.5,16.61,34752
2011-07-20,16.59,16.59,16.4,16.47,53766
2011-07-21,16.51,16.58,16.431,16.57,28867
2011-07-22,16.54,16.66,16.46,16.52,43710
2011-07-25,16.64,16.715,16.55,16.57,16240
2011-07-26,16.458,16.5504,16.37,16.43,101915
2011-07-27,16.51,16.51,16.17,16.193,25090
2011-07-28,16.3,16.36,16.16,16.19,32173
2011-07-29,16.1,16.21,16.04,16.17,9938
2011-08-01,16.24,16.24,15.9,16.16,49909
2011-08-02,15.88,15.88,15.56,15.56,58185
2011-08-03,15.69,15.69,15.42,15.63,34550
2011-08-04,15.4,15.4,14.87,14.87,81864
2011-08-05,14.95,15.08,14.38,14.68,128720
2011-08-08,14.33,14.44,13.61,13.7101,128373
2011-08-09,14.23,14.36,13.84,14.35,193249
2011-08-10,14.23,14.38,13.981,13.9884,45126
2011-08-11,14.32,14.81,14.24,14.59,57397
2011-08-12,14.4196,14.52,14.3,14.44,19222
2011-08-15,14.5,14.673,14.5,14.66,13168
2011-08-16,13.97,14.0,13.73,13.85,81850
2011-08-17,13.82,13.89,13.756,13.82,26284
2011-08-18,13.29,13.29,12.95,13.1,51166
2011-08-19,12.97,13.1999,12.96,12.96,31749
2011-08-22,13.38,13.43,13.211,13.27,46437
2011-08-23,13.38,13.66,13.36,13.66,27848
2011-08-24,13.4,13.52,13.31,13.45,21394
2011-08-25,13.26,13.27,12.99,13.02,117254
2011-08-26,12.78,12.9825,12.61,12.94,42937
2011-08-29,13.35,13.55,13.32,13.52,18536
2011-08-30,13.5,13.59,13.47,13.51,19412
2011-08-31,13.7,13.77,13.64,13.75,16185
2011-09-01,13.79,13.79,13.6,13.612,10634
2011-09-02,13.48,13.561,13.4,13.43,17174
2011-09-06,13.66,13.87,13.6,13.8,53777
2011-09-07,14.01,14.26,14.01,14.26,71471
2011-09-08,14.04,14.2,13.98,14.01,32475
2011-09-09,13.75,13.8,13.59,13.66,11281
2011-09-12,13.3,13.38,13.22,13.38,19130
2011-09-13,13.34,13.45,13.26,13.45,17344
2011-09-14,13.3601,13.54,13.25,13.42,42770
2011-09-15,13.54,13.55,13.3,13.46,185059
2011-09-16,13.56,13.57,13.37,13.4972,59760
2011-09-19,13.28,13.28,13.13,13.21,35577
2011-09-20,13.4,13.48,13.28,13.31,54746
2011-09-21,13.47,13.49,13.23,13.23,11930
2011-09-22,12.51,12.55,12.245,12.28,26034
2011-09-23,12.3201,12.6,12.3201,12.54,41744
2011-09-26,12.28,12.3997,12.14,12.37,41009
2011-09-27,12.76,12.84,12.6805,12.73,30530
2011-09-28,12.55,12.56,12.31,12.355,89948
2011-09-29,12.49,12.57,12.28,12.38,61910
2011-09-30,12.35,12.35,11.87,11.87,35232
2011-10-03,11.99,12.07,11.7001,11.73,132245
2011-10-04,11.67,11.8199,11.53,11.81,51432
2011-10-05,11.82,11.96,11.61,11.92,12005
2011-10-06,11.96,12.2,11.91,12.17,64251
2011-10-07,12.14,12.14,11.911,12.04,20842
2011-10-10,12.27,12.4,12.27,12.38,42160
2011-10-11,12.33,12.415,12.14,12.415,28468
2011-10-12,12.6008,12.79,12.6,12.7,49793
2011-10-13,12.62,12.62,12.46,12.57,10244
2011-10-14,12.67,12.75,12.64,12.75,53263
2011-10-17,12.68,12.68,12.5,12.5,17115
2011-10-18,12.2998,12.67,12.2998,12.64,112108
2011-10-19,12.64,12.67,12.47,12.47,23420
2011-10-20,12.32,12.32,12.16,12.2658,13238
2011-10-21,12.31,12.45,12.23,12.379,55777
2011-10-24,12.24,12.5,12.24,12.5,81545
2011-10-25,12.42,12.42,12.19,12.25,85748
2011-10-26,12.45,12.66,12.31,12.46,101950
2011-10-27,12.86,13.47,12.86,13.37,131750
2011-10-28,13.02,13.26,13.01,13.25,103277
2011-10-31,13.15,13.15,13.026,13.09,19179
2011-11-01,12.94,12.94,12.6,12.71,57756
2011-11-02,12.85,13.01,12.85,12.92,4953
2011-11-03,13.0,13.12,12.88,13.05,22295
2011-11-04,12.99,13.03,12.81,12.89,26290
2011-11-07,12.88,13.09,12.88,13.09,9311
2011-11-08,13.02,13.15,12.95,13.15,35194
2011-11-09,12.53,12.6,12.22,12.22,50411
2011-11-10,12.4624,12.4624,12.2,12.2301,12098
2011-11-11,12.39,12.4999,12.36,12.41,12756
2011-11-14,12.05,12.05,11.76,11.82,46014
2011-11-15,11.56,11.62,11.52,11.61,49543
2011-11-16,11.34,11.4,11.2,11.2,48080
2011-11-17,11.11,11.11,10.83,10.83,58861
2011-11-18,10.74,10.8148,10.67,10.67,40059
2011-11-21,10.41,10.41,10.1735,10.24,23308
2011-11-22,10.31,10.4,10.25,10.3025,31125
2011-11-23,10.17,10.17,10.04,10.08,30467
2011-11-25,10.26,10.4,10.26,10.35,56558
2011-11-28,10.71,10.79,10.63,10.73,53752
2011-11-29,10.6448,10.65,10.54,10.58,9382
2011-11-30,10.59,10.87,10.59,10.8636,30700
2011-12-01,10.7,10.76,10.66,10.7,3363
2011-12-02,10.92,11.04,10.85,10.86,37082
2011-12-05,10.95,11.03,10.89,10.93,30854
2011-12-06,10.84,10.89,10.76,10.76,68430
2011-12-07,10.77,10.87,10.7,10.84,56662
2011-12-08,10.54,10.54,10.31,10.34,20116
2011-12-09,10.35,10.532,10.35,10.52,19446
2011-12-12,10.07,10.07,9.850999999999999,9.98,33266
2011-12-13,9.9,10.0,9.76,9.78,13551
2011-12-14,9.63,9.63,9.47,9.5,28702
2011-12-15,9.53,9.66,9.515,9.56,165429
2011-12-16,9.47,9.47,9.35,9.46,28974
2011-12-19,9.26,9.349,9.1,9.17,67596
2011-12-20,9.11,9.31,9.04,9.28,91924
2011-12-21,9.13,9.236,9.11,9.17,53997
2011-12-22,9.28,9.33,9.27,9.29,41003
2011-12-23,9.18,9.26,9.17,9.24,35493
2011-12-27,9.11,9.2,9.11,9.1695,27884
2011-12-28,9.04,9.04,8.84,8.9025,54912
2011-12-29,8.85,8.95,8.831,8.9,144607
2011-12-30,8.813,8.88,8.72,8.73,91664
2012-01-03,9.08,9.3,9.08,9.29,122543
2012-01-04,9.14,9.2758,9.13,9.24,31154
2012-01-05,9.18,9.22,9.12,9.18,18544
2012-01-06,9.24,9.24,9.18,9.2,20876
2012-01-09,9.42,9.59,9.42,9.59,34980
2012-01-10,9.94,10.142,9.94,10.14,53293
2012-01-11,10.23,10.31,10.181,10.31,25038
2012-01-12,10.25,10.37,10.25,10.37,8465
2012-01-13,10.42,10.46,10.39,10.39,6580
2012-01-17,10.82,10.857,10.69,10.77,38160
2012-01-18,10.54,10.87,10.54,10.87,109135
2012-01-19,11.05,11.1,11.0402,11.08,43719
2012-01-20,11.03,11.1,10.95,11.09,53936
2012-01-23,11.02,11.21,11.02,11.2,15771
2012-01-24,11.25,11.36,11.1503,11.36,24868
2012-01-25,11.48,11.7,11.381,11.69,29432
2012-01-26,11.63,11.81,11.52,11.7,61356
2012-01-27,11.72,11.7536,11.68,11.72,76961
2012-01-30,11.31,11.41,11.2891,11.4,76686
2012-01-31,11.69,11.75,11.6104,11.71,31999
2012-02-01,12.02,12.28,12.02,12.22,120934
2012-02-02,12.23,12.369,12.2204,12.33,83777
2012-02-03,12.5,12.74,12.5,12.69,85191
2012-02-06,12.66,12.73,12.57,12.699,51721
2012-02-07,12.54,12.54,12.35,12.48,133185
2012-02-08,12.71,12.8,12.69,12.73,64845
2012-02-09,12.96,12.96,12.87,12.88,90415
2012-02-10,12.79,12.79,12.65,12.7,48542
2012-02-13,12.94,12.94,12.82,12.87,63039
2012-02-14,12.96,13.053,12.91,13.0,52335
2012-02-15,13.21,13.33,13.21,13.26,45086
2012-02-16,13.47,13.63,13.39,13.55,160347
2012-02-17,13.66,13.74,13.58,13.72,110179
2012-02-21,14.07,14.07,13.9004,14.05,237207
2012-02-22,13.33,13.35,13.13,13.31,144383
2012-02-23,13.19,13.22,13.03,13.21,73957
2012-02-24,12.92,13.07,12.92,13.01,65864
2012-02-27,12.38,12.43,12.26,12.42,110229
2012-02-28,12.92,12.986,12.87,12.9678,47159
2012-02-29,13.19,13.23,13.0224,13.06,64645
2012-03-01,12.99,13.1316,12.99,13.08,29627
2012-03-02,12.94,12.95,12.75,12.95,90698
2012-03-05,12.69,12.72,12.581,12.7,213999
2012-03-06,12.21,12.21,12.02,12.08,199222
2012-03-07,12.2,12.31,12.19,12.25,111912
2012-03-08,12.5,12.6,12.45,12.6,78590
2012-03-09,12.89,12.99,12.88,12.9,74203
2012-03-12,12.86,12.99,12.8,12.86,73155
2012-03-13,13.02,13.28,13.02,13.28,65760
2012-03-14,13.21,13.21,12.9601,12.99,94652
2012-03-15,12.79,12.81,12.55,12.809,29721
2012-03-16,12.56,12.59,12.42,12.53,70165
2012-03-19,12.32,12.354,12.27,12.3199,21814
2012-03-20,12.25,12.3,12.21,12.27,34021
2012-03-21,12.62,12.62,12.48,12.55,14441
2012-03-22,12.06,12.11,11.958,11.99,120850
2012-03-23,12.09,12.15,12.0535,12.13,18725
2012-03-26,11.9,11.92,11.8,11.9,39154
2012-03-27,11.9,11.929,11.88,11.88,23660
2012-03-28,11.75,11.75,11.59,11.63,44460
2012-03-29,11.57,11.7,11.51,11.7,62611
2012-03-30,12.07,12.14,12.002,12.13,87872
2012-04-02,12.29,12.48,12.2501,12.44,36693
2012-04-03,12.5,12.51,12.39,12.4,17109
2012-04-04,12.33,12.35,12.21,12.32,20480
2012-04-05,12.29,12.36,12.281,12.3,5830
2012-04-09,12.06,12.1,11.991,12.07,26600
2012-04-10,12.08,12.08,11.821,11.854,26242
2012-04-11,11.97,12.03,11.92,11.961,15609
2012-04-12,12.17,12.2992,12.17,12.2992,14144
2012-04-13,12.14,12.14,11.88,11.93,40459
2012-04-16,12.11,12.18,12.02,12.06,12143
2012-04-17,12.3,12.43,12.3,12.41,5706
2012-04-18,12.23,12.24,12.17,12.22,50795
2012-04-19,12.1,12.16,11.9952,12.03,27673
2012-04-20,11.99,12.1,11.97,11.97,14247
2012-04-23,11.58,11.58,11.45,11.5,81269
2012-04-24,11.39,11.49,11.39,11.485,40276
2012-04-25,11.443,11.45,11.39,11.4171,41095
2012-04-26,11.29,11.43,11.29,11.43,40157
2012-04-27,11.32,11.36,11.271,11.35,24580
2012-04-30,11.38,11.4699,11.38,11.42,37090
2012-05-01,11.44,11.64,11.44,11.52,55746
2012-05-02,11.323,11.323,11.28,11.29,4278
2012-05-03,11.08,11.08,10.94,10.99,22112
2012-05-04,10.69,10.69,10.581,10.581,36650
2012-05-07,10.9,10.95,10.9,10.918,29706
2012-05-08,10.6,10.6,10.42,10.47,61926
2012-05-09,10.2,10.2599,10.14,10.22,23505
2012-05-10,10.33,10.3606,10.279,10.31,15387
2012-05-11,10.09,10.174,10.09,10.1,23447
2012-05-14,9.77,9.89,9.69,9.76,50046
2012-05-15,9.85,9.899000000000001,9.77,9.77,41374
2012-05-16,9.7195,9.748,9.62,9.621,47736
2012-05-17,9.63,9.66,9.56,9.5741,27668
2012-05-18,9.6592,9.6999,9.56,9.5881,31939
2012-05-21,9.62,9.85,9.62,9.85,48395
2012-05-22,9.59,9.67,9.53,9.53,29914
2012-05-23,9.35,9.43,9.26,9.42,52601
2012-05-24,9.55,9.6,9.4843,9.5294,40967
2012-05-25,9.59,9.63,9.56,9.5936,8755
2012-05-29,9.7601,9.8216,9.69,9.77,38805
2012-05-30,9.49,9.49,9.36,9.42,62827
2012-05-31,9.43,9.47,9.32,9.47,43518
2012-06-01,9.28,9.34,9.25,9.28,46374
2012-06-04,9.39,9.41,9.32,9.36,16276
2012-06-05,9.32,9.389,9.32,9.36,30125
2012-06-06,9.63,9.7599,9.57,9.72,95433
2012-06-07,9.94,9.99,9.82,9.8201,91034
2012-06-08,9.73,9.77,9.71,9.76,116177
2012-06-11,9.69,9.69,9.4632,9.4632,23661
2012-06-12,9.69,9.77,9.67,9.73,138336
2012-06-13,9.7,9.7617,9.66,9.69,40010
2012-06-14,9.57,9.58,9.4976,9.56,70019
2012-06-15,9.67,9.73,9.65,9.7,40420
2012-06-18,9.47,9.55,9.47,9.51,131257
2012-06-19,9.5459,9.64,9.5459,9.6,91328
2012-06-20,9.64,9.6499,9.584,9.59,23224
2012-06-21,9.76,9.76,9.51,9.51,38655
2012-06-22,9.6105,9.65,9.5801,9.64,24782
2012-06-25,9.67,9.67,9.48,9.58,109365
2012-06-26,9.6252,9.6889,9.5857,9.63,27740
2012-06-27,9.7,9.7378,9.681000000000001,9.7378,6188
2012-06-28,9.74,9.74,9.61,9.69,9530
2012-06-29,10.17,10.3189,10.16,10.3,48150
2012-07-02,10.39,10.41,10.31,10.35,19232
2012-07-03,10.54,10.6689,10.51,10.64,45311
2012-07-05,10.64,10.67,10.581,10.59,21162
2012-07-06,10.49,10.49,10.31,10.3201,72112
2012-07-09,10.16,10.2542,10.16,10.2542,25194
2012-07-10,10.52,10.52,10.3105,10.36,20220
2012-07-11,10.42,10.47,10.37,10.37,3847
2012-07-12,10.15,10.26,10.15,10.26,2760
2012-07-13,10.36,10.39,10.34,10.364,16400
2012-07-16,10.22,10.256,10.19,10.24,14390
2012-07-17,10.07,10.15,10.0301,10.1049,54560
2012-07-18,10.1254,10.1899,10.1223,10.18,5750
2012-07-19,10.2,10.2,10.1629,10.1629,4218
2012-07-20,10.06,10.07,9.98,10.01,70285
2012-07-23,9.67,9.72,9.59,9.68,10307
2012-07-24,9.7,9.7,9.5681,9.62,7336
2012-07-25,9.59,9.5998,9.530100000000001,9.5998,8583
2012-07-26,9.5099,9.52,9.4,9.4862,69588
2012-07-27,9.27,9.5,9.27,9.45,75765
2012-07-30,9.51,9.6286,9.51,9.56,15619
2012-07-31,9.5,9.523,9.4899,9.5,2029
2012-08-01,9.69,9.6933,9.600999999999999,9.68,22509
2012-08-02,9.54,9.582,9.5,9.54,15700
2012-08-03,9.68,9.81,9.68,9.77,24927
2012-08-06,9.82,9.87,9.81,9.85,7196
2012-08-07,9.95,10.025,9.95,9.99,22822
2012-08-08,9.86,9.91,9.8,9.87,21820
2012-08-09,9.79,9.79,9.71,9.72,11800
2012-08-10,9.76,9.769,9.7301,9.74,6802
2012-08-13,9.81,9.856,9.75,9.81,18867
2012-08-14,9.81,9.81,9.692,9.692,5345
2012-08-15,9.6958,9.75,9.6958,9.7495,10809
2012-08-16,9.7001,9.81,9.7,9.7848,19637
2012-08-17,9.719899999999999,9.719899999999999,9.67,9.6848,6856
2012-08-20,9.54,9.73,9.54,9.73,9412
2012-08-21,9.77,9.82,9.7348,9.77,12300
2012-08-22,9.7,9.7,9.64,9.69,8217
2012-08-23,9.63,9.67,9.6001,9.61,5495
2012-08-24,9.56,9.56,9.45,9.49,52352
2012-08-27,9.33,9.33,9.25,9.252,8022
2012-08-28,9.17,9.18,9.12,9.12,19390
2012-08-29,9.08,9.08,9.01,9.02,6117
2012-08-30,9.0001,9.06,8.9515,9.05,52000
2012-08-31,9.03,9.09,9.0,9.07,11537
2012-09-04,9.12,9.19,9.12,9.13,19343
2012-09-05,9.11,9.1399,9.09,9.1399,9555
2012-09-06,9.14,9.299,9.14,9.29,30250
2012-09-07,9.35,9.42,9.35,9.42,31531
2012-09-10,9.39,9.436,9.39,9.4,18300
2012-09-11,9.48,9.59,9.43,9.5625,62933
2012-09-12,9.6,9.6,9.582,9.5983,20233
2012-09-13,9.54,9.76,9.49,9.7316,66659
2012-09-14,9.94,10.08,9.94,10.0,53677
2012-09-17,10.12,10.2,10.0,10.16,100308
2012-09-18,10.23,10.379,10.15,10.2383,57809
2012-09-19,10.18,10.26,10.18,10.26,3426
2012-09-20,10.1499,10.21,10.08,10.21,16959
2012-09-21,10.45,10.4999,10.45,10.4608,7493
2012-09-24,10.49,10.62,10.47,10.56,75488
2012-09-25,10.6,10.6799,10.51,10.53,56651
2012-09-26,10.53,10.6,10.45,10.5,107701
2012-09-27,10.7,10.78,10.69,10.76,37811
2012-09-28,10.77,10.9,10.76,10.9,269581
2012-10-01,11.04,11.1899,10.89,11.0917,209848
2012-10-02,11.09,11.15,11.06,11.1299,58460
2012-10-03,11.25,11.25,11.1675,11.17,23225
2012-10-04,11.3,11.49,11.3,11.43,73493
2012-10-05,11.41,11.41,11.26,11.28,35271
2012-10-08,11.1,11.1484,11.0001,11.13,9724
2012-10-09,11.1,11.12,10.98,10.9999,10581
2012-10-10,10.81,10.84,10.651,10.67,38112
2012-10-11,10.9,10.98,10.9,10.95,16421
2012-10-12,10.95,10.95,10.8201,10.8301,6080
2012-10-15,10.85,10.94,10.81,10.9224,14111
2012-10-16,10.83,10.85,10.7701,10.8231,33480
2012-10-17,10.81,10.8799,10.81,10.86,13200
2012-10-18,10.84,10.86,10.7717,10.84,15765
2012-10-19,10.64,10.65,10.5101,10.59,46079
2012-10-22,10.76,10.86,10.7,10.86,1037367
2012-10-23,10.71,10.75,10.6,10.6,513302
2012-10-24,10.75,10.79,10.6599,10.6995,283618
2012-10-25,10.81,10.8199,10.7,10.77,213890
2012-10-26,10.64,10.67,10.56,10.6,216855
2012-10-31,10.52,10.7,10.38,10.4,448537
2012-11-01,10.58,10.7,10.56,10.68,152216
2012-11-02,10.79,10.79,10.62,10.65,614166
2012-11-05,10.56,10.62,10.48,10.58,208939
2012-11-06,10.72,10.72,10.58,10.66,136070
2012-11-07,10.68,10.7,10.53,10.62,154839
2012-11-08,10.75,10.780100000000001,10.55,10.58,201105
2012-11-09,10.47,10.52,10.42,10.45,134805
2012-11-12,10.61,10.6199,10.52,10.539,93961
2012-11-13,10.6,10.6,10.5,10.51,94000
2012-11-14,10.62,10.62,10.42,10.43,94918
2012-11-15,10.51,10.58,10.51,10.5264,185746
2012-11-16,10.45,10.49,10.32,10.4434,95251
2012-11-19,10.46,10.53,10.43,10.5,461453
2012-11-20,10.35,10.4,10.22,10.31,193614
2012-11-21,10.43,10.43,10.3201,10.4,65446
2012-11-23,10.38,10.44,10.31,10.39,93577
2012-11-26,10.5,10.54,10.42,10.53,120916
2012-11-27,10.74,10.74,10.6,10.649000000000001,152183
2012-11-28,10.63,10.6499,10.51,10.64,95657
2012-11-29,10.97,11.06,10.92,11.05,269282
2012-11-30,11.26,11.3,11.13,11.22,337257
2012-12-03,11.37,11.38,11.211500000000001,11.23,151505
2012-12-04,11.26,11.26,11.19,11.19,71055
2012-12-05,11.33,11.38,11.31,11.34,108961
2012-12-06,11.49,11.49,11.42,11.48,279088
2012-12-07,11.5,11.5085,11.42,11.46,143221
2012-12-10,11.54,11.54,11.46,11.52,152060
2012-12-11,11.4,11.42,11.3,11.39,212828
2012-12-12,11.43,11.43,11.31,11.38,243339
2012-12-13,11.15,11.15,11.0201,11.04,285541
2012-12-14,11.11,11.14,11.05,11.1,164704
2012-12-17,11.15,11.21,11.11,11.21,134615
2012-12-18,11.25,11.28,11.2,11.28,97835
2012-12-19,11.32,11.36,11.28,11.29,146733
2012-12-20,11.23,11.33,11.2,11.33,111239
2012-12-21,10.93,10.96,10.87,10.96,229757
2012-12-24,11.12,11.12,10.97,10.99,171382
2012-12-26,11.07,11.18,11.07,11.09,139740
2012-12-27,11.01,11.01,10.88,10.97,147243
2012-12-28,10.98,11.07,10.97,11.02,163601
2012-12-31,11.11,11.13,11.02,11.12,184170
2013-01-02,11.36,11.55,11.3599,11.54,162745
2013-01-03,11.51,11.6133,11.51,11.5501,599396
2013-01-04,11.6,11.62,11.5401,11.62,101929
2013-01-07,11.54,11.57,11.5,11.549,132640
2013-01-08,11.58,11.58,11.48,11.5,132287
2013-01-09,11.55,11.6,11.55,11.55,128240
2013-01-10,11.56,11.6,11.49,11.59,160011
2013-01-11,11.42,11.42,11.31,11.32,157603
2013-01-14,11.6,11.607,11.5131,11.58,314415
2013-01-15,11.65,11.65,11.5154,11.549900000000001,218784
2013-01-16,11.4,11.42,11.32,11.32,244672
2013-01-17,11.47,11.55,11.4651,11.54,146374
2013-01-18,11.6,11.62,11.53,11.54,220037
2013-01-22,11.5,11.51,11.44,11.48,238931
2013-01-23,11.28,11.3,11.17,11.25,334381
2013-01-24,10.78,10.78,10.6528,10.7,516919
2013-01-25,10.85,11.0,10.81,10.89,159511
2013-01-28,10.94,10.99,10.9,10.9,85506
2013-01-29,10.91,10.96,10.85,10.94,117986
2013-01-30,10.97,11.0,10.89,10.9101,145269
2013-01-31,10.98,11.05,10.9602,11.03,137681
2013-02-01,11.11,11.19,11.05,11.1899,113603
2013-02-04,10.96,10.96,10.8,10.86,408378
2013-02-05,10.95,10.98,10.88,10.9,377079
2013-02-06,10.91,10.93,10.88,10.93,152390
2013-02-07,10.82,10.82,10.6,10.69,176983
2013-02-08,10.6,10.64,10.53,10.62,118460
2013-02-11,10.59,10.59,10.5,10.59,147817
2013-02-12,10.5,10.56,10.48,10.54,170028
2013-02-13,10.43,10.438,10.31,10.35,185671
2013-02-14,10.19,10.19,10.04,10.1,291117
2013-02-15,10.06,10.13,10.02,10.02,144838
2013-02-19,10.28,10.42,10.28,10.39,428735
2013-02-20,10.37,10.43,10.25,10.28,180534
2013-02-21,10.11,10.1285,9.99,10.05,314690
2013-02-22,10.08,10.139,10.0501,10.12,81701
2013-02-25,10.09,10.15,9.85,9.86,170215
2013-02-26,9.75,9.75,9.65,9.72,179358
2013-02-27,9.83,9.947,9.83,9.93,79390
2013-02-28,9.44,9.44,9.291,9.37,377022
2013-03-01,9.22,9.3199,9.2,9.24,226700
2013-03-04,9.06,9.1,8.95,9.03,281111
2013-03-05,9.2,9.33,9.1922,9.3,676741
2013-03-06,9.55,9.55,9.43,9.51,224735
2013-03-07,9.56,9.69,9.56,9.62,771038
2013-03-08,9.66,9.85,9.66,9.83,257936
2013-03-11,9.84,9.9,9.73,9.84,260872
2013-03-12,9.75,9.82,9.71,9.71,223585
2013-03-13,9.62,9.62,9.5,9.52,445285
2013-03-14,9.65,9.65,9.56,9.64,180092
2013-03-15,9.53,9.53,9.36,9.4,365830
2013-03-18,9.3,9.37,9.26,9.3,214509
2013-03-19,9.16,9.16,8.95,9.03,379561
2013-03-20,8.76,8.9,8.76,8.84,556359
2013-03-21,8.7,8.7599,8.64,8.66,483792
2013-03-22,8.61,8.65,8.54,8.55,450197
2013-03-25,8.56,8.59,8.45,8.5,306330
2013-03-26,8.49,8.54,8.459,8.48,185426
2013-03-27,8.47,8.56,8.47,8.55,100749
2013-03-28,8.65,8.79,8.62,8.78,169733
2013-04-01,8.93,8.998,8.84,8.88,244111
2013-04-02,9.09,9.11,9.03,9.08,243654
2013-04-03,9.01,9.01,8.81,8.84,309111
2013-04-04,8.75,8.78,8.67,8.75,634048
2013-04-05,8.7,8.781,8.6499,8.74,368955
2013-04-08,8.72,8.8,8.7101,8.8,100583
2013-04-09,8.68,8.87,8.68,8.8199,105176
2013-04-10,8.86,8.96,8.85,8.95,245499
2013-04-11,8.77,8.93,8.77,8.88,329774
2013-04-12,8.82,8.85,8.75,8.78,122106
2013-04-15,9.0,9.0,8.63,8.65,296004
2013-04-16,9.01,9.04,8.91,8.97,147073
2013-04-17,9.01,9.02,8.881,8.92,187086
2013-04-18,9.02,9.03,8.93,8.96,183847
2013-04-19,9.05,9.16,9.041,9.14,175897
2013-04-22,9.19,9.23,9.16,9.2,97933
2013-04-23,9.2,9.29,9.2,9.29,241404
2013-04-24,9.32,9.37,9.29,9.32,141097
2013-04-25,9.3,9.35,9.27,9.3,150332
2013-04-26,9.12,9.24,9.1,9.19,339099
2013-04-29,9.36,9.39,9.26,9.38,624070
2013-04-30,9.4,9.5,9.3599,9.5,190950
2013-05-01,9.48,9.5,9.38,9.41,114932
2013-05-02,9.49,9.5,9.4396,9.49,63869
2013-05-03,9.53,9.62,9.48,9.57,1181523
2013-05-06,9.53,9.74,9.53,9.7,404466
2013-05-07,9.72,9.75,9.66,9.71,623471
2013-05-08,9.73,9.85,9.73,9.83,288670
2013-05-09,9.71,9.71,9.61,9.68,310174
2013-05-10,9.58,9.62,9.51,9.55,163692
2013-05-13,9.44,9.48,9.32,9.34,514821
2013-05-14,9.32,9.39,9.29,9.34,260946
2013-05-15,9.5,9.55,9.47,9.53,308912
2013-05-16,9.57,9.58,9.5,9.51,189185
2013-05-17,9.55,9.5799,9.530100000000001,9.56,150616
2013-05-20,9.49,9.51,9.4301,9.45,229371
2013-05-21,9.31,9.33,9.28,9.32,104920
2013-05-22,9.2,9.25,8.9803,9.04,517326
2013-05-23,8.82,8.82,8.68,8.74,396291
2013-05-24,8.78,8.8099,8.75,8.78,214052
2013-05-28,8.95,9.04,8.95,8.97,254401
2013-05-29,8.87,8.88,8.8015,8.87,102952
2013-05-30,8.81,8.88,8.79,8.85,134741
2013-05-31,8.65,8.65,8.53,8.53,323423
2013-06-03,8.6,8.65,8.58,8.6499,124594
2013-06-04,8.65,8.73,8.63,8.65,218612
2013-06-05,8.68,8.6901,8.55,8.55,128180
2013-06-06,8.62,8.6933,8.6,8.68,168601
2013-06-07,8.56,8.62,8.521,8.54,407847
2013-06-10,8.31,8.33,8.13,8.14,762566
2013-06-11,7.98,7.98,7.8,7.82,593124
2013-06-12,7.9,7.98,7.77,7.79,284283
2013-06-13,7.8100000000000005,7.8845,7.69,7.88,204116
2013-06-14,7.94,7.974,7.8501,7.89,161146
2013-06-17,7.94,8.01,7.88,7.92,286991
2013-06-18,7.82,7.9,7.82,7.86,261278
2013-06-19,7.86,7.88,7.64,7.65,176732
2013-06-20,7.43,7.46,7.19,7.2201,771385
2013-06-21,7.27,7.3,7.13,7.28,257873
2013-06-24,6.97,7.04,6.8,6.98,593645
2013-06-25,6.95,7.03,6.8935,6.99,601545
2013-06-26,6.88,6.9,6.83,6.9,301088
2013-06-27,6.91,7.069,6.9,7.06,543838
2013-06-28,7.16,7.19,7.07,7.07,187068
2013-07-01,29.22,29.69,29.2001,29.44,45484
2013-07-02,29.23,29.479,28.8201,28.9617,57334
2013-07-03,28.11,28.61,28.08,28.55,58574
2013-07-05,28.54,28.54,27.92,28.29,64249
2013-07-08,28.36,28.582,28.32,28.44,37969
2013-07-09,28.84,29.02,28.82,28.84,103366
2013-07-10,28.88,28.97,28.68,28.81,90088
2013-07-11,29.08,29.61,29.08,29.61,43349
2013-07-12,29.24,29.24,29.0701,29.2094,91483
2013-07-15,29.35,29.71,29.35,29.51,32822
2013-07-16,29.32,29.56,29.04,29.51,57405
2013-07-17,29.21,29.23,29.06,29.14,66717
2013-07-18,29.19,29.39,29.14,29.15,15850
2013-07-19,29.1301,29.18,28.97,29.0101,12522
2013-07-22,28.74,29.1,28.74,29.06,21998
2013-07-23,29.0,29.24,28.94,28.97,61327
2013-07-24,28.86,28.92,28.56,28.68,59998
2013-07-25,28.55,28.7,28.38,28.52,80415
2013-07-26,28.27,28.56,28.13,28.56,91764
2013-07-29,27.85,27.92,27.71,27.71,59485
2013-07-30,26.52,26.59,26.33,26.43,108093
2013-07-31,26.35,26.35,25.86,26.07,56823
2013-08-01,25.75,25.96,25.66,25.9,56121
2013-08-02,25.34,25.55,25.29,25.32,74601
2013-08-05,25.45,25.51,25.35,25.42,40202
2013-08-06,25.01,25.01,24.65,24.76,161732
2013-08-07,24.93,25.1362,24.79,24.991,13561
2013-08-08,25.55,25.9799,25.48,25.76,49698
2013-08-09,25.75,25.87,25.73,25.78,24161
2013-08-12,26.02,26.2,25.88,25.96,67381
2013-08-13,26.18,26.6,26.18,26.45,24811
2013-08-14,26.51,26.57,26.26,26.32,83572
2013-08-15,26.24,26.26,26.0,26.14,79947
2013-08-16,25.32,25.4,25.02,25.07,177758
2013-08-19,24.4,24.51,24.1,24.19,202278
2013-08-20,24.47,24.66,24.24,24.6,237396
2013-08-21,23.92,23.94,23.7,23.7,230151
2013-08-22,23.96,24.15,23.9199,24.07,135708
2013-08-23,24.52,24.65,24.28,24.35,394447
2013-08-26,24.51,24.6499,24.31,24.345,183937
2013-08-27,23.12,23.2,22.47,23.04,178466
2013-08-28,22.29,23.21,22.25,22.8,370256
2013-08-29,23.25,23.3304,22.9,22.9,229232
2013-08-30,23.34,23.41,22.9,23.15,146755
2013-09-03,23.0,23.15,22.71,22.76,212180
2013-09-04,23.39,23.73,23.12,23.695,161721
2013-09-05,23.96,24.3599,23.86,24.35,153061
2013-09-06,24.6,24.76,24.32,24.62,129469
2013-09-09,24.94,25.42,24.7179,25.37,140751
2013-09-10,25.4,25.54,25.12,25.21,215987
2013-09-11,25.58,25.73,25.5,25.68,106412
2013-09-12,25.54,25.5749,25.27,25.28,41594
2013-09-13,25.51,26.04,25.491,25.92,132448
2013-09-16,25.82,25.89,25.47,25.65,96400
2013-09-17,25.58,25.58,25.39,25.55,44577
2013-09-18,25.28,26.68,25.1,26.68,108471
2013-09-19,26.64,26.64,26.1212,26.24,91393
2013-09-20,25.68,25.8,25.13,25.17,161237
2013-09-23,25.0,25.42,25.0,25.3703,130013
2013-09-24,25.39,25.45,24.94,25.33,115974
2013-09-25,25.43,25.44,25.17,25.31,27873
2013-09-26,25.73,25.78,25.46,25.76,101840
2013-09-27,25.29,25.29,24.93,25.08,81156
2013-09-30,24.76,25.149,24.75,25.14,47037
2013-10-01,25.311,25.52,25.311,25.45,18350
2013-10-02,25.45,25.69,25.3692,25.69,18969
2013-10-03,26.0,26.01,25.56,25.83,14929
2013-10-04,25.98,26.35,25.98,26.35,73777
2013-10-07,26.33,26.53,26.3199,26.37,40780
2013-10-08,26.2,26.2,25.76,25.76,44006
2013-10-09,26.21,26.44,26.151,26.37,18325
2013-10-10,26.93,27.489,26.93,27.4088,108030
2013-10-11,27.25,27.45,26.98,27.35,201105
2013-10-14,27.3,27.8399,27.1878,27.75,121410
2013-10-15,26.88,26.94,26.61,26.79,106871
2013-10-16,26.81,27.05,26.79,27.05,27291
2013-10-17,27.0,27.33,26.99,27.33,54899
2013-10-18,27.55,27.55,27.28,27.345,42806
2013-10-21,27.33,27.78,27.33,27.76,75860
2013-10-22,28.24,28.6,28.06,28.3,226191
2013-10-23,27.83,27.8479,27.44,27.59,57437
2013-10-24,27.57,27.7,27.5,27.5476,75884
2013-10-25,27.6,27.6,27.4,27.55,84000
2013-10-28,27.32,27.35,27.06,27.2164,27367
2013-10-29,27.28,27.6201,27.28,27.57,62429
2013-10-30,27.646,27.68,27.39,27.42,32668
2013-10-31,27.68,27.77,27.41,27.41,30350
2013-11-01,27.98,28.18,27.8,27.91,145202
2013-11-04,28.18,28.46,28.18,28.45,102701
2013-11-05,28.65,28.8,28.39,28.4,84419
2013-11-06,28.33,28.52,28.13,28.4029,73719
2013-11-07,28.06,28.24,27.31,27.31,156027
2013-11-08,27.38,27.459,27.11,27.4,57286
2013-11-11,27.25,27.35,27.081,27.25,50388
2013-11-12,26.86,26.86,26.35,26.61,73784
2013-11-13,26.95,27.03,26.7601,27.0,61942
2013-11-14,27.16,27.605,27.15,27.56,36085
2013-11-15,27.768,27.783,27.61,27.67,47922
2013-11-18,28.22,28.42,28.11,28.12,126789
2013-11-19,28.32,28.32,28.1,28.15,56774
2013-11-20,28.14,28.25,27.67,27.75,57568
2013-11-21,27.44,27.5,27.33,27.45,44919
2013-11-22,27.36,27.9,27.36,27.87,60547
2013-11-25,28.15,28.15,27.702,27.74,63664
2013-11-26,27.82,27.85,27.5,27.84,69374
2013-11-27,27.9,28.0,27.84,27.97,25903
2013-11-29,28.42,28.8,28.42,28.7,113877
2013-12-02,29.04,29.079,28.47,28.59,170540
2013-12-03,28.74,28.87,28.561,28.65,103233
2013-12-04,28.84,29.4585,28.834,29.31,47288
2013-12-05,29.17,29.3997,29.17,29.21,55849
2013-12-06,29.66,30.23,29.4401,30.14,117342
2013-12-09,30.24,30.27,30.05,30.06,44909
2013-12-10,29.93,29.93,29.7425,29.91,67072
2013-12-11,29.62,29.62,29.1301,29.28,58600
2013-12-12,28.89,28.89,28.51,28.8,64754
2013-12-13,28.51,28.51,28.222,28.42,46278
2013-12-16,28.69,29.12,28.69,28.98,64355
2013-12-17,28.83,28.89,28.55,28.77,60148
2013-12-18,29.02,29.82,28.74,29.39,47888
2013-12-19,29.0,29.008,28.740099999999998,28.93,33376
2013-12-20,29.66,30.09,29.59,29.9225,39277
2013-12-23,30.41,30.6199,30.3,30.45,55131
2013-12-24,30.63,30.97,30.63,30.93,21287
2013-12-26,31.07,31.1,30.85,30.96,29899
2013-12-27,31.02,31.15,30.88,31.15,67954
2013-12-30,31.19,31.5,31.19,31.37,43803
2013-12-31,31.33,31.72,31.195,31.7,56323
2014-01-02,31.09,31.09,30.27,30.44,65385
2014-01-03,31.19,31.29,31.05,31.28,25143
2014-01-06,31.59,31.59,31.34,31.42,38350
2014-01-07,31.64,31.67,31.47,31.48,37035
2014-01-08,31.65,31.66,31.5244,31.62,22890
2014-01-09,31.42,31.42,31.16,31.31,102450
2014-01-10,31.43,31.94,31.43,31.85,76401
2014-01-13,31.71,31.805,31.321,31.46,53651
2014-01-14,31.51,31.72,31.4,31.71,27344
2014-01-15,31.74,31.759900000000002,31.57,31.63,37438
2014-01-16,31.4205,31.4205,31.18,31.32,61431
2014-01-17,30.41,30.76,30.4001,30.49,50492
2014-01-21,43.78,43.997,43.4491,43.62,104482
2014-01-22,31.41,31.5999,31.14,31.48,271221
2014-01-23,31.44,31.44,30.6,30.88,108298
2014-01-24,30.2,30.37,29.35,29.63,289621
2014-01-27,29.02,29.02,28.26,28.47,125232
2014-01-28,28.98,29.1899,28.89,29.03,60065
2014-01-29,28.64,28.74,28.31,28.32,55654
2014-01-30,28.59,28.8,28.41,28.66,54704
2014-01-31,29.09,29.32,28.96,29.16,103183
2014-02-03,29.14,29.14,28.5,28.5,129222
2014-02-04,29.23,29.6399,29.23,29.41,52001
2014-02-05,29.5,29.57,29.24,29.39,40706
2014-02-06,29.58,30.0,29.58,29.98,74611
2014-02-07,30.04,30.51,30.01,30.28,81261
2014-02-10,30.37,30.67,29.77,29.95,113662
2014-02-11,29.86,30.61,29.86,30.52,69366
2014-02-12,30.54,30.79,30.35,30.38,112548
2014-02-13,29.37,30.1368,29.37,30.05,40890
2014-02-14,30.06,30.3699,29.94,30.23,48043
2014-02-18,30.3,30.39,30.11,30.19,49262
2014-02-19,30.37,30.61,30.23,30.23,32004
2014-02-20,30.55,30.91,30.4585,30.91,30245
2014-02-21,30.98,31.18,30.95,31.06,51143
2014-02-24,31.08,31.3495,31.06,31.22,105774
2014-02-25,31.34,31.34,30.8495,30.87,43452
2014-02-26,31.2,31.55,31.052,31.13,47280
2014-02-27,31.47,31.5999,31.2,31.5699,83811
2014-02-28,31.71,31.71,31.14,31.24,42977
2014-03-03,31.04,31.11,30.68,30.76,40664
2014-03-04,31.56,31.98,31.52,31.63,120158
2014-03-05,31.82,32.12,31.81,32.11,79133
2014-03-06,32.59,33.19,32.58,33.07,142236
2014-03-07,32.62,32.91,32.13,32.34,131203
2014-03-10,32.78,32.87,32.541,32.69,116818
2014-03-11,32.8,32.9696,32.52,32.65,33461
2014-03-12,32.43,32.86,32.41,32.85,80385
2014-03-13,32.25,32.49,31.7501,31.89,58721
2014-03-14,31.9,32.34,31.9,32.06,39705
2014-03-17,32.5,32.5899,32.353,32.45,39453
2014-03-18,32.8,33.15,32.8,33.15,65787
2014-03-19,32.99,33.03,32.01,32.23,26614
2014-03-20,32.3,32.8999,32.28,32.74,19342
2014-03-21,33.05,33.5,32.93,33.1,120053
2014-03-24,33.45,33.619,33.26,33.58,211344
2014-03-25,34.01,34.38,34.0,34.23,117581
2014-03-26,34.45,34.55,34.18,34.2,161533
2014-03-27,34.07,34.49,34.07,34.4,62213
2014-03-28,34.87,35.53,34.87,35.25,257008
2014-03-31,35.77,36.07,35.5,35.95,178598
2014-04-01,36.19,36.46,36.1,36.36,94680
2014-04-02,36.77,37.24,36.77,37.24,135440
2014-04-03,36.43,36.69,36.1001,36.42,128560
2014-04-04,37.08,37.5,36.6401,36.75,198357
2014-04-07,36.85,37.08,36.72,36.938,124453
2014-04-08,37.29,37.439,37.03,37.282,147880
2014-04-09,37.82,38.359,37.67,38.29,227470
2014-04-10,38.09,38.176,37.271,37.41,109996
2014-04-11,37.56,37.77,37.3701,37.75,61817
2014-04-14,37.96,37.96,37.6101,37.83,88634
2014-04-15,37.54,37.54,36.725,36.95,326841
2014-04-16,36.57,36.724,36.27,36.67,168261
2014-04-17,37.17,37.64,37.17,37.42,229518
2014-04-21,38.0,38.0,37.53,37.77,56225
2014-04-22,37.73,37.73,37.421,37.44,67614
2014-04-23,37.21,37.42,37.11,37.28,114029
2014-04-24,37.48,37.51,37.102,37.48,169229
2014-04-25,37.48,37.48,36.97,37.19,31237
2014-04-28,37.24,37.6499,37.22,37.57,46368
2014-04-29,37.6,37.9667,37.1407,37.8,56972
2014-04-30,37.21,37.21,36.67,37.02,232932
2014-05-01,36.89,37.071,36.79,37.0,217822
2014-05-02,36.99,37.32,36.95,37.32,228440
2014-05-05,37.04,37.1799,36.69,37.05,265335
2014-05-06,37.32,37.5098,37.09,37.24,342557
2014-05-07,37.13,37.3,36.9601,37.18,302018
2014-05-08,37.2,37.4699,36.92,36.97,126359
2014-05-09,37.51,38.0,37.51,37.95,188771
2014-05-12,39.0,39.3,38.65,38.92,434452
2014-05-13,39.65,39.7999,39.26,39.7,301364
2014-05-14,40.27,40.38,39.86,39.87,195974
2014-05-15,39.68,39.68,38.95,39.12,140860
2014-05-16,41.0,41.68,40.67,41.58,320639
2014-05-19,42.4,43.84,42.4,43.74,526121
2014-05-20,44.85,45.209,44.71,45.05,509198
2014-05-21,45.41,45.9999,45.41,45.91,406392
2014-05-22,47.38,47.98,47.38,47.6288,524439
2014-05-23,49.05,49.21,48.815,49.01,783025
2014-05-27,47.03,47.03,45.12,45.38,863681
2014-05-28,45.67,45.88,45.42,45.71,202046
2014-05-29,45.65,46.28,45.6,46.24,186453
2014-05-30,46.24,46.5,45.7612,45.95,361158
2014-06-02,47.47,47.86,47.099,47.61,366864
2014-06-03,47.98,48.36,47.94,48.26,235960
2014-06-04,49.04,49.52,48.86,49.43,375156
2014-06-05,50.54,50.7299,50.011,50.61,344969
2014-06-06,51.95,52.46,51.55,52.38,899522
2014-06-09,53.61,53.9,53.53,53.75,637163
2014-06-10,53.28,53.34,52.6,52.95,549893
2014-06-11,51.91,52.1,51.38,51.44,438394
2014-06-12,51.69,52.0,51.01,51.11,195702
2014-06-13,49.36,49.36,48.55,48.84,491485
2014-06-16,48.68,48.79,48.25,48.35,347315
2014-06-17,49.22,49.78,49.0,49.75,203739
2014-06-18,48.97,49.6,48.5225,49.54,257482
2014-06-19,48.91,48.967,48.55,48.58,181936
2014-06-20,48.45,48.61,47.85,48.13,274745
2014-06-23,48.3,49.19,48.3,49.12,162439
2014-06-24,50.02,50.58,49.87,50.1,261714
2014-06-25,50.58,51.12,50.28,50.97,217669
2014-06-26,50.64,50.7737,50.1762,50.69,101973
2014-06-27,50.75,51.07,50.6418,51.07,74687
2014-06-30,51.75,51.7999,51.29,51.65,129416
2014-07-01,51.98,52.42,51.9,52.33,186685
2014-07-02,52.77,52.8299,52.4,52.64,124264
2014-07-03,52.22,52.45,52.11,52.33,196409
2014-07-07,52.27,52.3,51.99,52.14,143822
2014-07-08,49.71,49.9,48.28,48.5,592937
2014-07-09,48.05,48.28,47.77,47.94,218597
2014-07-10,47.56,48.33,47.444,47.88,267186
2014-07-11,46.55,46.55,45.71,45.94,866305
2014-07-14,45.72,46.21,45.6801,46.15,180733
2014-07-15,47.05,47.51,46.87,47.38,516277
2014-07-16,48.45,48.7437,48.0,48.4,510768
2014-07-17,49.05,49.1699,47.6,47.69,230698
2014-07-18,48.12,49.1,48.12,49.03,315302
2014-07-21,49.26,49.64,48.91,49.49,201176
2014-07-22,49.55,49.727,49.41,49.53,202874
2014-07-23,49.43,49.43,48.801,48.89,205384
2014-07-24,48.79,49.02,48.26,48.79,133558
2014-07-25,47.64,47.91,47.0,47.2,173844
2014-07-28,46.91,47.197,46.3301,46.55,272135
2014-07-29,46.85,47.03,46.31,46.35,119036
2014-07-30,46.93,47.18,46.3,46.61,111120
2014-07-31,46.35,46.47,45.75,45.87,108364
2014-08-01,45.51,46.09,45.43,45.76,464338
2014-08-04,46.62,47.02,46.1201,46.87,110653
2014-08-05,46.89,47.11,46.6,46.78,103909
2014-08-06,46.31,46.45,46.0,46.1,284929
2014-08-07,46.16,46.54,45.44,45.84,419727
2014-08-08,45.01,45.17,44.43,45.12,329271
2014-08-11,44.97,45.29,44.6,45.23,155523
2014-08-12,45.07,45.41,44.92,45.05,189040
2014-08-13,43.54,43.65,43.1,43.27,344370
2014-08-14,43.89,44.32,43.8596,44.19,197990
2014-08-15,44.67,44.67,43.79,44.08,244063
2014-08-18,45.23,45.92,45.08,45.88,117082
2014-08-19,46.25,46.5,46.0,46.46,133837
2014-08-20,46.42,46.9999,46.42,46.75,143330
2014-08-21,46.72,46.95,46.6101,46.84,82605
2014-08-22,46.49,46.79,46.3205,46.48,46259
2014-08-25,46.33,46.48,46.01,46.05,249756
2014-08-26,46.12,46.29,45.95,46.04,82597
2014-08-27,46.13,46.79,46.13,46.73,136753
2014-08-28,46.45,46.52,46.16,46.36,83771
2014-08-29,46.53,46.8999,46.47,46.56,45520
2014-09-02,47.24,47.75,47.11,47.35,163800
2014-09-03,47.89,48.29,47.8275,48.19,259594
2014-09-04,48.28,48.43,47.77,48.03,109090
2014-09-05,48.15,48.6499,48.04,48.48,138077
2014-09-08,48.51,48.9498,48.51,48.55,72968
2014-09-09,48.41,48.4995,47.69,47.72,101862
2014-09-10,48.45,48.97,48.254,48.8,66752
2014-09-11,48.95,49.344,48.773,48.87,70473
2014-09-12,49.08,49.2,48.51,48.56,29078
2014-09-15,48.83,48.97,48.52,48.86,134497
2014-09-16,46.9,47.48,46.36,47.24,278379
2014-09-17,47.09,47.19,46.4,46.44,80952
2014-09-18,48.2,48.8,48.2,48.77,111723
2014-09-19,48.66,48.87,48.04,48.05,240410
2014-09-22,48.28,48.44,47.67,47.75,163477
2014-09-23,46.84,46.906,46.4001,46.49,640528
2014-09-24,45.73,46.2,45.42,46.0,153937
2014-09-25,44.0,44.09,43.15,43.46,452208
2014-09-26,43.71,44.33,43.71,44.05,118044
2014-09-29,44.09,44.42,43.86,44.08,112021
2014-09-30,43.98,44.15,43.5,44.14,126658
2014-10-01,44.05,44.05,43.02,43.11,269132
2014-10-02,43.16,43.99,42.5901,43.18,390762
2014-10-03,43.27,43.837,42.9201,43.69,150827
2014-10-06,43.89,44.34,43.28,44.33,126369
2014-10-07,44.0,44.049,43.3,43.3,102472
2014-10-08,43.49,44.63,43.1407,44.5,69028
2014-10-09,44.38,44.699,43.72,43.75,270889
2014-10-10,43.44,43.56,42.7526,42.82,229308
2014-10-13,43.67,44.667,43.4001,43.5,118659
2014-10-14,43.78,43.997,43.4491,43.62,104482
2014-10-15,43.49,43.8799,42.6,43.84,177783
2014-10-16,41.72,42.6354,41.0,42.38,226315
2014-10-17,42.53,42.9001,42.1,42.76,97911
2014-10-20,42.96,43.7,42.96,43.5,141788
2014-10-21,43.71,44.3,43.71,44.16,152640
2014-10-22,44.39,44.5,44.04,44.11,173367
2014-10-23,44.61,44.7,44.31,44.55,124132
2014-10-24,44.71,45.12,44.5025,45.12,72338
2014-10-27,44.54,44.79,44.1901,44.49,83886
2014-10-28,44.76,45.335,44.51,45.33,65015
2014-10-29,45.19,45.44,44.7,44.8,109463
2014-10-30,48.25,48.2894,48.02,48.17,118985
2014-10-31,46.17,46.67,46.047,46.62,147822
2014-11-03,47.32,47.49,46.9808,47.42,160301
2014-11-04,47.52,47.58,47.21,47.58,79589
2014-11-05,47.58,47.58,47.02,47.49,75646
2014-11-06,47.54,47.84,47.4017,47.61,65896
2014-11-07,47.47,47.79,47.03,47.28,70531
2014-11-10,47.25,47.57,47.25,47.57,68597
2014-11-11,47.78,48.1899,47.7601,48.11,78209
2014-11-12,48.25,48.2894,48.02,48.17,118985
2014-11-13,48.01,48.05,47.51,47.69,57493
2014-11-14,47.641,48.29,47.641,48.29,52813
2014-11-17,48.32,48.52,48.3,48.41,67464
2014-11-18,48.68,49.03,48.51,49.01,140739
2014-11-19,48.18,48.28,47.819,48.1,57933
2014-11-20,47.85,48.0,47.6101,47.91,41475
2014-11-21,48.28,48.39,47.925,48.29,64645
2014-11-24,47.76,47.86,47.51,47.81,130035
2014-11-25,46.45,46.8,46.0,46.08,663076
2014-11-26,46.64,47.28,46.55,47.23,164727
2014-11-28,47.2,47.39,47.09,47.22,31223
2014-12-01,47.05,47.15,46.5,46.5,206884
2014-12-02,47.5,47.81,47.3501,47.8,106358
2014-12-03,48.35,48.78,48.2975,48.63,99255
2014-12-04,48.68,48.99,48.63,48.68,129748
2014-12-05,48.35,48.59,48.08,48.56,34759
2014-12-08,48.0,48.15,47.63,47.82,97723
2014-12-09,46.61,46.68,46.36,46.39,177451
2014-12-10,46.96,47.1,46.38,46.55,61773
2014-12-11,46.4,46.7,46.19,46.2,83682
2014-12-12,45.77,45.87,44.75,44.75,169145
2014-12-15,44.46,44.46,43.28,43.31,336185
2014-12-16,41.79,42.28,41.05,41.4,334264
2014-12-17,40.92,42.55,40.92,42.29,184644
2014-12-18,43.4,44.28,43.4,44.21,82011
2014-12-19,42.57,44.04,42.51,42.85,136244
2014-12-22,43.33,43.66,43.33,43.54,101582
2014-12-23,43.2,43.32,42.68,43.14,237185
2014-12-24,43.32,43.86,43.24,43.78,84833
2014-12-26,43.75,43.75,43.0801,43.41,82895
2014-12-29,43.97,44.06,43.5,44.06,182108
2014-12-30,44.27,44.51,44.22,44.41,157992
2014-12-31,44.79,45.221,44.69,44.69,52363
2015-01-02,45.83,46.01,45.63,45.81,27148
2015-01-05,45.97,46.0,45.45,45.52,147790
2015-01-06,43.94,44.2664,43.2766,43.59,122512
2015-01-07,44.29,44.73,44.2,44.73,75230
2015-01-08,45.33,45.9,45.3,45.63,392871
2015-01-09,45.38,45.45,44.79,45.04,116355
2015-01-12,45.57,45.93,45.402,45.71,115502
2015-01-13,46.06,46.45,45.34,45.67,103154
2015-01-14,45.15,45.261,44.68,45.14,79904
2015-01-15,46.71,47.0,46.42,46.78,158863
2015-01-16,46.66,47.84,46.351,47.83,165639
2015-01-20,47.96,48.21,47.66,48.05,189916
2015-01-21,47.62,47.98,47.03,47.98,62032
2015-01-22,47.84,48.92,47.6101,48.84,206649
2015-01-23,47.69,48.12,47.3801,47.41,112832
2015-01-26,47.7,48.23,47.64,48.23,108528
2015-01-27,48.13,48.49,47.88,48.35,72628
2015-01-28,48.44,48.49,47.76,47.81,108064
2015-01-29,47.92,48.38,47.62,48.2,72233
2015-01-30,48.01,48.18,47.4003,47.42,60666
2015-02-02,48.68,49.53,48.1,49.51,265680
2015-02-03,48.99,49.43,48.76,49.4,181143
2015-02-04,48.67,48.91,48.5,48.64,96848
2015-02-05,47.76,48.18,47.23,47.9,50684
2015-02-06,47.0,47.19,46.44,46.7,239190
2015-02-09,46.01,46.2,45.68,45.95,205663
2015-02-10,45.53,46.09,45.24,45.95,233072
2015-02-11,46.26,46.82,46.24,46.72,162446
2015-02-12,47.44,48.24,47.03,48.19,111695
2015-02-13,47.81,48.4,47.81,48.37,143415
2015-02-17,48.52,48.74,48.3001,48.62,66073
2015-02-18,48.71,49.43,48.709,49.3,48034
2015-02-19,48.9,49.185,48.52,48.88,40494
2015-02-20,48.83,49.44,48.7514,49.44,95868
2015-02-23,46.609,49.19,46.609,48.41,224275
2015-02-24,48.36,48.9099,48.11,48.58,137787
2015-02-25,48.21,48.65,48.18,48.52,271576
2015-02-26,48.0,48.495,47.9,48.4,92649
2015-02-27,49.18,49.82,48.95,49.69,310264
2015-03-02,49.9,50.13,49.68,50.13,263549
2015-03-03,50.23,50.5,50.14,50.4,130772
2015-03-04,49.5,49.5,48.9468,49.46,85245
2015-03-05,49.69,49.99,49.69,49.88,51799
2015-03-06,49.8,49.8,48.61,48.61,313969
2015-03-09,48.73,48.88,48.54,48.6,239032
2015-03-10,48.35,48.4,47.92,47.92,257410
2015-03-11,48.22,48.65,48.06,48.57,164753
2015-03-12,49.48,49.9195,49.31,49.84,65216
2015-03-13,48.17,48.39,47.75,47.99,75660
2015-03-16,48.21,48.62,47.99,48.37,77283
2015-03-17,48.41,48.6406,48.061,48.51,319363
2015-03-18,48.5,50.23,48.5,49.95,230603
2015-03-19,48.3,48.47,47.62,48.06,49773
2015-03-20,46.97,47.47,46.6,47.02,105626
2015-03-23,46.83,46.83,46.1401,46.23,86949
2015-03-24,45.77,46.48,45.55,46.33,160419
2015-03-25,45.98,46.01,45.05,45.08,115578
2015-03-26,45.1,45.2,44.77,44.96,179250
2015-03-27,45.22,45.42,45.011,45.22,87042
2015-03-30,46.45,46.99,46.17,46.9,78659
2015-03-31,46.83,47.22,46.6401,47.22,80281
2015-04-01,48.11,48.389,47.71,48.16,191916
2015-04-02,48.15,48.58,48.15,48.51,36768
2015-04-06,48.66,49.1299,48.66,48.88,59157
2015-04-07,49.25,49.75,48.96,49.08,211841
2015-04-08,49.67,49.97,49.16,49.54,136438
2015-04-09,49.99,50.18,49.75,50.12,126174
2015-04-10,50.07,50.5,50.07,50.5,42511
2015-04-13,50.61,50.95,50.25,50.31,58162
2015-04-14,50.21,50.45,50.11,50.39,153981
2015-04-15,50.32,50.71,50.05,50.6,100649
2015-04-16,50.1,50.1,48.71,49.4,272224
2015-04-17,48.47,48.53,48.06,48.12,115176
2015-04-20,47.06,47.58,46.8503,47.19,174074
2015-04-21,47.33,47.33,46.864,47.14,63967
2015-04-22,47.3,47.5,47.001,47.43,86624
2015-04-23,47.0,47.1199,46.718,46.87,109482
2015-04-24,45.95,45.9718,45.07,45.23,188611
2015-04-27,43.94,43.95,43.5401,43.61,393670
2015-04-28,44.48,45.0,44.48,44.75,287015
2015-04-29,44.76,45.08,44.37,44.49,138818
2015-04-30,44.52,44.91,44.05,44.05,142293
2015-05-01,44.47,44.96,44.32,44.73,168086
2015-05-04,45.62,46.01,45.46,45.65,88537
2015-05-05,45.85,45.99,45.7,45.74,116795
2015-05-06,43.82,44.0718,43.31,43.46,140627
2015-05-07,42.41,43.11,42.33,43.02,230566
2015-05-08,43.88,44.89,43.88,44.42,149665
2015-05-11,44.59,45.4,44.02,44.07,258266
2015-05-12,43.19,43.23,42.1,42.85,369737
2015-05-13,43.37,43.77,43.06,43.165,170024
2015-05-14,43.98,44.49,43.93,44.49,92014
2015-05-15,44.13,44.3,43.76,44.19,72868
2015-05-18,44.38,44.4999,44.26,44.3,72767
2015-05-19,44.49,44.67,44.3,44.52,65769
2015-05-20,44.49,44.9,44.45,44.86,24992
2015-05-21,44.69,44.97,44.44,44.52,96212
2015-05-22,44.33,44.61,44.272,44.29,20121
2015-05-26,43.8,44.0083,43.3201,43.48,79616
2015-05-27,43.35,43.88,43.35,43.76,149152
2015-05-28,43.73,43.8,43.5,43.62,94599
2015-05-29,44.49,44.75,44.39,44.4,71212
2015-06-01,44.57,44.9799,44.405,44.41,106444
2015-06-02,43.53,43.71,43.3,43.32,63821
2015-06-03,42.46,42.6,41.39,41.61,241605
2015-06-04,41.38,41.6699,41.1,41.12,155324
2015-06-05,41.27,41.5095,41.16,41.27,102228
2015-06-08,40.93,40.98,40.56,40.61,83648
2015-06-09,40.54,40.55,40.1601,40.26,245286
2015-06-10,40.61,41.54,40.5,41.36,148216
2015-06-11,40.54,40.54,39.67,39.69,294825
2015-06-12,39.7,40.1699,39.54,39.88,146514
2015-06-15,39.95,40.17,39.798,40.02,101648
2015-06-16,40.38,40.75,40.35,40.72,156501
2015-06-17,41.02,41.5,40.69,41.4,243301
2015-06-18,41.92,42.19,41.5601,42.08,88605
2015-06-19,41.95,42.25,41.66,41.66,137645
2015-06-22,42.69,42.97,42.62,42.78,161389
2015-06-23,42.69,43.0,42.69,42.95,63359
2015-06-24,42.44,42.65,42.36,42.41,49844
2015-06-25,42.64,42.851,42.56,42.56,93142
2015-06-26,42.8,43.1515,42.4344,43.06,83591
2015-06-29,42.2,42.2,41.31,41.32,181793
2015-06-30,42.14,42.6,42.14,42.34,87114
2015-07-01,43.19,43.55,43.01,43.24,91218
2015-07-02,44.0,44.6,43.85,44.1,88494
2015-07-06,44.07,45.09,44.07,44.52,149923
2015-07-07,45.17,45.2,44.59,45.2,199609
2015-07-08,44.6,44.6,43.93,43.96,108148
2015-07-09,44.64,44.934,44.27,44.35,56643
2015-07-10,44.74,45.1343,44.684,44.97,100728
2015-07-13,45.21,45.5299,45.159,45.39,127964
2015-07-14,45.5,46.0,45.5,45.92,48828
2015-07-15,45.98,46.09,45.67,45.71,59479
2015-07-16,46.34,46.6999,46.32,46.65,76413
2015-07-17,46.75,46.95,46.65,46.75,96602
2015-07-20,46.74,46.93,46.4,46.75,112958
2015-07-21,46.28,46.6,45.89,45.9,43080
2015-07-22,46.39,46.57,46.19,46.45,136741
2015-07-23,46.79,46.97,46.46,46.46,100493
2015-07-24,46.34,46.5,45.9376,46.08,58094
2015-07-27,45.42,45.46,45.08,45.22,102290
2015-07-28,45.62,45.9599,45.2701,45.85,67917
2015-07-29,45.95,46.37,45.95,46.37,123665
2015-07-30,46.5,46.78,46.25,46.78,129251
2015-07-31,47.4,47.7583,47.35,47.45,267362
2015-08-03,47.8,48.062,47.522,47.84,164600
2015-08-04,48.44,48.75,48.1101,48.35,117083
2015-08-05,49.0,49.196,48.75,48.84,123761
2015-08-06,48.75,49.04,48.0,48.62,134685
2015-08-07,48.54,48.74,48.14,48.48,30130
2015-08-10,48.25,48.6,47.5194,48.42,50877
2015-08-11,47.48,47.48,46.6,47.03,124074
2015-08-12,45.57,45.6,45.07,45.23,122617
2015-08-13,44.73,44.73,44.359,44.66,47360
2015-08-14,45.44,45.677,45.44,45.56,41422
2015-08-17,45.19,45.3,45.0712,45.23,31105
2015-08-18,45.81,45.81,45.55,45.75,43930
2015-08-19,45.82,45.97,45.35,45.66,47078
2015-08-20,44.9,44.9,43.55,43.64,139293
2015-08-21,43.0,43.2287,41.58,41.6,203565
2015-08-24,40.77,40.77,36.0,37.5,311629
2015-08-25,38.25,39.57,38.25,38.61,185933
2015-08-26,39.38,40.35,39.2501,40.25,281809
2015-08-27,41.055,41.82,41.0,41.74,117398
2015-08-28,40.98,41.32,40.487,41.09,95873
2015-08-31,40.73,40.97,39.85,40.6601,75702
2015-09-01,39.847,39.847,37.18,38.99,124161
2015-09-02,39.74,39.92,39.365,39.92,52106
2015-09-03,40.05,40.86,40.05,40.11,77832
2015-09-04,39.31,39.31,38.0,38.42,29345
2015-09-08,38.59,38.91,38.405,38.74,35223
2015-09-09,39.5,39.62,38.7,38.97,130213
2015-09-10,38.83,39.4299,38.555,39.19,9378
2015-09-11,39.43,40.0,39.26,40.0,12102
2015-09-14,39.85,39.91,39.69,39.81,20661
2015-09-15,39.65,40.35,39.3,40.31,37832
2015-09-16,39.89,40.26,39.16,40.19,49207
2015-09-17,39.91,41.02,39.75,40.54,55161
2015-09-18,39.94,40.41,39.62,39.64,64245
2015-09-21,41.08,41.45,40.95,40.99,55194
2015-09-22,40.25,40.33,39.77,40.32,96675
2015-09-23,40.79,41.12,40.325,40.37,75365
2015-09-24,40.42,40.86,40.054,40.64,78034
2015-09-25,41.02,41.17,40.6001,40.87,60309
2015-09-28,40.66,40.66,39.87,40.09,82239
2015-09-29,40.95,41.22,40.3,40.76,104513
2015-09-30,41.57,42.3,41.48,42.3,51451
2015-10-01,41.56,41.73,41.262,41.73,6631
2015-10-02,41.58,42.77,41.23,42.53,129206
2015-10-05,43.05,43.58,43.05,43.55,193075
2015-10-06,43.5,43.5095,43.0,43.1,176500
2015-10-07,43.74,44.099,43.723,43.83,75797
2015-10-08,43.55,44.2585,43.51,44.12,93075
2015-10-09,44.13,44.246,43.8801,43.97,34215
2015-10-12,43.96,43.99,43.51,43.89,91001
2015-10-13,43.93,44.52,43.93,44.12,253353
2015-10-14,44.59,44.75,44.16,44.31,95125
2015-10-15,44.89,44.92,44.18,44.82,50798
2015-10-16,45.0,45.39,44.87,45.39,133098
2015-10-19,45.26,45.3399,44.8101,45.14,27159
2015-10-20,44.98,45.2,44.9001,44.96,121788
2015-10-21,44.78,44.9999,44.53,44.63,36794
2015-10-22,44.84,45.56,44.79,45.42,72248
2015-10-23,44.94,45.21,44.66,45.12,21193
2015-10-26,44.07,44.406,43.74,43.86,67294
2015-10-27,43.94,44.0,43.58,43.66,37274
2015-10-28,43.91,44.1475,43.12,43.34,42406
2015-10-29,43.35,43.5,43.28,43.28,21997
2015-10-30,43.19,43.192,42.75,42.75,160319
2015-11-02,43.15,43.3799,43.0,43.2099,73858
2015-11-03,42.93,43.51,42.869,43.24,257787
2015-11-04,43.0311,43.0311,42.49,42.51,149553
2015-11-05,42.1,42.1,41.666,41.83,186878
2015-11-06,41.08,41.63,40.79,41.46,96176
2015-11-09,41.62,41.62,40.89,40.99,60480
2015-11-10,41.31,41.3799,40.9,41.03,194266
2015-11-11,41.77,41.9899,41.36,41.38,62731
2015-11-12,41.42,41.77,41.23,41.24,131258
2015-11-13,41.19,41.34,41.01,41.06,264840
2015-11-16,41.91,42.98,41.775,42.89,338663
2015-11-17,42.56,42.56,42.17,42.17,155543
2015-11-18,41.77,42.39,41.77,42.32,24814
2015-11-19,42.35,42.6772,42.35,42.41,9841
2015-11-20,42.9926,43.21,42.68,42.71,26299
2015-11-23,42.63,43.11,42.35,42.35,31594
2015-11-24,42.63,43.23,42.63,43.02,137763
2015-11-25,42.77,43.06,42.77,42.98,13282
2015-11-27,43.0,43.0,42.81,42.88,4319
2015-11-30,43.55,43.96,43.5,43.78,94557
2015-12-01,43.88,44.1,43.88,44.06,22418
2015-12-02,43.79,43.79,43.24,43.3,10114
2015-12-03,43.3799,43.3799,42.88,42.935,158250
2015-12-04,42.76,43.26,42.58,43.12,16807
2015-12-07,42.72,42.97,42.58,42.9,210660
2015-12-08,42.13,42.13,41.8083,42.0,15854
2015-12-09,41.59,41.59,41.07,41.07,26204
2015-12-10,41.65,42.1289,41.65,41.73,28981
2015-12-11,41.18,41.34,40.471,40.49,112425
2015-12-14,41.09,41.54,41.09,41.41,172425
2015-12-15,42.31,42.5,42.03,42.19,93572
2015-12-16,42.55,43.1,42.33,43.09,26089
2015-12-17,43.73,44.418,43.43,43.43,18217
2015-12-18,43.4,43.65,43.34,43.34,56709
2015-12-21,42.37,43.123,41.99,42.69,56556
2015-12-22,42.42,43.19,42.42,42.82,102654
2015-12-23,42.99,43.27,42.86,43.18,37664
2015-12-24,43.38,43.88,43.3723,43.42,7631
2015-12-28,43.49,43.6899,43.07,43.25,178705
2015-12-29,43.25,43.64,43.2,43.4,145830
2015-12-30,43.17,43.5,43.1507,43.16,42486
2015-12-31,43.33,43.76,43.16,43.27,17893
2016-01-04,43.06,43.085,42.74,42.93,225740
2016-01-05,43.82,44.11,43.82,43.95,15522
2016-01-06,43.5,43.64,43.13,43.55,321273
2016-01-07,41.77,42.5,41.41,41.89,148825
2016-01-08,42.69,43.015,42.31,42.37,279391
2016-01-11,42.36,43.45,42.36,42.71,49789
2016-01-12,42.61,42.79,42.0,42.395,84966
2016-01-13,41.5,41.59,40.31,40.76,107903
2016-01-14,40.11,40.78,39.82,40.5,85607
2016-01-15,38.09,38.21,37.57,37.71,146168
2016-01-19,37.48,37.48,36.51,36.58,42515
2016-01-20,36.07,36.45,35.36,36.07,457770
2016-01-21,36.43,37.0,36.42,36.42,73564
2016-01-22,37.7,37.9989,37.17,37.81,105694
2016-01-25,37.82,38.0,37.57,37.67,59189
2016-01-26,37.83,38.08,37.59,38.08,14651
2016-01-27,38.17,38.31,37.6,37.91,25268
2016-01-28,38.38,38.38,37.75,37.93,12519
2016-01-29,38.4,39.01,38.26,38.63,72971
2016-02-01,38.82,38.88,38.4401,38.88,13463
2016-02-02,38.28,38.31,37.31,37.75,302654
2016-02-03,37.03,37.43,36.56,37.42,37286
2016-02-04,36.66,36.9699,36.27,36.38,35013
2016-02-05,36.95,37.0799,36.4901,36.75,61368
2016-02-08,36.86,37.1799,36.49,37.13,50276
2016-02-09,36.4,36.58,36.0,36.53,10876
2016-02-10,35.81,36.105,35.38,35.38,34278
2016-02-11,33.56,33.7299,32.97,33.28,441077
2016-02-12,32.87,33.1099,32.57,32.81,66008
2016-02-16,32.99,33.493,32.99,33.11,132108
2016-02-17,33.43,34.1589,33.43,33.7612,37974
2016-02-18,33.64,33.81,33.16,33.22,108676
2016-02-19,33.11,33.4699,33.04,33.42,20573
2016-02-22,33.81,34.07,33.81,34.06,43056
2016-02-23,33.16,33.4656,32.78,33.16,35235
2016-02-24,32.501,33.3,32.45,32.91,19661
2016-02-25,32.4,32.61,32.3,32.52,71396
2016-02-26,32.36,32.36,31.67,31.75,42080
2016-02-29,32.46,32.5999,32.08,32.46,33522
2016-03-01,33.84,34.3999,33.59,34.39,19285
2016-03-02,34.83,35.3999,34.83,35.37,76061
2016-03-03,35.54,35.83,35.3708,35.83,43223
2016-03-04,36.11,36.73,36.0,36.56,286841
2016-03-07,36.05,36.53,35.9911,36.3,17683
2016-03-08,36.01,36.22,35.78,35.78,10926
2016-03-09,36.21,36.5289,36.19,36.2,16652
2016-03-10,36.32,36.4501,35.8101,36.07,6020
2016-03-11,36.11,36.49,36.11,36.47,32147
2016-03-14,35.98,36.7,35.98,36.12,29640
2016-03-15,35.93,36.22,35.8101,35.86,11945
2016-03-16,35.86,36.879,35.86,36.85,41106
2016-03-17,36.42,36.9,36.27,36.75,22558
2016-03-18,36.75,36.81,36.6,36.6,27818
2016-03-21,36.91,37.51,36.91,37.1,34115
2016-03-22,37.06,37.3999,37.05,37.34,181560
2016-03-23,37.34,37.43,36.98,37.12,14805
2016-03-24,36.81,37.2,36.79,37.2,85044
2016-03-28,36.92,37.188,36.92,37.13,150805
2016-03-29,36.86,37.58,36.86,37.58,27707
2016-03-30,37.96,38.2095,37.9001,38.14,43283
2016-03-31,38.4296,38.5099,38.24,38.24,31180
2016-04-01,38.13,39.3,37.7711,39.1499,71254
2016-04-04,39.72,39.72,38.91,38.93,100473
2016-04-05,38.15,38.24,37.968,38.05,130951
2016-04-06,38.33,38.97,38.33,38.93,47630
2016-04-07,38.27,38.36,37.83,38.08,30053
2016-04-08,38.63,38.78,38.5271,38.64,28376
2016-04-11,39.23,39.39,38.9476,39.01,61665
2016-04-12,39.57,40.0,39.3,40.0,45360
2016-04-13,39.95,40.16,39.63,40.14,336821
2016-04-14,39.97,40.36,39.97,40.28,287814
2016-04-15,40.18,40.426,40.07,40.14,127701
2016-04-18,40.4,40.86,40.35,40.8,80512
2016-04-19,41.0,41.35,40.875,41.26,24841
2016-04-20,41.07,41.36,41.01,41.01,39505
2016-04-21,40.74,40.75,40.3518,40.58,171797
2016-04-22,40.26,40.5401,40.26,40.39,35747
2016-04-25,40.39,40.39,39.9807,40.0,33808
2016-04-26,40.8,40.8,40.45,40.64,75397
2016-04-27,40.73,41.07,40.6199,41.06,10746
2016-04-28,40.46,40.65,39.7711,40.25,96444
2016-04-29,40.46,40.46,40.01,40.13,30972
2016-05-02,40.32,40.5,40.01,40.39,47747
2016-05-03,40.2,40.2501,39.8,39.85,150754
2016-05-04,39.29,39.4299,38.82,38.85,57390
2016-05-05,39.31,39.32,38.97,39.14,99565
2016-05-06,39.28,39.4299,38.96,39.37,97309
2016-05-09,39.63,39.8199,39.45,39.45,32393
2016-05-10,39.61,39.98,39.6,39.97,31562
2016-05-11,40.02,40.04,39.4901,39.69,57120
2016-05-12,40.35,40.35,39.7,39.83,102754
2016-05-13,39.89,39.98,39.41,39.56,62622
2016-05-16,39.99,40.2399,39.92,40.0,97373
2016-05-17,40.0199,40.16,39.7,39.82,84768
2016-05-18,39.88,40.37,39.65,39.77,81069
2016-05-19,38.9,39.1,38.77,38.92,107915
2016-05-20,38.68,38.87,38.63,38.72,27704
2016-05-23,38.21,38.372,38.18,38.21,123325
2016-05-24,37.93,38.21,37.89,38.189,54511
2016-05-25,38.58,38.9589,38.5,38.72,33254
2016-05-26,38.96,39.33,38.96,39.16,110455
2016-05-27,39.61,39.7401,39.5,39.63,65479
2016-05-31,39.58,39.9199,39.23,39.66,153427
2016-06-01,39.3199,39.59,39.28,39.52,70579
2016-06-02,39.52,39.92,39.4299,39.79,60016
2016-06-03,39.78,40.0599,39.64,39.9599,25936
2016-06-06,39.89,40.4599,39.89,40.21,28452
2016-06-07,40.38,40.6243,40.311,40.56,12929
2016-06-08,41.0,41.52,41.0,41.33,70495
2016-06-09,41.04,41.25,40.55,41.18,51639
2016-06-10,40.94,41.1299,40.7,40.85,15056
2016-06-13,40.51,40.77,40.28,40.315,55307
2016-06-14,40.7,41.15,40.58,40.88,15262
2016-06-15,41.35,41.76,41.08,41.24,26255
2016-06-16,40.68,41.0,40.47,41.0,25094
2016-06-17,41.03,41.1,40.9221,41.03,62543
2016-06-20,41.21,41.51,40.8801,40.8801,24697
2016-06-21,41.13,41.44,41.0,41.3,13287
2016-06-22,40.95,41.05,40.77,40.77,10166
2016-06-23,40.92,41.27,40.8928,41.27,9374
2016-06-24,39.5,39.98,38.88,39.23,79298
2016-06-27,40.13,40.45,39.7801,40.0,12574
2016-06-28,40.96,41.22,40.6801,41.1,30735
2016-06-29,41.68,42.0899,41.68,41.95,240708
2016-06-30,42.34,42.38,41.8902,42.38,24979
2016-07-01,42.7,43.0,42.5,42.97,26789
2016-07-05,43.17,43.5985,42.79,42.93,57837
2016-07-06,42.56,43.0,42.56,42.91,18111
2016-07-07,43.09,43.3,42.86,43.03,32745
2016-07-08,43.1,43.63,43.1,43.63,54308
2016-07-11,43.84,43.94,43.7401,43.81,25262
2016-07-12,44.04,44.26,43.87,44.01,42779
2016-07-13,43.56,43.74,43.1201,43.43,11048
2016-07-14,43.72,44.14,43.72,43.98,13125
2016-07-15,43.43,43.73,43.235,43.28,26463
2016-07-18,43.04,43.29,42.791,43.17,37496
2016-07-19,43.03,43.36,43.02,43.03,10205
2016-07-20,43.3,43.44,43.29,43.41,20466
2016-07-21,43.36,43.546,43.31,43.365,3861
2016-07-22,43.68,44.0,43.26,43.9,56126
2016-07-25,44.16,44.55,43.93,43.99,14594
2016-07-26,43.74,43.87,43.4601,43.57,12489
2016-07-27,43.95,44.489,43.915,44.26,11083
2016-07-28,44.3,44.58,44.28,44.46,23668
2016-07-29,44.7,45.09,44.5601,45.09,40260
2016-08-01,44.89,45.0143,44.5,44.5047,30525
2016-08-02,44.6,44.68,44.08,44.14,13876
2016-08-03,43.62,43.9865,43.406,43.98,19735
2016-08-04,44.12,44.17,43.9,44.01,9220
2016-08-05,44.7,44.989,44.7,44.84,5862
2016-08-08,44.97,44.97,44.81,44.9,6989
2016-08-09,44.98,44.98,44.51,44.65,46563
2016-08-10,43.95,44.25,43.69,43.77,31485
2016-08-11,43.8,44.15,43.8,44.14,11015
2016-08-12,44.2425,44.2425,43.83,43.88,3107
2016-08-15,44.06,44.4999,44.05,44.09,10644
2016-08-16,44.14,44.999,43.67,43.68,8352
2016-08-17,44.1,44.3,43.8,44.16,6097
2016-08-18,44.38,44.9,44.25,44.52,19237
2016-08-19,44.67,44.9799,44.51,44.71,35142
2016-08-22,44.37,44.4494,44.2,44.21,5008
2016-08-23,44.65,45.19,44.39,44.51,8032
2016-08-24,44.75,44.98,44.69,44.87,28847
2016-08-25,44.43,44.7486,44.42,44.57,14863
2016-08-26,44.58,44.9044,43.98,44.3,62060
2016-08-29,44.54,44.84,44.54,44.66,2119
2016-08-30,45.13,45.63,44.91,45.0,37168
2016-08-31,45.37,45.49,45.12,45.22,24993
2016-09-01,45.21,45.3899,45.02,45.37,16264
2016-09-02,45.98,46.57,45.98,46.29,28376
2016-09-06,46.29,46.65,46.215,46.65,12263
2016-09-07,47.0,47.0,46.681,46.87,4044
2016-09-08,47.03,47.5,47.03,47.25,8442
2016-09-09,46.77,46.77,46.09,46.13,26351
2016-09-12,45.26,45.9272,45.23,45.78,14452
2016-09-13,45.2501,45.2501,44.69,44.98,47271
2016-09-14,45.93,46.44,45.86,46.117,26187
2016-09-15,46.39,46.55,46.17,46.48,97234
2016-09-16,46.19,46.2286,45.81,46.14,28310
2016-09-19,46.53,46.7191,46.31,46.35,10966
2016-09-20,46.43,46.63,46.3001,46.58,115559
2016-09-21,46.65,47.24,46.45,47.24,20734
2016-09-22,47.47,47.82,47.47,47.78,15057
2016-09-23,47.46,47.62,47.41,47.4599,84615
2016-09-26,47.25,47.25,46.85,47.14,106110
2016-09-27,47.02,47.3,46.98,47.22,18016
2016-09-28,47.83,48.38,47.77,48.38,46503
2016-09-29,44.95,45.55,44.75,44.92,72786
2016-09-30,46.48,46.59,46.219,46.46,47215
2016-10-03,47.55,48.0,47.44,48.0,20161
2016-10-04,48.32,48.3342,47.6,47.92,29081
2016-10-05,48.25,48.49,48.15,48.36,22369
2016-10-06,47.63,47.94,47.431,47.88,32996
2016-10-07,47.86,48.1,47.77,47.98,16037
2016-10-10,48.07,48.3,48.07,48.27,16681
2016-10-11,47.79,47.927,47.383,47.5901,73604
2016-10-12,47.68,47.77,47.53,47.54,15842
2016-10-13,46.76,47.15,46.5,46.995,39688
2016-10-14,47.56,47.65,47.172,47.35,34272
2016-10-17,47.25,47.28,47.0,47.15,21838
2016-10-18,47.96,48.59,47.81,48.59,61332
2016-10-19,48.55,48.75,48.5,48.62,18890
2016-10-20,48.57,48.8177,48.48,48.6101,8258
2016-10-21,48.72,48.7734,48.538,48.69,14704
2016-10-24,48.86,49.05,48.8,48.8913,32735
2016-10-25,48.93,49.045,48.73,48.77,22660
2016-10-26,48.594,48.75,48.47,48.67,17646
2016-10-27,48.27,48.27,47.82,47.86,22339
2016-10-28,48.43,48.69,48.26,48.36,29330
2016-10-31,48.42,48.8,48.42,48.79,28982
2016-11-01,48.85,48.87,48.1559,48.56,28207
2016-11-02,48.06,48.06,47.31,47.57,20996
2016-11-03,47.2,47.21,46.83,46.91,29114
2016-11-04,46.0,46.0,45.56,45.68,44358
2016-11-07,46.56,47.08,46.29,46.98,63776
2016-11-08,46.67,46.97,46.01,46.02,100993
2016-11-09,44.82,45.55,44.7777,45.26,63458
2016-11-10,45.49,45.7419,44.8773,44.95,129290
2016-11-11,43.62,44.29,42.44,42.6,184723
2016-11-14,42.57,43.0145,42.24,42.35,133732
2016-11-15,41.73,41.96,40.7,41.8807,103125
2016-11-16,41.04,41.15,40.73,40.9846,69719
2016-11-17,40.98,41.32,40.98,41.18,52636
2016-11-18,41.18,41.24,40.98,41.01,51056
2016-11-21,39.77,39.92,39.34,39.67,51389
2016-11-22,39.95,39.95,39.5,39.84,20944
2016-11-23,39.95,39.98,39.6701,39.88,43362
2016-11-25,41.01,41.71,40.88,40.97,24022
2016-11-28,41.18,41.3532,41.1,41.19,36306
2016-11-29,41.51,41.8574,41.3979,41.78,49010
2016-11-30,42.35,42.67,42.2217,42.38,39123
2016-12-01,42.19,42.38,41.62,41.94,31321
2016-12-02,41.51,41.8847,41.51,41.79,44821
2016-12-05,41.72,42.03,41.72,41.96,17033
2016-12-06,42.62,42.71,42.49,42.63,10958
2016-12-07,42.32,42.82,42.29,42.72,47022
2016-12-08,42.84,43.31,42.84,43.23,88473
2016-12-09,43.3,43.44,43.3,43.44,8397
2016-12-12,42.94,43.1799,42.82,42.91,26664
2016-12-13,42.76,43.1,42.76,43.04,21972
2016-12-14,42.6,42.65,41.87,41.87,72277
2016-12-15,42.78,42.79,42.05,42.4207,7590
2016-12-16,42.38,42.41,41.73,42.12,56699
2016-12-19,41.5,41.5,41.2484,41.29,62932
2016-12-20,40.85,40.85,40.44,40.57,104625
2016-12-21,40.59,40.74,40.535,40.54,81918
2016-12-22,40.0,40.02,39.74,39.88,107227
2016-12-23,40.11,40.11,39.83,40.0,70501
2016-12-27,39.83,40.05,39.68,39.68,36822
2016-12-28,39.8,39.935,39.7,39.81,59110
2016-12-29,40.18,40.54,40.0701,40.45,89052
2016-12-30,40.85,40.948,40.6603,40.77,43125
2017-01-03,41.85,42.2,41.85,41.995,48389
2017-01-04,42.73,42.73,42.58,42.65,48462
2017-01-05,43.0,43.44,43.0,43.44,61472
2017-01-06,43.03,43.03,42.8,42.87,16809
2017-01-09,43.0,43.239,43.0,43.01,23135
2017-01-10,43.44,43.63,43.44,43.59,67292
2017-01-11,43.73,44.1081,43.68,44.08,14404
2017-01-12,43.86,44.28,43.82,44.09,36759
2017-01-13,43.83,44.24,43.83,44.01,34840
2017-01-17,44.3,44.48,44.27,44.29,18387
2017-01-18,44.57,44.62,44.5,44.56,10765
2017-01-19,44.67,44.67,44.29,44.6,85826
2017-01-20,43.86,43.97,43.59,43.67,32751
2017-01-23,44.16,44.66,44.16,44.4073,8206
2017-01-24,44.44,44.9,44.44,44.84,90386
2017-01-25,44.89,45.41,44.89,45.36,64016
2017-01-26,45.16,45.64,45.1378,45.22,77623
2017-01-27,45.47,45.67,45.39,45.49,31441
2017-01-30,45.41,45.57,45.19,45.49,67447
2017-01-31,45.03,45.37,45.0,45.23,63691
2017-02-01,45.83,46.12,45.82,46.07,83683
2017-02-02,46.6,46.81,46.46,46.56,62095
2017-02-03,47.55,47.7,47.33,47.61,69523
2017-02-06,47.62,47.8,47.36,47.66,85356
2017-02-07,47.4,47.64,47.4,47.62,86957
2017-02-08,47.8,48.37,47.8,48.35,27661
2017-02-09,48.54,48.72,48.39,48.7,72677
2017-02-10,48.5,48.74,48.19,48.74,61070
2017-02-13,47.77,47.89,47.49,47.82,63086
2017-02-14,47.35,47.46,47.05,47.41,88744
2017-02-15,46.43,46.73,46.05,46.7,80795
2017-02-16,46.9,47.25,46.9,47.01,267607
2017-02-17,47.06,47.19,47.0,47.16,94010
2017-02-21,48.01,48.37,48.01,48.29,53128
2017-02-22,47.89,47.97,47.51,47.95,43832
2017-02-23,48.12,48.28,48.05,48.07,84329
2017-02-24,47.97,47.97,47.6,47.73,73010
2017-02-27,48.03,48.22,48.0,48.04,73370
2017-02-28,48.7,48.72,48.3,48.58,76954
2017-03-01,48.83,49.33,48.63,49.33,87808
2017-03-02,48.16,48.18,47.82,47.88,51574
2017-03-03,48.24,48.5,48.24,48.44,15381
2017-03-06,48.58,48.87,48.33,48.47,33234
2017-03-07,48.55,48.68,48.5,48.63,23938
2017-03-08,48.08,48.3,47.73,47.9,81887
2017-03-09,48.01,48.38,48.01,48.24,19588
2017-03-10,48.42,48.55,48.15,48.49,22031
2017-03-13,49.76,50.0,49.6,50.0,106319
2017-03-14,49.52,49.67,49.36,49.6,112713
2017-03-15,49.89,51.11,49.89,51.03,138524
2017-03-16,51.14,51.28,50.89,50.98,45947
2017-03-17,50.8,50.96,50.69,50.8,59652
2017-03-20,50.98,51.77,50.97,51.77,153895
2017-03-21,51.47,51.54,50.59,50.62,134842
2017-03-22,50.55,50.77,50.34,50.62,137516
2017-03-23,50.88,51.39,50.79,51.32,74340
2017-03-24,51.52,51.55,51.09,51.44,59159
2017-03-27,51.67,51.85,51.38,51.85,43188
2017-03-28,51.89,52.11,51.79,52.09,74620
2017-03-29,52.01,52.51,51.99,52.43,66263
2017-03-30,52.59,52.9,52.45,52.8,71187
2017-03-31,52.95,53.19,52.95,52.96,73610
2017-04-03,53.72,53.88,53.51,53.84,87288
2017-04-04,53.61,53.72,53.5,53.71,56215
2017-04-05,54.23,54.57,54.0,54.13,115958
2017-04-06,54.67,54.67,54.44,54.59,79738
2017-04-07,54.44,54.56,54.27,54.45,48396
2017-04-10,54.59,54.74,54.52,54.66,44077
2017-04-11,54.96,55.56,54.84,55.2,106569
2017-04-12,55.03,55.03,54.46,54.6,106377
2017-04-13,55.0,55.65,54.8,54.9,40799
2017-04-17,55.64,56.12,55.61,56.09,125094
2017-04-18,55.32,55.32,54.85,54.91,145606
2017-04-19,55.57,55.87,55.17,55.2,95530
2017-04-20,56.49,56.56,56.2,56.42,214303
2017-04-21,56.83,56.83,56.6,56.73,214072
2017-04-24,57.68,57.79,57.3,57.38,111047
2017-04-25,57.86,58.07,57.61,57.88,183871
2017-04-26,57.46,57.56,57.19,57.35,65799
2017-04-27,57.13,57.41,57.0,57.09,50428
2017-04-28,57.35,57.53,57.16,57.52,85885
2017-05-01,57.73,57.73,57.56,57.62,53984
2017-05-02,57.87,57.96,57.77,57.93,53675
2017-05-03,57.87,57.98,57.57,57.76,73622
2017-05-04,57.84,57.94,57.37,57.56,85472
2017-05-05,57.35,57.67,57.11,57.41,73666
2017-05-08,57.43,58.0,57.43,57.6,64816
2017-05-09,57.96,58.39,57.89,58.02,122668
2017-05-10,58.76,58.91,58.49,58.66,136578
2017-05-11,58.82,58.88,58.53,58.65,97696
2017-05-12,58.79,58.92,58.7,58.82,70858
2017-05-15,59.16,59.55,59.13,59.32,113093
2017-05-16,59.82,60.0,59.35,59.92,200014
2017-05-17,59.31,59.36,58.35,58.5,146596
2017-05-18,57.08,57.47,56.26,57.11,160957
2017-05-19,57.48,57.48,57.14,57.23,70949
2017-05-22,56.51,56.51,56.0,56.14,185700
2017-05-23,54.53,54.53,53.93,54.19,254128
2017-05-24,53.53,53.53,52.91,53.42,158922
2017-05-25,54.18,54.74,54.18,54.68,244447
2017-05-26,55.87,56.21,55.53,56.01,97746
2017-05-30,55.29,55.3,54.9,55.11,78853
2017-05-31,55.7,56.21,55.46,55.62,128098
2017-06-01,56.35,56.84,56.01,56.72,79789
2017-06-02,57.13,57.39,56.97,57.22,105486
2017-06-05,57.18,57.38,57.14,57.28,33280
2017-06-06,56.66,56.89,56.5,56.83,77221
2017-06-07,57.0,57.2,56.82,57.07,180374
2017-06-08,57.12,57.3,57.02,57.19,39489
2017-06-09,57.5,57.5,56.54,56.8,93208
2017-06-12,56.63,56.87,56.32,56.59,93758
2017-06-13,56.9,57.2,56.6,57.07,59371
2017-06-14,57.5,57.87,57.21,57.21,46693
2017-06-15,57.2,57.45,56.95,57.29,91944
2017-06-16,57.5,57.74,57.38,57.68,21594
2017-06-19,57.76,57.77,57.52,57.63,56625
2017-06-20,57.18,57.28,56.74,56.9,47608
2017-06-21,57.63,57.8,57.42,57.5,74144
2017-06-22,57.22,57.54,56.9,56.93,51324
2017-06-23,56.51,56.51,56.01,56.32,36827
2017-06-26,56.38,56.82,56.3,56.72,37138
2017-06-27,55.55,55.55,54.92,54.93,314257
2017-06-28,55.3,55.83,55.3,55.7,29906
2017-06-29,55.79,55.92,55.14,55.46,99632
2017-06-30,55.78,56.02,55.54,55.73,39356
2017-07-03,56.16,56.45,56.16,56.43,20097
2017-07-05,56.83,57.18,56.65,57.08,90789
2017-07-06,57.46,57.46,56.77,56.81,108526
2017-07-07,57.44,57.55,57.26,57.39,70725
2017-07-10,57.98,58.49,57.64,58.16,140580
2017-07-11,57.6,57.6,57.3,57.47,133931
2017-07-12,58.23,58.89,58.23,58.77,78895
2017-07-13,58.74,58.74,58.3183,58.5,71318
2017-07-14,58.5,58.7,58.5,58.55,25416
2017-07-17,58.5,58.59,58.16,58.19,51875
2017-07-18,58.02,58.09,57.85,58.01,39719
2017-07-19,58.64,59.66,58.53,58.81,34021
2017-07-20,58.93,59.29,58.91,59.28,143145
2017-07-21,59.22,59.3,58.66,59.15,92329
2017-07-24,59.74,59.86,59.45,59.81,27157
2017-07-25,59.99,60.0,59.79,59.82,25621
2017-07-26,59.99,60.0,59.75,60.0,38411
2017-07-27,59.65,59.84,59.0,59.26,70077
2017-07-28,59.5,59.75,59.5,59.57,29870
2017-07-31,59.5,59.79,59.44,59.66,95482
2017-08-01,59.6,59.87,59.49,59.76,41414
2017-08-02,59.66,60.0,59.66,59.99,59985
2017-08-03,59.19,59.19,58.9,59.12,27657
2017-08-04,59.0,59.14,58.91,58.98,41414
2017-08-07,59.48,59.8,59.23,59.7,58185
2017-08-08,58.81,58.81,58.18,58.27,154593
2017-08-09,57.15,57.24,56.5,56.97,55965
2017-08-10,55.41,55.41,53.53,53.53,190291
2017-08-11,54.17,54.42,53.97,54.08,124889
2017-08-14,55.68,56.0,55.5,55.86,69195
2017-08-15,56.0,56.2,55.37,55.58,75860
2017-08-16,56.25,56.73,56.24,56.72,31032
2017-08-17,56.86,56.87,56.12,56.22,21175
2017-08-18,56.38,56.57,56.34,56.48,10667
2017-08-21,55.99,55.99,55.55,55.73,42046
2017-08-22,55.36,55.53,55.3,55.43,83123
2017-08-23,55.75,56.24,55.75,56.12,32192
2017-08-24,56.5,56.94,56.34,56.47,26235
2017-08-25,56.66,57.11,56.66,56.69,42784
2017-08-28,57.37,57.54,57.37,57.43,9111
2017-08-29,56.79,56.88,56.12,56.84,54758
2017-08-30,57.14,57.3,56.97,56.98,44548
2017-08-31,57.41,57.71,57.22,57.69,38093
2017-09-01,58.0,58.94,57.98,58.93,50230
2017-09-05,58.41,58.83,57.98,58.2,36001
2017-09-06,58.69,59.22,58.69,59.06,56783
2017-09-07,59.44,59.51,59.16,59.49,24862
2017-09-08,59.48,59.56,59.11,59.16,24763
2017-09-11,59.28,59.79,59.26,59.71,31190
2017-09-12,59.63,60.42,59.63,60.24,263084
2017-09-13,59.84,59.91,59.34,59.5,30733
2017-09-14,59.71,59.9,59.62,59.82,29279
2017-09-15,59.72,59.9,59.6101,59.9,28886
2017-09-18,60.01,60.47,59.97,60.2,37210
2017-09-19,60.35,60.5,60.01,60.49,20413
2017-09-20,60.4,60.4,59.5,59.96,39876
2017-09-21,59.51,59.6,59.3,59.39,14581
2017-09-22,57.83,57.93,57.23,57.52,50646
2017-09-25,56.02,56.28,55.07,55.5,383159
2017-09-26,55.94,56.37,55.83,56.35,233395
2017-09-27,54.99,55.06,54.5,54.64,408736
2017-09-28,55.16,55.73,55.02,55.69,449773
2017-09-29,56.06,56.83,56.0,56.74,164914
