2010-02-11,79.42,79.42,79.39,79.4,2700
2010-02-12,79.11,79.21,78.33,79.12,5800
2010-02-16,83.17,84.444,82.726,84.444,4200
2010-02-17,86.01,86.44,85.75,86.26,17339
2010-02-18,86.61,88.77,86.51,88.49,13450
2010-02-19,87.96,89.64,87.36,88.8,27196
2010-02-22,89.69,89.69,88.13,88.25,22790
2010-02-23,87.81,88.9,85.77,86.155,13392
2010-02-24,86.95,88.4,86.41,88.14,18820
2010-02-25,84.31,86.93,83.41,86.72,41410
2010-02-26,87.07,87.53,85.64,87.14,35402
2010-03-01,87.86,89.12,87.62,88.78,22448
2010-03-02,89.78,90.19,88.67,88.77,18395
2010-03-03,89.36,90.59,88.44,88.66,23683
2010-03-04,89.416,90.04,89.11,90.0399,20522
2010-03-05,91.46,93.12,90.97,93.12,12832
2010-03-08,93.1,93.51,92.5699,92.72,12724
2010-03-09,93.08,94.347,92.59,93.08,16705
2010-03-10,93.53,94.09,92.6,93.25,21816
2010-03-11,92.88,94.48,91.95,94.48,9730
2010-03-12,95.54,95.54,94.37,94.78,10817
2010-03-15,94.61,95.31,93.83,95.31,5123
2010-03-16,95.89,96.78,94.9,96.71,7904
2010-03-17,97.33,98.64,97.33,97.58,7032
2010-03-18,98.11,99.2,97.9199,99.06,10070
2010-03-19,100.05,100.06,96.91,97.91,20090
2010-03-22,96.84,99.83,96.84,99.18,24000
2010-03-23,99.18,99.18,99.18,99.18,10400
2010-03-24,101.24,101.75,100.4,100.6999,8830
2010-03-25,102.38,103.76,100.55,100.77,10115
2010-03-26,101.39,102.51,100.28,101.05,8473
2010-03-29,101.92,102.55,101.86,102.21,15034
2010-03-30,102.93,103.5,101.68,102.7,10020
2010-03-31,101.92,102.37,100.56,101.23,11590
2010-04-01,103.28,103.8472,101.64,103.2,8302
2010-04-05,104.12,104.716,103.2,104.48,12208
2010-04-06,103.78,104.84,103.47,104.31,12348
2010-04-07,103.6,104.2,101.19,102.57,35590
2010-04-08,101.53,103.91,101.04,103.34,10401
2010-04-09,103.94,105.33,103.56,105.3,14910
2010-04-12,105.66,106.02,105.29,105.65,5300
2010-04-13,105.47,106.37,104.57,105.98,14860
2010-04-14,106.95,108.95,106.59,108.86,20074
2010-04-15,108.43,109.59,108.18,109.59,12086
2010-04-16,109.11,109.83,104.66,106.01,37243
2010-04-19,104.96,108.02,104.944,107.84,18788
2010-04-20,108.89,109.09,107.75,108.51,14747
2010-04-21,108.76,109.6,107.65,108.76,12808
2010-04-22,107.1,109.53,105.98,109.53,14936
2010-04-23,109.04,111.23,108.62,111.19,58630
2010-04-26,111.53,112.46,111.2901,111.32,14653
2010-04-27,110.42,111.6599,104.57,105.03,61352
2010-04-28,106.34,107.37,104.32,106.57,38616
2010-04-29,107.86,110.84,107.86,110.0,22401
2010-04-30,110.4,110.75,105.36,105.39,32095
2010-05-03,106.89,110.18,106.89,109.39,37972
2010-05-04,106.48,106.48,101.48,102.98,58118
2010-05-05,100.59,103.43,100.0,101.29,39293
2010-05-06,100.778,101.71,74.74,91.52,158821
2010-05-07,90.98,93.2,85.0,88.36,70996
2010-05-10,97.52,99.5,96.16,98.515,66454
2010-05-11,95.98,100.71,95.76,97.55,37449
2010-05-12,98.6,101.9804,98.41,101.835,29044
2010-05-13,100.98,102.32,98.39,98.4,40370
2010-05-14,96.66,97.25,91.93,94.11,39213
2010-05-17,94.63,95.18,89.48,94.29,49012
2010-05-18,96.36,96.5245,90.59,91.25,36162
2010-05-19,90.08,91.62,86.69,89.6,52226
2010-05-20,84.85,85.44,79.84,79.86,220483
2010-05-21,76.76,83.09,76.19,82.99,131922
2010-05-24,81.7,82.48,79.61,79.78,52776
2010-05-25,74.73,79.5341,73.0,79.31,129767
2010-05-26,80.56,82.34,77.3,77.82,78997
2010-05-27,81.65,84.58,80.96,84.58,48211
2010-05-28,84.32,84.32,80.5,81.3801,125599
2010-06-01,79.54,83.31,78.73,78.73,41444
2010-06-02,80.05,84.14,79.39,84.12,27148
2010-06-03,85.15,85.67,82.31,84.22,59595
2010-06-04,80.06,80.59,75.2919,76.13,90114
2010-06-07,77.0,77.25,73.52,73.59,72675
2010-06-08,73.84,76.67,72.32,76.4682,66711
2010-06-09,77.45,79.28,75.02,75.53,70458
2010-06-10,79.02,82.0,79.0,81.64,62640
2010-06-11,79.73,82.9,79.73,82.6713,73043
2010-06-14,84.63,85.6397,82.18,82.18,51095
2010-06-15,84.09,87.54,83.65,87.25,34088
2010-06-16,86.05,88.0,85.7641,87.66,21935
2010-06-17,88.32,88.36,85.29,88.267,64439
2010-06-18,88.67,89.29,88.256,88.63,20765
2010-06-21,91.84,92.3,87.5,88.35,65047
2010-06-22,88.5,89.52,84.35,84.56,76127
2010-06-23,84.71,86.25,82.9191,84.69,72465
2010-06-24,83.35,83.7,80.55,81.09,66381
2010-06-25,81.58,82.12,79.45,81.4799,67152
2010-06-28,81.35,82.2,79.99,80.77,66064
2010-06-29,77.87,77.87,72.97,74.38,90141
2010-06-30,73.87,75.14,71.8,72.14,132628
2010-07-01,72.11,72.6,68.83,71.1078,61571
2010-07-02,71.65,72.03,68.7548,70.24,94562
2010-07-06,72.6,73.89,69.67,71.3982,83155
2010-07-07,71.6,77.78,71.5301,77.55,105161
2010-07-08,79.17,80.44,77.96,80.37,74355
2010-07-09,80.33,81.923,79.9685,81.84,57034
2010-07-12,81.22,82.31,80.7,82.24,34949
2010-07-13,84.5,86.8596,84.5,85.7,58419
2010-07-14,85.36,86.68,84.34,85.85,81937
2010-07-15,85.72,86.1,82.75,85.35,59878
2010-07-16,84.18,84.45,78.97,79.19,85037
2010-07-19,80.29,81.34,78.69,80.59,83705
2010-07-20,77.01,82.55,76.93,82.34,239493
2010-07-21,83.22,83.27,78.69,79.82,130685
2010-07-22,82.17,85.57,82.15,84.51,128797
2010-07-23,84.18,87.45,83.78,86.98,106009
2010-07-26,87.24,89.65,86.89,89.53,105034
2010-07-27,90.93,90.93,88.84,89.94,104508
2010-07-28,89.84,90.19,88.08,88.98,91358
2010-07-29,90.45,91.16,86.11,88.11,101192
2010-07-30,85.89,89.0,84.01,88.11,102233
2010-08-02,91.59,93.71,91.04,93.26,58989
2010-08-03,92.57,93.26,90.57,92.31,24372
2010-08-04,92.99,94.2304,92.265,93.69,67050
2010-08-05,91.91,93.49,91.9022,93.37,50605
2010-08-06,90.87,93.08,89.39,93.03,76873
2010-08-09,93.89,94.8,92.886,94.16,79737
2010-08-10,92.06,94.26,90.46,92.81,76281
2010-08-11,89.04,89.12,85.77,86.27,41048
2010-08-12,82.98,85.6,82.98,84.5398,71737
2010-08-13,84.27,85.3399,84.0,84.25,63332
2010-08-16,82.98,84.6915,82.05,84.1,46358
2010-08-17,85.89,88.6,85.21,86.8,41287
2010-08-18,86.57,88.55,85.1415,87.46,58848
2010-08-19,86.26,86.65,82.32,83.63,191399
2010-08-20,82.86,82.918,80.57,82.3356,49312
2010-08-23,83.1,84.2901,81.2,81.3,62205
2010-08-24,78.86,79.8,76.98,77.98,67755
2010-08-25,77.1,79.2625,75.72,78.59,69723
2010-08-26,79.32,79.4,76.47,76.75,69040
2010-08-27,78.35,80.8,75.74,80.71,102315
2010-08-30,79.82,80.57,77.37,77.37,48544
2010-08-31,76.74,78.89,75.95,77.4,46520
2010-09-01,80.07,83.61,80.0,83.45,126222
2010-09-02,83.85,84.59,83.0109,84.53,69208
2010-09-03,86.99,87.87,85.78,87.74,82802
2010-09-07,86.75,86.89,84.9,85.2,43934
2010-09-08,85.54,87.2505,85.54,86.2,50846
2010-09-09,88.85,88.85,86.34,86.99,63338
2010-09-10,87.5866,88.25,86.95,88.13,45540
2010-09-13,90.49,90.98,89.05,90.37,74539
2010-09-14,90.01,91.49,89.24,90.17,61598
2010-09-15,89.25,91.4,88.91,91.09,32160
2010-09-16,90.36,91.89,90.01,91.75,68295
2010-09-17,92.81,93.02,91.01,91.99,32261
2010-09-20,92.9,96.29,92.42,95.7,52834
2010-09-21,95.77,97.71,94.76,95.994,60040
2010-09-22,96.01,97.0,94.56,95.3234,81732
2010-09-23,93.27,95.78,92.73,93.27,56263
2010-09-24,96.25,98.581,96.04,98.39,38854
2010-09-27,98.52,98.76,97.086,97.25,38984
2010-09-28,97.1,99.03,94.97,98.46,103252
2010-09-29,97.77,98.74,96.87,97.65,82819
2010-09-30,99.35,100.77,95.4,96.57,110058
2010-10-01,98.3,98.7,96.53,97.55,93605
2010-10-04,97.2,98.2372,94.5,95.57,45181
2010-10-05,98.44,101.2,97.52,100.47,71295
2010-10-06,100.81,101.62,100.2,101.39,42927
2010-10-07,102.37,102.43,99.63,100.862,17702
2010-10-08,101.55,103.1228,100.72,102.42,53436
2010-10-11,103.03,103.18,101.815,102.671,17433
2010-10-12,102.0,103.77,99.5,102.82,29137
2010-10-13,104.43,106.7991,104.03,105.065,70916
2010-10-14,104.65,105.5395,102.97,105.16,30957
2010-10-15,106.5,106.5,102.72,104.12,52940
2010-10-18,104.22,106.724,104.1,105.49,22525
2010-10-19,103.69,104.17,99.97,101.74,72860
2010-10-20,102.5,106.48,102.5,105.29,64918
2010-10-21,106.8,108.39,104.33,106.48,78341
2010-10-22,106.71,106.77,105.46,106.1,36753
2010-10-25,107.61,109.34,106.94,107.1,47982
2010-10-26,105.6,107.5799,105.19,107.1,41901
2010-10-27,105.24,106.06,103.02,105.8821,95862
2010-10-28,107.28,107.38,103.8634,105.3434,112412
2010-10-29,104.9201,106.0,104.09,105.75,42195
2010-11-01,106.97,109.0196,104.04,105.83,138399
2010-11-02,107.9,108.45,107.381,107.4934,35436
2010-11-03,108.08,108.69,104.0,108.3196,52936
2010-11-04,111.66,115.0134,111.4,114.77,80114
2010-11-05,114.9,115.31,113.46,115.1201,40351
2010-11-08,113.93,114.46,112.83,114.16,16175
2010-11-09,114.67,114.67,111.228,112.47,51590
2010-11-10,112.31,113.15,110.0,112.7,50923
2010-11-11,110.19,111.3,109.17,110.695,40364
2010-11-12,108.96,110.25,106.5,108.04,99333
2010-11-15,107.8,110.44,107.8,108.3,31215
2010-11-16,106.41,106.41,102.25,103.31,67954
2010-11-17,103.73,103.9466,102.75,103.12,40883
2010-11-18,105.62,108.4399,105.62,107.63,59009
2010-11-19,107.42,108.51,106.41,108.44,14287
2010-11-22,107.11,108.0,104.3601,107.8,66722
2010-11-23,104.78,104.83,102.41,103.81,115875
2010-11-24,105.64,108.14,105.64,107.74,44350
2010-11-26,105.26,106.3199,104.76,105.25,40018
2010-11-29,103.29,104.96,100.95,104.5,54146
2010-11-30,101.6,104.66,101.41,103.24,37895
2010-12-01,107.34,110.5,107.14,110.049,65218
2010-12-02,110.3,113.38,109.3907,113.08,48422
2010-12-03,111.87,113.91,111.72,113.73,67165
2010-12-06,113.4,113.97,112.87,113.14,26937
2010-12-07,115.65,116.0,112.96,113.0,65557
2010-12-08,113.298,113.8642,112.31,113.7,16887
2010-12-09,114.96,114.96,112.63,113.3342,29910
2010-12-10,114.3064,114.88,113.21,114.7,26232
2010-12-13,116.0,117.0,115.23,115.35,23716
2010-12-14,115.85,117.9,115.8,116.94,41740
2010-12-15,116.57,118.15,115.89,116.47,40589
2010-12-16,116.7342,118.0,115.18,117.54,39522
2010-12-17,117.11,117.6172,116.04,117.56,20044
2010-12-20,117.8,118.1658,115.81,116.86,35615
2010-12-21,118.0,119.016,117.6501,118.64,33771
2010-12-22,118.64,119.6,118.4866,119.33,18983
2010-12-23,119.55,120.06,119.02,119.95,19093
2010-12-27,118.24,119.58,118.1,119.35,26240
2010-12-28,120.12,120.3758,118.5,120.0196,16453
2010-12-29,120.75,121.4,120.3458,120.3458,15220
2010-12-30,119.95,120.48,119.2001,119.74,18957
2010-12-31,119.36,120.5201,118.48,119.8872,19625
2011-01-03,122.81,124.09,122.579,122.7,49432
2011-01-04,131.01,131.01,121.79,123.54,34522
2011-01-05,122.49,125.05,121.106,124.6,45512
2011-01-06,125.06,125.11,123.02,124.0,36993
2011-01-07,123.9742,124.45,120.86,123.26,52390
2011-01-10,121.95,122.43,120.06,122.2,35947
2011-01-11,123.58,124.15,122.12,123.11,41645
2011-01-12,124.95,126.6,124.78,125.65,44891
2011-01-13,125.8,125.89,124.0,124.97,31925
2011-01-14,124.15,126.89,124.02,126.71,37180
2011-01-18,127.07,129.04,127.05,128.42,38582
2011-01-19,129.03,129.39,127.43,128.14,53413
2011-01-20,127.19,128.73,125.59,128.11,66278
2011-01-21,130.44,130.71,129.06,129.69,41639
2011-01-24,129.35,133.22,129.35,133.18,86077
2011-01-25,132.42,133.17,130.47,133.1,94932
2011-01-26,133.41,134.49,132.78,133.4,76648
2011-01-27,133.19,134.4766,132.97,133.32,34048
2011-01-28,133.79,133.7999,127.42,128.07,124367
2011-01-31,128.9,130.06,127.68,130.05,63730
2011-02-01,131.94,135.35,131.66,134.95,76300
2011-02-02,134.76,135.579,134.341,135.0,42581
2011-02-03,134.6182,136.27,133.15,135.97,31096
2011-02-04,135.8,136.65,134.61,136.65,50559
2011-02-07,137.55,139.96,137.44,139.15,38473
2011-02-08,139.43,141.93,139.2,141.85,26470
2011-02-09,141.7,142.5618,140.57,142.19,44699
2011-02-10,140.52,142.18,139.41,141.7272,55417
2011-02-11,140.75,144.01,140.6501,143.58,61235
2011-02-14,143.18,143.737,142.43,143.52,28070
2011-02-15,142.53,142.53,141.0,142.0,22883
2011-02-16,143.07,144.94,142.57,144.56,43897
2011-02-17,143.385,145.75,143.29,145.48,29964
2011-02-18,145.8,148.12,145.25,147.98,30219
2011-02-22,145.0,146.41,140.4001,141.65,126283
2011-02-23,141.06,141.3325,136.45,138.23,82485
2011-02-24,137.62,139.35,133.85,136.53,68049
2011-02-25,138.48,139.79,136.77,139.18,61614
2011-02-28,142.03,142.65,140.1324,142.65,34393
2011-03-01,144.08,144.08,136.38,136.38,89806
2011-03-02,136.03,138.14,135.2,136.82,39825
2011-03-03,139.94,144.0,139.94,143.22,47953
2011-03-04,143.43,143.43,137.0,139.91,78403
2011-03-07,141.066,142.62,135.87,137.34,56760
2011-03-08,138.22,143.05,137.01,141.91,50633
2011-03-09,141.35,142.8408,139.98,141.87,36281
2011-03-10,138.21,138.21,133.5,133.94,95354
2011-03-11,132.06,137.49,132.06,135.96,90372
2011-03-14,133.91,134.66,131.1,134.22,51847
2011-03-15,124.83,131.52,124.27,129.66,109307
2011-03-16,127.98,128.37,119.91,121.69,166412
2011-03-17,126.12,127.35,124.42,126.59,111391
2011-03-18,131.19,131.73,128.48,129.6,101352
2011-03-21,134.0,136.54,133.56,135.144,97094
2011-03-22,135.83,135.83,134.42,134.82,23236
2011-03-23,133.72,137.72,133.05,136.859,31551
2011-03-24,139.14,140.34,137.4,139.65,57424
2011-03-25,140.62,142.65,140.3,141.26,99515
2011-03-28,142.08,143.0,140.57,140.57,80550
2011-03-29,140.64,143.53,139.95,143.19,24252
2011-03-30,144.96,147.0288,144.88,145.77,45985
2011-03-31,145.88,147.0,144.96,144.96,49183
2011-04-01,147.29,148.32,145.578,146.67,67597
2011-04-04,147.38,148.02,146.603,147.48,45614
2011-04-05,146.66,148.93,146.05,147.488,55953
2011-04-06,149.39,149.75,147.97,149.1,42305
2011-04-07,148.77,149.43,145.41,148.23,48040
2011-04-08,149.72,149.72,145.01,147.27,42868
2011-04-11,147.87,149.31,146.22,147.254,24334
2011-04-12,144.58,145.2,141.9946,143.1,75715
2011-04-13,145.58,145.62,141.75,143.28,44625
2011-04-14,141.22,144.42,139.6168,143.97,49293
2011-04-15,144.75,146.7,143.46,145.77,44566
2011-04-18,141.0,141.12,137.0,140.771,172506
2011-04-19,141.38,143.21,140.851,143.02,39472
2011-04-20,148.38,150.3,147.9,149.66,107721
2011-04-21,150.77,151.5134,149.5,151.46,86730
2011-04-25,150.99,151.19,149.35,150.53,71268
2011-04-26,151.52,155.19,151.01,154.68,56758
2011-04-27,155.41,159.0,154.78,158.45,80464
2011-04-28,157.96,161.5,157.94,161.04,70565
2011-04-29,161.87,163.76,161.61,163.36,73976
2011-05-02,166.75,166.75,161.8309,162.76,120007
2011-05-03,162.39,164.07,160.6,162.748,48370
2011-05-04,161.98,162.39,157.67,159.3,89429
2011-05-05,157.49,158.71,151.92,154.41,118390
2011-05-06,158.25,160.95,155.21,156.65,180076
2011-05-09,156.65,159.6045,155.93,158.14,46658
2011-05-10,159.33,161.88,158.77,160.95,88281
2011-05-11,160.19,160.24,154.68,156.63,83224
2011-05-12,155.34,159.65,153.45,159.12,60751
2011-05-13,159.91,159.91,153.36,155.35,119066
2011-05-16,153.81,157.0,152.91,153.64,35835
2011-05-17,151.57,152.64,147.54,151.18,108475
2011-05-18,151.5,154.86,150.3688,154.56,40733
2011-05-19,155.95,157.15,153.51,156.14,61727
2011-05-20,155.31,155.57,151.8,152.64,49424
2011-05-23,146.65,149.1,146.0,148.15,68623
2011-05-24,148.97,149.03,146.99,147.16,26052
2011-05-25,145.2,149.9,145.2,148.35,32797
2011-05-26,147.48,150.08,145.75,148.72,47092
2011-05-27,150.33,151.63,149.62,150.38,37112
2011-05-31,154.32,154.97,152.13,154.82,98474
2011-06-01,153.58,153.72,144.27,144.65,107151
2011-06-02,144.69,145.0975,141.239,143.24,68636
2011-06-03,138.1,142.018,138.0,139.852,74705
2011-06-06,138.98,139.67,136.98,138.08,29596
2011-06-07,139.56,140.4336,136.74,136.93,26315
2011-06-08,136.49,137.9168,135.5,136.21,38987
2011-06-09,137.24,140.84,136.83,138.92,48218
2011-06-10,137.24,137.4,132.42,132.85,94968
2011-06-13,133.98,135.0,132.56,133.26,29954
2011-06-14,135.8,138.66,135.8,137.21,62748
2011-06-15,133.74,135.06,130.25,131.18,103929
2011-06-16,131.12,134.2008,130.76,133.43,100267
2011-06-17,136.32,136.99,133.68,134.82,77905
2011-06-20,133.53,137.96,133.33,137.332,32185
2011-06-21,138.75,141.9355,138.02,141.06,31813
2011-06-22,139.21,141.483,138.0,138.0,50380
2011-06-23,133.92,136.44,130.127,136.35,135070
2011-06-24,136.16,136.16,132.0,132.57,59766
2011-06-27,132.88,137.4801,132.321,135.79,38264
2011-06-28,137.3208,140.7,137.1306,140.64,44301
2011-06-29,142.02,144.0,140.45,143.35,51727
2011-06-30,144.78,149.0,144.7615,148.51,72022
2011-07-01,149.11,155.1391,148.43,154.77,58239
2011-07-05,154.51,155.4,153.07,154.27,69558
2011-07-06,153.83,157.143,153.56,156.45,48100
2011-07-07,159.28,161.31,158.5654,160.33,100516
2011-07-08,155.99,157.59,154.309,157.57,109237
2011-07-11,152.9,153.8,150.801,152.1,67560
2011-07-12,151.86,154.204,149.85,149.99,89619
2011-07-13,152.08,155.55,150.78,151.67,97779
2011-07-14,152.12,154.6406,148.674,149.43,83845
2011-07-15,151.81,151.83,148.52,150.95,80740
2011-07-18,148.75,149.15,144.66,147.6601,100621
2011-07-19,150.42,155.479,150.39,154.51,65666
2011-07-20,155.48,155.49,153.72,154.37,42525
2011-07-21,156.47,161.0,155.3208,160.088,112745
2011-07-22,159.51,160.03,156.97,158.42,81106
2011-07-25,153.78,157.23,153.0,155.15,71709
2011-07-26,153.75,154.23,151.28,151.87,69366
2011-07-27,150.18,150.18,144.03,144.62,100782
2011-07-28,144.2392,147.16,142.0,142.6,81196
2011-07-29,138.3,142.37,137.0,139.04,110354
2011-08-01,144.15,144.78,133.991,138.43,233624
2011-08-02,135.81,138.0,129.37,129.37,179051
2011-08-03,129.84,130.73,124.23,130.57,156757
2011-08-04,125.4,126.35,113.61,113.61,230411
2011-08-05,118.22,119.21,106.731,115.32,151998
2011-08-08,106.29,111.588,96.461,96.74,344800
2011-08-09,100.8,107.74,91.2,107.74,330195
2011-08-10,101.86,103.04,92.36,93.02,386180
2011-08-11,96.03,107.72,94.9699,103.71,265428
2011-08-12,107.4,109.89,104.75,107.8,209177
2011-08-15,110.89,113.87,109.85,113.81,128277
2011-08-16,111.1,113.7,108.44,111.5,132429
2011-08-17,113.51,115.5,109.7407,112.2,127440
2011-08-18,104.33,104.424,96.72,100.44,274303
2011-08-19,95.95,102.335,94.77,95.1,184797
2011-08-22,101.08,101.14,95.48,95.94,121066
2011-08-23,97.45,104.38,96.45,104.11,171756
2011-08-24,103.53,108.71,103.0,108.6,113459
2011-08-25,110.0,110.8392,102.6292,103.6,96969
2011-08-26,102.05,108.5,97.71,107.5301,103886
2011-08-29,111.39,114.87,111.25,114.6,116744
2011-08-30,113.68,117.63,111.8885,115.4,145328
2011-08-31,117.85,120.15,115.05,117.2,133171
2011-09-01,117.42,120.25,113.37,113.37,94712
2011-09-02,107.4,108.91,105.2565,106.16,205054
2011-09-06,98.22,103.7156,97.33,103.14,197435
2011-09-07,107.56,110.75,106.4,110.75,103158
2011-09-08,108.89,112.61,107.162,107.46,119563
2011-09-09,104.05,104.0801,97.2486,98.854,187404
2011-09-12,95.7,100.8,94.45,100.79,152606
2011-09-13,101.18,103.0,98.75,101.81,113379
2011-09-14,103.42,109.8,99.25,105.89,242864
2011-09-15,108.8,111.27,107.1008,111.24,120856
2011-09-16,112.65,114.11,110.44,113.35,145931
2011-09-19,108.17,111.49,106.0,110.12,120266
2011-09-20,111.46,114.5,109.32,110.68,165071
2011-09-21,110.5,111.5,101.7,101.7,218968
2011-09-22,93.45,94.93,87.53,91.26,580732
2011-09-23,89.72,93.11,88.82,92.07,234179
2011-09-26,94.36,99.509,92.31,99.27,335285
2011-09-27,105.35,107.85,101.72,103.18,259858
2011-09-28,104.43,106.66,97.88,98.19,129914
2011-09-29,103.74,105.19,97.19,102.17,286383
2011-09-30,97.94,101.5,95.45,95.51,214823
2011-10-03,93.65,97.2,88.6,88.66,472828
2011-10-04,85.49,93.076,82.538,92.4,450634
2011-10-05,92.59,96.43,91.034,96.15,245282
2011-10-06,96.38,101.19,94.29,100.89,323468
2011-10-07,102.97,103.88,99.0,100.5,338017
2011-10-10,105.33,109.43,104.95,109.43,178815
2011-10-11,107.59,109.8,107.46,108.93,184090
2011-10-12,111.2,114.72,110.0,111.63,221009
2011-10-13,109.95,111.66,107.7,110.61,171995
2011-10-14,114.15,115.5,112.2355,115.5,201636
2011-10-17,114.23,114.23,107.5,108.2,156979
2011-10-18,107.0,115.29,105.23,112.94,297601
2011-10-19,112.78,114.94,110.09,110.81,264053
2011-10-20,111.43,113.5,108.0,112.2,344249
2011-10-21,116.25,120.31,116.06,120.056,342820
2011-10-24,121.09,124.2,120.65,123.29,355610
2011-10-25,121.36,121.53,116.13,116.89,138147
2011-10-26,121.6,122.47,116.5,121.574,256957
2011-10-27,129.74,134.53,127.9,132.31,311596
2011-10-28,130.93,133.58,130.93,132.9,151142
2011-10-31,128.42,128.9649,123.89,123.89,174979
2011-11-01,116.53,118.789,113.692,114.89,468440
2011-11-02,119.16,121.04,117.23,119.712,145388
2011-11-03,123.38,126.86,120.1,126.15,305834
2011-11-04,124.0,124.59,120.1,124.33,142647
2011-11-07,124.3,127.084,121.2,127.0,158096
2011-11-08,128.94,131.06,125.31,130.63,179245
2011-11-09,123.17,124.4492,116.7,118.09,292204
2011-11-10,121.93,123.57,118.81,121.411,146970
2011-11-11,125.65,130.22,125.65,129.58,160724
2011-11-14,129.21,129.89,125.52,126.907,86217
2011-11-15,126.03,129.74,124.74,127.61,129987
2011-11-16,124.47,128.33,121.43,121.61,128601
2011-11-17,121.8,123.16,114.93,118.03,210456
2011-11-18,119.4,120.3,117.4129,118.64,129788
2011-11-21,113.65,114.231,108.25,111.13,285520
2011-11-22,110.4,111.82,107.98,109.71,157454
2011-11-23,106.75,107.06,102.89,103.0,236204
2011-11-25,102.66,105.769,102.54,102.589,63009
2011-11-28,109.53,111.2,108.21,110.24,208611
2011-11-29,110.96,113.33,110.4,111.533,131825
2011-11-30,119.85,125.54,119.85,125.17,235116
2011-12-01,124.24,126.0,123.414,124.72,151254
2011-12-02,128.47,128.69,124.45,124.73,146330
2011-12-05,130.02,130.05,125.1,127.36,133133
2011-12-06,127.58,130.89,126.57,128.832,122423
2011-12-07,127.83,132.4,126.27,130.48,143420
2011-12-08,129.25,129.75,123.05,124.04,159979
2011-12-09,125.52,130.562,125.49,129.74,190820
2011-12-12,127.0,127.0,122.13,124.81,180527
2011-12-13,127.0,128.63,121.15,122.57,217657
2011-12-14,121.07,122.41,117.8009,118.768,194532
2011-12-15,122.68,123.0,119.59,120.2645,148365
2011-12-16,122.5,123.14,118.61,119.83,170302
2011-12-19,120.93,121.9,116.12,117.03,122965
2011-12-20,122.26,127.46,122.09,126.98,228728
2011-12-21,127.11,127.45,123.76,127.139,176193
2011-12-22,128.09,129.62,127.749,129.35,179134
2011-12-23,130.28,133.26,129.472,133.13,77640
2011-12-27,132.86,134.319,132.42,133.09,183325
2011-12-28,133.25,133.367,128.21,128.75,128848
2011-12-29,129.35,133.0268,129.255,132.66,130143
2011-12-30,132.22,132.859,130.31,130.31,127054
2012-01-03,137.31,138.99,136.02,136.27,174998
2012-01-04,135.18,137.5,134.47,137.18,70203
2012-01-05,135.47,137.76,132.82,137.14,133096
2012-01-06,137.61,137.61,134.47,135.5401,130761
2012-01-09,136.49,136.84,134.46,136.355,87788
2012-01-10,140.31,140.53,138.33,138.57,80046
2012-01-11,137.54,138.7326,136.61,138.27,108574
2012-01-12,138.93,139.49,136.18,138.91,131979
2012-01-13,136.28,137.5,133.72,137.5,161081
2012-01-17,140.76,142.3,138.8507,139.28,104804
2012-01-18,139.01,142.86,138.62,142.69,96179
2012-01-19,143.89,144.52,142.46,144.51,95412
2012-01-20,144.6,147.73,144.4,147.73,80319
2012-01-23,147.51,149.121,145.76,147.31,100414
2012-01-24,144.9,146.38,144.049,146.15,217767
2012-01-25,144.62,149.63,142.751,148.65,163673
2012-01-26,150.906,151.69,146.76,148.05,197277
2012-01-27,146.1,147.0,144.5,145.91,186990
2012-01-30,142.32,145.27,140.91,145.24,121340
2012-01-31,147.44,147.6,142.25,144.7,132430
2012-02-01,148.0,149.86,147.11,147.512,116414
2012-02-02,148.11,148.32,146.07,147.3,106378
2012-02-03,151.58,153.0,150.778,152.57,152489
2012-02-06,150.78,151.92,150.27,151.7,70516
2012-02-07,151.11,153.92,149.76,153.15,152822
2012-02-08,153.51,154.0626,151.37,153.72,95150
2012-02-09,154.79,155.27,152.4586,154.09,115156
2012-02-10,150.37,150.7901,148.8,150.77,143784
2012-02-13,153.66,153.93,151.6,153.36,120198
2012-02-14,152.46,153.59,150.49,153.56,98259
2012-02-15,155.0,155.0,149.72,150.69,214258
2012-02-16,151.12,155.27,151.0,154.99,189365
2012-02-17,157.09,157.29,155.38,156.64,120483
2012-02-21,158.14,158.59,155.75,157.15,141665
2012-02-22,156.81,157.67,155.3,156.27,117915
2012-02-23,155.79,158.29,154.22,157.9,181382
2012-02-24,158.61,159.04,156.78,157.96,160578
2012-02-27,155.53,159.55,154.23,158.06,181872
2012-02-28,158.07,159.52,157.22,158.98,109459
2012-02-29,159.6,160.75,156.1299,157.03,176457
2012-03-01,157.99,160.0,156.84,157.92,176626
2012-03-02,158.03,158.701,156.075,157.88,111524
2012-03-05,157.22,157.9,154.4,157.26,163552
2012-03-06,151.81,152.5,149.11,149.83,374397
2012-03-07,150.6,153.56,150.15,153.02,175936
2012-03-08,155.12,156.49,153.92,155.43,87262
2012-03-09,156.47,157.66,155.41,156.22,88243
2012-03-12,156.05,157.9,155.96,157.28,101945
2012-03-13,159.51,165.61,158.66,165.51,303589
2012-03-14,165.84,167.14,165.08,166.24,136466
2012-03-15,166.66,168.35,165.25,168.15,122592
2012-03-16,169.49,169.8,167.56,167.72,156718
2012-03-19,166.91,168.99,166.68,167.74,211449
2012-03-20,165.09,166.34,163.36,165.15,230968
2012-03-21,165.42,165.58,162.61,163.23,192598
2012-03-22,160.32,161.46,159.02,160.22,229254
2012-03-23,160.18,162.14,158.63,161.72,93895
2012-03-26,164.72,167.45,164.53,167.35,171371
2012-03-27,167.76,168.21,165.64,165.75,93349
2012-03-28,165.92,166.36,160.96,163.09,136274
2012-03-29,160.35,163.99,159.57,163.89,152069
2012-03-30,165.85,166.73,163.99,166.24,134050
2012-04-02,165.3,169.4,164.0,168.02,102071
2012-04-03,167.37,168.379,163.28,165.68,118669
2012-04-04,161.54,162.41,159.21,161.21,97174
2012-04-05,159.68,161.9333,159.35,160.74,100192
2012-04-09,155.55,157.679,155.06,156.23,181958
2012-04-10,155.15,155.87,148.09,148.32,203002
2012-04-11,152.39,152.769,150.93,151.29,79598
2012-04-12,152.21,158.0,151.99,158.0,81887
2012-04-13,156.51,156.51,152.82,153.05,86420
2012-04-16,155.97,157.59,154.17,155.57,65953
2012-04-17,158.25,162.91,158.25,162.24,151054
2012-04-18,159.74,161.58,159.0,159.31,86909
2012-04-19,159.71,161.14,154.52,156.78,219262
2012-04-20,159.13,161.071,159.01,159.09,115578
2012-04-23,154.56,155.89,152.4901,155.44,124641
2012-04-24,156.48,159.95,156.48,158.23,151419
2012-04-25,160.97,162.1399,159.7,161.56,72262
2012-04-26,161.21,166.55,161.2,165.88,88482
2012-04-27,167.03,168.0433,165.46,166.54,54377
2012-04-30,166.07,166.74,164.66,165.99,89115
2012-05-01,166.0,170.79,164.28,168.54,89169
2012-05-02,166.81,168.33,165.4,168.04,47177
2012-05-03,168.04,168.79,164.71,165.84,81475
2012-05-04,163.31,163.73,158.94,159.26,96184
2012-05-07,157.03,159.868,156.972,158.42,65958
2012-05-08,155.95,156.5,151.56,155.66,132225
2012-05-09,151.63,155.34,149.5,152.9,241679
2012-05-10,154.65,156.03,152.41,153.21,83575
2012-05-11,50.33,51.92,50.2284,50.81,138563
2012-05-14,49.56,50.12,48.8945,49.24,252610
2012-05-15,49.24,50.03,48.29,48.54,131317
2012-05-16,49.12,49.75,48.36,48.37,106759
2012-05-17,48.45,48.46,46.52,46.52,252861
2012-05-18,47.02,47.04,45.34,45.59,234794
2012-05-21,46.03,47.2401,45.82,47.22,219889
2012-05-22,47.35,48.0,46.56,47.22,239979
2012-05-23,46.28,47.2299,45.0,47.09,242124
2012-05-24,47.4,47.59,46.43,47.58,171092
2012-05-25,47.34,47.5725,46.34,46.669,106454
2012-05-29,47.75,48.48,47.37,48.1218,226577
2012-05-30,46.9,46.94,46.0,46.29,165471
2012-05-31,46.36,47.05,45.23,46.05,239138
2012-06-01,44.28,44.51,42.85,42.94,288125
2012-06-04,43.0,43.2,42.1099,42.71,277301
2012-06-05,42.53,43.24,42.53,43.1111,219248
2012-06-06,44.02,46.12,43.93,46.12,305872
2012-06-07,47.45,47.67,46.48,46.7,315822
2012-06-08,46.25,47.73,46.0,47.68,152561
2012-06-11,48.79,48.94,45.97,46.05,215478
2012-06-12,46.55,47.94,46.15,47.86,190169
2012-06-13,47.54,48.27,46.6,47.06,169404
2012-06-14,47.33,49.34,47.13,48.92,251114
2012-06-15,49.46,50.254,49.31,50.08,347448
2012-06-18,49.44,50.35,49.29,49.84,322917
2012-06-19,50.58,51.7,50.3791,50.96,176178
2012-06-20,51.01,51.4499,49.87,50.74,199243
2012-06-21,51.04,51.21,47.7,47.8,190694
2012-06-22,48.61,48.97,48.21,48.69,113250
2012-06-25,47.32,47.38,46.4601,47.01,177996
2012-06-26,47.31,47.8,46.43,47.38,127301
2012-06-27,47.75,48.64,47.68,48.42,111305
2012-06-28,47.23,48.23,46.37,48.13,274514
2012-06-29,50.48,51.35,50.08,51.35,328523
2012-07-02,51.38,51.56,50.35,51.08,165099
2012-07-03,51.05,52.1036,50.96,52.03,119447
2012-07-05,51.37,52.34,51.01,51.53,160206
2012-07-06,50.35,50.38,49.3,50.13,149723
2012-07-09,49.86,50.06,49.1001,49.68,109861
2012-07-10,50.52,50.771,48.21,48.67,155295
2012-07-11,48.78,48.78,47.387,48.16,137686
2012-07-12,47.37,48.46,46.87,47.85,189309
2012-07-13,48.14,50.17,48.13,50.1,221595
2012-07-16,49.63,49.95,49.09,49.51,173070
2012-07-17,50.04,50.64,48.6301,50.4,172979
2012-07-18,49.94,51.86,49.88,51.6902,183499
2012-07-19,52.1,52.56,51.57,52.14,115700
2012-07-20,51.13,51.5,50.5548,50.76,124024
2012-07-23,48.4,49.81,47.87,49.5119,177587
2012-07-24,49.51,49.55,47.2,48.29,293107
2012-07-25,49.12,49.6048,48.41,48.97,337001
2012-07-26,50.97,51.87,50.7,51.38,268698
2012-07-27,51.95,54.14,51.8801,53.75,234006
2012-07-30,53.51,54.31,53.23,53.58,109895
2012-07-31,53.42,53.7,52.75,52.75,62637
2012-08-01,53.64,53.69,52.16,52.36,119380
2012-08-02,51.37,52.95,50.08,51.23,204599
2012-08-03,53.28,54.3,53.1601,53.84,204973
2012-08-06,54.16,54.9689,54.1,54.13,160724
2012-08-07,54.69,55.3101,54.63,54.69,168809
2012-08-08,54.24,55.26,54.1,54.92,64901
2012-08-09,54.86,55.25,54.3501,54.89,64948
2012-08-10,54.46,55.38,54.0,55.38,119729
2012-08-13,55.12,55.33,54.2684,54.98,101207
2012-08-14,55.52,55.62,54.73,54.98,100568
2012-08-15,54.86,55.42,54.86,55.12,106816
2012-08-16,55.24,56.4,54.9,56.19,125462
2012-08-17,56.45,56.52,56.15,56.52,44607
2012-08-20,56.16,56.45,55.8824,56.38,72647
2012-08-21,56.66,57.1936,55.33,55.59,120284
2012-08-22,55.32,55.61,54.57,55.24,103744
2012-08-23,54.98,54.98,53.676,53.82,105122
2012-08-24,53.61,55.2684,53.45,55.03,122848
2012-08-27,55.14,55.28,54.52,54.7,79967
2012-08-28,54.44,54.86,54.052,54.42,50250
2012-08-29,54.39,54.88,54.13,54.52,60830
2012-08-30,53.85,53.85,52.88,53.19,112165
2012-08-31,54.1,55.02,53.4,54.32,189455
2012-09-04,54.22,54.29,52.88,53.56,155055
2012-09-05,53.9,54.25,53.41,53.74,101241
2012-09-06,54.76,56.8,54.76,56.77,166684
2012-09-07,56.82,57.1304,56.55,56.96,139623
2012-09-10,56.7,57.19,56.28,56.39,77097
2012-09-11,56.49,57.5521,56.49,57.13,89005
2012-09-12,57.62,57.82,57.1401,57.35,126257
2012-09-13,57.3,60.47,57.3,60.02,206429
2012-09-14,60.43,61.5,60.162,60.76,242249
2012-09-17,60.34,60.68,59.9,60.21,76098
2012-09-18,59.84,60.6,59.798,60.39,61141
2012-09-19,60.71,61.19,60.33,60.573,83425
2012-09-20,59.8,60.85,59.585,60.81,143329
2012-09-21,61.58,61.6,60.48,60.51,88330
2012-09-24,59.79,60.9025,59.77,60.29,90835
2012-09-25,60.61,61.042,58.94,58.97,103125
2012-09-26,59.06,59.19,58.32,58.4144,166793
2012-09-27,59.12,59.76,58.41,59.33,170581
2012-09-28,58.41,59.16,57.728,58.65,140562
2012-10-01,59.31,60.7268,59.24,59.49,128368
2012-10-02,60.04,60.27,58.43,59.22,129452
2012-10-03,59.46,59.97,58.71,59.43,96210
2012-10-04,60.09,60.74,59.83,60.53,142507
2012-10-05,61.37,61.7583,60.5,61.0498,179222
2012-10-08,60.49,60.9,60.38,60.69,49414
2012-10-09,60.4,60.79,59.23,59.25,92364
2012-10-10,59.04,59.05,57.3,57.52,161462
2012-10-11,58.38,58.57,57.25,57.33,145281
2012-10-12,57.45,58.1201,56.84,57.33,78551
2012-10-15,57.6,58.694,57.3399,58.49,85118
2012-10-16,59.27,60.23,59.2318,60.09,128220
2012-10-17,59.74,60.316,59.53,60.25,80743
2012-10-18,60.14,60.749,59.75,60.2,90304
2012-10-19,59.76,59.76,57.1,57.45,218460
2012-10-22,57.22,57.7298,56.12,57.44,132305
2012-10-23,55.57,55.57,54.15,54.42,336850
2012-10-24,54.75,55.02,53.8901,54.11,180240
2012-10-25,54.9,55.13,53.62,54.37,142347
2012-10-26,54.25,55.0,53.61,54.45,131465
2012-10-31,55.0601,55.4792,53.773,54.14,115665
2012-11-01,54.68,56.4975,54.671,55.92,180051
2012-11-02,56.72,56.73,54.04,54.316,161981
2012-11-05,53.92,54.76,53.54,54.51,154563
2012-11-06,55.05,56.7,54.9117,56.03,174217
2012-11-07,54.57,54.67,51.66,52.38,355496
2012-11-08,52.34,52.9125,50.94,50.94,215994
2012-11-09,50.18,51.83,50.03,50.94,295165
2012-11-12,51.17,51.5098,50.53,50.93,77105
2012-11-13,50.15,51.971,50.15,50.31,117124
2012-11-14,50.67,50.8425,47.9127,48.228,256955
2012-11-15,48.0,49.2785,47.4,47.92,178344
2012-11-16,48.04,48.6,47.04,48.35,175149
2012-11-19,49.67,50.82,49.48,50.82,284515
2012-11-20,50.32,51.0,49.749,50.76,223349
2012-11-21,50.79,51.45,50.68,51.31,169839
2012-11-23,51.95,53.45,51.95,53.45,142875
2012-11-26,52.47,53.0,52.1,53.0,256572
2012-11-27,52.57,53.3,51.76,51.8899,177919
2012-11-28,51.36,53.2,50.54,51.76,374315
2012-11-29,53.79,54.2,52.96,53.7,387022
2012-11-30,53.93,54.07,53.26,53.6,120761
2012-12-03,54.42,54.51,52.94,52.96,135459
2012-12-04,53.06,53.66,52.72,52.81,108194
2012-12-05,53.23,54.45,52.47,53.75,215499
2012-12-06,53.9,54.42,53.61,54.33,90818
2012-12-07,55.13,55.453,54.53,55.34,102724
2012-12-10,55.51,55.95,55.5,55.65,95862
2012-12-11,56.25,57.32,56.25,56.6,304953
2012-12-12,57.24,57.68,56.39,56.6,196158
2012-12-13,56.64,56.82,55.39,55.74,140343
2012-12-14,55.6,55.89,55.03,55.21,110470
2012-12-17,55.53,56.6225,55.4796,56.49,245929
2012-12-18,56.86,58.13,56.518,57.95,215042
2012-12-19,58.11,58.11,56.71,56.76,169005
2012-12-20,56.61,57.49,56.291,57.44,148500
2012-12-21,55.13,56.47,54.9,56.04,282034
2012-12-24,55.57,55.6775,55.15,55.24,98820
2012-12-26,55.44,55.75,54.51,54.95,100711
2012-12-27,55.01,55.2737,53.0,54.7,273010
2012-12-28,53.61,54.364,52.6,52.66,191424
2012-12-31,52.24,54.86,52.08,54.73,650267
2013-01-02,57.57,58.62,57.43,58.39,486804
2013-01-03,58.36,58.888,57.991,58.291,149434
2013-01-04,58.41,59.05,58.17,58.86,118366
2013-01-07,58.44,58.4599,57.7,58.28,150525
2013-01-08,57.89,58.13,57.24,57.62,118030
2013-01-09,58.15,58.77,58.06,58.4,133743
2013-01-10,59.09,59.55,58.33,59.51,211640
2013-01-11,59.5,59.82,59.1,59.65,110396
2013-01-14,59.75,60.1,59.35,59.99,94216
2013-01-15,59.19,60.45,59.13,60.26,112739
2013-01-16,59.64,60.18,59.52,59.95,126611
2013-01-17,60.55,61.66,60.43,61.175,209402
2013-01-18,61.38,61.8,60.8664,61.71,190104
2013-01-22,61.75,62.64,61.56,62.64,214098
2013-01-23,63.27,63.86,63.22,63.63,171501
2013-01-24,63.8,65.0,63.8,64.27,191579
2013-01-25,64.95,65.24,64.446,65.23,237457
2013-01-28,65.5,65.61,64.8464,65.06,179548
2013-01-29,64.98,66.3,64.98,66.12,176319
2013-01-30,66.1,66.2998,65.32,65.42,239793
2013-01-31,65.29,65.94,64.84,64.909,217012
2013-02-01,66.33,67.04,65.85,66.79,246235
2013-02-04,65.44,65.71,64.87,64.97,252591
2013-02-05,66.07,66.91,66.04,66.29,292219
2013-02-06,65.52,66.7,65.5,66.54,180279
2013-02-07,66.48,66.666,64.73,65.99,259584
2013-02-08,66.17,67.15,66.17,66.68,200189
2013-02-11,66.76,66.76,66.0,66.53,163254
2013-02-12,66.55,67.43,66.42,67.13,203546
2013-02-13,67.59,67.6,66.38,66.89,281194
2013-02-14,66.2,67.03,66.08,66.78,202981
2013-02-15,66.93,67.18,65.8,66.84,272685
2013-02-19,67.04,67.8,66.94,67.55,145767
2013-02-20,67.6,67.98,65.97,66.13,179231
2013-02-21,65.64,65.98,64.16,65.5199,327773
2013-02-22,66.41,67.2,65.97,67.2,128722
2013-02-25,68.07,68.3399,63.76,63.76,225194
2013-02-26,65.04,66.0,64.62,65.78,152155
2013-02-27,65.51,68.617,65.51,68.27,226308
2013-02-28,68.13,69.31,67.74,67.74,235971
2013-03-01,67.22,68.73,66.25,68.52,354145
2013-03-04,68.02,69.04,67.5775,69.01,276119
2013-03-05,69.85,71.34,69.85,70.81,339719
2013-03-06,71.73,71.86,71.0901,71.55,197432
2013-03-07,71.79,72.4,71.69,72.1,177691
2013-03-08,73.35,73.5,72.17,72.99,332483
2013-03-11,72.99,73.9,72.77,73.85,227802
2013-03-12,73.72,74.44,73.45,74.03,294726
2013-03-13,74.02,74.3998,73.47,74.19,199280
2013-03-14,74.6,75.419,74.535,75.37,202310
2013-03-15,75.13,75.15,74.35,74.99,242978
2013-03-18,73.51,75.1399,73.27,74.08,228726
2013-03-19,74.55,75.0286,73.0,74.17,476705
2013-03-20,75.05,75.47,74.67,74.9,306846
2013-03-21,73.9,74.63,72.97,73.58,283779
2013-03-22,74.28,75.039,74.176,75.01,361752
2013-03-25,75.47,75.71,73.13,73.951,375374
2013-03-26,74.66,75.65,74.66,75.58,167063
2013-03-27,74.28,75.35,73.71,75.1,187025
2013-03-28,75.4,76.0,74.97,75.61,166233
2013-04-01,75.73,76.33,75.15,75.79,137251
2013-04-02,76.5,77.5,76.4301,77.15,221651
2013-04-03,77.14,77.47,75.121,75.56,248996
2013-04-04,75.79,76.68,75.34,76.31,210304
2013-04-05,73.82,75.91,73.66,75.64,409484
2013-04-08,75.72,76.5201,74.78,76.51,157502
2013-04-09,76.76,78.17,76.31,77.44,257383
2013-04-10,78.25,79.93,78.2009,79.47,197615
2013-04-11,79.66,80.99,79.29,80.63,244201
2013-04-12,79.84,80.6395,79.45,80.62,223040
2013-04-15,79.83,79.83,76.19,76.19,447723
2013-04-16,78.21,78.8399,77.23,78.74,377579
2013-04-17,77.43,77.587,75.591,76.44,249555
2013-04-18,76.75,76.81,74.71,75.31,217867
2013-04-19,74.8,75.57,74.27,75.34,194297
2013-04-22,75.83,76.12,74.04,75.78,185836
2013-04-23,76.96,78.13,75.43,77.85,216969
2013-04-24,78.24,78.65,77.36,77.5,92073
2013-04-25,77.85,78.95,77.35,77.95,128239
2013-04-26,77.72,78.52,77.64,78.09,131184
2013-04-29,78.76,80.116,78.21,79.66,210270
2013-04-30,79.68,80.0724,78.34,80.012,284602
2013-05-01,79.26,79.5694,77.64,77.85,202567
2013-05-02,78.53,79.9444,78.28,79.77,187541
2013-05-03,82.08,82.799,81.51,81.51,254072
2013-05-06,81.75,82.424,81.651,82.11,100412
2013-05-07,82.73,83.569,82.25,83.46,158103
2013-05-08,83.38,84.67,83.3,84.6,130343
2013-05-09,84.68,85.38,83.77,84.41,190774
2013-05-10,84.78,84.96,83.65,84.89,155603
2013-05-13,84.43,85.25,83.9,84.52,136946
2013-05-14,84.61,86.65,84.52,86.6,129222
2013-05-15,86.2,88.325,86.2,87.81,146936
2013-05-16,87.53,88.3,86.82,87.13,111400
2013-05-17,87.93,89.2,87.58,89.04,237226
2013-05-20,88.88,89.81,88.45,88.86,150994
2013-05-21,89.3,90.57,88.73,89.74,268696
2013-05-22,90.1,92.51,87.68,88.47,448674
2013-05-23,86.48,89.23,86.35,88.36,363235
2013-05-24,87.21,88.5,86.67,88.46,201062
2013-05-28,90.81,92.22,89.7,90.26,332609
2013-05-29,88.91,89.25,87.1,88.47,295236
2013-05-30,88.46,90.12,88.09,88.96,170268
2013-05-31,88.07,90.05,85.09,85.09,279698
2013-06-03,86.33,87.54,85.45,87.49,242850
2013-06-04,87.41,88.5,84.96,86.51,265432
2013-06-05,85.82,85.84,82.34,82.42,456035
2013-06-06,82.47,83.88,80.76,83.82,415350
2013-06-07,85.3,87.55,84.73,87.28,402640
2013-06-10,88.19,88.32,86.78,87.23,345666
2013-06-11,85.09,87.4325,84.5501,85.24,231476
2013-06-12,87.11,87.35,82.97,83.23,284510
2013-06-13,83.0,86.67,82.55,86.24,251985
2013-06-14,86.14,86.748,84.031,84.46,147997
2013-06-17,86.19,87.6054,85.2,86.25,200422
2013-06-18,86.59,88.98,86.59,88.53,196061
2013-06-19,88.24,88.64,85.17,85.17,264081
2013-06-20,83.2,83.2,78.7,79.36,409891
2013-06-21,80.39,80.94,77.96,79.85,400356
2013-06-24,77.71,79.31,75.5,77.51,523850
2013-06-25,79.46,79.88,78.1,79.16,223695
2013-06-26,80.5,81.88,80.1,81.39,204237
2013-06-27,82.84,84.06,82.75,83.06,206160
2013-06-28,82.35,83.45,80.9751,81.05,189065
2013-07-01,82.58,84.11,82.09,82.41,205543
2013-07-02,82.08,83.72,80.75,81.66,168586
2013-07-03,80.86,83.26,80.46,82.61,95480
2013-07-05,84.05,85.11,82.356,84.96,269300
2013-07-08,86.34,87.28,86.06,86.59,180093
2013-07-09,88.0,88.3599,87.1029,87.96,171810
2013-07-10,88.1,88.89,87.302,87.92,207318
2013-07-11,90.8,91.13,89.6648,90.72,234978
2013-07-12,90.91,91.4,89.945,90.52,130566
2013-07-15,91.02,91.57,90.68,91.29,80771
2013-07-16,91.3,91.313,89.99,90.63,92037
2013-07-17,91.13,91.55,90.44,90.83,108149
2013-07-18,91.66,93.11,91.591,92.37,124972
2013-07-19,91.9799,92.4,91.45,92.39,117201
2013-07-22,92.34,92.9,91.9,92.49,62667
2013-07-23,93.14,93.44,92.3701,92.89,88207
2013-07-24,93.48,93.48,91.52,92.36,167751
2013-07-25,91.24,92.6,90.78,92.3,251337
2013-07-26,91.14,92.6161,89.8701,92.51,307795
2013-07-29,92.03,92.4225,91.23,92.08,124694
2013-07-30,92.97,93.22,91.2,92.01,103176
2013-07-31,92.29,93.98,90.96,91.73,199369
2013-08-01,93.87,94.23,93.401,93.67,131799
2013-08-02,93.01,94.35,92.58,94.28,109857
2013-08-05,93.83,93.93,93.05,93.6,89461
2013-08-06,93.44,93.44,91.091,91.9,181967
2013-08-07,90.98,91.66,90.37,91.27,227464
2013-08-08,92.79,92.93,90.4,91.63,121815
2013-08-09,91.3,91.99,89.13,90.62,149934
2013-08-12,89.31,90.84,89.23,90.44,77912
2013-08-13,90.94,92.0,89.1405,91.099,121222
2013-08-14,90.68,90.952,88.8,89.11,191032
2013-08-15,87.16,87.16,85.0844,85.41,291090
2013-08-16,85.31,85.8,84.42,84.94,111505
2013-08-19,84.42,85.21,83.5,83.5,111610
2013-08-20,83.87,84.65,83.25,83.57,145900
2013-08-21,83.16,83.827,81.53,81.84,335698
2013-08-22,82.17,83.239,82.0001,82.86,117972
2013-08-23,83.29,83.94,82.39,83.64,96069
2013-08-26,83.74,84.42,82.63,82.63,151949
2013-08-27,80.83,81.8,79.69,79.75,240584
2013-08-28,79.61,81.258,79.6,80.7,69681
2013-08-29,80.64,82.14,80.27,80.92,119571
2013-08-30,81.21,81.21,79.67,80.3,100344
2013-09-03,82.11,82.46,80.0,80.71,248965
2013-09-04,80.52,82.845,80.28,82.41,126108
2013-09-05,82.46,83.345,82.27,82.46,77252
2013-09-06,83.23,83.75,80.1315,82.324,212567
2013-09-09,83.3899,85.1292,83.3899,84.63,126583
2013-09-10,86.18,86.83,85.7512,86.81,293065
2013-09-11,86.87,89.13,86.8,89.13,200403
2013-09-12,89.53,89.5479,88.5,88.72,113092
2013-09-13,89.43,90.2,89.21,90.05,144973
2013-09-16,93.0,93.21,91.79,92.17,189454
2013-09-17,92.5,93.2,92.5,92.79,127594
2013-09-18,92.68,95.9999,91.76,95.36,204843
2013-09-19,95.72,95.77,94.5,94.62,90474
2013-09-20,94.77,95.0,91.63,91.7,242785
2013-09-23,91.34,91.54,89.841,90.5,163663
2013-09-24,90.63,91.0365,89.09,89.36,134567
2013-09-25,89.68,89.814,87.83,88.23,101368
2013-09-26,88.69,90.06,88.3,89.02,116576
2013-09-27,87.99,88.295,86.821,87.77,89675
2013-09-30,85.19,86.5899,84.5,85.61,196096
2013-10-01,85.71,86.94,85.37,86.58,129118
2013-10-02,85.55,85.736,84.26,85.56,193449
2013-10-03,85.0,85.18,82.5547,83.33,328471
2013-10-04,83.33,84.872,83.01,84.68,112839
2013-10-07,82.5,83.69,82.0848,82.4399,200168
2013-10-08,82.45,82.5,79.86,79.87,279906
2013-10-09,80.08,81.01,78.9,80.3,343648
2013-10-10,82.4,85.3801,82.4,85.34,443191
2013-10-11,85.15,87.4,85.0,87.4,327963
2013-10-14,85.5,88.6499,85.45,88.37,349666
2013-10-15,88.35,88.42,86.0,86.17,388040
2013-10-16,87.78,89.7199,87.5,89.64,414657
2013-10-17,87.19,89.782,87.08,89.61,314478
2013-10-18,90.24,90.4,88.88,90.09,491176
2013-10-21,90.24,90.3599,89.5,89.93,203211
2013-10-22,90.83,92.23,90.48,91.35,258872
2013-10-23,90.32,90.75,89.55,90.42,146502
2013-10-24,91.09,92.42,90.9,92.09,167811
2013-10-25,92.36,93.1,92.0919,93.1,182479
2013-10-28,92.87,93.61,92.46,93.15,150122
2013-10-29,93.76,95.11,93.6016,95.09,191834
2013-10-30,95.51,95.81,93.097,93.96,214904
2013-10-31,93.5,94.53,92.67,92.89,162122
2013-11-01,93.39,94.42,92.55,93.87,167855
2013-11-04,94.72,94.8,93.36,94.34,116522
2013-11-05,92.98,94.51,92.19,93.93,133772
2013-11-06,95.1,96.5,94.87,96.48,205414
2013-11-07,97.39,97.47,93.53,93.82,282650
2013-11-08,93.47,96.74,93.39,96.74,110093
2013-11-11,96.47,97.25,96.19,97.04,156264
2013-11-12,96.66,97.24,95.685,96.55,106769
2013-11-13,95.06,97.97,94.95,97.884,160716
2013-11-14,97.89,99.23,97.65,99.07,149505
2013-11-15,99.4,100.72,99.23,100.68,161581
2013-11-18,101.61,101.952,100.32,100.98,197823
2013-11-19,101.2,101.92,100.4,100.78,137701
2013-11-20,101.2,101.73,98.91,99.7,149816
2013-11-21,100.61,101.79,100.48,101.59,150852
2013-11-22,101.72,102.8004,101.1,102.68,127801
2013-11-25,103.62,103.6499,102.6501,103.09,148030
2013-11-26,103.08,103.87,102.81,102.81,70757
2013-11-27,103.5957,103.77,102.78,103.58,99791
2013-11-29,104.1,105.03,103.23,103.25,100563
2013-12-02,103.53,103.59,101.43,101.83,168938
2013-12-03,100.86,101.2,99.01,100.08,241210
2013-12-04,99.07,100.979,97.85,99.65,234431
2013-12-05,98.97,99.79,98.2,98.4,117591
2013-12-06,101.1,102.2155,100.25,102.1,179620
2013-12-09,102.5,102.84,102.09,102.32,122387
2013-12-10,101.5,102.22,101.22,101.31,62635
2013-12-11,101.6,101.65,98.5,98.7,165726
2013-12-12,98.38,98.84,96.35,97.1,285248
2013-12-13,97.29,98.021,96.611,97.37,139223
2013-12-16,98.76,100.6,98.63,99.54,249900
2013-12-17,100.42,100.5,98.77,99.59,107860
2013-12-18,100.11,105.11,98.18,104.48,441466
2013-12-19,104.46,105.55,104.18,105.42,200037
2013-12-20,105.62,107.355,105.6,106.48,233388
2013-12-23,107.4,107.96,107.01,107.48,167774
2013-12-24,107.6,108.64,107.6,108.5,202759
2013-12-26,109.46,111.0,109.3,110.93,210972
2013-12-27,111.63,111.85,110.5,110.95,231828
2013-12-30,111.1,111.38,110.85,111.28,102410
2013-12-31,112.0,113.03,111.68,112.86,220766
2014-01-02,111.59,112.0389,109.65,110.25,325681
2014-01-03,110.78,111.65,110.06,110.78,212806
2014-01-06,112.05,112.05,109.36,109.71,303117
2014-01-07,111.3,112.5,111.0,111.78,188440
2014-01-08,111.27,111.58,109.731,110.57,219595
2014-01-09,111.87,111.88,108.96,110.28,164803
2014-01-10,110.98,111.2199,108.98,110.17,349738
2014-01-13,109.67,110.39,106.149,106.44,280255
2014-01-14,107.3,108.75,106.65,108.64,155115
2014-01-15,109.07,111.41,109.05,110.9,250580
2014-01-16,110.11,110.4396,108.83,109.67,213965
2014-01-17,109.65,111.2,109.335,110.33,186263
2014-01-21,112.05,112.14,107.61,109.57,303927
2014-01-22,109.62,109.62,108.0,108.91,186219
2014-01-23,106.88,106.88,104.21,105.48,430771
2014-01-24,103.41,103.83,99.22,99.22,559982
2014-01-27,99.56,100.26,97.36,98.43,544258
2014-01-28,99.12,100.37,98.74,99.95,209374
2014-01-29,97.37,98.55,95.81,96.6,327679
2014-01-30,98.7,99.53,96.967,98.38,222370
2014-01-31,94.91,97.5599,94.16,95.73,396337
2014-02-03,95.46,95.77,89.41,89.7,750058
2014-02-04,90.67,91.5,89.4,90.85,391226
2014-02-05,90.22,91.55,89.11,90.83,427782
2014-02-06,91.97,94.4199,91.97,94.36,276437
2014-02-07,95.15,97.4499,94.2806,97.3,491607
2014-02-10,97.38,97.48,96.24,97.4,222681
2014-02-11,97.93,101.67,97.79,100.95,340699
2014-02-12,101.59,102.35,100.27,100.95,335061
2014-02-13,98.96,102.38,98.8404,102.11,306829
2014-02-14,101.5,104.962,101.2902,104.45,328464
2014-02-18,104.78,104.83,103.66,104.06,197404
2014-02-19,103.45,105.97,102.17,102.39,421063
2014-02-20,102.42,104.7,101.6301,104.0,255477
2014-02-21,104.4,105.412,103.47,103.79,222434
2014-02-24,104.18,107.41,104.18,105.36,494960
2014-02-25,105.51,106.579,104.42,105.14,284801
2014-02-26,105.51,106.554,104.69,105.59,202866
2014-02-27,105.39,107.18,104.8668,107.1,217961
2014-02-28,107.22,109.57,106.1,108.3,549853
2014-03-03,105.12,106.21,103.12,105.01,568183
2014-03-04,108.275,109.91,108.08,109.32,510028
2014-03-05,109.37,109.45,108.35,108.6,431761
2014-03-06,109.58,110.54,109.47,110.12,217043
2014-03-07,111.49,111.68,109.5501,110.65,267891
2014-03-10,109.97,110.21,108.27,110.04,223053
2014-03-11,110.47,110.839,108.12,108.67,172315
2014-03-12,107.15,109.02,106.86,108.4,202076
2014-03-13,109.41,109.8495,103.48,103.97,399106
2014-03-14,103.45,105.06,102.7,103.27,247180
2014-03-17,104.67,107.0724,104.53,106.46,264944
2014-03-18,107.12,109.0,106.88,108.23,243496
2014-03-19,108.13,108.88,104.1,106.11,236103
2014-03-20,105.4,108.61,104.77,108.25,184185
2014-03-21,109.25,110.62,107.3888,107.4,310621
2014-03-24,108.63,109.0871,105.88,107.08,204091
2014-03-25,109.11,109.65,107.45,109.06,576505
2014-03-26,110.31,110.75,106.77,106.77,203649
2014-03-27,106.59,107.47,105.3,106.72,204623
2014-03-28,107.33,109.69,106.76,107.67,205449
2014-03-31,109.44,110.93,109.33,110.55,251651
2014-04-01,111.42,112.65,111.24,111.95,254470
2014-04-02,112.45,113.15,111.55,112.83,398402
2014-04-03,113.38,113.5201,111.93,112.56,307822
2014-04-04,114.17,114.21,109.24,109.79,307035
2014-04-07,109.06,109.73,106.21,106.24,270414
2014-04-08,106.18,107.349,105.021,106.59,155962
2014-04-09,107.96,110.14,106.81,110.14,235456
2014-04-10,110.05,110.47,104.41,104.7,399165
2014-04-11,103.1,104.41,101.6408,102.0,505064
2014-04-14,104.05,105.0,102.49,104.72,304550
2014-04-15,105.19,106.6098,102.6,106.4,506958
2014-04-16,108.43,109.68,107.6,109.68,317347
2014-04-17,109.23,110.26,108.56,109.43,139056
2014-04-21,109.51,110.38,109.37,110.07,164307
2014-04-22,110.56,112.5,110.38,111.46,179147
2014-04-23,111.89,111.89,110.8,111.28,117936
2014-04-24,111.97,112.13,110.2757,111.28,211110
2014-04-25,109.97,110.21,107.86,108.53,215102
2014-04-28,110.14,111.2,107.47,110.18,323024
2014-04-29,111.0,112.37,110.84,111.83,134838
2014-04-30,111.8,113.03,111.48,112.68,165098
2014-05-01,112.3,113.262,111.64,112.26,120256
2014-05-02,112.23,113.55,110.93,111.43,196430
2014-05-05,109.66,112.16,108.66,111.73,176657
2014-05-06,111.0,111.0,109.17,109.17,178704
2014-05-07,110.74,111.93,108.57,111.84,319210
2014-05-08,111.84,113.91,111.49,112.49,327069
2014-05-09,112.47,113.3,111.5,113.22,291405
2014-05-12,114.43,115.71,114.38,115.52,195418
2014-05-13,116.0,116.41,115.78,115.95,163035
2014-05-14,116.0,116.12,113.66,114.05,171331
2014-05-15,113.31,113.42,109.68,110.75,309020
2014-05-16,110.81,111.76,110.06,111.67,142579
2014-05-19,110.73,112.31,110.57,112.0,147300
2014-05-20,111.97,111.97,108.53,109.12,207451
2014-05-21,110.24,112.7,110.24,112.39,197273
2014-05-22,112.71,113.23,111.71,112.77,135477
2014-05-23,113.08,114.19,113.08,114.06,112183
2014-05-27,115.43,115.72,114.8,115.5,151977
2014-05-28,115.61,115.61,114.42,114.7,139279
2014-05-29,115.48,116.09,114.56,116.079,102695
2014-05-30,115.63,116.58,115.09,116.49,153980
2014-06-02,117.0,117.359,115.77,117.02,161106
2014-06-03,116.31,116.94,115.99,116.65,135229
2014-06-04,116.31,117.0899,115.63,116.9,111681
2014-06-05,117.61,119.25,116.3254,118.9501,248444
2014-06-06,119.87,120.97,119.684,120.89,166831
2014-06-09,120.96,121.94,120.78,121.3,163697
2014-06-10,120.99,121.47,120.4,121.47,140644
2014-06-11,120.14,120.25,118.77,119.29,169049
2014-06-12,119.2,119.24,116.38,116.96,212176
2014-06-13,117.63,118.18,116.694,117.8,147025
2014-06-16,117.14,118.45,116.6905,117.98,83214
2014-06-17,117.2,118.95,116.91,118.66,108102
2014-06-18,118.66,120.72,117.4001,120.57,133164
2014-06-19,120.75,121.0,119.68,120.87,88374
2014-06-20,121.84,122.2,121.27,121.63,134230
2014-06-23,121.47,121.51,120.37,121.2,103632
2014-06-24,120.67,122.0,118.48,118.63,374229
2014-06-25,117.87,119.97,117.8501,119.68,125822
2014-06-26,119.61,119.61,116.98,119.16,178142
2014-06-27,118.53,119.49,117.57,119.25,161462
2014-06-30,118.86,119.7,118.26,118.65,147003
2014-07-01,119.57,122.39,119.4001,121.5004,203461
2014-07-02,121.6,122.08,121.45,121.89,89393
2014-07-03,122.95,124.04,122.64,123.7,113611
2014-07-07,122.96,123.15,122.21,122.86,125706
2014-07-08,122.18,122.18,119.81,120.59,211427
2014-07-09,121.41,122.5496,120.68,122.15,209448
2014-07-10,118.53,121.69,118.2,120.77,318341
2014-07-11,120.51,121.4,119.55,121.31,115209
2014-07-14,123.38,124.37,123.18,123.69,140303
2014-07-15,124.15,125.0345,122.5934,123.87,190252
2014-07-16,125.2,125.56,124.5,125.52,146858
2014-07-17,124.8,125.88,121.87,122.15,234182
2014-07-18,123.4,125.03,122.89,124.67,146659
2014-07-21,123.65,124.18,122.0,123.765,173781
2014-07-22,124.71,125.46,124.36,124.99,205072
2014-07-23,125.08,125.1,123.8008,124.56,117786
2014-07-24,124.87,125.16,123.84,124.3,109349
2014-07-25,122.8001,123.02,120.651,121.65,245505
2014-07-28,121.64,122.519,119.791,121.99,145491
2014-07-29,123.02,123.64,120.72,120.73,142203
2014-07-30,121.86,122.2357,118.55,120.0,276989
2014-07-31,117.45,117.73,113.1,113.34,328160
2014-08-01,112.14,113.62,110.56,111.82,331746
2014-08-04,112.26,113.78,110.7601,113.27,179737
2014-08-05,112.16,112.81,109.12,110.34,152325
2014-08-06,109.39,112.0,109.227,110.94,172785
2014-08-07,112.22,112.26,108.7201,109.4,164016
2014-08-08,109.77,113.229,109.34,113.03,209703
2014-08-11,114.45,114.8,113.34,113.34,205204
2014-08-12,113.01,113.98,112.46,113.48,133482
2014-08-13,114.54,115.82,114.04,115.3701,136070
2014-08-14,115.89,116.74,115.46,116.6701,131791
2014-08-15,117.99,118.11,113.94,115.83,384073
2014-08-18,117.78,119.47,117.6642,119.38,167813
2014-08-19,120.56,121.404,119.98,121.1,140713
2014-08-20,120.74,122.89,120.74,122.58,159702
2014-08-21,123.08,124.61,122.84,123.89,131124
2014-08-22,123.64,124.5,122.77,123.18,140736
2014-08-25,124.61,125.7827,124.45,124.79,103850
2014-08-26,125.41,126.389,125.21,125.48,82328
2014-08-27,126.15,126.15,125.1,125.74,92462
2014-08-28,124.25,125.39,123.75,125.21,165842
2014-08-29,125.49,125.664,124.0,125.47,112655
2014-09-02,125.6,125.77,123.55,124.71,141050
2014-09-03,126.45,126.65,124.664,125.0,90028
2014-09-04,125.52,126.86,123.92,124.82,112868
2014-09-05,124.5,126.23,123.5,126.19,91257
2014-09-08,125.59,126.35,125.0701,125.74,58309
2014-09-09,125.09,125.21,123.22,123.75,112883
2014-09-10,123.86,125.11,122.75,124.78,108871
2014-09-11,123.13,124.67,123.0,124.48,83714
2014-09-12,124.06,124.29,122.05,123.21,123864
2014-09-15,123.48,124.55,122.4,124.03,130359
2014-09-16,123.17,127.03,123.1,126.26,164771
2014-09-17,126.78,128.27,125.29,126.83,152417
2014-09-18,127.76,129.49,127.5,129.2,98414
2014-09-19,130.94,131.09,129.11,129.63,123813
2014-09-22,129.32,129.32,126.84,127.2199,105829
2014-09-23,125.96,127.13,124.61,124.66,152574
2014-09-24,124.76,128.1002,123.96,127.91,120090
2014-09-25,127.19,127.22,121.8101,122.0,285738
2014-09-26,123.31,126.2,122.75,125.36,214068
2014-09-29,121.85,125.0399,121.4,124.5,195253
2014-09-30,124.78,126.04,123.33,124.03,170848
2014-10-01,123.5,123.61,118.06,118.76,517498
2014-10-02,118.13,119.9,115.97,118.53,320772
2014-10-03,121.14,123.46,120.1598,122.94,328695
2014-10-06,124.52,125.07,121.32,122.7463,229853
2014-10-07,120.75,121.18,116.8201,116.85,295335
2014-10-08,116.7,122.9,115.71,122.5,360533
2014-10-09,121.38,122.19,115.12,115.45,469228
2014-10-10,115.28,117.5,113.03,113.06,461098
2014-10-13,112.95,114.18,108.18,108.39,386247
2014-10-14,109.7,111.32,107.53,108.37,452823
2014-10-15,104.59,106.1999,99.1,104.815,1200136
2014-10-16,100.72,106.25,100.14,104.33,549369
2014-10-17,107.95,110.5,107.17,109.49,395416
2014-10-20,107.39,109.98,107.15,109.98,288839
2014-10-21,111.61,114.33,110.89,114.24,435817
2014-10-22,114.98,115.139,111.11,111.32,283722
2014-10-23,114.56,117.3275,114.56,115.46,338457
2014-10-24,115.79,118.26,114.96,118.03,351149
2014-10-27,117.1,118.83,116.55,118.46,514179
2014-10-28,119.74,122.24,119.0742,122.2,255195
2014-10-29,122.92,123.66,119.97,121.67,394438
2014-10-30,134.39,136.6,134.39,136.36,148312
2014-10-31,130.16,130.82,129.0,130.37,378400
2014-11-03,130.55,131.1425,129.51,130.09,309830
2014-11-04,129.52,130.824,128.21,130.36,256707
2014-11-05,132.8,133.0116,131.0101,132.75,297208
2014-11-06,133.34,134.85,132.07,134.5,260849
2014-11-07,134.48,135.3155,133.4,135.15,182498
2014-11-10,135.3,136.31,134.6301,136.19,149341
2014-11-11,136.2,136.69,135.49,136.19,146712
2014-11-12,134.39,136.6,134.39,136.36,148312
2014-11-13,136.78,138.46,135.71,137.16,244277
2014-11-14,137.07,137.656,136.45,136.97,156838
2014-11-17,136.32,137.91,136.17,137.3,240477
2014-11-18,137.48,139.35,137.32,138.42,246854
2014-11-19,137.87,138.9,136.8401,138.25,198630
2014-11-20,136.26,139.09,136.17,139.05,142373
2014-11-21,143.12,143.25,140.22,141.28,299763
2014-11-24,142.06,142.43,140.9299,141.46,129124
2014-11-25,142.22,142.272,140.82,141.64,116466
2014-11-26,141.92,142.04,141.05,141.83,120983
2014-11-28,142.03,143.49,141.53,142.08,118667
2014-12-01,140.65,141.81,139.5277,140.82,216740
2014-12-02,140.98,143.6399,140.98,143.04,147412
2014-12-03,143.16,144.41,142.82,143.87,319064
2014-12-04,143.37,144.77,141.75,143.6701,237256
2014-12-05,144.7,145.99,144.01,145.17,165713
2014-12-08,144.06,145.28,141.51,142.91,251320
2014-12-09,138.64,141.6699,137.361,141.49,286774
2014-12-10,140.29,140.43,134.47,135.04,279530
2014-12-11,136.3,140.565,136.06,136.86,224284
2014-12-12,133.92,135.9,129.61,129.77,382553
2014-12-15,131.4,132.21,125.7,126.96,312514
2014-12-16,125.76,132.71,124.66,124.79,307348
2014-12-17,125.75,131.73,125.51,130.91,317930
2014-12-18,136.4,140.55,134.8844,140.52,363059
2014-12-19,141.52,142.79,139.7733,141.17,222577
2014-12-22,142.2,144.71,142.14,144.71,147552
2014-12-23,146.15,147.34,145.5601,146.66,278554
2014-12-24,146.94,147.7,146.27,146.34,81098
2014-12-26,147.33,148.02,146.75,146.77,254510
2014-12-29,146.16,147.25,145.78,146.47,91688
2014-12-30,145.25,145.9,144.5029,145.12,185238
2014-12-31,145.75,146.533,141.14,141.46,499398
2015-01-02,142.99,144.33,139.0,141.33,171735
2015-01-05,139.05,139.44,133.0,133.98,283401
2015-01-06,134.52,135.39,128.08,130.49,549593
2015-01-07,133.93,135.76,132.4001,135.52,279255
2015-01-08,139.35,143.18,139.2001,142.89,322528
2015-01-09,143.28,143.3999,137.75,139.1,372586
2015-01-12,139.7,140.0,135.0,136.69,232186
2015-01-13,140.38,143.25,133.4,136.11,384160
2015-01-14,130.28,133.2,127.94,131.62,529315
2015-01-15,133.41,133.98,128.85,129.52,319541
2015-01-16,128.57,134.0,127.603,133.27,313316
2015-01-20,134.58,135.5,129.8228,133.88,269749
2015-01-21,132.33,135.56,131.3,134.93,240189
2015-01-22,136.29,141.25,132.9,140.66,379615
2015-01-23,140.32,140.6,137.17,137.17,277896
2015-01-26,136.65,137.9,134.78,137.53,480342
2015-01-27,130.71,133.2999,128.35,130.62,564119
2015-01-28,132.73,132.79,126.1899,126.21,443371
2015-01-29,127.5,131.535,124.9655,131.16,429105
2015-01-30,129.53,131.15,125.22,125.78,356732
2015-02-02,126.77,129.85,122.65,129.71,364985
2015-02-03,131.4,136.5601,131.4,136.43,622130
2015-02-04,135.14,139.26,135.12,136.76,300699
2015-02-05,138.45,141.74,138.259,141.49,256793
2015-02-06,142.19,143.48,139.23,140.49,294698
2015-02-09,138.35,140.07,137.168,138.18,153811
2015-02-10,140.63,141.9,138.38,141.43,163779
2015-02-11,140.33,142.61,139.4001,141.79,290009
2015-02-12,143.24,144.69,142.6,144.52,216731
2015-02-13,144.91,146.16,144.41,145.75,194724
2015-02-17,145.27,146.54,144.2076,146.29,140668
2015-02-18,145.29,146.4,144.81,146.05,188603
2015-02-19,144.74,145.83,143.5,145.06,177864
2015-02-20,144.04,148.89,142.46,148.81,227189
2015-02-23,147.68,148.29,146.76,148.29,363527
2015-02-24,148.3,151.0,148.23,150.49,188752
2015-02-25,150.56,151.28,149.83,150.81,116693
2015-02-26,150.55,151.4299,149.49,150.84,113583
2015-02-27,150.78,150.78,148.55,148.68,95972
2015-03-02,149.23,152.5,149.23,152.5,130657
2015-03-03,151.5,151.79,148.831,150.49,152383
2015-03-04,149.11,149.11,146.1601,147.28,324792
2015-03-05,148.97,149.3,147.67,148.69,124052
2015-03-06,146.17,147.38,141.25,141.99,346194
2015-03-09,142.22,146.1,142.0701,145.26,214193
2015-03-10,141.69,142.0,137.66,137.77,360258
2015-03-11,138.31,139.0,136.6,136.84,210283
2015-03-12,138.92,143.03,138.9,142.84,246351
2015-03-13,141.72,141.826,136.5,139.61,273539
2015-03-16,141.34,145.085,141.25,144.72,255682
2015-03-17,142.3,142.8487,140.22,141.45,248210
2015-03-18,140.19,147.5749,138.0,146.98,497179
2015-03-19,145.69,146.1,143.5252,144.35,221799
2015-03-20,147.26,149.9101,146.2801,148.21,353042
2015-03-23,148.26,150.13,147.88,147.96,287420
2015-03-24,147.5,148.7,145.3,145.49,179028
2015-03-25,145.93,146.25,138.33,138.42,522385
2015-03-26,136.74,139.21,135.0,137.45,325707
2015-03-27,137.0,138.4605,136.3091,138.1,180504
2015-03-30,141.6,144.98,141.6,144.22,283855
2015-03-31,141.89,143.277,139.39,139.66,196270
2015-04-01,139.7,139.7,135.0,137.73,308846
2015-04-02,137.6,140.4591,137.07,139.28,174229
2015-04-06,136.6,143.39,136.14,141.99,511238
2015-04-07,142.59,144.3999,141.65,141.72,173158
2015-04-08,142.33,144.28,140.5801,142.53,233585
2015-04-09,142.33,144.45,140.54,143.91,184859
2015-04-10,144.71,146.48,143.4,146.2,139001
2015-04-13,146.09,147.42,144.2,144.41,112666
2015-04-14,144.42,146.61,142.58,145.8,202749
2015-04-15,147.23,148.7,146.6,147.39,135712
2015-04-16,146.96,149.0,146.41,147.53,101719
2015-04-17,143.92,144.09,138.7019,140.6,425868
2015-04-20,143.61,146.85,143.61,145.5,340907
2015-04-21,147.08,147.59,142.931,143.59,176084
2015-04-22,144.52,145.87,141.93,145.6,198400
2015-04-23,143.96,147.94,143.49,146.23,242996
2015-04-24,146.65,147.36,144.91,146.77,355770
2015-04-27,148.99,149.01,145.33,145.77,186289
2015-04-28,145.85,147.65,142.67,147.37,161824
2015-04-29,144.7,147.06,143.5,145.39,257207
2015-04-30,144.51,145.468,139.23,140.51,282713
2015-05-01,143.5,145.25,142.9022,145.0,207676
2015-05-04,146.29,147.74,145.96,146.4,156405
2015-05-05,145.65,146.58,142.28,142.47,427170
2015-05-06,144.73,145.5,138.54,141.43,437753
2015-05-07,140.86,144.35,140.38,143.28,157235
2015-05-08,147.72,149.94,147.72,149.64,262755
2015-05-11,149.16,149.878,147.24,147.7,139299
2015-05-12,145.07,147.86,143.25,146.72,184638
2015-05-13,147.17,148.405,146.17,146.7076,121268
2015-05-14,149.45,151.37,149.26,151.23,194380
2015-05-15,151.28,152.05,150.58,151.95,83214
2015-05-18,152.0,153.29,151.27,152.5,141087
2015-05-19,153.16,154.0,151.75,152.94,150338
2015-05-20,76.98,77.07,76.1,76.29,451853
2015-05-21,76.17,76.65,75.8401,76.36,100071
2015-05-22,75.96,76.29,75.41,75.72,130190
2015-05-26,75.2,75.2485,72.626,73.35,392142
2015-05-27,73.93,75.05,73.5001,74.7,278421
2015-05-28,74.18,74.49,73.71,74.46,174837
2015-05-29,74.23,74.23,72.45,73.05,364035
2015-06-01,74.18,74.25,72.67,73.35,282278
2015-06-02,73.0,74.0,71.96,73.03,344183
2015-06-03,73.93,74.95,73.0,73.95,355346
2015-06-04,72.95,73.94,71.36,71.81,771985
2015-06-05,71.67,72.12,70.75,71.12,525386
2015-06-08,71.0,71.09,70.02,70.1,390589
2015-06-09,70.24,70.68,69.47,70.01,300920
2015-06-10,71.0,73.34,70.8,72.91,568079
2015-06-11,73.65,74.25,73.2,73.43,366141
2015-06-12,72.48,72.759,71.17,71.69,522745
2015-06-15,70.2,70.71,69.23,70.36,607618
2015-06-16,70.42,71.9,70.18,71.68,337207
2015-06-17,72.34,72.8199,70.96,72.04,409322
2015-06-18,72.85,74.99,72.85,74.21,732852
2015-06-19,73.99,74.1302,72.98,73.0,250716
2015-06-22,74.38,75.04,74.039,74.39,372917
2015-06-23,74.5,75.116,74.153,74.63,178699
2015-06-24,74.0,74.39,72.46,72.46,440378
2015-06-25,73.32,73.3792,71.5,71.55,346883
2015-06-26,72.25,72.95,71.6,72.19,280791
2015-06-29,70.18,70.93,67.87,68.02,846593
2015-06-30,69.5,69.5,67.66,68.15,524720
2015-07-01,70.21,70.4,68.97,69.93,439406
2015-07-02,70.25,70.67,69.05,69.42,247442
2015-07-06,67.71,69.6,67.48,69.01,313066
2015-07-07,69.4,70.25,66.45,70.15,655254
2015-07-08,68.55,68.76,66.79,67.0,584942
2015-07-09,69.39,69.89,67.33,67.47,383312
2015-07-10,69.73,70.25,69.0,69.82,505198
2015-07-13,71.51,72.5,71.49,72.39,412968
2015-07-14,72.26,73.5,72.01,73.28,267228
2015-07-15,73.33,73.695,72.74,73.25,212414
2015-07-16,74.42,74.46,73.48,74.1,345055
2015-07-17,73.63,73.8,73.1,73.8,223962
2015-07-20,74.15,74.339,73.42,73.91,181259
2015-07-21,72.54,72.603,71.0604,71.72,526419
2015-07-22,71.23,71.67,70.38,70.97,336935
2015-07-23,70.95,70.95,69.1601,69.62,419850
2015-07-24,69.66,69.66,67.3999,67.73,538429
2015-07-27,66.26,66.779,65.61,66.14,581694
2015-07-28,66.9,68.46,66.22,68.24,564444
2015-07-29,68.65,69.93,68.354,69.62,561809
2015-07-30,69.42,69.7432,68.2901,69.58,316397
2015-07-31,70.06,70.1,68.64,68.96,354228
2015-08-03,69.13,69.13,66.65,67.83,322982
2015-08-04,68.0,68.218,66.75,67.23,277793
2015-08-05,67.99,68.65,66.99,67.29,368204
2015-08-06,67.58,67.677,65.4,66.05,407901
2015-08-07,65.71,65.8723,64.4528,65.55,431042
2015-08-10,66.72,68.37,66.72,68.23,419950
2015-08-11,66.49,66.7244,65.21,65.86,509556
2015-08-12,64.25,66.14,62.75,65.864,621111
2015-08-13,65.82,66.8,65.2,66.07,443985
2015-08-14,65.95,66.88,65.72,66.73,210905
2015-08-17,66.0,67.63,65.25,67.59,325394
2015-08-18,67.04,67.87,66.9078,67.21,215992
2015-08-19,66.13,67.31,64.65,65.47,574475
2015-08-20,63.59,64.0,61.38,61.38,848086
2015-08-21,59.32,60.29,55.6799,55.69,1145691
2015-08-24,46.06,54.68,44.01,49.48,1589782
2015-08-25,54.44,54.4599,47.58,47.83,1023972
2015-08-26,51.23,53.6,48.8201,53.46,1045944
2015-08-27,55.59,57.145,53.77,57.02,1272068
2015-08-28,56.16,57.28,55.85,57.03,808785
2015-08-31,55.79,56.8101,54.95,55.71,560278
2015-09-01,52.0,53.22,50.273,51.13,1217710
2015-09-02,53.21,53.89,51.7975,53.89,808474
2015-09-03,54.63,55.88,53.55,54.12,640384
2015-09-04,51.77,52.36,50.69,51.44,862952
2015-09-08,54.29,55.29,53.63,55.2,720581
2015-09-09,56.8,56.98,52.5,52.85,821706
2015-09-10,52.64,54.68,52.4374,53.59,707576
2015-09-11,53.3,54.63,52.75,54.57,416756
2015-09-14,54.57,54.63,53.6,53.98,369755
2015-09-15,54.48,56.687,54.2,56.24,744706
2015-09-16,56.67,57.84,56.18,57.74,608941
2015-09-17,57.56,59.7,56.64,56.99,1575163
2015-09-18,54.46,55.69,53.62,53.94,996458
2015-09-21,55.08,55.93,54.1,55.27,879478
2015-09-22,53.04,53.75,52.3801,53.51,740096
2015-09-23,53.7,53.7649,52.28,53.01,583469
2015-09-24,51.59,52.63,50.39,52.22,1119471
2015-09-25,54.17,54.73,52.5,53.39,1018829
2015-09-28,52.37,52.402,50.02,50.3,1032288
2015-09-29,50.51,51.28,49.65,50.59,857711
2015-09-30,52.39,53.0,51.423,52.81,776846
2015-10-01,53.39,53.55,50.85,52.79,810681
2015-10-02,50.83,54.74,50.29,54.68,925828
2015-10-05,55.98,57.99,55.75,57.7,624888
2015-10-06,57.99,58.65,57.45,57.9,505006
2015-10-07,58.93,59.76,57.66,59.17,648637
2015-10-08,58.95,61.0,58.66,60.68,705334
2015-10-09,60.9,61.33,60.41,61.1,490529
2015-10-12,61.12,61.61,60.83,61.55,249480
2015-10-13,60.41,61.98,60.41,61.02,476006
2015-10-14,60.78,61.29,58.9,59.25,491224
2015-10-15,59.74,61.65,59.45,61.65,491192
2015-10-16,62.0,62.4,61.19,62.26,448312
2015-10-19,61.75,62.6,61.43,62.5,325669
2015-10-20,61.92,62.89,61.66,62.46,223789
2015-10-21,63.01,63.49,61.75,61.91,384188
2015-10-22,63.15,65.6089,62.99,65.44,565634
2015-10-23,66.9,67.55,66.15,67.2,619403
2015-10-26,67.23,67.33,66.7,66.96,749904
2015-10-27,66.09,66.98,65.95,66.43,184077
2015-10-28,66.88,68.65,66.12,68.65,702467
2015-10-29,68.07,68.73,67.57,68.37,281537
2015-10-30,68.5,68.89,67.32,67.32,227714
2015-11-02,67.63,69.39,67.59,69.2,297092
2015-11-03,68.98,70.93,68.81,70.2,718342
2015-11-04,70.87,70.95,69.291,69.85,457792
2015-11-05,70.06,70.51,68.76,69.78,358041
2015-11-06,69.88,70.39,68.75,70.31,419875
2015-11-09,69.71,69.71,67.56,68.37,458723
2015-11-10,67.86,68.85,67.56,68.77,350573
2015-11-11,69.33,69.33,67.99,68.08,319561
2015-11-12,66.8,67.0955,65.08,65.16,684831
2015-11-13,64.53,65.04,62.78,62.9,556132
2015-11-16,62.41,65.52,62.41,65.46,509834
2015-11-17,66.13,66.86,65.2,65.65,646120
2015-11-18,66.2,68.64,66.18,68.47,442227
2015-11-19,68.01,68.87,67.916,68.44,339369
2015-11-20,69.58,70.6,69.14,69.54,458513
2015-11-23,69.56,70.0599,68.68,69.24,586995
2015-11-24,67.83,69.95,67.83,69.415,397106
2015-11-25,69.72,69.8799,69.24,69.41,517360
2015-11-27,69.3,69.65,68.75,69.32,170296
2015-11-30,69.81,69.849,68.4666,68.53,287527
2015-12-01,69.37,70.49,69.03,70.36,359368
2015-12-02,70.34,70.65,68.36,68.66,375726
2015-12-03,69.16,69.16,65.05,65.72,1162269
2015-12-04,66.21,70.07,66.14,69.79,718701
2015-12-07,69.37,69.399,67.42,68.52,417415
2015-12-08,66.58,67.94,65.76,66.71,544292
2015-12-09,66.49,68.92,64.8,65.84,774719
2015-12-10,65.95,68.19,65.643,66.79,487270
2015-12-11,64.19,65.06,62.88,63.23,1006345
2015-12-14,63.53,64.51,61.86,64.5,824190
2015-12-15,65.89,67.29,65.67,66.23,654525
2015-12-16,67.73,69.07,65.67,68.61,878514
2015-12-17,69.39,69.39,65.72,65.83,605470
2015-12-18,64.72,64.762,61.55,61.55,1294457
2015-12-21,62.93,63.3,61.4601,62.91,591580
2015-12-22,63.59,64.9622,62.68,64.61,573860
2015-12-23,66.15,66.68,65.55,66.59,954663
2015-12-24,66.4,66.6885,65.97,66.0,308642
2015-12-28,65.02,65.89,64.77,65.78,294126
2015-12-29,67.29,68.2701,67.0211,67.86,611190
2015-12-30,67.55,67.68,66.41,66.6,303041
2015-12-31,65.94,66.43,64.54,64.54,484498
2016-01-04,61.15,61.57,59.401,61.57,1432844
2016-01-05,61.75,62.0164,60.35,61.63,609641
2016-01-06,58.89,60.1,58.01,58.92,1287343
2016-01-07,55.7,57.9,54.3341,54.89,1187116
2016-01-08,55.8,56.16,52.86,53.15,1114400
2016-01-11,53.97,54.3,52.05,53.69,1049114
2016-01-12,55.05,55.56,52.96,54.78,1041187
2016-01-13,55.41,55.59,50.93,51.22,1394765
2016-01-14,51.84,54.31,50.48,53.27,889531
2016-01-15,49.37,50.44,48.17,49.49,1781624
2016-01-19,51.47,51.47,48.7528,49.82,1070158
2016-01-20,47.15,48.81,44.5958,47.61,1972253
2016-01-21,47.69,50.0,46.95,48.57,826451
2016-01-22,50.69,50.908,49.43,50.54,838218
2016-01-25,50.14,50.43,48.5,48.65,1252616
2016-01-26,49.22,51.29,49.22,51.17,668209
2016-01-27,50.35,51.755,48.38,49.0,904157
2016-01-28,50.28,50.45,48.25,50.11,756216
2016-01-29,51.22,53.76,50.8611,53.76,820027
2016-02-01,52.72,54.304,52.22,53.56,720716
2016-02-02,52.0,52.0,50.35,50.8,814448
2016-02-03,51.85,52.97,48.97,52.48,2003379
2016-02-04,52.29,54.0089,51.9,53.35,772500
2016-02-05,53.1,53.2289,50.54,51.29,696585
2016-02-08,49.4,50.1675,47.55,49.66,1402205
2016-02-09,48.01,50.7,48.01,49.64,831543
2016-02-10,50.47,51.5,48.7099,48.87,932972
2016-02-11,46.54,47.5699,45.03,46.54,2114150
2016-02-12,47.75,49.25,47.2,49.25,1034299
2016-02-16,50.89,51.41,49.89,51.37,920579
2016-02-17,52.5,54.19,52.42,53.85,669706
2016-02-18,54.33,54.376,53.26,53.4344,591520
2016-02-19,52.77,53.35,52.21,53.27,488085
2016-02-22,54.87,55.9748,54.72,55.49,463494
2016-02-23,55.16,55.37,53.45,53.75,941162
2016-02-24,52.1,54.42,51.0501,54.15,917022
2016-02-25,54.6,56.31,53.93,56.28,517045
2016-02-26,57.33,57.446,55.6,55.73,777993
2016-02-29,55.68,56.69,54.53,54.54,381380
2016-03-01,55.54,58.02,55.2,57.94,1034750
2016-03-02,57.36,58.37,56.98,58.3102,533350
2016-03-03,58.19,58.84,57.55,58.84,1028852
2016-03-04,59.09,60.08,58.38,59.45,937786
2016-03-07,58.8,60.46,58.76,60.16,514228
2016-03-08,59.12,60.28,58.68,59.16,522388
2016-03-09,59.88,60.14,59.0,59.56,612859
2016-03-10,60.17,60.92,57.71,59.49,1046282
2016-03-11,61.0,61.92,60.9,61.76,809827
2016-03-14,61.29,62.51,61.1311,61.97,426665
2016-03-15,61.07,62.24,60.81,62.22,480997
2016-03-16,61.78,63.63,61.73,63.1,948994
2016-03-17,63.15,65.26,62.74,64.72,742736
2016-03-18,65.44,66.29,65.25,66.03,765936
2016-03-21,65.77,66.56,65.49,66.26,393936
2016-03-22,65.63,66.6,65.37,65.9,698090
2016-03-23,65.4,65.67,64.61,64.87,515619
2016-03-24,63.8,64.96,63.62,64.93,650316
2016-03-28,65.28,65.7,64.7,65.18,415780
2016-03-29,64.54,66.35,63.9906,66.25,708704
2016-03-30,67.49,68.0,66.7401,67.18,492303
2016-03-31,67.05,67.61,66.61,66.82,459713
2016-04-01,65.6,68.22,65.47,68.06,630591
2016-04-04,68.09,68.25,67.13,67.45,391997
2016-04-05,66.14,67.13,65.63,65.89,682952
2016-04-06,65.91,67.31,65.2853,67.22,598417
2016-04-07,65.95,66.33,64.6,65.27,901499
2016-04-08,66.37,66.95,65.07,65.67,477404
2016-04-11,66.37,67.3398,65.39,65.45,609105
2016-04-12,65.82,67.47,65.33,67.26,471015
2016-04-13,68.28,69.4699,68.25,69.3,431929
2016-04-14,69.6,70.01,69.14,69.6,264916
2016-04-15,69.68,69.69,68.9,69.24,148249
2016-04-18,68.54,70.55,68.54,70.45,284683
2016-04-19,70.92,71.63,70.28,71.09,562499
2016-04-20,70.77,72.41,70.77,71.63,348594
2016-04-21,71.5,71.796,70.08,70.38,431146
2016-04-22,70.2,70.8,69.43,70.52,359467
2016-04-25,69.85,70.22,68.7701,70.18,288478
2016-04-26,70.55,70.9581,69.6786,70.31,333743
2016-04-27,69.76,71.4455,69.538,70.93,465540
2016-04-28,69.82,70.86,68.0,68.51,599916
2016-04-29,67.72,68.24,66.3617,67.86,814305
2016-05-02,68.29,69.34,67.74,69.11,404075
2016-05-03,67.75,68.09,66.5648,67.53,634108
2016-05-04,66.52,67.39,65.88,66.41,478657
2016-05-05,66.91,67.36,66.0258,66.5,336004
2016-05-06,65.62,67.5706,65.61,67.48,345312
2016-05-09,67.41,68.0,66.71,67.15,274433
2016-05-10,67.84,69.72,67.84,69.67,376429
2016-05-11,69.13,69.31,67.37,67.37,369392
2016-05-12,68.11,68.34,66.37,67.48,505926
2016-05-13,67.15,67.62,65.1,65.31,470344
2016-05-16,65.5,67.8,65.409,67.3,398542
2016-05-17,67.0,67.25,64.63,65.29,484673
2016-05-18,64.74,66.65,64.2601,65.46,647533
2016-05-19,64.78,64.94,63.23,64.37,511704
2016-05-20,65.11,65.96,64.88,65.11,487879
2016-05-23,65.3,65.75,64.95,65.14,192423
2016-05-24,66.11,67.8899,66.11,67.45,364636
2016-05-25,68.29,69.57,68.14,69.03,339946
2016-05-26,69.5,69.53,68.57,68.81,284165
2016-05-27,69.07,69.43,68.83,69.32,213064
2016-05-31,69.88,69.88,67.71,68.36,439918
2016-06-01,67.37,68.69,67.07,68.4,395401
2016-06-02,67.97,69.04,67.55,69.03,277267
2016-06-03,68.52,69.04,67.4,68.71,411880
2016-06-06,69.25,70.4,69.19,70.08,370837
2016-06-07,70.55,71.004,70.27,70.28,287564
2016-06-08,70.69,71.2,70.5,71.04,259353
2016-06-09,70.25,71.053,70.02,70.85,264980
2016-06-10,69.41,70.12,68.8,69.47,355624
2016-06-13,68.51,69.79,67.95,67.97,323396
2016-06-14,67.58,67.9749,66.3799,67.26,368562
2016-06-15,67.81,68.425,66.8,67.04,281652
2016-06-16,65.91,68.2299,64.97,68.0,507322
2016-06-17,68.15,68.15,66.5,67.36,282286
2016-06-20,69.62,70.39,68.73,68.77,339294
2016-06-21,69.31,69.6499,68.6901,69.05,257103
2016-06-22,69.39,70.0,68.26,68.39,318770
2016-06-23,70.4,71.01,69.68,70.98,340374
2016-06-24,64.92,67.319,63.365,63.73,1339655
2016-06-27,62.29,62.55,60.12,60.96,707320
2016-06-28,62.95,63.8,62.07,63.8,600351
2016-06-29,65.26,67.0777,65.088,66.81,555087
2016-06-30,67.42,69.6,67.1309,69.57,686053
2016-07-01,69.31,70.5,69.31,69.88,500111
2016-07-05,68.9,69.1664,67.97,68.61,377546
2016-07-06,67.86,69.63,67.195,69.57,396540
2016-07-07,69.73,70.36,68.43,69.308,304008
2016-07-08,70.89,72.49,70.68,71.83,467592
2016-07-11,72.81,73.8839,72.7108,73.13,297495
2016-07-12,74.34,74.95,73.961,74.64,225188
2016-07-13,75.0,75.135,74.28,74.91,242622
2016-07-14,76.8,76.9543,76.1123,76.51,251825
2016-07-15,77.13,77.31,76.13,76.58,194376
2016-07-18,76.77,77.27,76.44,76.89,195225
2016-07-19,76.78,77.31,76.6,77.31,137114
2016-07-20,78.06,78.12,77.29,77.74,144698
2016-07-21,77.45,77.647,76.22,76.73,289495
2016-07-22,76.85,77.4592,76.502,77.38,187930
2016-07-25,77.24,77.24,75.98,76.46,162275
2016-07-26,76.39,76.8,75.18,76.21,229626
2016-07-27,76.98,77.099,75.68,76.23,296570
2016-07-28,76.09,76.32,74.921,76.01,163471
2016-07-29,75.35,76.1,74.95,75.71,213623
2016-08-01,75.93,76.12,74.76,75.35,196383
2016-08-02,75.1,75.32,73.43,74.26,312867
2016-08-03,74.25,74.76,73.9211,74.68,172520
2016-08-04,75.02,75.32,74.45,74.8,177638
2016-08-05,75.92,77.04,75.92,76.93,246466
2016-08-08,77.42,77.57,76.715,77.06,228578
2016-08-09,77.38,77.74,76.76,77.08,203796
2016-08-10,77.0,77.62,76.48,76.82,179735
2016-08-11,77.5,78.6,77.42,78.28,190962
2016-08-12,77.98,78.2,77.3,77.7801,246352
2016-08-15,78.41,78.99,78.3538,78.5433,110639
2016-08-16,77.99,78.33,77.53,77.56,194415
2016-08-17,77.5,78.16,76.75,78.01,182602
2016-08-18,77.99,78.399,77.5911,78.304,117835
2016-08-19,77.59,78.24,77.1117,77.8,182268
2016-08-22,77.21,78.08,76.767,77.56,233170
2016-08-23,78.41,78.84,77.75,77.8,153278
2016-08-24,77.71,77.71,76.54,76.94,152803
2016-08-25,76.57,77.14,76.3,76.53,113198
2016-08-26,77.0,78.0,75.0716,75.94,264029
2016-08-29,75.9,77.4083,75.9,77.19,116495
2016-08-30,77.27,77.5,76.17,76.76,118771
2016-08-31,76.23,76.57,75.21,76.01,234833
2016-09-01,76.08,76.44,74.79,76.26,194367
2016-09-02,77.13,77.85,76.581,77.22,248595
2016-09-06,77.68,77.94,76.68,77.78,155755
2016-09-07,77.63,77.83,77.06,77.72,139800
2016-09-08,77.05,77.45,76.69,77.0834,168169
2016-09-09,75.62,75.62,72.22,72.22,532338
2016-09-12,71.08,75.43,70.9123,75.0,473557
2016-09-13,73.37,73.82,71.46,71.96,448739
2016-09-14,72.04,73.06,71.08,71.54,248664
2016-09-15,71.65,74.1,71.31,73.65,300784
2016-09-16,73.2,73.2,71.93,72.55,153259
2016-09-19,73.61,74.15,72.2,72.51,215619
2016-09-20,73.63,73.84,72.67,72.68,144857
2016-09-21,73.57,74.78,72.57,74.6,345516
2016-09-22,75.78,76.5,75.4,75.6,228802
2016-09-23,75.35,75.6,74.09,74.22,204607
2016-09-26,72.98,73.15,72.03,72.06,213964
2016-09-27,72.04,73.85,71.6503,73.75,214175
2016-09-28,74.04,75.14,73.14,75.04,254149
2016-09-29,74.89,75.382,72.02,72.75,508067
2016-09-30,73.85,75.3575,73.63,74.66,239691
2016-10-03,73.97,74.29,73.34,73.92,193527
2016-10-04,74.25,74.71,72.33,72.95,289889
2016-10-05,73.89,74.8,73.801,74.3,226021
2016-10-06,73.95,74.4,72.93,74.27,178512
2016-10-07,74.59,74.75,72.75,73.81,263739
2016-10-10,74.98,75.75,74.86,74.97,119349
2016-10-11,74.55,74.55,71.65,72.58,547099
2016-10-12,72.41,73.25,71.89,72.66,265390
2016-10-13,71.2,72.562,70.41,72.26,363109
2016-10-14,73.75,74.035,72.61,72.61,407417
2016-10-17,72.49,72.87,71.65,71.94,269637
2016-10-18,73.47,73.6,72.45,72.86,244686
2016-10-19,73.24,73.97,72.9814,73.42,143333
2016-10-20,73.12,74.0,72.5899,72.94,261725
2016-10-21,71.88,73.01,71.6,72.81,465675
2016-10-24,73.94,74.28,73.3386,73.62,138656
2016-10-25,73.58,73.88,72.78,73.52,628930
2016-10-26,71.97,73.81,71.69,73.35,296482
2016-10-27,74.0,74.058,72.75,73.05,200128
2016-10-28,73.4,74.02,72.08,72.84,395744
2016-10-31,73.14,73.25,72.5,72.58,294477
2016-11-01,72.89,72.9627,70.2,71.37,532115
2016-11-02,70.87,71.47,70.13,70.48,324161
2016-11-03,70.72,71.07,69.8828,70.24,303382
2016-11-04,69.98,70.81,69.65,69.68,421969
2016-11-07,72.67,73.986,72.4135,73.65,798895
2016-11-08,73.73,75.98,73.51,75.28,613573
2016-11-09,73.01,79.05,73.01,78.31,761361
2016-11-10,79.37,81.9211,78.9,81.12,584639
2016-11-11,81.0,81.69,80.16,81.56,392449
2016-11-14,82.43,82.74,81.22,81.88,325802
2016-11-15,81.95,82.65,81.08,82.59,254981
2016-11-16,81.91,82.4,81.57,82.13,240054
2016-11-17,82.32,82.6,81.8692,82.55,183187
2016-11-18,82.81,82.81,82.05,82.2,134000
2016-11-21,82.58,83.42,82.43,83.33,216432
2016-11-22,84.19,84.6,83.45,84.6,640350
2016-11-23,84.15,85.02,84.0,84.9432,276135
2016-11-25,85.82,85.88,85.47,85.88,163414
2016-11-28,85.26,85.7,84.85,85.23,253033
2016-11-29,85.44,86.04,85.07,85.8,121433
2016-11-30,86.83,87.1571,85.97,85.97,346146
2016-12-01,86.62,87.0,86.2496,86.76,274520
2016-12-02,86.53,86.75,86.0661,86.38,168104
2016-12-05,87.55,87.81,86.64,86.86,527411
2016-12-06,87.35,87.52,86.64,87.44,126095
2016-12-07,87.43,91.79,87.32,91.47,287373
2016-12-08,91.98,93.35,91.45,92.52,423855
2016-12-09,92.94,94.69,92.78,94.69,338701
2016-12-12,95.02,95.62,94.65,95.42,446044
2016-12-13,96.51,97.52,96.0,96.95,597418
2016-12-14,96.37,97.75,94.5,95.1267,637062
2016-12-15,95.73,97.44,95.54,95.97,548993
2016-12-16,96.71,97.03,95.54,95.94,349829
2016-12-19,96.17,96.94,95.93,96.52,288513
2016-12-20,97.31,97.9505,97.159,97.77,431866
2016-12-21,97.76,97.92,97.25,97.28,250542
2016-12-22,97.29,97.29,96.41,96.95,414646
2016-12-23,96.71,97.05,96.6,96.99,175558
2016-12-27,97.32,97.76,97.17,97.27,125240
2016-12-28,97.59,97.78,95.53,95.66,597519
2016-12-29,95.56,96.25,94.96,95.41,216181
2016-12-30,95.72,95.86,93.92,94.87,312054
2017-01-03,96.77,97.05,94.75,96.15,277581
2017-01-04,96.66,97.43,96.33,97.17,255249
2017-01-05,96.98,97.27,95.2976,96.56,408630
2017-01-06,96.55,98.09,95.7,97.51,400042
2017-01-09,97.02,97.28,96.5,96.54,236601
2017-01-10,96.39,97.45,95.7892,96.0,291499
2017-01-11,96.29,97.64,95.62,97.29,499402
2017-01-12,96.69,96.79,94.67,96.4049,414089
2017-01-13,96.76,97.3,95.87,96.31,302382
2017-01-17,95.63,96.3013,94.75,95.48,272209
2017-01-18,95.64,95.64,94.35,95.24,238468
2017-01-19,95.44,95.5,93.42,94.29,266592
2017-01-20,94.81,95.8695,94.58,95.56,388488
2017-01-23,95.31,95.6535,94.2,95.22,315256
2017-01-24,95.36,97.34,95.1,96.76,390123
2017-01-25,98.4,99.24,98.11,99.17,536854
2017-01-26,99.46,99.89,99.07,99.49,337054
2017-01-27,99.49,99.7049,99.11,99.36,175511
2017-01-30,98.06,98.238,96.12,97.46,462512
2017-01-31,96.52,96.758,94.84,96.0,515683
2017-02-01,97.19,97.49,95.75,96.32,398001
2017-02-02,95.81,96.76,95.4,96.27,223626
2017-02-03,97.61,99.14,97.54,98.88,373430
2017-02-06,98.21,99.35,98.01,98.68,190392
2017-02-07,99.74,100.25,98.99,99.15,183925
2017-02-08,98.87,99.31,98.52,99.07,166712
2017-02-09,99.39,101.4,99.39,100.87,308714
2017-02-10,101.8,102.75,101.48,102.39,199829
2017-02-13,103.49,104.94,103.32,104.58,212077
2017-02-14,104.48,106.1,104.2,106.1,415079
2017-02-15,106.51,108.1,106.34,108.05,402492
2017-02-16,108.05,108.42,107.08,108.03,278715
2017-02-17,106.64,108.0,106.64,107.98,234857
2017-02-21,109.21,110.21,108.89,109.93,387564
2017-02-22,109.33,110.57,109.18,110.42,224555
2017-02-23,111.43,111.56,110.05,111.11,350455
2017-02-24,109.69,111.23,109.69,111.22,346285
2017-02-27,110.91,111.86,110.67,111.65,283706
2017-02-28,111.48,111.77,110.85,111.48,202151
2017-03-01,114.4,117.04,114.3,116.16,829810
2017-03-02,116.4,116.4,114.14,114.19,320887
2017-03-03,114.5,114.91,113.51,114.34,296552
2017-03-06,112.75,114.01,112.75,113.55,268177
2017-03-07,113.07,113.82,112.71,113.01,225628
2017-03-08,113.8,113.82,111.8,112.1,291213
2017-03-09,112.1,112.86,110.9,112.17,273261
2017-03-10,113.91,113.91,111.68,112.88,235202
2017-03-13,112.88,113.24,112.05,112.7,142871
2017-03-14,111.66,112.48,111.07,111.89,195358
2017-03-15,112.55,114.1,112.2,113.74,226889
2017-03-16,114.53,114.58,112.73,113.34,271051
2017-03-17,114.16,114.16,113.01,113.04,155923
2017-03-20,113.06,113.67,112.58,112.88,152937
2017-03-21,113.66,113.88,108.77,109.06,535378
2017-03-22,108.22,109.17,107.55,109.08,306762
2017-03-23,108.35,110.35,108.17,108.95,440390
2017-03-24,109.5,109.71,106.8,107.86,372847
2017-03-27,105.26,107.44,104.83,107.19,360394
2017-03-28,106.88,109.95,106.49,109.42,423150
2017-03-29,109.15,109.15,108.22,108.73,222343
2017-03-30,108.57,110.21,108.47,109.72,287531
2017-03-31,109.42,109.68,108.71,108.71,373554
2017-04-03,108.75,109.17,106.47,108.64,359010
2017-04-04,108.12,109.4,107.95,109.24,171302
2017-04-05,110.55,112.36,108.45,108.66,611416
2017-04-06,108.76,110.15,108.03,108.93,203309
2017-04-07,108.54,109.81,107.92,108.75,219542
2017-04-10,109.0,110.2,108.04,108.69,243629
2017-04-11,108.23,108.74,106.44,108.59,579069
2017-04-12,108.52,108.52,107.05,107.57,345060
2017-04-13,106.98,107.97,105.54,105.54,354624
2017-04-17,106.45,108.41,106.3,108.37,324414
2017-04-18,106.98,107.67,105.52,106.49,329277
2017-04-19,106.83,106.83,104.3,104.63,476546
2017-04-20,105.25,108.21,105.1,107.44,345804
2017-04-21,107.46,107.78,106.3,106.98,219763
2017-04-24,110.49,110.7,109.78,110.31,302488
2017-04-25,112.81,114.46,112.65,114.21,400772
2017-04-26,114.33,115.17,113.58,113.67,302412
2017-04-27,114.04,114.12,112.94,113.7,326639
2017-04-28,113.77,113.77,112.81,112.93,150481
2017-05-01,113.2,113.55,112.35,112.65,248511
2017-05-02,112.88,113.3,112.41,113.07,156617
2017-05-03,112.55,113.54,111.94,113.2,255016
2017-05-04,113.67,113.79,111.5,113.07,246021
2017-05-05,112.94,113.97,112.46,113.95,201989
2017-05-08,113.86,114.31,113.6,114.18,172067
2017-05-09,114.47,114.81,113.06,113.66,156664
2017-05-10,112.96,113.94,112.48,113.47,336356
2017-05-11,112.88,113.37,111.23,113.17,320017
2017-05-12,112.66,113.1,112.35,112.69,157347
2017-05-15,113.29,114.43,113.29,114.09,536460
2017-05-16,114.8,114.93,113.38,114.11,216997
2017-05-17,111.14,111.89,108.29,108.42,509005
2017-05-18,107.62,110.75,107.49,109.2,433129
2017-05-19,109.95,112.26,109.62,111.47,251812
2017-05-22,112.53,113.17,112.37,112.85,172502
2017-05-23,113.79,113.92,112.98,113.71,74718
2017-05-24,114.0,114.93,113.58,114.72,190562
2017-05-25,115.87,116.46,115.5,115.95,183192
2017-05-26,115.74,116.12,115.49,115.82,135019
2017-05-30,115.47,115.79,114.94,115.3,126274
2017-05-31,115.54,115.59,113.86,114.93,179420
2017-06-01,115.32,117.15,114.79,117.15,145602
2017-06-02,117.28,118.51,116.97,118.17,152890
2017-06-05,118.01,118.5,117.58,117.58,115028
2017-06-06,116.75,117.76,116.75,117.22,133864
2017-06-07,117.65,118.01,116.72,118.01,144826
2017-06-08,117.58,119.26,117.15,118.0,176661
2017-06-09,118.41,119.89,117.45,119.36,231665
2017-06-12,118.88,119.38,117.92,118.71,301190
2017-06-13,119.51,120.38,119.14,119.95,160529
2017-06-14,121.06,121.38,119.75,121.23,173074
2017-06-15,119.56,121.05,119.28,120.83,146678
2017-06-16,120.73,121.33,120.07,120.46,114824
2017-06-19,122.51,123.94,122.19,123.94,161146
2017-06-20,123.91,123.91,122.65,122.82,100394
2017-06-21,123.36,123.36,121.39,122.07,170646
2017-06-22,122.07,122.43,121.42,121.66,77146
2017-06-23,121.19,121.82,120.4,121.32,77264
2017-06-26,122.48,123.25,121.18,121.83,116563
2017-06-27,121.49,122.15,120.05,120.17,126959
2017-06-28,121.2,122.89,121.2,122.89,119758
2017-06-29,122.9,122.9,117.94,120.2,192483
2017-06-30,121.0,121.79,120.08,121.68,187997
2017-07-03,121.68,124.09,121.68,122.59,223247
2017-07-05,123.1,123.13,121.51,122.76,132140
2017-07-06,121.73,122.09,120.0,120.15,144565
2017-07-07,121.25,121.94,120.74,121.93,100464
2017-07-10,121.37,122.29,120.88,121.75,64982
2017-07-11,121.69,122.11,119.43,122.02,92880
2017-07-12,123.25,124.5,123.17,123.84,196783
2017-07-13,123.8,124.74,123.4089,124.74,91790
2017-07-14,123.81,126.15,123.5,125.46,128975
2017-07-17,62.87,62.92,62.55,62.55,169050
2017-07-18,62.04,62.31,61.34,62.21,376164
2017-07-19,62.51,62.75,62.19,62.75,254518
2017-07-20,63.0,63.0,62.27,62.57,248242
2017-07-21,61.9,62.28,61.63,62.28,255812
2017-07-24,62.16,62.17,61.55,61.89,170732
2017-07-25,62.93,63.04,62.23,62.54,227559
2017-07-26,63.33,63.63,63.11,63.6,291363
2017-07-27,63.76,64.2,63.17,64.2,356868
2017-07-28,63.85,64.49,63.76,64.49,199425
2017-07-31,65.02,65.27,64.78,65.2,230445
2017-08-01,66.0,66.0,65.38,65.59,212380
2017-08-02,66.04,66.21,65.65,66.06,260003
2017-08-03,65.99,66.4,65.87,66.4,177470
2017-08-04,66.68,66.73,66.14,66.63,199706
2017-08-07,66.84,66.99,66.63,66.97,215682
2017-08-08,66.83,67.59,66.5,66.78,270307
2017-08-09,66.27,66.6,66.02,66.58,260733
2017-08-10,65.86,65.95,64.76,64.81,406649
2017-08-11,64.83,65.3,64.74,64.91,289949
2017-08-14,66.01,66.28,65.87,66.02,212627
2017-08-15,66.46,66.46,65.87,66.21,220871
2017-08-16,66.57,66.98,66.27,66.48,248219
2017-08-17,65.91,66.06,63.89,63.89,617012
2017-08-18,63.73,64.3,63.0,63.36,367057
2017-08-21,63.2,63.64,62.61,63.52,211141
2017-08-22,64.09,65.33,64.0,65.33,347195
2017-08-23,64.58,64.97,64.39,64.5,261367
2017-08-24,65.08,65.08,64.09,64.28,224870
2017-08-25,64.84,65.36,64.55,64.61,243651
2017-08-28,65.07,65.08,64.14,64.49,173728
2017-08-29,63.3,65.18,63.2632,65.12,201467
2017-08-30,65.2,65.54,64.85,65.37,414252
2017-08-31,65.95,66.18,65.5,65.86,308752
2017-09-01,66.39,66.63,66.11,66.25,243157
2017-09-05,65.6,65.71,63.65,64.13,448429
2017-09-06,64.94,64.94,64.42,64.6,268473
2017-09-07,64.8,64.97,64.05,64.5,296737
2017-09-08,63.95,64.9,63.92,64.5,226749
2017-09-11,65.67,66.86,65.67,66.79,391342
2017-09-12,67.3,67.49,67.06,67.37,215910
2017-09-13,67.24,67.73,67.18,67.73,124023
2017-09-14,67.68,68.24,67.62,68.24,135672
2017-09-15,68.26,68.78,68.26,68.73,162622
2017-09-18,69.22,69.53,68.89,69.32,246322
2017-09-19,69.65,69.81,69.41,69.7,121000
2017-09-20,69.67,70.11,69.14,70.11,217721
2017-09-21,69.9,70.03,69.5,69.52,147230
2017-09-22,69.27,69.52,68.97,69.35,166736
2017-09-25,69.07,69.5,68.18,68.92,239892
2017-09-26,69.26,69.55,68.76,68.91,126664
2017-09-27,69.42,69.58,68.51,69.33,243697
2017-09-28,68.89,69.77,68.79,69.67,167569
2017-09-29,69.5,69.88,69.2,69.85,248522
