2010-11-30,95.65,97.72,95.42,95.57,252000
2010-12-01,99.57,99.93,97.83,97.87,484000
2010-12-02,99.24,104.29,99.24,104.29,62000
2010-12-03,104.23,110.41,104.23,110.41,168000
2010-12-06,109.46,112.78,109.46,112.52,232000
2010-12-07,116.0,116.0,113.14,113.58,434000
2010-12-08,114.83,116.22,112.29,115.55,750000
2010-12-09,117.5799,118.65,116.47,118.16,146000
2010-12-10,118.53,119.9,118.53,119.17,536000
2010-12-13,120.02,120.02,116.95,117.48,552000
2010-12-14,117.7199,117.7199,115.7,116.69,66000
2010-12-15,115.71,118.23,113.68,114.15,244000
2010-12-16,113.74,116.26,113.68,115.68,77000
2010-12-17,116.77,118.83,116.27,118.22,165000
2010-12-20,119.75,121.4,118.71,121.349,33000
2010-12-21,122.91,123.75,122.5,123.34,106000
2010-12-22,124.45,124.84,123.42,123.66,101000
2010-12-23,123.46,123.46,119.0,119.6899,122000
2010-12-27,117.51,117.51,116.5,116.5,11000
2010-12-28,116.22,116.22,115.37,115.37,26000
2010-12-29,116.71,117.82,116.71,117.8,88000
2010-12-30,117.344,118.47,117.344,118.47,29000
2010-12-31,117.93,120.02,117.5,119.54,85000
2011-01-03,122.7201,124.8,122.7201,123.8,103000
2011-01-04,123.4,123.4,120.82,121.35,28000
2011-01-05,122.1,126.55,122.0,125.99,65000
2011-01-06,126.0,126.0,124.6,125.26,88000
2011-01-07,127.24,128.0,122.39,125.08,102000
2011-01-10,123.28,125.4601,121.94,125.4601,142000
2011-01-11,127.3,129.16,126.38,129.16,265000
2011-01-12,131.85,134.97,131.37,134.92,57000
2011-01-13,134.6,136.14,133.33,136.1,765000
2011-01-14,135.85,142.85,135.85,142.09,761000
2011-01-18,142.33,146.64,141.85,146.57,542000
2011-01-19,145.42,145.42,135.59,138.02,483000
2011-01-20,138.19,140.27,134.1892,139.63,470000
2011-01-21,143.78,143.81,137.3,138.35,352000
2011-01-24,138.36,141.62,137.98,141.31,642000
2011-01-25,140.0,142.075,137.7901,142.0,421000
2011-01-26,144.6701,148.5,143.92,147.36,281000
2011-01-27,147.96,150.76,147.07,150.54,401000
2011-01-28,150.87,153.02,135.69,137.5,715000
2011-01-31,139.34,139.459,136.43,137.65,484000
2011-02-01,141.59,145.66,141.59,144.57,314000
2011-02-02,143.17,146.53,143.09,144.72,234000
2011-02-03,143.95,146.948,140.85,146.77,180000
2011-02-04,147.95,150.45,145.92,150.06,771000
2011-02-07,152.15,154.0008,152.11,152.35,297000
2011-02-08,152.22,155.03,150.237,155.025,222000
2011-02-09,152.95,154.71,150.8,153.71,617000
2011-02-10,150.25,154.9,150.0,153.8,412000
2011-02-11,153.15,156.82,152.63,156.66,438000
2011-02-14,156.85,158.12,155.6,158.0,513000
2011-02-15,156.83,157.59,155.68,156.03,532000
2011-02-16,158.25,159.49,153.88,153.92,739000
2011-02-17,152.89,153.54,151.34,152.18,448000
2011-02-18,152.94,153.1,149.64,150.85,400000
2011-02-22,141.75,145.16,131.0,132.4912,2169000
2011-02-23,131.99,133.11,121.84,126.23,1379000
2011-02-24,125.73,128.63,122.54,127.309,2331000
2011-02-25,131.27,135.56,130.92,135.54,858000
2011-02-28,139.0,142.2,138.6,140.98,737000
2011-03-01,143.02,143.02,130.34,130.59,1510000
2011-03-02,130.49,134.11,128.6,130.2,1157000
2011-03-03,135.78,136.81,129.6059,136.44,1190000
2011-03-04,136.93,137.93,130.2,133.17,1519000
2011-03-07,129.08,136.02,125.36,129.48,1102000
2011-03-08,129.88,133.1104,126.5,132.19,1607000
2011-03-09,131.13,131.45,126.97,130.43,1336000
2011-03-10,125.92,127.0001,122.77,123.82,1901000
2011-03-11,121.7,127.83,121.569,127.06,1604000
2011-03-14,123.16,126.15,121.89,125.82,1460000
2011-03-15,112.08,122.58,112.01,120.31,1800000
2011-03-16,119.0854,119.82,105.48,110.44,5494000
2011-03-17,115.93,117.05,113.11,114.51,2998000
2011-03-18,119.16,119.37,115.8582,117.4,1482000
2011-03-21,122.31,126.712,121.41,126.6,1045000
2011-03-22,128.16,128.4,125.86,127.2201,491000
2011-03-23,126.37,132.4,123.95,131.95,1070000
2011-03-24,135.84,136.82,133.3,135.41,1521000
2011-03-25,137.2,139.22,135.33,135.6,1862000
2011-03-28,136.93,137.95,133.8,133.89,1079000
2011-03-29,134.18,137.04,132.0,137.0,715000
2011-03-30,138.75,140.55,138.02,139.58,571000
2011-03-31,138.28,140.35,137.8,139.87,959000
2011-04-01,142.78,144.13,139.6901,141.16,953000
2011-04-04,142.47,143.15,140.5,142.54,348000
2011-04-05,141.62,145.6,141.48,144.9,470000
2011-04-06,146.64,147.19,143.32,145.57,685000
2011-04-07,145.39,146.0,141.7,144.4,812000
2011-04-08,146.05,147.0,140.0,141.73,780000
2011-04-11,143.0768,144.72,141.29,143.2,802000
2011-04-12,140.3301,142.99,138.85,141.98,933000
2011-04-13,143.75,144.45,141.55,144.17,669000
2011-04-14,141.45,146.27,140.73,145.41,562000
2011-04-15,146.47,149.3001,144.87,148.71,948000
2011-04-18,142.05,145.85,139.0,145.12,6626000
2011-04-19,147.0,152.79,146.69,152.53,4950000
2011-04-20,158.22,159.91,157.58,158.74,3637000
2011-04-21,161.92,163.42,159.09,163.37,873000
2011-04-25,164.19,167.42,163.0,167.19,728000
2011-04-26,169.34,172.85,168.12,170.9,1456000
2011-04-27,170.88,173.03,163.97,173.03,1690000
2011-04-28,170.88,176.12,170.88,175.44,901000
2011-04-29,175.45,175.57,173.63,174.92,560000
2011-05-02,176.87,176.87,168.19,169.85,1910000
2011-05-03,168.77,169.24,162.0901,166.25,1390000
2011-05-04,166.08,166.15,158.86,164.19,2050000
2011-05-05,158.86,166.03,157.83,159.54,2619000
2011-05-06,167.32,169.83,158.19,163.25,2351000
2011-05-09,162.55,168.95,162.53,168.21,800000
2011-05-10,170.42,175.0,169.13,174.22,2612000
2011-05-11,174.04,174.42,165.89,171.0,1815000
2011-05-12,168.31,174.43,165.73,172.6388,1800000
2011-05-13,173.92,174.33,167.82,170.34,2718000
2011-05-16,168.55,173.89,166.8796,166.97,3126000
2011-05-17,164.79,170.41,162.3601,170.0,2837000
2011-05-18,170.65,175.58,168.57,174.41,1857000
2011-05-19,176.84,178.65,174.21,178.1,2695000
2011-05-20,178.16,180.75,172.54,176.182,2682000
2011-05-23,167.73,172.85,166.66,170.16,1710000
2011-05-24,172.37,174.54,170.7,170.74,1416000
2011-05-25,170.83,177.45,170.68,175.7,3523000
2011-05-26,175.17,179.99,174.0,179.34,1623000
2011-05-27,182.37,185.01,181.71,182.79,1274000
2011-05-31,189.6,189.6,185.61,188.15,991000
2011-06-01,186.65,187.35,175.46,175.46,2227000
2011-06-02,178.5,179.82,172.41,177.77,2940000
2011-06-03,170.6,180.0,170.25,177.66,3127000
2011-06-06,178.05,179.93,172.7,174.88,1571000
2011-06-07,178.0,181.0,176.78,176.78,2214000
2011-06-08,176.83,178.61,173.34,173.93,3138000
2011-06-09,176.8,180.99,176.23,179.28,1578000
2011-06-10,178.95,179.49,171.79,173.55,5212000
2011-06-13,174.24,175.98,166.97,170.38,6210000
2011-06-14,175.26,177.7,174.91,175.45,2285000
2011-06-15,169.51,170.76,160.0,160.81,7963000
2011-06-16,157.66,160.08,144.62,152.32,17082000
2011-06-17,157.08,158.73,151.58,154.96,4754000
2011-06-20,153.83,162.08,152.85,161.74,3921000
2011-06-21,166.71,171.22,165.86,167.0,1829000
2011-06-22,168.86,172.31,165.14,165.58,4497000
2011-06-23,156.55,165.64,154.14,165.42,4923000
2011-06-24,166.98,167.7755,157.78,158.54,48099000
2011-06-27,15.83,16.19,15.62,16.11,1968200
2011-06-28,16.34,16.76,16.19,16.74,2767500
2011-06-29,17.16,17.5976,17.0,17.55,2163400
2011-06-30,17.9,18.4836,17.86,18.29,2696300
2011-07-01,18.39,19.15,18.33,19.0,3158100
2011-07-05,19.04,19.2,18.8,18.91,3239100
2011-07-06,18.7,18.88,18.32,18.64,3107100
2011-07-07,19.29,19.36,19.11,19.17,3282700
2011-07-08,18.42,18.92,18.42,18.89,3531000
2011-07-11,17.97,18.19,17.26,17.34,3479500
2011-07-12,16.99,17.68,16.87,16.89,4761400
2011-07-13,17.27,17.73,16.72,16.9,2135000
2011-07-14,17.08,17.1,15.86,16.28,4673000
2011-07-15,16.49,16.69,15.8801,16.47,5381800
2011-07-18,16.12,16.16,15.76,16.07,3768600
2011-07-19,16.4,16.91,16.38,16.83,5150700
2011-07-20,17.15,17.26,16.85,17.17,1936500
2011-07-21,17.66,18.17,17.54,18.11,7206400
2011-07-22,18.25,18.38,17.92,18.21,2856900
2011-07-25,17.64,17.93,17.4572,17.48,2063100
2011-07-26,17.41,17.47,16.97,17.11,2018300
2011-07-27,16.79,16.8,16.02,16.13,6291300
2011-07-28,16.0,16.51,15.59,15.69,9797300
2011-07-29,15.23,16.07,14.95,15.98,6132200
2011-08-01,16.85,16.88,15.64,16.67,9847900
2011-08-02,16.15,16.54,15.58,15.58,6692800
2011-08-03,15.46,15.69,14.75,15.45,6419300
2011-08-04,14.83,14.94,12.45,12.45,16988400
2011-08-05,12.8,12.98,10.57,11.71,18350700
2011-08-08,10.65,11.11,9.7,10.0,25158600
2011-08-09,10.18,10.73,9.51,10.72,31376900
2011-08-10,10.15,10.29,9.15,9.25,25381700
2011-08-11,9.41,9.88,9.17,9.61,16395500
2011-08-12,9.94,10.08,9.515,9.54,13803400
2011-08-15,9.85,10.12,9.71,10.1,9697700
2011-08-16,9.87,10.05,9.52,9.87,8399800
2011-08-17,10.03,10.11,9.5601,9.66,8352200
2011-08-18,8.8,8.82,7.43,7.73,28293100
2011-08-19,7.225,7.8100000000000005,7.2,7.28,18628500
2011-08-22,7.74,7.74,6.97,7.07,20413700
2011-08-23,7.1,7.461,6.93,7.41,16478800
2011-08-24,7.42,7.7889,7.34,7.5600000000000005,19890000
2011-08-25,7.78,7.88,7.23,7.41,16905500
2011-08-26,7.16,7.65,7.0,7.52,14674300
2011-08-29,7.8,7.99,7.77,7.98,8809800
2011-08-30,7.86,8.02,7.6999,7.9,10161800
2011-08-31,7.99,8.12,7.79,7.87,12015200
2011-09-01,7.89,8.12,7.77,7.77,7382000
2011-09-02,7.41,7.52,7.3,7.38,8224500
2011-09-06,6.71,7.1784,6.71,7.16,8831100
2011-09-07,7.37,7.43,7.29,7.4,5090100
2011-09-08,7.29,7.53,7.22,7.27,6075000
2011-09-09,7.07,7.1001,6.5,6.59,15575600
2011-09-12,6.39,6.57,6.11,6.53,11611000
2011-09-13,6.58,6.62,6.39,6.6,9435700
2011-09-14,6.67,6.92,6.43,6.77,7641000
2011-09-15,6.92,7.11,6.85,7.1,7927200
2011-09-16,7.16,7.28,6.99,7.24,8559900
2011-09-19,6.9,7.08,6.75,6.99,7169100
2011-09-20,7.06,7.24,6.96,7.0,6962100
2011-09-21,7.04,7.12,6.61,6.61,8532000
2011-09-22,6.05,6.23,5.74,5.95,18278700
2011-09-23,5.91,6.03,5.8,5.88,5924700
2011-09-26,6.0,6.11,5.78,6.1,8268200
2011-09-27,6.36,6.47,6.14,6.19,8433300
2011-09-28,6.27,6.3384,5.79,5.8,7189000
2011-09-29,5.99,6.0589,5.63,5.89,10237700
2011-09-30,5.67,5.79,5.45,5.48,7794600
2011-10-03,5.36,5.49,5.11,5.12,9658400
2011-10-04,4.99,5.49,4.91,5.4592,13900000
2011-10-05,5.53,5.74,5.43,5.72,10999200
2011-10-06,5.7,5.83,5.6,5.83,6687500
2011-10-07,5.93,5.94,5.62,5.72,9184500
2011-10-10,5.95,6.15,5.95,6.14,5904800
2011-10-11,6.06,6.25,6.05,6.21,5487000
2011-10-12,6.42,6.74,6.401,6.62,10643300
2011-10-13,6.5600000000000005,6.66,6.35,6.64,9041000
2011-10-14,6.92,7.05,6.77,7.02,6808100
2011-10-17,6.995,7.0,6.23,6.27,8941600
2011-10-18,6.25,6.69,6.03,6.48,7997600
2011-10-19,6.51,6.58,5.9,6.02,10979000
2011-10-20,5.97,6.04,5.71,5.95,8585400
2011-10-21,6.18,6.29,6.09,6.27,6809400
2011-10-24,6.34,6.68,6.34,6.66,6767200
2011-10-25,6.58,6.59,6.16,6.21,11171000
2011-10-26,6.43,6.48,6.0,6.45,7387900
2011-10-27,7.11,7.37,6.97,7.3,13550000
2011-10-28,7.16,7.4,7.09,7.33,6295200
2011-10-31,7.01,7.08,6.5600000000000005,6.5600000000000005,7589100
2011-11-01,5.59,5.88,5.41,5.62,24003500
2011-11-02,5.82,5.85,5.6,5.78,11898900
2011-11-03,5.95,6.09,5.6,6.07,8986500
2011-11-04,5.92,6.05,5.72,5.93,12073400
2011-11-07,5.93,6.01,5.76,5.99,6634500
2011-11-08,6.09,6.29,5.9,6.27,7667100
2011-11-09,5.8100000000000005,5.86,5.05,5.09,16147900
2011-11-10,5.38,5.41,5.049,5.39,11017300
2011-11-11,5.6,5.68,5.58,5.61,8123100
2011-11-14,5.53,5.54,5.37,5.47,4641700
2011-11-15,5.38,5.59,5.33,5.53,6084900
2011-11-16,5.37,5.57,5.23,5.27,6242900
2011-11-17,5.21,5.26,4.91,5.03,12298600
2011-11-18,5.14,5.18,5.01,5.17,6906500
2011-11-21,4.91,5.149,4.88,5.11,8819400
2011-11-22,5.08,5.23,5.03,5.21,6290100
2011-11-23,5.09,5.13,4.97,4.99,8518400
2011-11-25,4.97,5.07,4.9,4.9114,3464500
2011-11-28,5.24,5.28,5.09,5.13,12369700
2011-11-29,5.17,5.29,5.12,5.23,5548300
2011-11-30,5.58,5.7289,5.54,5.71,8046400
2011-12-01,5.68,5.88,5.66,5.84,10120200
2011-12-02,6.01,6.11,5.83,5.85,8213800
2011-12-05,6.1,6.11,5.79,5.85,5382000
2011-12-06,5.86,5.96,5.82,5.88,5445900
2011-12-07,5.8100000000000005,5.8101,5.5699000000000005,5.7,5610200
2011-12-08,5.54,5.5985,5.39,5.45,6157100
2011-12-09,5.51,5.83,5.509,5.82,4737800
2011-12-12,5.68,5.78,5.5600000000000005,5.78,4177900
2011-12-13,5.89,6.02,5.69,5.8100000000000005,8252500
2011-12-14,5.8,5.8807,5.65,5.78,4023800
2011-12-15,5.99,6.08,5.92,6.01,5357500
2011-12-16,6.2,6.21,5.96,6.04,8867900
2011-12-19,6.11,6.23,6.04,6.11,4530400
2011-12-20,6.37,6.49,6.37,6.47,5303300
2011-12-21,6.53,6.92,6.44,6.92,8614200
2011-12-22,7.04,7.19,6.8,6.88,7039500
2011-12-23,6.93,6.98,6.65,6.71,5573300
2011-12-27,6.73,6.8385,6.7089,6.75,3319000
2011-12-28,6.79,6.8100000000000005,6.45,6.47,4120200
2011-12-29,6.52,6.65,6.52,6.63,3525300
2011-12-30,6.65,6.67,6.51,6.51,3758700
2012-01-03,6.82,6.91,6.77,6.86,5366800
2012-01-04,6.77,7.0,6.68,6.99,6686900
2012-01-05,6.9,7.159,6.82,7.15,4373600
2012-01-06,7.2,7.3311,7.06,7.25,5765800
2012-01-09,7.33,7.42,7.26,7.37,3306600
2012-01-10,7.59,7.67,7.48,7.52,5088800
2012-01-11,7.45,7.48,7.37,7.39,5564500
2012-01-12,7.43,7.5176,7.15,7.5,5666500
2012-01-13,7.34,7.35,7.06,7.29,7117100
2012-01-17,7.54,7.66,7.31,7.36,7633900
2012-01-18,7.4,7.64,7.32,7.63,6081400
2012-01-19,7.735,7.859,7.64,7.83,6362700
2012-01-20,7.8,8.09,7.75,8.06,6536500
2012-01-23,8.09,8.34,8.03,8.27,8672400
2012-01-24,8.06,8.28,8.03,8.23,4134300
2012-01-25,8.23,8.6329,8.13,8.6,8281300
2012-01-26,8.78,8.82,8.46,8.61,6171600
2012-01-27,8.47,8.81,8.461500000000001,8.79,3833700
2012-01-30,8.47,8.63,8.3905,8.52,7489800
2012-01-31,8.7,8.75,8.43,8.52,4398800
2012-02-01,8.71,8.87,8.6301,8.74,5569900
2012-02-02,8.91,9.01,8.84,9.01,4886500
2012-02-03,9.38,9.5,9.2984,9.5,6300000
2012-02-06,9.41,9.61,9.37,9.61,4035700
2012-02-07,9.57,9.600999999999999,9.38,9.5,5540200
2012-02-08,9.52,9.56,9.22,9.28,5697600
2012-02-09,9.24,9.31,8.82,8.82,16402100
2012-02-10,8.37,8.45,7.54,8.08,16643300
2012-02-13,8.54,8.72,8.41,8.72,9972300
2012-02-14,8.58,8.5899,7.88,8.44,15475300
2012-02-15,8.37,8.37,7.88,7.96,14343900
2012-02-16,7.75,8.269,7.61,8.23,12895100
2012-02-17,8.375,8.45,8.1305,8.35,7164500
2012-02-21,8.44,8.46,8.23,8.35,6202600
2012-02-22,8.31,8.602,8.275,8.579,6992400
2012-02-23,8.58,9.2,8.49,9.14,8900200
2012-02-24,9.27,9.34,8.73,8.78,11646000
2012-02-27,8.48,8.99,8.44,8.69,6882000
2012-02-28,8.61,8.84,8.59,8.81,5395800
2012-02-29,8.96,9.1299,8.73,8.948,6112300
2012-03-01,9.03,9.18,8.96,9.12,7858900
2012-03-02,9.13,9.19,8.97,9.03,5623200
2012-03-05,8.98,9.1199,8.871,9.05,5979300
2012-03-06,8.48,8.6601,8.27,8.35,10632300
2012-03-07,8.45,8.77,8.4,8.76,4643200
2012-03-08,8.97,9.15,8.92,9.09,5442900
2012-03-09,9.22,9.46,9.2,9.26,8487000
2012-03-12,9.4,9.7395,9.38,9.7,4756900
2012-03-13,9.98,10.22,9.91,10.13,6558800
2012-03-14,10.21,10.25,9.5425,9.79,7667300
2012-03-15,9.7,9.95,9.62,9.95,6360600
2012-03-16,10.0,10.04,9.84,9.96,3790900
2012-03-19,10.03,10.64,9.99,10.58,6791700
2012-03-20,10.3,11.05,10.22,11.0499,7952600
2012-03-21,11.26,11.71,11.1105,11.58,12920600
2012-03-22,11.06,11.56,10.83,11.4101,12565900
2012-03-23,11.5,12.29,11.31,12.2399,12121700
2012-03-26,12.69,13.44,12.68,13.36,9024200
2012-03-27,13.14,13.23,12.01,12.05,12347400
2012-03-28,12.02,12.21,10.9,11.9,10026300
2012-03-29,11.21,12.11,11.2,11.9816,12989300
2012-03-30,12.5,12.51,11.99,12.27,9530500
2012-04-02,12.22,12.75,12.15,12.29,7216200
2012-04-03,12.35,12.46,11.7171,12.05,8422200
2012-04-04,11.48,11.92,11.18,11.81,9835600
2012-04-05,11.51,11.84,11.44,11.55,7787200
2012-04-09,10.86,11.27,10.8,10.812100000000001,11122600
2012-04-10,10.76,10.91,9.93,9.94,15961300
2012-04-11,10.5,10.58,10.15,10.22,10073000
2012-04-12,10.35,11.13,10.29,11.08,9942500
2012-04-13,11.09,11.1,10.36,10.37,11154600
2012-04-16,10.76,10.86,10.2,10.57,10216700
2012-04-17,10.93,11.26,10.88,11.11,7482700
2012-04-18,11.0,11.26,10.82,10.92,8405400
2012-04-19,10.98,11.22,10.55,10.84,9130100
2012-04-20,11.1,11.34,11.08,11.22,7676300
2012-04-23,10.65,10.9,10.4,10.83,8689500
2012-04-24,10.88,11.1,10.81,11.1,6325100
2012-04-25,11.55,11.815,11.494,11.79,8013000
2012-04-26,11.77,12.3,11.69,12.2,6321700
2012-04-27,12.25,12.33,11.97,12.2,7216600
2012-04-30,12.06,12.15,11.86,11.93,4536000
2012-05-01,11.96,12.46,11.94,12.33,5379100
2012-05-02,12.05,12.33,11.92,12.2,5076500
2012-05-03,12.32,12.39,11.78,11.93,5900000
2012-05-04,11.82,11.86,11.2499,11.42,7816100
2012-05-07,11.15,11.69,11.1,11.59,6169700
2012-05-08,11.33,11.53,10.73,11.45,11143500
2012-05-09,10.89,11.39,10.67,11.01,13741200
2012-05-10,11.34,11.5,11.2,11.38,7763300
2012-05-11,11.07,11.56,11.031,11.183,8098400
2012-05-14,10.7,10.856,10.51,10.54,11631200
2012-05-15,10.47,10.669,9.97,9.99,12257400
2012-05-16,10.15,10.3181,9.61,9.65,14047900
2012-05-17,9.73,9.85,9.19,9.19,17442500
2012-05-18,9.23,9.28,8.41,8.57,19163400
2012-05-21,8.59,9.49,8.48,9.48,14680800
2012-05-22,9.59,10.0,8.8,9.15,22903500
2012-05-23,8.88,9.3801,8.5907,9.3,28587200
2012-05-24,9.35,9.409,8.86,9.22,20583300
2012-05-25,9.22,9.36,9.1509,9.3,11722000
2012-05-29,9.6,9.8,9.41,9.77,9117100
2012-05-30,9.48,9.48,9.05,9.05,15063500
2012-05-31,8.94,9.2,8.4999,8.89,21307700
2012-06-01,8.25,8.5,8.14,8.15,22032000
2012-06-04,8.34,8.52,8.06,8.47,18781700
2012-06-05,8.42,8.75,8.41,8.68,12844200
2012-06-06,8.95,9.34,8.88,9.34,13133000
2012-06-07,9.74,9.7995,9.35,9.4,14532800
2012-06-08,9.35,9.94,9.3,9.91,10918000
2012-06-11,10.28,10.34,9.02,9.05,15304400
2012-06-12,9.09,9.23,8.789,9.19,15302700
2012-06-13,8.94,9.22,8.55,8.7,14690100
2012-06-14,8.78,9.26,8.64,9.26,13850400
2012-06-15,9.33,9.769,9.2,9.63,11112000
2012-06-18,9.68,10.4801,9.58,10.45,15720100
2012-06-19,10.81,10.87,10.48,10.65,13087400
2012-06-20,10.66,11.09,10.23,11.08,13380800
2012-06-21,11.05,11.18,9.74,9.77,18055000
2012-06-22,10.12,10.83,9.95,10.78,10108200
2012-06-25,10.14,10.19,9.88,10.0,18872200
2012-06-26,10.31,10.43,9.9,10.29,15748300
2012-06-27,10.47,10.61,10.2,10.23,15553700
2012-06-28,10.09,10.56,9.9,10.53,12942800
2012-06-29,11.16,11.31,11.0,11.25,13065500
2012-07-02,11.49,12.01,11.33,11.97,13467800
2012-07-03,12.05,12.4,12.02,12.21,8168000
2012-07-05,12.13,12.14,11.61,11.75,11374900
2012-07-06,11.43,11.92,11.41,11.89,10960300
2012-07-09,11.95,12.11,11.66,11.97,8663400
2012-07-10,12.17,12.35,11.42,11.64,11511300
2012-07-11,11.67,12.12,11.48,12.0,11965900
2012-07-12,11.73,12.19,11.44,11.921,14898700
2012-07-13,12.09,12.61,12.06,12.6,11837100
2012-07-16,12.62,12.867,12.45,12.73,8800200
2012-07-17,12.94,13.28,12.58,13.21,12461400
2012-07-18,13.13,13.42,12.96,13.07,8771800
2012-07-19,13.15,13.39,12.86,13.39,9041500
2012-07-20,12.97,13.14,12.52,12.63,11351400
2012-07-23,11.62,12.06,11.21,11.82,13916700
2012-07-24,11.78,11.82,10.91,11.3,16279600
2012-07-25,11.33,11.61,10.956900000000001,11.45,15367900
2012-07-26,12.14,12.34,11.9,12.3,12852600
2012-07-27,12.81,12.88,12.48,12.62,11992400
2012-07-30,12.75,12.87,12.32,12.35,9005300
2012-07-31,12.11,12.35,11.97,11.97,9460900
2012-08-01,12.22,12.4099,11.97,12.27,11115100
2012-08-02,11.97,12.53,11.83,12.52,12771200
2012-08-03,13.02,13.41,12.93,13.41,9505800
2012-08-06,13.58,13.87,13.5,13.68,8861500
2012-08-07,13.92,13.99,13.28,13.31,6528700
2012-08-08,13.34,13.87,13.24,13.836,7588800
2012-08-09,13.74,14.07,13.61,13.91,5842800
2012-08-10,13.76,14.17,13.67,14.16,6401700
2012-08-13,14.12,14.54,14.07,14.54,8835700
2012-08-14,14.45,14.52,13.72,13.751,11609400
2012-08-15,13.74,14.07,13.66,13.73,6972200
2012-08-16,13.79,14.03,13.56,14.01,7947300
2012-08-17,14.16,14.52,13.98,14.42,7190600
2012-08-20,14.3,14.44,14.03,14.39,7451500
2012-08-21,14.6,14.65,13.88,14.0,14412900
2012-08-22,13.78,14.07,13.61,13.9,10763100
2012-08-23,13.83,13.87,13.44,13.6,9081900
2012-08-24,13.46,14.29,13.43,14.191,8821900
2012-08-27,14.31,14.43,14.04,14.08,6594500
2012-08-28,13.88,14.09,13.77,13.81,8339000
2012-08-29,13.86,14.13,13.74,13.77,7923300
2012-08-30,13.46,13.65,13.33,13.48,8499400
2012-08-31,13.71,14.001,13.4,13.89,9757200
2012-09-04,13.86,14.06,13.62,14.01,7816900
2012-09-05,14.09,14.48,14.02,14.39,7352700
2012-09-06,14.73,15.91,14.71,15.8964,13334100
2012-09-07,16.22,16.86,16.17,16.79,10857900
2012-09-10,16.56,17.09,15.81,15.85,11927600
2012-09-11,15.87,16.31,15.69,15.96,11771400
2012-09-12,16.27,16.49,15.87,16.39,13556400
2012-09-13,16.38,17.71,16.08,17.61,17059500
2012-09-14,17.93,18.24,16.9,17.02,18111200
2012-09-17,16.69,17.12,16.68,17.09,9530500
2012-09-18,17.0,17.61,16.84,17.54,11709700
2012-09-19,17.86,17.92,17.47,17.56,10816400
2012-09-20,17.41,17.76,17.104,17.74,11508100
2012-09-21,17.7199,18.085,17.560200000000002,17.87,7273200
2012-09-24,17.66,18.25,17.56,18.09,9052000
2012-09-25,18.32,18.32,16.68,16.75,12352700
2012-09-26,16.42,16.65,15.72,16.09,13107300
2012-09-27,16.58,17.59,16.35,17.53,11007800
2012-09-28,17.19,17.58,16.86,17.02,14588400
2012-10-01,17.43,17.905,16.73,16.84,12522600
2012-10-02,17.07,17.226,16.6,17.17,7781200
2012-10-03,17.16,17.47,16.76,17.24,9475900
2012-10-04,17.4,17.68,17.27,17.67,7677200
2012-10-05,18.22,18.41,17.69,17.9,13118100
2012-10-08,17.64,17.87,17.52,17.71,7163800
2012-10-09,17.68,17.76,16.84,16.941,12746300
2012-10-10,17.11,17.24,16.74,17.15,11635500
2012-10-11,17.38,17.59,17.23,17.36,8217500
2012-10-12,17.65,17.8,17.07,17.17,14610600
2012-10-15,17.32,17.82,16.97,17.78,12006300
2012-10-16,18.08,18.27,17.92,18.1699,9243800
2012-10-17,18.2,18.5,17.9899,18.38,9317800
2012-10-18,18.29,18.68,18.15,18.42,9460400
2012-10-19,18.28,18.29,17.07,17.27,16210700
2012-10-22,17.33,17.51,16.8,17.49,10753700
2012-10-23,16.52,16.62,15.86,16.08,19946600
2012-10-24,16.27,16.31,15.832,15.93,12459300
2012-10-25,16.51,16.59,15.98,16.372,13225400
2012-10-26,16.41,16.67,15.98,16.42,11553900
2012-10-31,16.76,16.79,15.94,16.08,11487200
2012-11-01,16.24,17.37,16.21,17.3303,12460700
2012-11-02,17.59,17.66,16.83,16.8902,14293800
2012-11-05,16.65,16.77,16.16,16.57,12441800
2012-11-06,16.7,17.3367,16.5399,17.14,10392500
2012-11-07,16.75,16.8501,15.57,15.8,20791300
2012-11-08,15.8,16.16,15.57,15.66,16096700
2012-11-09,15.49,16.17,15.47,15.66,13800100
2012-11-12,15.87,16.72,15.84,16.65,10317800
2012-11-13,16.3,17.08,16.19,16.6501,13820300
2012-11-14,17.13,17.18,15.8,16.0701,15526600
2012-11-15,16.09,16.38,15.4,15.9253,14155700
2012-11-16,16.1,16.67,15.5305,16.63,18424700
2012-11-19,17.24,18.1,17.23,18.08,17792000
2012-11-20,18.28,18.42,17.97,18.37,17482800
2012-11-21,18.44,18.74,18.075,18.23,10483700
2012-11-23,18.7,19.06,18.53,19.055,6382800
2012-11-26,18.72,19.24,18.62,19.2,11046700
2012-11-27,19.34,19.5,18.73,18.78,12850500
2012-11-28,18.48,19.37,18.09,19.31,14972800
2012-11-29,19.6,19.69,19.15,19.5801,10929800
2012-11-30,19.75,19.75,19.01,19.22,9867300
2012-12-03,19.69,19.75,18.76,18.81,10911700
2012-12-04,18.65,18.939,18.22,18.48,11602300
2012-12-05,18.4799,18.89,18.0501,18.8,12179300
2012-12-06,18.79,18.860500000000002,18.41,18.56,8293400
2012-12-07,18.88,19.25,18.449,19.25,7256000
2012-12-10,19.06,19.19,18.83,18.98,6710000
2012-12-11,19.22,19.64,19.11,19.61,9165600
2012-12-12,19.7,19.81,19.07,19.1305,10657300
2012-12-13,19.17,19.26,18.46,18.7603,10709600
2012-12-14,18.68,18.79,18.4,18.64,10559600
2012-12-17,18.57,19.31,18.543,19.29,7940600
2012-12-18,19.58,20.15,19.48,20.0103,12499500
2012-12-19,20.05,20.05,18.83,18.8654,12282500
2012-12-20,18.91,19.02,18.27,18.42,14451800
2012-12-21,16.91,17.5,16.83,17.21,17141500
2012-12-24,17.51,17.59,17.28,17.51,4538900
2012-12-26,17.23,17.27,16.55,16.5767,8681100
2012-12-27,16.61,16.77,15.54,16.578,18781600
2012-12-28,16.04,16.47,15.6,15.703,17217900
2012-12-31,14.92,16.75,14.78,16.5925,25489300
2013-01-02,18.21,18.705,17.73,18.6,37839900
2013-01-03,18.44,18.84,18.2,18.4825,23776500
2013-01-04,18.53,18.94,18.43,18.84,15097800
2013-01-07,18.62,18.97,18.4999,18.88,11486400
2013-01-08,18.96,19.15,18.63,19.0801,11308000
2013-01-09,19.4,19.44,18.88,19.041,10722300
2013-01-10,19.41,19.57,19.12,19.53,11044900
2013-01-11,19.49,19.6,19.24,19.58,9066800
2013-01-14,19.64,20.0,19.478,19.91,10148500
2013-01-15,19.67,20.08,19.6,19.901,9832500
2013-01-16,20.07,20.52,19.96,20.31,10449300
2013-01-17,20.6,20.67,20.2,20.21,8385500
2013-01-18,20.41,21.57,20.29,21.49,11232300
2013-01-22,21.485,22.23,21.1,22.11,12603400
2013-01-23,22.12,22.83,22.03,22.7,10998500
2013-01-24,22.56,22.91,21.24,22.57,18368400
2013-01-25,22.49,22.78,21.98,22.39,11149800
2013-01-28,22.44,22.47,21.53,21.83,7824500
2013-01-29,21.46,22.62,21.34,22.46,10990600
2013-01-30,21.91,22.1998,21.0,21.07,14798300
2013-01-31,20.9,21.42,20.75,20.94,10652100
2013-02-01,21.8,22.33,21.8,22.04,16062700
2013-02-04,21.43,21.68,20.58,20.611,12360300
2013-02-05,21.06,21.86,20.99,21.49,10688600
2013-02-06,21.07,21.63,20.98,21.58,12044300
2013-02-07,21.89,21.94,20.79,21.65,14487800
2013-02-08,21.83,22.19,21.8,22.11,10859800
2013-02-11,22.19,22.5799,21.985,22.48,9403400
2013-02-12,22.52,22.9,22.3533,22.72,12810800
2013-02-13,22.76,22.99,22.2,22.56,12077700
2013-02-14,22.44,23.05,22.29,22.94,7210600
2013-02-15,23.15,23.25,22.59,23.12,10365200
2013-02-19,23.28,24.17,23.28,24.12,11780300
2013-02-20,24.02,24.05,21.89,21.98,18434700
2013-02-21,21.955,21.96,20.78,21.57,21689500
2013-02-22,22.05,22.31,21.636400000000002,22.3,12319600
2013-02-25,23.04,23.32,19.0,19.18,26248800
2013-02-26,19.26,19.76,18.13,19.4375,31344200
2013-02-27,19.38,21.06,19.1601,20.73,21093500
2013-02-28,20.82,21.15,20.12,20.13,17811400
2013-03-01,19.23,20.14,18.73,19.81,22246600
2013-03-04,19.53,20.85,19.42,20.79,13792900
2013-03-05,21.47,21.62,21.25,21.49,19665300
2013-03-06,21.76,21.78,20.98,21.39,13517500
2013-03-07,21.47,21.84,21.28,21.84,11839900
2013-03-08,22.2,22.25,21.48,22.12,18805300
2013-03-11,22.13,23.07,22.04,23.01,13393200
2013-03-12,22.98,23.13,21.9,22.65,23319800
2013-03-13,22.75,22.95,22.25,22.8,15227400
2013-03-14,23.08,23.315,22.81,23.22,11954900
2013-03-15,23.11,23.34,22.7,23.22,15581300
2013-03-18,21.75,23.03,21.68,22.02,20861200
2013-03-19,22.49,22.58,20.83,21.972,28045100
2013-03-20,22.75,23.3,22.53,23.16,15483200
2013-03-21,22.58,23.12,22.17,22.5,19980500
2013-03-22,22.89,22.98,22.21,22.55,10850700
2013-03-25,23.15,23.45,22.17,22.83,20693400
2013-03-26,23.26,23.58,22.95,23.48,12234600
2013-03-27,22.87,23.42,22.68,23.23,13965000
2013-03-28,23.31,23.42,23.117,23.31,11077600
2013-04-01,23.42,23.54,22.9785,23.22,11106000
2013-04-02,23.6,23.99,23.51,23.98,13644900
2013-04-03,24.0,24.12,22.84,23.07,15871700
2013-04-04,23.13,23.46,22.52,23.43,16238800
2013-04-05,22.15,23.39,22.0201,23.37,19137700
2013-04-08,23.58,24.04,23.23,24.0,15631700
2013-04-09,24.23,24.59,23.81,24.35,14442900
2013-04-10,24.63,25.05,24.53,24.97,13719500
2013-04-11,25.09,25.51,24.87,25.04,14174800
2013-04-12,24.75,25.57,24.49,25.51,14134400
2013-04-15,25.34,25.69,21.45,22.45,29924500
2013-04-16,22.78,23.52,22.44,23.46,19834700
2013-04-17,22.66,22.68,20.05,20.86,36455300
2013-04-18,20.86,20.9,19.43,19.93,23583400
2013-04-19,20.16,21.43,20.04,21.27,18798400
2013-04-22,21.21,22.02,20.7301,21.78,16561500
2013-04-23,22.48,22.99,21.11,22.88,18677000
2013-04-24,22.85,23.13,22.6,22.7367,12881800
2013-04-25,23.03,23.14,22.39,22.54,11112200
2013-04-26,22.3,22.65,22.02,22.53,11908500
2013-04-29,22.9,23.08,22.53,22.64,9847100
2013-04-30,22.69,22.97,22.31,22.9,9752800
2013-05-01,22.68,22.76,21.82,21.8633,20152700
2013-05-02,22.27,22.77,22.21,22.66,14733200
2013-05-03,23.19,23.28,22.98,23.16,14550000
2013-05-06,23.18,23.695,23.1399,23.53,8328000
2013-05-07,23.88,23.99,23.43,23.758,11221900
2013-05-08,23.54,23.74,23.1399,23.62,9637800
2013-05-09,23.4,23.49,22.68,23.14,14551900
2013-05-10,23.01,23.415,22.76,23.38,12466300
2013-05-13,23.36,23.59,23.15,23.52,8141100
2013-05-14,23.65,23.83,23.41,23.738,11656100
2013-05-15,23.46,23.731,23.27,23.56,14200500
2013-05-16,23.37,23.63,23.06,23.32,12079400
2013-05-17,23.42,23.9901,23.37,23.88,14071300
2013-05-20,23.61,23.96,23.57,23.58,9557100
2013-05-21,23.72,23.81,23.23,23.37,13776000
2013-05-22,23.58,23.74,22.741,23.12,23503100
2013-05-23,21.97,23.11,21.95,22.95,18864400
2013-05-24,22.66,23.05,22.5,22.97,12438700
2013-05-28,23.65,23.81,23.2472,23.58,10218700
2013-05-29,23.19,23.42,22.69,23.21,18938600
2013-05-30,23.17,23.48,22.9,23.24,13448100
2013-05-31,23.0,23.29,22.4,22.43,17751700
2013-06-03,22.48,22.6,21.283,22.5125,26167900
2013-06-04,22.35,22.53,21.51,22.23,19378100
2013-06-05,21.8,22.0,21.15,21.27,24801400
2013-06-06,21.07,21.51,20.081,21.49,25348200
2013-06-07,22.11,22.54,21.79,22.48,21618500
2013-06-10,22.79,22.8655,22.38,22.72,13650200
2013-06-11,21.81,22.25,21.091,21.23,26320800
2013-06-12,21.73,21.78,19.76,20.01,36256800
2013-06-13,20.01,21.07,19.74,20.94,25027500
2013-06-14,20.87,21.35,20.28,20.34,23016900
2013-06-17,20.84,20.96,20.35,20.77,16358400
2013-06-18,20.84,21.06,20.74,21.03,13542200
2013-06-19,20.89,22.0,20.72,21.05,27890400
2013-06-20,20.15,20.27,17.94,18.48,53799400
2013-06-21,19.21,19.43,18.23,19.3,34531900
2013-06-24,18.32,18.79,17.9,18.1685,45347400
2013-06-25,18.72,18.8004,18.31,18.69,24286100
2013-06-26,19.15,19.18,18.73,19.11,15674100
2013-06-27,19.56,19.88,19.413,19.86,14734000
2013-06-28,19.49,20.3,19.33,19.98,24246500
2013-07-01,20.28,20.96,20.23,20.58,15583400
2013-07-02,20.39,20.87,20.02,20.31,21247500
2013-07-03,20.12,20.6717,20.02,20.55,11219100
2013-07-05,21.1,21.65,20.77,21.65,20278200
2013-07-08,22.21,22.72,22.09,22.56,17139500
2013-07-09,23.19,23.29,22.87,23.05,11467500
2013-07-10,23.05,23.38,22.94,23.28,13444700
2013-07-11,24.01,24.107,23.62,23.87,9548400
2013-07-12,23.89,24.02,23.49,23.65,8903800
2013-07-15,23.89,24.32,23.7,24.17,7024100
2013-07-16,24.21,24.26,23.25,23.49,12035800
2013-07-17,23.84,24.36,23.6,24.32,10429800
2013-07-18,24.52,25.03,24.43,24.72,11328000
2013-07-19,24.56,25.39,24.25,25.24,10817700
2013-07-22,25.41,25.88,25.14,25.78,9222800
2013-07-23,26.04,26.26,25.48,25.9,10851100
2013-07-24,26.1,26.13,25.3,25.5699,11298900
2013-07-25,25.31,26.29,25.25,26.21,8044400
2013-07-26,25.92,26.4,25.47,26.319,8575800
2013-07-29,26.03,26.27,25.71,25.96,8138300
2013-07-30,26.05,26.52,25.81,26.43,7900300
2013-07-31,26.52,27.6199,26.48,26.99,12928800
2013-08-01,27.74,27.97,27.59,27.88,9768500
2013-08-02,27.86,28.61,27.83,28.55,6679600
2013-08-05,28.65,29.0,28.5,28.9,6555500
2013-08-06,28.77,28.85,27.8115,28.03,10811300
2013-08-07,27.63,27.93,26.99,27.73,10742400
2013-08-08,28.28,28.4,27.62,28.19,9152600
2013-08-09,28.16,28.43,27.5,27.8,9960500
2013-08-12,27.17,28.05,27.15,27.92,6891000
2013-08-13,28.2,28.37,27.53,28.18,9385800
2013-08-14,28.38,28.5,27.88,27.94,7733200
2013-08-15,26.99,27.1298,26.4,26.49,18234800
2013-08-16,26.53,27.4115,26.47,26.99,11339600
2013-08-19,26.87,27.04,26.17,26.25,8879400
2013-08-20,26.14,27.22,26.01,26.56,9341100
2013-08-21,26.09,27.12,25.56,26.06,25188500
2013-08-22,26.37,26.83,26.32,26.66,8734900
2013-08-23,26.9,27.23,26.67,27.18,7105500
2013-08-26,27.47,27.67,26.21,26.28,8365600
2013-08-27,25.09,25.493,24.03,24.2,20374800
2013-08-28,24.0,24.6,23.69,24.21,12065600
2013-08-29,23.87,24.42,23.7,23.72,12099700
2013-08-30,23.89,23.8985,23.0,23.41,10637800
2013-09-03,24.49,24.58,23.81,24.34,13787200
2013-09-04,24.29,24.539,24.13,24.4,6754100
2013-09-05,24.41,24.99,24.33,24.92,7011100
2013-09-06,25.26,25.34,24.01,24.71,11830300
2013-09-09,24.98,25.76,24.841,25.64,6683700
2013-09-10,26.38,26.59,26.2,26.56,6850000
2013-09-11,26.46,27.5271,26.36,27.41,8325700
2013-09-12,27.51,27.8975,26.9,26.94,9249900
2013-09-13,27.52,27.62,26.88,27.38,6086500
2013-09-16,28.01,28.088,27.46,27.66,8015400
2013-09-17,27.73,28.08,27.71,27.95,6384500
2013-09-18,27.83,29.2999,27.45,28.95,16605100
2013-09-19,29.34,29.45,28.74,29.1,9760100
2013-09-20,29.05,29.39,28.54,28.55,11047900
2013-09-23,28.63,28.75,27.66,28.21,10036600
2013-09-24,28.38,28.825,28.04,28.33,10926300
2013-09-25,28.39,28.74,28.04,28.41,11763100
2013-09-26,28.85,29.03,28.5,28.95,8023700
2013-09-27,28.48,28.5646,27.4986,27.8,11549200
2013-09-30,26.55,27.49,26.41,26.79,12869100
2013-10-01,26.76,27.7,26.67,27.67,10126400
2013-10-02,27.12,27.45,26.5502,26.81,11198200
2013-10-03,26.58,26.7,24.57,25.78,23321600
2013-10-04,25.49,26.1099,25.15,25.94,12746300
2013-10-07,24.86,25.2,23.91,23.96,15604700
2013-10-08,23.95,24.04,22.52,22.85,28563000
2013-10-09,22.85,23.95,22.22,23.55,28650100
2013-10-10,24.49,25.88,24.47,25.85,30329300
2013-10-11,25.83,26.79,25.76,26.33,18875600
2013-10-14,25.35,26.43,24.84,26.04,23803700
2013-10-15,25.83,26.31,24.29,24.45,23757800
2013-10-16,25.72,27.43,25.36,27.39,26013100
2013-10-17,27.1,28.94,27.07,28.91,23959700
2013-10-18,29.38,29.77,28.67,29.18,19115800
2013-10-21,29.85,29.87,28.72,29.02,13072000
2013-10-22,29.58,29.7,28.71,28.87,13148700
2013-10-23,28.53,28.73,27.79,28.67,15648600
2013-10-24,28.86,29.28,28.64,29.13,9683000
2013-10-25,29.17,29.2501,28.77,29.22,8003900
2013-10-28,29.07,29.205,28.78,29.05,7141900
2013-10-29,29.12,29.32,28.84,29.31,7942100
2013-10-30,29.23,29.31,28.42,28.85,11407000
2013-10-31,28.94,29.49,28.72,29.0,10539400
2013-11-01,29.25,29.46,28.84,29.06,8689600
2013-11-04,29.4,29.99,29.24,29.95,6967500
2013-11-05,29.76,30.17,29.55,30.02,7832700
2013-11-06,30.37,30.53,29.94,30.505,6740800
2013-11-07,30.65,30.67,29.25,29.44,13366400
2013-11-08,29.79,30.68,29.7,30.66,10437900
2013-11-11,30.65,30.83,30.47,30.79,5563100
2013-11-12,30.72,31.0,30.53,30.82,7274900
2013-11-13,30.4,31.065,30.37,30.95,6954600
2013-11-14,31.03,31.37,30.91,31.31,6279700
2013-11-15,31.52,31.74,31.47,31.73,5227400
2013-11-18,32.19,32.5,31.565,31.65,8122900
2013-11-19,31.86,32.01,30.92,31.28,11817800
2013-11-20,30.97,32.45,30.92,31.95,14369200
2013-11-21,32.29,33.27,32.25,32.98,10581500
2013-11-22,33.19,33.49,33.01,33.49,6305900
2013-11-25,33.82,33.83,33.2,33.38,6214600
2013-11-26,33.38,33.63,33.08,33.18,6501100
2013-11-27,33.38,33.38,33.05,33.14,4272000
2013-11-29,33.3,33.32,32.71,32.75,2409000
2013-12-02,32.87,32.9,32.25,32.48,7037700
2013-12-03,31.88,32.16,30.88,31.67,11013100
2013-12-04,31.06,32.08,30.61,31.99,11198900
2013-12-05,32.24,32.29,31.46,31.77,9177200
2013-12-06,32.5,33.08,32.4001,32.88,6482300
2013-12-09,33.12,33.31,32.82,33.14,6763300
2013-12-10,32.92,33.155,32.7671,32.95,5337400
2013-12-11,33.04,33.0977,31.26,31.39,11136000
2013-12-12,31.58,31.8,30.64,31.25,10886600
2013-12-13,31.33,31.51,30.96,31.24,7689100
2013-12-16,31.6,31.72,31.0,31.19,6770500
2013-12-17,30.76,31.5019,30.3941,31.27,9839700
2013-12-18,31.59,33.49,31.08,33.43,16837200
2013-12-19,33.27,33.6,33.03,33.2,7013700
2013-12-20,33.43,33.59,32.88,32.95,9019200
2013-12-23,33.37,34.25,33.25,34.14,6473600
2013-12-24,34.65,34.94,34.44,34.83,3504300
2013-12-26,35.56,35.66,35.35,35.38,6252100
2013-12-27,35.52,35.59,34.6801,34.95,6419200
2013-12-30,34.77,34.958,34.19,34.32,5098200
2013-12-31,34.79,34.82,33.87,34.38,5707500
2014-01-02,33.88,34.02,33.48,33.72,8118600
2014-01-03,34.01,34.38,33.5639,33.92,6211700
2014-01-06,34.49,34.77,34.0,34.35,8063900
2014-01-07,34.74,35.22,34.66,35.13,6810200
2014-01-08,34.93,35.27,34.76,35.07,6689000
2014-01-09,35.14,35.28,34.78,34.96,5382000
2014-01-10,35.27,35.86,34.85,35.77,6413000
2014-01-13,35.68,36.26,33.95,34.5,10196500
2014-01-14,34.95,35.99,34.95,35.92,9066000
2014-01-15,36.01,36.09,35.3501,35.79,6049800
2014-01-16,35.71,35.83,35.19,35.57,4682000
2014-01-17,35.48,36.0,35.32,35.53,5603600
2014-01-21,35.87,36.02,35.32,35.96,6181900
2014-01-22,36.35,36.62,36.14,36.5,4551000
2014-01-23,36.06,36.12,34.64,35.54,13686300
2014-01-24,34.52,34.6,31.67,32.33,22175500
2014-01-27,32.05,32.5775,29.58,31.49,19308100
2014-01-28,31.49,33.08,31.34,32.8,17011900
2014-01-29,31.15,32.14,30.07,30.54,29672700
2014-01-30,31.49,31.88,30.7098,31.03,18569000
2014-01-31,28.23,29.9,28.17,28.61,33468300
2014-02-03,28.28,28.7,26.32,26.64,45493800
2014-02-04,26.94,27.4,26.5,27.02,28447300
2014-02-05,26.5,26.76,25.38,26.1,32577400
2014-02-06,26.41,28.65,26.38,28.65,23267600
2014-02-07,29.45,30.98,29.2701,30.33,27311100
2014-02-10,30.49,30.938,30.03,30.35,13750600
2014-02-11,30.86,31.82,30.58,31.47,16242600
2014-02-12,31.9,32.2,31.27,32.12,17333600
2014-02-13,31.14,32.42,31.13,32.34,18241200
2014-02-14,32.46,33.14,32.26,32.85,11639900
2014-02-18,33.15,33.34,32.3704,33.3,10924600
2014-02-19,32.85,33.19,30.77,30.99,20450800
2014-02-20,31.34,32.33,30.77,32.23,12093600
2014-02-21,32.61,32.83,31.7,31.87,13006500
2014-02-24,32.02,32.61,31.91,32.09,8575300
2014-02-25,32.16,32.45,31.43,32.06,10905900
2014-02-26,32.17,32.35,31.18,31.6,13002500
2014-02-27,31.11,31.88,30.98,31.69,9986700
2014-02-28,31.71,32.29,30.57,31.2,15262700
2014-03-03,29.27,30.18,28.6499,29.43,21906200
2014-03-04,30.95,31.36,30.85,31.24,11867500
2014-03-05,31.27,31.49,30.77,31.21,10051900
2014-03-06,31.4,31.6,31.02,31.45,8056900
2014-03-07,31.7,31.7,30.43,30.71,13609300
2014-03-10,30.52,30.98,29.89,30.9,9718400
2014-03-11,30.93,31.34,30.26,30.43,11327500
2014-03-12,29.82,30.63,29.61,30.45,13540000
2014-03-13,30.87,30.9421,28.77,29.25,25010500
2014-03-14,28.67,29.2,27.91,28.44,22233400
2014-03-17,29.18,29.86,29.16,29.63,12245100
2014-03-18,30.34,30.91,30.19,30.84,13161900
2014-03-19,30.78,31.14,29.17,30.26,16806000
2014-03-20,30.02,30.57,29.83,30.4,9457700
2014-03-21,30.81,30.91,30.04,30.2,9754700
2014-03-24,30.32,30.47,29.4,30.11,11395300
2014-03-25,30.51,30.62,29.97,30.48,9458800
2014-03-26,30.81,30.85,29.92,29.93,12996400
2014-03-27,29.99,30.35,29.65,30.29,11793100
2014-03-28,30.58,30.82,30.24,30.66,8689400
2014-03-31,30.97,31.66,30.93,31.61,8308000
2014-04-01,31.7,32.69,31.7,32.66,8257100
2014-04-02,32.63,32.71,32.14,32.44,8299800
2014-04-03,32.45,32.53,32.04,32.46,7815700
2014-04-04,33.05,33.07,31.38,31.76,15363600
2014-04-07,31.45,31.68,30.61,31.04,13323700
2014-04-08,31.19,31.64,30.63,31.61,9232400
2014-04-09,32.0,32.48,31.6,32.45,9374600
2014-04-10,32.36,32.45,30.35,30.47,17531600
2014-04-11,30.1,30.54,29.12,29.51,17418600
2014-04-14,30.05,30.19,28.82,29.76,14306100
2014-04-15,29.96,30.3,28.48,30.13,20982100
2014-04-16,30.69,31.22,30.25,31.16,8528700
2014-04-17,31.1,31.71,30.91,31.61,7941600
2014-04-21,31.67,32.28,31.61,32.23,4962900
2014-04-22,32.13,32.5004,32.0,32.29,6268500
2014-04-23,32.18,32.3,31.94,32.15,5414900
2014-04-24,32.31,32.37,31.56,31.76,9030700
2014-04-25,31.49,31.6,30.9,31.51,8184200
2014-04-28,31.76,32.24,31.16,32.21,10160900
2014-04-29,32.36,32.8,32.22,32.791,6749600
2014-04-30,32.61,32.97,32.44,32.76,8441000
2014-05-01,32.65,33.04,32.5201,32.76,6509200
2014-05-02,32.95,33.15,32.53,32.91,8159300
2014-05-05,32.42,33.29,32.2,33.27,5291000
2014-05-06,33.12,33.5,32.92,33.05,7635000
2014-05-07,33.17,33.685,32.61,33.62,9020200
2014-05-08,33.67,34.35,33.381,33.61,10228000
2014-05-09,33.71,34.33,33.26,34.32,6725500
2014-05-12,34.73,35.45,34.64,35.35,6525700
2014-05-13,35.41,35.64,35.2,35.26,4750100
2014-05-14,35.13,35.78,34.99,35.43,7593900
2014-05-15,35.21,35.36,34.22,35.05,14546600
2014-05-16,35.33,35.86,34.91,35.86,7359400
2014-05-19,35.67,36.3401,35.64,36.3,6937800
2014-05-20,36.4,36.83,35.85,36.58,13104500
2014-05-21,36.91,37.33,36.82,37.16,8804700
2014-05-22,37.13,37.5,36.96,37.19,5217700
2014-05-23,37.17,37.6,37.16,37.46,3579600
2014-05-27,38.15,38.67,38.005,38.62,6431400
2014-05-28,38.63,38.86,38.13,38.74,8013300
2014-05-29,38.91,39.12,38.6,38.88,5982900
2014-05-30,38.88,38.99,38.66,38.95,4928000
2014-06-02,38.95,39.23,38.54,39.19,4574400
2014-06-03,38.94,39.18,38.7,39.0,5297400
2014-06-04,38.82,39.66,38.72,39.42,5294800
2014-06-05,39.92,40.995,39.56,40.82,8721400
2014-06-06,41.86,42.93,41.8,42.9,10427900
2014-06-09,43.1,43.53,42.2,42.29,7106400
2014-06-10,42.12,43.09,41.86,43.04,4911900
2014-06-11,42.27,42.62,41.46,42.11,6708900
2014-06-12,41.8,42.01,39.31,40.08,11823400
2014-06-13,40.34,41.13,39.69,40.74,6681000
2014-06-16,40.55,41.24,40.07,40.78,5695400
2014-06-17,40.92,42.28,40.7,42.18,6827000
2014-06-18,42.36,44.48,42.28,44.42,10933300
2014-06-19,44.8,45.09,43.89,44.26,9146900
2014-06-20,44.39,44.72,43.62,43.64,5964900
2014-06-23,43.88,44.84,43.3935,44.74,5990900
2014-06-24,44.27,44.93,42.71,43.07,9254900
2014-06-25,42.36,44.79,42.3,44.79,9883200
2014-06-26,44.79,44.822,43.03,44.19,9478000
2014-06-27,43.76,44.645,43.62,44.56,5905200
2014-06-30,44.65,45.49,44.43,44.98,6272800
2014-07-01,45.4,46.62,45.2,46.14,5994000
2014-07-02,46.31,47.09,46.25,46.63,6132200
2014-07-03,47.46,47.66,47.12,47.27,3894900
2014-07-07,46.91,47.03,46.14,46.29,6115000
2014-07-08,45.96,45.98,44.49,45.53,9921200
2014-07-09,46.23,46.72,45.84,46.44,7498000
2014-07-10,43.89,45.51,43.7617,44.8,8874800
2014-07-11,44.86,45.42,44.5,45.27,4868800
2014-07-14,46.28,46.99,46.26,46.56,4035800
2014-07-15,46.97,47.09,44.89,45.72,8910200
2014-07-16,47.09,47.25,45.98,46.79,6314700
2014-07-17,46.22,46.86,41.2301,42.29,18160600
2014-07-18,44.19,45.75,43.8325,45.43,7046900
2014-07-21,45.02,45.15,43.41,44.32,9528600
2014-07-22,45.39,45.79,44.91,45.22,7040400
2014-07-23,45.54,45.61,44.6,44.82,7860300
2014-07-24,45.22,45.25,44.43,45.16,6416900
2014-07-25,44.36,44.47,43.59,43.84,8587100
2014-07-28,43.99,44.29,42.88,44.08,7992100
2014-07-29,44.25,44.85,43.72,44.12,8568600
2014-07-30,44.57,44.65,43.22,43.39,12042100
2014-07-31,42.0,42.23,39.2,39.73,24974500
2014-08-01,39.33,40.679,36.92,37.75,29036100
2014-08-04,38.02,40.12,37.5301,39.29,19623600
2014-08-05,38.52,38.99,35.95,36.59,25072300
2014-08-06,35.91,37.87,35.83,36.41,16184800
2014-08-07,37.34,37.6198,35.01,35.65,20907800
2014-08-08,35.65,37.18,35.161,37.08,15867900
2014-08-11,37.85,39.51,37.67,38.56,13602500
2014-08-12,38.72,39.42,38.32,38.83,14337700
2014-08-13,39.81,41.23,39.54,41.04,11737400
2014-08-14,41.62,42.44,41.39,42.38,10763800
2014-08-15,43.23,43.5,39.92,42.36,21613000
2014-08-18,43.66,43.97,43.4,43.95,9092500
2014-08-19,44.5,44.62,44.06,44.37,10418800
2014-08-20,43.74,44.22,43.14,44.03,10426600
2014-08-21,43.93,44.1,43.38,43.9,5553700
2014-08-22,44.0,44.36,43.13,44.06,8428200
2014-08-25,44.56,44.79,44.18,44.52,6463300
2014-08-26,44.44,44.62,43.95,44.14,5161400
2014-08-27,44.03,44.24,43.43,43.83,5263900
2014-08-28,42.56,43.52,42.4232,43.08,6626500
2014-08-29,43.58,43.69,42.9,43.38,6612800
2014-09-02,43.42,43.57,42.76,43.1,5533100
2014-09-03,43.8,43.8,43.1,43.6,6616800
2014-09-04,43.91,44.4852,43.03,43.49,8826900
2014-09-05,43.75,44.49,43.02,44.38,7266300
2014-09-08,44.26,44.48,43.76,44.28,6641100
2014-09-09,44.04,44.06,42.812,43.08,8488200
2014-09-10,43.03,43.58,42.22,43.37,8316000
2014-09-11,42.6,43.53,42.43,43.49,7422700
2014-09-12,43.34,43.45,41.82,42.5,13833700
2014-09-15,42.32,42.35,41.19,41.42,9576900
2014-09-16,41.0,43.58,40.94,43.45,11121500
2014-09-17,43.67,44.78,43.282,43.84,14109500
2014-09-18,44.15,44.54,43.97,44.49,6162800
2014-09-19,44.94,45.17,43.85,44.47,8879500
2014-09-22,43.96,44.03,42.57,42.88,10242100
2014-09-23,41.76,42.56,41.28,41.28,12271800
2014-09-24,41.46,42.635,41.11,42.55,8404600
2014-09-25,42.11,42.17,38.78,39.36,24540300
2014-09-26,39.78,41.178,39.53,40.73,11957900
2014-09-29,38.57,39.82,38.1,38.79,18155000
2014-09-30,38.54,39.33,37.96,38.25,15556800
2014-10-01,38.27,38.3399,36.45,37.5,26014100
2014-10-02,37.17,38.39,36.15,37.72,26185700
2014-10-03,39.02,40.4099,38.78,39.98,17130500
2014-10-06,40.88,41.29,39.09,39.27,14948500
2014-10-07,38.33,38.46,36.52,36.58,19890700
2014-10-08,36.34,39.6473,36.01,39.48,26587600
2014-10-09,38.93,39.23,35.74,35.9,38317200
2014-10-10,35.68,36.4,31.8,31.86,37130000
2014-10-13,32.39,32.89,28.27,28.51,31888400
2014-10-14,29.105,30.42,27.75,28.75,37348200
2014-10-15,26.64,28.53,24.67,28.3,66713600
2014-10-16,24.85,27.74,24.71,27.19,53839600
2014-10-17,29.05,29.48,27.77,28.33,32420400
2014-10-20,28.16,30.56,28.01,30.48,24882700
2014-10-21,31.64,32.94,31.372,32.74,23262400
2014-10-22,32.98,33.3947,29.91,30.1,33668700
2014-10-23,32.12,32.86,31.51,32.05,28412700
2014-10-24,31.97,32.56,30.21,32.37,22276500
2014-10-27,31.76,32.95,31.15,32.79,22310400
2014-10-28,33.27,35.01,33.23,34.95,21888900
2014-10-29,34.87,35.05,33.27,34.33,33231600
2014-10-30,33.6,34.9,33.09,34.21,22199800
2014-10-31,35.28,35.35,34.51,35.06,16796600
2014-11-03,35.1,35.3,34.14,34.5,12256300
2014-11-04,34.22,34.87,33.29,34.77,19529000
2014-11-05,35.39,35.44,34.56,35.2,11753200
2014-11-06,35.4,36.23,34.73,36.07,12685900
2014-11-07,36.13,36.69,35.7,36.61,13911600
2014-11-10,36.8,38.272,36.71,37.97,12553100
2014-11-11,38.19,38.36,37.21,38.01,11567300
2014-11-12,37.07,37.912,37.009,37.52,9742800
2014-11-13,37.36,37.85,35.98,37.04,14598300
2014-11-14,36.86,37.056,36.18,36.95,10854900
2014-11-17,36.59,37.4,36.32,37.04,9396800
2014-11-18,37.25,38.12,37.22,37.66,8820000
2014-11-19,37.2,37.35,36.41,36.74,11556200
2014-11-20,36.06,37.3,36.0,37.11,6709700
2014-11-21,38.26,38.29,37.57,37.9,9602800
2014-11-24,38.24,38.73,38.06,38.7,7356200
2014-11-25,38.89,39.07,38.4,38.94,7671100
2014-11-26,38.97,39.7,38.86,39.58,7402100
2014-11-28,39.4,39.72,38.41,38.51,5235300
2014-12-01,37.72,37.85,36.51,36.9,12921000
2014-12-02,36.9,38.89,36.9,38.82,8772700
2014-12-03,39.24,39.6,38.98,39.43,7271700
2014-12-04,38.96,39.78,38.24,39.38,10196100
2014-12-05,40.0,40.74,39.7038,40.07,9836300
2014-12-08,39.8,40.44,38.0,38.48,11978300
2014-12-09,36.425,38.239,35.7858,37.88,18972800
2014-12-10,37.21,37.36,33.955,34.03,27451100
2014-12-11,34.255,35.65,31.81,31.84,26315200
2014-12-12,30.43,31.92,29.91,30.11,34931100
2014-12-15,31.57,32.315,29.64,30.87,35677800
2014-12-16,30.08,32.61,29.3,29.32,36775100
2014-12-17,28.85,32.13,28.83,31.99,37777900
2014-12-18,33.6,33.71,32.12,33.05,26902200
2014-12-19,33.19,33.75,32.69,33.22,23092400
2014-12-22,34.15,34.94,33.87,34.91,13984200
2014-12-23,35.13,35.15,34.15,34.88,11221500
2014-12-24,35.24,35.3,34.81,35.11,4816700
2014-12-26,35.11,35.36,34.59,34.74,8202100
2014-12-29,34.51,35.08,34.32,34.8,9017600
2014-12-30,34.28,34.74,33.741,33.96,12083800
2014-12-31,34.08,34.25,30.55,31.14,22868500
2015-01-02,32.25,32.62,29.93,31.69,20012200
2015-01-05,30.9,31.03,29.01,29.49,28640600
2015-01-06,29.64,30.05,27.75,28.77,41123300
2015-01-07,29.63,30.09,29.0,29.74,20223000
2015-01-08,30.83,31.77,30.71,31.61,19774200
2015-01-09,31.95,32.0,30.12,30.41,23357500
2015-01-12,30.12,30.23,28.18,28.92,24066300
2015-01-13,29.59,29.955,27.35,28.11,33653500
2015-01-14,26.77,27.7,26.52,27.57,33279100
2015-01-15,27.915,28.3,26.65,26.74,27095600
2015-01-16,26.7,27.55,26.1699,27.25,28445400
2015-01-20,28.06,28.12,26.58,27.49,25774600
2015-01-21,27.15,28.81,26.82,28.76,27144500
2015-01-22,29.58,30.7,28.47,30.66,27658100
2015-01-23,30.2,31.09,29.691,29.82,22924000
2015-01-26,30.11,31.21,29.51,31.195,17698900
2015-01-27,29.49,30.69,29.19,29.705,28119000
2015-01-28,30.55,30.58,26.81,27.13,39811800
2015-01-29,26.97,27.99,26.06,27.82,36316100
2015-01-30,26.9,27.47,24.8,24.97,40081700
2015-02-02,25.91,26.45,24.75,26.45,27897300
2015-02-03,26.85,27.75,26.61,27.68,22087300
2015-02-04,27.31,28.12,26.73,26.91,22114800
2015-02-05,27.15,28.0,27.14,27.83,14450500
2015-02-06,28.15,28.36,26.06,26.65,30131800
2015-02-09,26.15,26.66,25.94,26.53,16438500
2015-02-10,27.16,27.68,26.6346,27.52,18775900
2015-02-11,27.24,27.45,26.86,27.37,15937400
2015-02-12,28.03,29.18,27.89,29.045,17749600
2015-02-13,29.18,29.56,28.63,29.4,19414900
2015-02-17,29.13,29.56,28.9,29.31,11592400
2015-02-18,28.96,29.6884,28.9198,29.55,14298100
2015-02-19,29.22,30.23,29.18,30.195,13714800
2015-02-20,29.61,31.5,29.41,31.285,18978800
2015-02-23,30.94,31.3,30.73,31.14,11529700
2015-02-24,31.29,32.63,31.24,32.42,16753200
2015-02-25,32.37,33.71,31.86,32.2,20467500
2015-02-26,32.32,32.99,31.6858,32.585,19368000
2015-02-27,32.61,33.27,32.32,32.75,15593700
2015-03-02,32.93,33.88,32.79,33.85,12019500
2015-03-03,33.51,33.6797,32.2,33.09,17560700
2015-03-04,32.64,33.25,31.91,33.17,16579300
2015-03-05,33.43,33.66,32.91,33.59,14259600
2015-03-06,33.11,33.6,31.9,32.09,22846400
2015-03-09,32.3,32.865,32.1,32.51,13328800
2015-03-10,31.62,31.85,31.0699,31.5,20493500
2015-03-11,31.37,31.47,30.49,30.73,18728700
2015-03-12,31.26,32.6,31.2198,32.53,12337000
2015-03-13,32.4,32.57,30.94,31.79,24648400
2015-03-16,32.2,32.84,32.095,32.51,13763700
2015-03-17,32.07,32.79,31.84,32.69,13576300
2015-03-18,32.49,34.38,32.24,34.12,26152800
2015-03-19,33.57,34.19,33.19,34.09,16226500
2015-03-20,34.45,35.63,34.26,34.63,17482400
2015-03-23,34.86,35.64,34.8101,35.25,11359700
2015-03-24,35.2,36.06,34.98,35.38,14747800
2015-03-25,35.55,35.75,33.715,33.78,22454500
2015-03-26,33.13,34.305,32.79,34.09,21644800
2015-03-27,34.1,34.6251,33.97,34.47,12375500
2015-03-30,35.29,35.73,35.22,35.53,9133600
2015-03-31,35.395,35.46,34.43,34.64,13293300
2015-04-01,34.59,34.7,33.55,34.66,17437200
2015-04-02,34.92,35.47,34.72,35.35,13373100
2015-04-06,34.99,36.43,34.86,36.09,10938100
2015-04-07,36.38,36.78,36.1815,36.215,9277200
2015-04-08,36.43,36.98,36.195,36.91,12662500
2015-04-09,37.06,38.24,36.65,38.19,11980700
2015-04-10,38.51,39.9,38.44,39.89,14676200
2015-04-13,40.35,40.7599,38.39,38.78,17068400
2015-04-14,38.32,39.46,38.03,39.1,14811500
2015-04-15,39.66,40.4,39.55,39.94,12775100
2015-04-16,39.8,41.16,39.64,40.77,13087700
2015-04-17,39.46,39.68,38.26,39.37,25597200
2015-04-20,40.19,40.94,39.96,40.72,11428700
2015-04-21,41.21,41.35,40.24,40.71,13367800
2015-04-22,40.94,41.33,40.13,41.16,10673000
2015-04-23,40.88,41.93,40.71,41.53,8476800
2015-04-24,41.82,42.07,41.46,41.92,7163700
2015-04-27,42.32,42.46,40.425,40.75,13994500
2015-04-28,40.44,42.17,39.33,42.16,15657700
2015-04-29,41.12,41.9,40.34,41.02,21622800
2015-04-30,40.49,40.93,39.08,39.92,19010000
2015-05-01,40.44,41.85,40.42,41.82,13636200
2015-05-04,42.11,42.44,41.26,41.69,11282400
2015-05-05,41.51,41.83,40.2801,40.34,18083200
2015-05-06,40.79,40.98,38.34,39.68,23925400
2015-05-07,39.45,40.31,38.94,39.9,15883700
2015-05-08,41.49,42.16,41.22,41.98,12498400
2015-05-11,41.94,42.08,40.9042,40.96,11199400
2015-05-12,40.21,41.3,39.72,41.06,14083400
2015-05-13,41.43,41.88,40.98,41.78,12636100
2015-05-14,42.25,42.65,42.07,42.65,8124600
2015-05-15,42.79,43.02,42.14,42.99,9988500
2015-05-18,43.0,44.76,42.93,44.4,9948700
2015-05-19,44.65,45.39,44.05,45.03,13022200
2015-05-20,45.13,45.36,44.34,44.95,14389800
2015-05-21,44.7,46.43,44.5,46.18,11050300
2015-05-22,46.28,46.64,45.89,46.09,10089600
2015-05-26,45.57,45.777,43.88,44.31,16987200
2015-05-27,44.71,46.25,44.43,45.99,10979100
2015-05-28,45.46,45.74,44.83,45.47,12197800
2015-05-29,45.36,45.82,44.54,45.19,14036600
2015-06-01,45.7,46.08,44.91,45.61,12826400
2015-06-02,45.1,45.67,44.61,44.87,11986200
2015-06-03,45.26,45.77,44.94,45.65,12700500
2015-06-04,45.03,45.264,43.83,44.1,18172500
2015-06-05,44.03,44.99,43.65,44.85,15341200
2015-06-08,44.67,44.7901,43.65,43.98,12602900
2015-06-09,43.84,44.64,43.38,44.41,13834900
2015-06-10,45.11,46.5,45.02,46.34,14455400
2015-06-11,46.9,47.59,46.67,47.34,12003000
2015-06-12,46.68,46.87,45.81,46.7,14033600
2015-06-15,45.58,45.78,44.66,44.72,17024400
2015-06-16,44.29,45.72,44.06,45.49,13737800
2015-06-17,45.74,46.15,44.61,45.66,20804900
2015-06-18,46.285,47.45,46.13,46.97,16235600
2015-06-19,46.98,47.08,46.27,46.53,12295400
2015-06-22,47.55,48.49,47.22,48.46,12762000
2015-06-23,48.72,49.74,48.66,49.68,11581100
2015-06-24,49.45,50.1,48.64,48.78,12329900
2015-06-25,49.09,49.51,48.04,48.31,13764000
2015-06-26,48.59,48.9,47.57,48.6,14805100
2015-06-29,45.65,46.41,39.82,40.47,38561600
2015-06-30,42.39,42.48,38.73,40.61,30450800
2015-07-01,42.7,43.4,41.41,43.3,22667800
2015-07-02,43.31,43.51,39.755,40.59,26043100
2015-07-06,38.67,40.51,38.27,39.59,24588600
2015-07-07,39.68,41.69,37.4,41.66,33050100
2015-07-08,39.88,40.37,37.41,37.48,37258200
2015-07-09,39.47,39.63,36.945,37.15,25188200
2015-07-10,38.98,39.98,37.92,39.91,27400500
2015-07-13,42.05,43.93,41.83,43.77,21241800
2015-07-14,43.62,44.96,43.38,44.06,16827600
2015-07-15,44.28,44.8528,43.145,44.24,15483000
2015-07-16,45.68,47.28,45.56,47.24,15085100
2015-07-17,47.49,47.65,46.86,47.56,11519100
2015-07-20,47.58,48.72,47.32,47.69,11218700
2015-07-21,47.9,48.19,47.22,48.11,11785100
2015-07-22,46.78,48.81,46.78,48.34,13039800
2015-07-23,48.79,49.06,47.0,47.59,18658200
2015-07-24,47.68,48.2,45.47,46.2,19847900
2015-07-27,44.35,44.95,42.7,43.75,20796400
2015-07-28,45.0,47.29,43.89,46.95,18238600
2015-07-29,47.12,48.089,46.88,47.65,14559800
2015-07-30,47.45,48.18,46.46,47.97,13246200
2015-07-31,48.29,48.74,47.381,48.04,12476600
2015-08-03,48.27,48.885,46.8,48.76,14348900
2015-08-04,48.44,49.0,47.66,48.54,13747500
2015-08-05,48.74,49.6,48.21,48.88,13055800
2015-08-06,48.86,48.9,46.25,47.16,17624600
2015-08-07,47.32,47.92,46.29,47.61,16320700
2015-08-10,48.82,49.5,48.81,49.44,7005400
2015-08-11,47.59,48.24,46.24,47.21,18398200
2015-08-12,44.66,47.6,43.8,47.17,21662000
2015-08-13,47.65,48.44,46.69,47.79,15391500
2015-08-14,47.85,48.29,47.13,47.84,9659000
2015-08-17,47.38,48.51,46.91,48.45,9967500
2015-08-18,48.22,48.68,47.5802,47.88,11283700
2015-08-19,47.17,48.39,45.79,46.94,28024100
2015-08-20,44.95,45.6,42.69,43.09,30007300
2015-08-21,40.69,41.89,35.98,36.04,55522800
2015-08-24,24.88,34.3688,22.88,29.58,82783300
2015-08-25,31.0,31.16,26.02,26.1,55721900
2015-08-26,28.39,28.88,25.51,28.66,53815600
2015-08-27,29.82,29.86,26.3,27.99,56902800
2015-08-28,27.09,27.53,25.3,26.63,37128700
2015-08-31,26.32,26.6999,25.4,25.64,29358200
2015-09-01,23.35,24.02,21.31,22.01,50719400
2015-09-02,23.35,24.44,22.46,24.44,32108900
2015-09-03,25.21,26.215,23.81,24.53,51209800
2015-09-04,23.38,23.93,22.13,22.75,42964800
2015-09-08,24.06,24.7331,23.75,24.66,28605900
2015-09-09,25.97,26.04,23.89,24.09,39593800
2015-09-10,23.39,24.68,23.23,24.68,35692400
2015-09-11,24.54,25.27,24.12,25.27,22697600
2015-09-14,25.29,25.31,24.64,25.25,19796800
2015-09-15,25.59,27.78,25.3901,27.75,23713100
2015-09-16,28.74,29.5,27.8,29.38,34052400
2015-09-17,29.39,32.12,28.67,29.44,57741300
2015-09-18,26.6,27.62,25.57,25.89,41636800
2015-09-21,26.79,27.83,26.47,27.72,28149200
2015-09-22,26.15,26.57,24.386,25.94,47276900
2015-09-23,25.85,26.675,25.51,26.41,29641100
2015-09-24,25.16,25.92,23.82,25.72,50956400
2015-09-25,26.73,26.75,24.43,25.04,39909300
2015-09-28,24.18,24.41,22.62,23.31,43414900
2015-09-29,23.6,24.14,22.7,23.24,42177100
2015-09-30,24.28,24.5,23.65,24.35,29942900
2015-10-01,24.3,24.6501,23.55,24.64,29119700
2015-10-02,23.67,25.94,23.44,25.94,36256200
2015-10-05,26.45,27.56,26.384900000000002,27.39,26374100
2015-10-06,27.47,27.87,26.64,27.06,24910600
2015-10-07,27.4,27.789,26.78,27.67,25515000
2015-10-08,27.78,29.4,27.4508,29.04,29649200
2015-10-09,29.15,29.46,28.17,29.01,23661900
2015-10-12,29.13,31.14,28.85,30.85,21868800
2015-10-13,30.06,31.21,28.93,29.08,32241600
2015-10-14,28.74,29.31,27.705,28.45,31852400
2015-10-15,29.03,30.6311,28.78,30.51,28619500
2015-10-16,30.96,30.98,29.55,30.73,27039200
2015-10-19,30.65,32.99,30.54,32.91,29692900
2015-10-20,32.55,33.07,31.13,31.71,33354700
2015-10-21,31.98,32.32,29.33,29.51,37690900
2015-10-22,30.14,32.0,30.14,31.93,34774600
2015-10-23,32.66,32.76,30.89,31.53,30321900
2015-10-26,31.06,31.49,30.44,30.51,18170200
2015-10-27,30.1,31.22,30.06,31.1,19030200
2015-10-28,31.19,32.1,30.1801,31.98,26530000
2015-10-29,31.5,31.91,30.94,31.57,18281300
2015-10-30,31.48,31.96,31.03,31.09,20242400
2015-11-02,31.14,32.94,31.041,32.7,20407700
2015-11-03,32.32,32.89,31.86,32.02,19350800
2015-11-04,32.25,32.37,30.71,31.02,28130800
2015-11-05,31.03,31.74,30.47,31.62,26171800
2015-11-06,31.6,32.32,30.82,32.28,22743700
2015-11-09,32.13,32.26,29.97,30.54,28398400
2015-11-10,30.11,31.52,30.0,31.32,18846000
2015-11-11,31.59,31.66,30.63,30.65,19737600
2015-11-12,29.82,30.2,27.88,27.94,33501100
2015-11-13,27.8,28.03,25.92,26.05,45769300
2015-11-16,26.15,28.76,25.94,28.71,35787000
2015-11-17,29.05,29.18,26.55,27.08,38411900
2015-11-18,27.69,29.06,27.62,28.99,26665500
2015-11-19,28.76,28.88,27.65,28.03,22494900
2015-11-20,28.88,29.3,28.72,28.94,20327100
2015-11-23,29.11,29.9,28.83,29.73,20231000
2015-11-24,28.89,29.9,28.53,29.52,24468100
2015-11-25,29.64,30.13,29.3794,29.96,14533300
2015-11-27,30.05,30.1,29.59,29.63,5724900
2015-11-30,29.88,30.07,29.4923,29.85,16992000
2015-12-01,30.23,31.17,29.94,31.15,16845500
2015-12-02,31.04,31.5701,29.6601,29.89,25340100
2015-12-03,30.45,30.62,26.98,27.67,43239200
2015-12-04,28.6,30.39,28.36,30.34,25707200
2015-12-07,30.28,30.28,28.5,29.57,25800600
2015-12-08,28.32,29.34,27.9,28.65,38653200
2015-12-09,28.25,29.3,26.63,27.47,44567800
2015-12-10,27.3,28.0301,26.78,27.12,28903300
2015-12-11,25.665,25.98,22.55,23.11,53059200
2015-12-14,23.13,24.73,22.05,24.52,41133500
2015-12-15,25.4,25.91,24.66,25.57,36212200
2015-12-16,26.44,27.76,25.8,27.28,39964800
2015-12-17,27.5,27.52,25.89,26.21,37125200
2015-12-18,25.28,25.5593,23.91,24.1,49114100
2015-12-21,24.98,25.21,24.09,25.17,32670400
2015-12-22,25.96,26.69,25.61,26.39,26595400
2015-12-23,27.0,27.21,26.39,26.99,20721600
2015-12-24,26.79,26.91,26.44,26.53,6397700
2015-12-28,26.06,26.85,25.5322,26.8,17335500
2015-12-29,27.21,27.44,26.97,27.23,14025600
2015-12-30,26.9,27.0,26.33,26.41,11251100
2015-12-31,26.07,26.5395,25.78,25.8,18305700
2016-01-04,23.74,24.28,22.88,24.15,41187000
2016-01-05,24.79,25.2,24.0,24.95,27114800
2016-01-06,23.35,24.3,23.32,24.21,37722900
2016-01-07,22.61,23.25,21.29,21.64,56804300
2016-01-08,22.32,22.5325,20.16,20.45,39813500
2016-01-11,20.59,21.16,18.89,21.0,60702600
2016-01-12,21.86,22.04,20.63,21.98,54934900
2016-01-13,22.41,22.46,19.384,19.79,56827800
2016-01-14,19.965,20.99,19.06,20.5,43017900
2016-01-15,18.27,19.1,17.71,18.44,59955700
2016-01-19,19.16,19.16,17.62,18.42,49041800
2016-01-20,17.82,18.38,16.31,17.96,86307400
2016-01-21,18.15,18.69,17.25,18.02,59508300
2016-01-22,18.87,19.54,18.67,19.54,39257500
2016-01-25,19.27,19.58,18.45,18.55,43556400
2016-01-26,18.79,19.43,18.55,19.4,35662700
2016-01-27,19.17,19.83,18.34,18.63,50244400
2016-01-28,19.24,19.38,18.4399,19.25,37838500
2016-01-29,19.41,20.09,19.31,20.02,26271900
2016-02-01,19.91,20.48,19.55,20.23,23394500
2016-02-02,19.6,19.64,18.71,18.88,30905400
2016-02-03,19.2,19.22,17.81,19.09,41768600
2016-02-04,18.87,19.39,18.65,18.91,27018800
2016-02-05,18.99,18.99,17.85,18.16,28817600
2016-02-08,17.49,17.66,16.521,17.3,38548900
2016-02-09,16.61,17.5268,16.53,17.15,42118900
2016-02-10,17.48,17.79,16.98,17.01,28283100
2016-02-11,15.89,16.39,15.36,15.98,56681000
2016-02-12,16.47,16.72,16.11,16.68,22857000
2016-02-16,17.24,17.4925,16.9764,17.46,18332300
2016-02-17,17.875,18.2299,17.69,18.11,20121600
2016-02-18,18.27,18.47,17.88,18.19,22603000
2016-02-19,17.86,18.6899,17.7,18.65,22354100
2016-02-22,19.18,19.73,19.12,19.69,17497700
2016-02-23,19.45,19.6,18.6415,18.7,25018200
2016-02-24,17.94,18.931,17.6289,18.77,28954400
2016-02-25,18.99,19.5,18.6,19.44,19964000
2016-02-26,19.8,19.89,18.99,19.21,22449200
2016-02-29,19.28,19.79,18.84,18.84,22301100
2016-03-01,19.33,20.55,19.14,20.55,21845000
2016-03-02,20.42,20.88,20.0935,20.85,22144700
2016-03-03,20.75,21.74,20.59,21.52,22484200
2016-03-04,21.89,22.0,21.02,21.26,24670000
2016-03-07,20.84,21.68,20.74,21.18,19079900
2016-03-08,20.76,21.06,20.31,20.35,19374300
2016-03-09,20.59,20.7528,20.21,20.62,17467400
2016-03-10,20.98,21.64,20.02,20.98,32767200
2016-03-11,21.54,22.1,21.411,22.09,21078800
2016-03-14,21.94,22.55,21.763,22.43,16038400
2016-03-15,21.76,22.16,21.679,22.09,13950700
2016-03-16,21.84,23.12,21.81,22.9,22254100
2016-03-17,22.93,23.9,22.77,23.64,17940300
2016-03-18,23.93,24.23,23.3201,23.71,17928900
2016-03-21,23.8,24.54,23.72,24.44,15929800
2016-03-22,24.13,24.96,24.04,24.75,16629200
2016-03-23,24.53,24.55,23.4537,23.59,17816100
2016-03-24,22.78,23.75,22.59,23.69,18305200
2016-03-28,23.96,24.44,23.56,24.06,16586000
2016-03-29,23.99,25.5,23.77,25.42,22474600
2016-03-30,25.89,26.49,25.45,26.08,23871800
2016-03-31,25.81,26.396,25.48,25.88,19178300
2016-04-01,25.02,26.72,24.88,26.61,18348700
2016-04-04,26.67,26.82,25.82,25.91,19947400
2016-04-05,24.91,25.2775,24.28,24.42,20893400
2016-04-06,24.54,26.1076,24.37,26.06,22700800
2016-04-07,25.33,25.64,23.01,23.63,34571300
2016-04-08,24.54,24.915,23.8,24.22,19005500
2016-04-11,24.67,24.97,23.85,23.85,23345900
2016-04-12,23.91,24.905,23.35,24.66,23575200
2016-04-13,25.27,25.965,25.1645,25.9,20531200
2016-04-14,26.0,26.35,25.53,25.96,18213400
2016-04-15,26.09,26.38,25.79,26.3,16289200
2016-04-18,26.04,28.1,26.0,27.99,21096800
2016-04-19,28.15,28.56,27.16,27.72,25455000
2016-04-20,28.16,28.39,27.44,27.57,20090700
2016-04-21,27.31,27.54,26.65,27.07,23027100
2016-04-22,26.94,27.85,26.73,27.74,18958400
2016-04-25,27.33,27.53,26.75,27.34,18030900
2016-04-26,27.77,28.2,27.5661,28.02,15939700
2016-04-27,27.6,29.12,27.457,28.81,22103900
2016-04-28,28.25,29.37,26.9,27.08,21481000
2016-04-29,26.78,27.1139,24.97,26.18,39050000
2016-05-02,26.76,28.14,26.51,27.88,25575100
2016-05-03,27.03,27.13,25.98,26.54,31916000
2016-05-04,25.9,26.43,25.63,26.2,27357600
2016-05-05,26.74,26.88,25.85,26.25,22438300
2016-05-06,26.16,27.55,26.14,27.43,24143000
2016-05-09,27.71,28.66,27.6389,28.06,22894900
2016-05-10,28.8,29.5,28.73,29.46,17893400
2016-05-11,29.38,29.8,28.15,28.4,24013200
2016-05-12,28.68,29.1599,27.5544,28.68,24718100
2016-05-13,28.71,29.25,27.4,27.66,27813200
2016-05-16,27.88,29.31,27.85,28.93,20129300
2016-05-17,28.75,28.89,27.27,27.67,30805500
2016-05-18,27.62,28.7,27.1801,27.74,34648500
2016-05-19,27.32,27.7301,26.23,27.66,37927800
2016-05-20,28.27,28.745,28.17,28.63,22865600
2016-05-23,28.7,29.17,28.44,28.78,16308600
2016-05-24,29.2,30.29,29.16,29.98,21886800
2016-05-25,30.43,31.12,30.17,30.5,23830800
2016-05-26,30.59,30.98,30.47,30.84,17968800
2016-05-27,31.09,31.72,30.99,31.69,17710100
2016-05-31,32.13,32.2899,30.79,31.75,22131600
2016-06-01,31.21,32.195,30.82,31.95,22577600
2016-06-02,31.64,32.87,31.25,32.82,21205000
2016-06-03,32.27,33.21,31.34,33.0,25481000
2016-06-06,33.18,33.58,32.62,33.42,22149500
2016-06-07,33.74,34.1,33.33,33.43,19740100
2016-06-08,33.43,33.67,32.82,33.16,18362000
2016-06-09,32.51,32.93,32.13,32.56,20635900
2016-06-10,31.04,31.31,29.47,29.59,33081800
2016-06-13,28.32,29.08,25.143,25.15,44519700
2016-06-14,24.7,26.08,24.34,25.69,51820900
2016-06-15,25.98,27.05,25.73,25.95,42375300
2016-06-16,24.81,26.91,23.88,26.67,61848700
2016-06-17,26.67,27.15,26.17,26.63,37817000
2016-06-20,28.38,29.24,28.36,28.49,34427200
2016-06-21,29.02,29.0763,27.81,28.35,30830300
2016-06-22,28.32,29.12,26.97,27.34,32352200
2016-06-23,28.83,30.15,28.47,30.05,32433800
2016-06-24,23.42,26.559,21.275,22.0,84505600
2016-06-27,21.4,21.59,20.21,21.46,64405000
2016-06-28,22.09,23.325,22.05,23.22,49649700
2016-06-29,23.87,24.68,23.83,24.33,40066100
2016-06-30,24.7,25.28,24.32,24.99,31202600
2016-07-01,25.31,26.05,25.2,25.94,30957200
2016-07-05,25.48,25.57,24.48,25.5,34733800
2016-07-06,25.05,26.15,24.65,26.11,31972900
2016-07-07,26.54,26.94,25.48,26.52,34798900
2016-07-08,27.5,28.48,27.331,28.3,25714400
2016-07-11,28.75,28.98,28.2,28.21,22990100
2016-07-12,28.95,29.03,28.29,28.89,19450000
2016-07-13,29.21,29.45,28.67,29.38,21441600
2016-07-14,29.69,29.9,29.2611,29.39,22543900
2016-07-15,29.65,29.8,28.5865,29.47,22800700
2016-07-18,29.42,30.2989,29.27,30.08,19376600
2016-07-19,30.0,30.45,29.52,30.03,24329900
2016-07-20,30.64,31.169,30.37,30.91,19089100
2016-07-21,30.8,31.03,29.65,30.01,28090300
2016-07-22,30.24,31.1,30.02,30.74,20725500
2016-07-25,30.97,31.1867,29.77,30.9,27539700
2016-07-26,30.95,31.24,30.3399,31.19,22658400
2016-07-27,31.67,32.22,30.76,31.9,28224100
2016-07-28,31.77,32.71,31.41,32.48,24729100
2016-07-29,32.53,33.9,32.46,33.69,23220700
2016-08-01,33.9,34.67,33.34,34.24,32037000
2016-08-02,33.85,34.03,31.84,32.91,47344500
2016-08-03,32.87,33.75,32.5,33.65,24302600
2016-08-04,34.2,34.9,33.81,34.58,23355500
2016-08-05,35.51,36.28,35.49,35.78,24195100
2016-08-08,36.32,36.67,36.14,36.64,17154700
2016-08-09,37.18,37.97,36.661,37.22,27683200
2016-08-10,37.46,37.55,35.61,36.34,30125900
2016-08-11,36.78,37.27,36.34,36.52,24679700
2016-08-12,36.55,37.17,36.07,36.85,20527100
2016-08-15,37.27,37.66,37.19,37.45,15322600
2016-08-16,36.74,36.76,35.96,36.17,23328700
2016-08-17,36.32,37.27,35.38,37.17,28093300
2016-08-18,36.94,37.78,36.71,37.55,20262100
2016-08-19,37.34,37.77,36.97,37.55,18293500
2016-08-22,37.35,37.63,36.86,37.44,20566900
2016-08-23,37.73,37.955,37.49,37.58,14881400
2016-08-24,37.41,37.47,36.32,36.77,19068700
2016-08-25,36.08,37.14,36.02,36.62,19551200
2016-08-26,37.0,38.01,35.32,36.56,35933500
2016-08-29,36.69,37.532,36.68,37.3,15112100
2016-08-30,37.48,37.76,36.95,37.58,18247300
2016-08-31,37.54,37.67,36.43,37.44,19697100
2016-09-01,37.61,37.75,36.6,37.59,19638400
2016-09-02,38.39,38.99,38.22,38.59,18532200
2016-09-06,39.29,40.01,38.93,39.99,14253000
2016-09-07,39.93,40.59,39.81,40.47,13568400
2016-09-08,40.45,40.58,39.86,40.38,16603300
2016-09-09,38.78,38.95,33.87,33.93,45263200
2016-09-12,33.55,36.56,33.22,36.21,32392000
2016-09-13,34.82,34.9463,30.28,31.57,57107400
2016-09-14,32.12,33.46,31.38,31.78,34141800
2016-09-15,31.8,33.319,31.27,32.82,29616900
2016-09-16,32.32,33.59,31.72,33.4,26876300
2016-09-19,34.52,35.22,33.55,34.26,28146000
2016-09-20,35.02,35.06,33.91,34.44,20949900
2016-09-21,34.93,37.2693,34.47,37.01,37425700
2016-09-22,38.22,38.52,37.73,38.47,21955800
2016-09-23,38.24,38.575,37.9,38.12,18611900
2016-09-26,36.69,36.94,35.63,35.97,23261800
2016-09-27,36.07,38.24,35.7763,37.86,22156500
2016-09-28,38.24,38.49,36.94,38.38,24190100
2016-09-29,38.24,38.82,34.6,36.03,53549100
2016-09-30,37.32,37.997,36.66,37.46,21124000
2016-10-03,37.17,37.856,36.8389,37.82,18652800
2016-10-04,38.05,38.63,36.91,37.8,33424100
2016-10-05,38.35,38.49,38.01,38.19,14064200
2016-10-06,38.02,38.64,37.76,38.5,12847400
2016-10-07,38.69,38.85,37.5944,38.39,20434700
2016-10-10,38.86,39.51,38.72,39.19,10912000
2016-10-11,38.94,38.98,36.47,37.05,31918000
2016-10-12,37.24,37.91,36.59,36.97,21954000
2016-10-13,35.6,36.45,34.63,35.9,37654600
2016-10-14,36.94,37.18,36.03,36.24,23061600
2016-10-17,36.47,36.68,35.93,36.39,15722100
2016-10-18,37.45,37.98,37.18,37.98,15511500
2016-10-19,38.72,39.08,38.211,38.81,14593700
2016-10-20,38.69,39.41,38.3,39.29,19794200
2016-10-21,39.02,40.17,38.84,40.08,15393200
2016-10-24,40.98,41.7,40.98,41.52,10737000
2016-10-25,41.55,41.58,40.56,41.1,15776000
2016-10-26,40.16,40.9956,39.86,40.01,19538500
2016-10-27,40.66,40.72,39.2,39.35,19355700
2016-10-28,39.21,39.68,37.02,37.65,35418000
2016-10-31,37.93,38.01,36.62,36.93,17313800
2016-11-01,36.81,36.83,34.11,35.88,33801700
2016-11-02,35.62,35.81,34.64,35.0,27913300
2016-11-03,35.02,35.2,32.685,33.06,27022100
2016-11-04,33.43,34.3,32.84,33.0,27676300
2016-11-07,35.85,37.25,35.56,37.15,28038000
2016-11-08,36.8,38.4,36.3215,38.135,30010500
2016-11-09,36.1,39.6011,36.0,39.09,53016400
2016-11-10,40.16,40.53,36.55,38.12,54095300
2016-11-11,37.41,39.07,36.94,38.85,23851600
2016-11-14,38.67,39.28,37.65,39.09,21359200
2016-11-15,39.5,40.77,39.03,40.77,18081800
2016-11-16,39.9,40.93,39.86,40.45,16807900
2016-11-17,40.57,41.7,40.4,41.7,14685800
2016-11-18,41.72,42.1499,41.16,41.84,16277900
2016-11-21,42.35,43.82,42.34,43.74,12755700
2016-11-22,43.81,43.97,42.56,43.44,14784200
2016-11-23,43.09,43.5989,42.72,43.4,13195700
2016-11-25,43.54,43.7262,43.11,43.65,5253300
2016-11-28,43.19,43.69,42.58,43.31,13650800
2016-11-29,43.28,44.21,42.87,43.65,11000200
2016-11-30,44.24,44.35,43.36,43.52,16232500
2016-12-01,43.65,43.81,41.1,41.9,24936100
2016-12-02,41.69,43.07,41.45,41.85,18576000
2016-12-05,43.33,44.81,43.14,44.73,18817600
2016-12-06,45.41,46.33,45.08,46.06,15154900
2016-12-07,46.29,47.2,45.66,45.95,17443900
2016-12-08,45.89,46.13,44.25,45.7,22669700
2016-12-09,45.41,46.5,45.38,46.38,11621600
2016-12-12,46.32,46.4,45.47,45.88,11964400
2016-12-13,46.1,46.2,44.74,45.44,15154900
2016-12-14,45.25,47.05,45.12,45.66,24407200
2016-12-15,46.41,46.72,45.7,46.28,14481400
2016-12-16,46.93,47.24,46.26,46.97,12359600
2016-12-19,47.45,48.67,47.43,48.55,10289300
2016-12-20,48.99,49.79,48.91,49.53,9449800
2016-12-21,49.82,50.44,49.67,50.34,9210100
2016-12-22,50.32,50.55,49.1711,49.44,10871400
2016-12-23,49.25,49.72,48.99,49.59,6944000
2016-12-27,49.69,50.55,49.65,50.43,5551700
2016-12-28,50.58,50.73,48.47,48.51,14558800
2016-12-29,48.44,48.86,47.18,47.77,11708400
2016-12-30,48.365,48.4,46.36,46.75,13568000
2017-01-03,48.8,50.3,48.47,50.29,15710400
2017-01-04,50.77,53.34,50.73,52.86,12539700
2017-01-05,52.37,53.06,51.4,52.99,12979100
2017-01-06,53.54,54.82,53.09,53.67,14098700
2017-01-09,53.41,54.65,52.95,53.75,12143700
2017-01-10,54.39,54.84,53.43,54.17,11989900
2017-01-11,54.09,55.51,53.09,55.34,16436000
2017-01-12,54.87,55.4399,52.53,55.37,22002600
2017-01-13,55.61,56.0,54.63,55.28,14176200
2017-01-17,54.45,55.68,54.28,55.41,13363900
2017-01-18,55.79,56.49,55.36,55.55,12136700
2017-01-19,55.99,56.18,54.55,55.1,13470200
2017-01-20,55.64,57.27,55.43,57.25,14406700
2017-01-23,57.17,57.78,56.13,57.72,15888400
2017-01-24,58.45,60.76,58.39,60.45,12523700
2017-01-25,61.38,62.1775,61.0935,61.92,11470300
2017-01-26,61.7,62.26,60.9201,61.52,13911200
2017-01-27,61.78,62.5,61.24,62.33,9354900
2017-01-30,60.97,61.02,57.82,60.39,25310400
2017-01-31,60.0,60.9,58.8799,60.75,22147300
2017-02-01,61.99,62.56,61.06,61.93,17823300
2017-02-02,61.34,61.98,60.78,61.26,14858400
2017-02-03,62.61,63.26,62.21,62.69,9753600
2017-02-06,61.91,62.97,61.75,62.55,11731100
2017-02-07,62.75,62.9,62.03,62.1,10216100
2017-02-08,61.94,62.82,61.18,62.35,13509800
2017-02-09,62.65,64.29,62.6,63.76,9972900
2017-02-10,64.36,65.18,64.24,64.64,8937400
2017-02-13,65.81,67.02,65.63,66.7,10426300
2017-02-14,66.83,69.81,66.74,69.81,12051000
2017-02-15,69.51,69.98,66.99,67.16,17999500
2017-02-16,67.21,67.36,63.4,66.65,24117400
2017-02-17,65.26,66.95,64.74,66.54,12405000
2017-02-21,67.52,67.78,65.66,65.86,11526700
2017-02-22,65.33,66.37,64.42,65.72,10856300
2017-02-23,65.46,65.65,62.87,63.89,15831400
2017-02-24,61.51,64.82,61.23,64.52,13945800
2017-02-27,64.66,66.36,64.1,65.02,12599200
2017-02-28,64.61,65.07,63.0,63.3,11043600
2017-03-01,66.11,66.52,64.59,64.66,12324200
2017-03-02,64.65,65.91,63.9,64.69,13800900
2017-03-03,65.43,66.8,65.43,66.42,8518800
2017-03-06,66.65,68.04,66.36,67.7,9595800
2017-03-07,67.72,68.9,67.0,67.71,8554300
2017-03-08,68.41,69.08,66.98,67.21,8326300
2017-03-09,67.61,68.42,66.44,67.55,9638200
2017-03-10,68.2,68.65,67.28,68.42,9384600
2017-03-13,68.79,70.02,68.47,69.99,6185100
2017-03-14,69.62,70.22,68.14,68.56,10362000
2017-03-15,69.47,71.74,69.26,71.25,9286900
2017-03-16,71.68,72.84,71.48,72.65,9938000
2017-03-17,73.23,74.62,73.07,73.58,8106500
2017-03-20,73.61,74.46,73.37,73.4,6825600
2017-03-21,74.82,75.41,69.97,70.65,25174400
2017-03-22,69.98,71.36,69.02,70.27,11590100
2017-03-23,69.62,71.16,67.53,67.76,11692700
2017-03-24,68.9,70.35,66.16,69.16,16824400
2017-03-27,66.43,71.16,65.96,70.59,14948300
2017-03-28,71.22,74.5,71.16,74.4,10523100
2017-03-29,74.72,75.48,74.12,74.76,8603100
2017-03-30,74.59,75.04,73.68,74.49,7753300
2017-03-31,74.3,74.86,72.92,73.03,8382000
2017-04-03,73.03,73.42,70.0,72.62,14250000
2017-04-04,71.68,73.89,71.33,73.54,8120300
2017-04-05,74.38,75.22,70.85,71.09,14993100
2017-04-06,71.84,73.85,71.35,72.3,14754200
2017-04-07,71.36,72.15,69.5,69.67,18773100
2017-04-10,69.51,70.41,67.21,67.26,23702900
2017-04-11,65.54,66.04,63.5,64.05,22357900
2017-04-12,64.24,65.13,63.28,64.02,18539300
2017-04-13,63.77,64.97,62.28,62.76,17383700
2017-04-17,63.77,65.84,63.7,65.84,11362800
2017-04-18,64.99,66.4,63.72,66.29,18535900
2017-04-19,67.41,67.8,64.23,64.7,16469600
2017-04-20,65.64,66.94,64.61,66.39,16043900
2017-04-21,65.98,66.31,64.75,66.26,12200500
2017-04-24,71.54,73.5,70.64,73.26,15537800
2017-04-25,74.42,75.17,74.0,75.03,10936900
2017-04-26,74.83,75.11,73.11,74.36,10901200
2017-04-27,75.07,75.25,74.13,75.09,9466900
2017-04-28,74.9,75.15,74.16,75.09,9753600
2017-05-01,75.84,78.62,75.7,78.04,9852200
2017-05-02,78.12,78.22,76.98,77.71,10939500
2017-05-03,76.79,77.48,75.77,76.19,12301100
2017-05-04,77.38,78.3,75.46,78.11,14147600
2017-05-05,78.25,78.69,77.32,77.63,9167800
2017-05-08,78.85,80.19,78.74,79.49,7204700
2017-05-09,80.87,81.01,79.31,79.86,10771400
2017-05-10,79.43,80.24,79.41,79.6,7493800
2017-05-11,78.58,79.86,76.77,79.82,13762300
2017-05-12,79.31,79.86,79.04,79.85,5988200
2017-05-15,80.64,81.85,80.42,81.51,5352970
2017-05-16,82.41,82.84,81.51,82.4,8628400
2017-05-17,77.25,78.53,67.48,67.71,30844793
2017-05-18,68.1,71.3,67.64,69.24,29978695
2017-05-19,71.47,75.2,71.42,73.67,18586421
2017-05-22,75.67,77.28,75.6,76.9,13911500
2017-05-23,77.44,77.66,76.3,77.0,13033120
2017-05-24,77.24,79.34,76.31,78.95,11317445
2017-05-25,79.08,79.44,77.48,78.16,13273872
2017-05-26,77.79,79.72,77.76,79.54,8160115
2017-05-30,78.53,80.25,78.34,80.0,9599383
2017-05-31,80.48,80.69,77.5,79.31,17872988
2017-06-01,80.4,81.33,80.13,81.33,8741132
2017-06-02,80.86,81.87,80.58,81.05,8758204
2017-06-05,80.61,82.35,80.61,80.7,7092116
2017-06-06,79.84,80.42,78.42,78.94,13053044
2017-06-07,79.75,80.17,77.7,79.74,10396283
2017-06-08,79.86,82.05,79.77,81.52,10954196
2017-06-09,82.34,83.19,76.79,80.36,19822974
2017-06-12,79.43,79.83,77.35,79.44,17208857
2017-06-13,81.19,82.47,80.85,82.25,11846414
2017-06-14,82.34,82.97,80.96,82.61,18203660
2017-06-15,79.45,82.39,79.18,81.63,13821996
2017-06-16,82.32,82.51,80.84,82.43,9390065
2017-06-19,83.85,85.34,83.7,84.89,9599744
2017-06-20,84.15,84.34,82.43,82.71,16155805
2017-06-21,84.21,84.7,82.72,83.46,13649643
2017-06-22,83.69,84.76,83.11,84.31,8391814
2017-06-23,84.38,85.31,83.78,85.2,6714892
2017-06-26,86.25,87.13,85.51,87.03,9952121
2017-06-27,86.52,87.54,83.94,84.09,17520603
2017-06-28,85.6,86.92,84.65,86.47,9805131
2017-06-29,86.27,86.55,73.69,82.17,41423757
2017-06-30,84.4,85.13,80.66,83.46,14937374
2017-07-03,84.87,85.28,82.23,82.3,7611322
2017-07-05,82.88,83.45,80.07,82.4,13758921
2017-07-06,80.91,81.3,77.52,78.29,22317816
2017-07-07,79.8,81.08,79.09,80.91,11700849
2017-07-10,81.07,83.6,80.95,82.9,10359482
2017-07-11,82.74,83.73,79.37,83.33,17800018
2017-07-12,84.72,85.96,84.63,85.62,9526992
2017-07-13,85.79,86.85,85.66,86.56,8469557
2017-07-14,86.73,88.77,86.53,88.19,7150203
2017-07-17,89.85,90.74,89.56,90.52,8285111
2017-07-18,89.54,91.6729,88.65,91.54,9466535
2017-07-19,92.6,93.57,92.3,92.62,9442725
2017-07-20,93.39,93.57,91.66,93.47,7576327
2017-07-21,93.02,94.36,92.51,94.25,7113846
2017-07-24,94.68,96.35,94.53,95.94,7328506
2017-07-25,96.3,96.55,95.2,95.54,6621103
2017-07-26,96.26,96.91,95.19,95.38,5067957
2017-07-27,96.24,96.27,89.27,94.74,18349170
2017-07-28,92.72,94.02,91.32,93.62,8805247
2017-07-31,95.07,95.25,93.31,94.37,8904829
2017-08-01,95.67,96.09,94.84,95.59,6665764
2017-08-02,96.08,96.19,93.27,95.09,10465840
2017-08-03,95.01,95.07,93.57,93.82,8647477
2017-08-04,94.49,95.55,93.94,94.29,9883328
2017-08-07,94.5,95.43,94.19,95.35,3838342
2017-08-08,95.31,96.72,91.41,92.75,14287286
2017-08-09,90.31,92.24,87.64,90.34,19205470
2017-08-10,87.99,87.99,77.8,78.18,39587209
2017-08-11,76.67,78.63,72.64,74.58,19185633
2017-08-14,80.26,84.22,80.21,84.0,14806436
2017-08-15,86.31,86.4,83.03,84.56,11466500
2017-08-16,84.65,85.74,83.95,84.96,13934284
2017-08-17,82.85,83.98,71.21,71.5,41176146
2017-08-18,74.01,77.78,71.53,73.89,25244837
2017-08-21,74.53,77.39,73.31,77.1,14605233
2017-08-22,79.38,82.71,79.18,82.37,11170571
2017-08-23,79.0,82.29,78.0,81.69,17922012
2017-08-24,82.01,82.54,77.84,79.04,18763650
2017-08-25,80.76,81.76,79.77,81.32,9528339
2017-08-28,82.51,82.58,80.6,82.02,8651290
2017-08-29,76.37,81.57,76.14,81.29,16239304
2017-08-30,81.52,82.3,80.84,81.65,10458706
2017-08-31,82.08,84.0301,81.87,83.68,8273589
2017-09-01,84.6,84.78,83.72,83.72,6691888
2017-09-05,81.12,82.71,76.12,79.59,22425249
2017-09-06,81.4,81.79,79.47,81.45,9482085
2017-09-07,81.58,82.4,80.27,81.79,9287968
2017-09-08,80.79,81.19,79.33,79.7,7839352
2017-09-11,82.83,85.04,82.74,84.31,7577748
2017-09-12,85.34,86.48,84.89,86.48,6473905
2017-09-13,86.48,89.49,86.46,89.31,6187141
2017-09-14,88.39,89.52,87.9,87.92,7971220
2017-09-15,88.5,89.88,88.4,89.61,4907592
2017-09-18,90.84,94.22,90.84,93.39,6174572
2017-09-19,93.68,93.83,92.32,93.59,4964303
2017-09-20,93.29,94.08,89.98,93.36,8866640
2017-09-21,93.72,93.99,92.34,93.37,4901065
2017-09-22,91.93,93.45,91.18,92.83,5170095
2017-09-25,92.78,93.86,90.04,92.69,11261746
2017-09-26,93.35,94.28,92.38,93.8,6693269
2017-09-27,94.87,95.3,93.6,94.39,7636310
2017-09-28,94.25,95.85,94.0,95.77,5585913
2017-09-29,95.95,97.84,95.25,97.54,5538748
