2008-12-09,27.53,27.81,27.53,27.79,4050
2008-12-10,27.71,27.71,27.32,27.4901,18040
2008-12-11,28.3,28.3,27.85,28.04,6500
2008-12-12,29.02,29.02,28.2601,28.55,6070
2008-12-15,28.85,28.85,28.49,28.49,12449
2008-12-16,29.0,30.0,29.0,29.98,39753
2008-12-17,30.65,31.02,30.34,30.91,25874
2008-12-18,30.28,30.28,29.03,29.5886,11460
2008-12-19,29.34,29.7099,29.25,29.7099,4605
2008-12-22,29.22,29.3,28.92,29.01,15566
2008-12-23,28.82,28.88,28.5,28.5599,9568
2008-12-24,28.8,28.8,28.671,28.671,1190
2008-12-26,28.61,28.73,28.6,28.603,2600
2008-12-29,29.2,29.25,28.802,28.8799,7337
2008-12-30,28.922,28.9299,28.8001,28.9299,2849
2008-12-31,28.88,28.88,28.3701,28.664,4191
2009-01-02,28.62,28.62,27.49,27.662,15957
2009-01-05,27.2,27.2301,26.82,26.88,24041
2009-01-06,26.22,26.702,26.17,26.62,5100
2009-01-07,27.0,27.44,27.0,27.35,13469
2009-01-08,28.0,28.29,28.0,28.13,3710
2009-01-09,28.36,28.82,28.33,28.82,9940
2009-01-12,29.17,29.64,29.17,29.53,19885
2009-01-13,29.35,29.57,28.98,29.5056,49650
2009-01-14,29.51,29.8155,29.42,29.51,10405
2009-01-15,29.432,29.574,29.12,29.12,4460
2009-01-16,28.587,28.9,28.38,28.44,8357
2009-01-20,28.8,29.21,28.8,29.17,20350
2009-01-21,28.96,30.74,28.86,29.15,50372
2009-01-22,30.21,30.21,29.32,29.64,18164
2009-01-23,29.7,29.7,29.26,29.6,17296
2009-01-26,29.59,29.6,29.16,29.58,17165
2009-01-27,29.66,29.76,29.45,29.5301,12980
2009-01-28,29.16,29.16,28.6728,28.6728,10800
2009-01-29,27.73,29.935,27.73,28.87,19570
2009-01-30,29.0299,29.0299,28.84,28.92,26037
2009-02-02,29.36,29.36,28.97,29.1212,1842
2009-02-03,29.31,29.7,29.17,29.17,9250
2009-02-04,29.2664,29.2664,29.01,29.1644,2983
2009-02-05,28.886400000000002,28.886400000000002,27.68,28.08,26659
2009-02-06,27.7101,27.8364,27.4153,27.51,8018
2009-02-09,27.69,27.96,27.69,27.96,9246
2009-02-10,28.12,28.7,28.02,28.63,51493
2009-02-11,28.5964,28.63,28.46,28.63,8403
2009-02-12,28.56,28.63,28.33,28.4,10250
2009-02-13,27.79,27.79,27.52,27.5899,8055
2009-02-17,27.6,27.6,27.18,27.25,8001
2009-02-18,26.78,26.78,26.4072,26.5047,3343
2009-02-19,26.17,26.3,26.08,26.22,12502
2009-02-20,26.16,27.04,26.16,26.83,17114
2009-02-23,25.82,26.1678,25.82,25.98,12294
2009-02-24,25.02,25.02,24.72,24.8,7353
2009-02-25,24.64,24.78,24.29,24.37,9032
2009-02-26,24.18,24.18,23.83,24.0048,14681
2009-02-27,24.42,24.45,24.18,24.4299,10785
2009-03-02,24.38,24.5799,24.3401,24.4,8963
2009-03-03,24.12,24.12,23.89,23.99,11667
2009-03-04,23.535,23.63,23.4571,23.6,7200
2009-03-05,23.8799,24.3,23.8799,24.2064,2525
2009-03-06,24.31,24.3101,24.1,24.1,14135
2009-03-09,23.6001,23.7892,23.6001,23.73,4075
2009-03-10,23.93,24.1,23.8,23.89,4050
2009-03-11,24.12,24.63,24.11,24.63,44190
2009-03-12,24.46,24.46,23.97,24.3,8017
2009-03-13,24.0552,24.09,24.03,24.09,2100
2009-03-16,23.93,24.13,23.93,24.13,1550
2009-03-17,23.6901,23.9,23.6901,23.9,2609
2009-03-18,24.1645,25.17,24.11,25.17,12253
2009-03-19,25.96,26.3268,25.8,26.02,13906
2009-03-20,25.34,25.57,25.1099,25.13,23285
2009-03-23,24.73,24.7301,24.5,24.58,5148
2009-03-24,24.05,24.26,23.98,24.1901,6950
2009-03-25,24.31,24.5661,24.31,24.5,2404
2009-03-26,23.95,23.95,23.73,23.75,1730
2009-03-27,24.1001,24.2399,24.1001,24.2399,200
2009-03-30,24.6401,24.65,24.37,24.57,4065
2009-03-31,24.0,24.0,23.52,23.61,7046
2009-04-01,23.6699,23.843,23.661,23.7811,1800
2009-04-02,23.67,23.67,23.31,23.46,3550
2009-04-03,23.17,23.28,23.01,23.0353,3994
2009-04-06,22.85,22.873,22.6565,22.7499,1033
2009-04-07,23.0035,23.0035,23.0035,23.0035,480
2009-04-08,23.08,23.362,23.08,23.36,2700
2009-04-09,23.06,23.08,22.95,22.95,4150
2009-04-13,23.07,23.14,23.05,23.14,1879
2009-04-14,23.51,23.75,23.51,23.73,1916
2009-04-15,23.5,23.55,23.3999,23.53,3900
2009-04-16,23.567,23.6,23.49,23.49,1209
2009-04-17,23.4865,23.6165,23.3965,23.44,2939
2009-04-20,23.99,24.22,23.9655,24.15,22941
2009-04-21,24.19,24.19,23.67,23.67,8898
2009-04-22,24.02,24.1,24.0181,24.04,4582
2009-04-23,23.9729,24.14,23.96,24.08,2951
2009-04-24,24.45,24.6,24.36,24.48,4591
2009-04-27,24.79,24.7999,24.6326,24.6501,8126
2009-04-28,24.9599,24.96,24.82,24.91,19414
2009-04-29,24.65,24.69,24.25,24.3,13349
2009-04-30,23.89,23.9699,23.5801,23.78,21774
2009-05-01,23.41,23.53,23.36,23.41,10094
2009-05-04,23.32,23.64,23.32,23.64,9512
2009-05-05,23.65,23.7,23.61,23.62,5535
2009-05-06,23.6312,23.8901,23.63,23.89,9066
2009-05-07,23.45,23.59,23.45,23.57,6559
2009-05-08,23.62,23.87,23.6101,23.83,10792
2009-05-11,24.28,24.4,24.23,24.3,59245
2009-05-12,24.6699,24.98,24.64,24.82,16398
2009-05-13,24.99,25.44,24.9615,25.44,10366
2009-05-14,25.28,25.31,25.15,25.19,16636
2009-05-15,25.25,25.6703,25.25,25.46,27610
2009-05-18,25.23,25.23,24.82,24.85,40330
2009-05-19,24.957,24.99,24.8896,24.9426,2757
2009-05-20,25.24,25.7,25.24,25.68,14762
2009-05-21,25.77,26.08,25.55,25.9101,24990
2009-05-22,26.01,26.01,25.6501,25.66,14155
2009-05-26,25.69,25.69,25.5301,25.56,13218
2009-05-27,25.56,25.57,25.39,25.45,1400
2009-05-28,24.56,24.672,24.5,24.509900000000002,17623
2009-05-29,25.1,25.47,25.0888,25.353,6856
2009-06-01,25.22,25.22,24.6296,24.69,17591
2009-06-02,25.1,25.24,25.0832,25.24,2910
2009-06-03,25.01,25.07,25.01,25.03,500
2009-06-04,24.78,24.8401,24.6,24.61,13700
2009-06-05,24.0,24.15,23.5301,23.59,13557
2009-06-08,23.7199,23.75,23.6616,23.742,3758
2009-06-09,24.08,24.3,24.08,24.24,5917
2009-06-10,24.01,24.01,23.7901,23.8584,14574
2009-06-11,23.87,24.28,23.87,24.1768,10520
2009-06-12,23.93,23.93,23.8,23.8,3778
2009-06-15,23.89,24.12,23.89,24.12,15444
2009-06-16,26.38,26.38,24.52,24.69,23447
2009-06-17,25.0,25.142,25.0,25.14,4543
2009-06-18,24.94,25.07,24.61,24.67,37734
2009-06-19,24.56,24.95,24.56,24.88,39920
2009-06-22,25.05,25.1,24.89,24.96,26926
2009-06-23,25.14,25.4501,25.14,25.35,62728
2009-06-24,25.23,25.27,24.29,25.17,13236
2009-06-25,24.86,25.0599,24.74,24.94,21201
2009-06-26,25.21,25.31,25.21,25.31,25255
2009-06-29,25.21,25.21,24.83,24.9,16610
2009-06-30,24.71,24.73,24.68,24.698,7773
2009-07-01,24.5,24.662,24.5,24.5668,400
2009-07-02,24.83,24.95,24.78,24.95,13815
2009-07-06,25.49,25.54,25.2,25.2,3101
2009-07-07,25.29,25.55,25.28,25.4701,17392
2009-07-08,25.7578,27.05,25.7578,26.64,34189
2009-07-09,26.53,26.64,26.52,26.55,8774
2009-07-10,26.8,27.054,26.74,26.8,18060
2009-07-13,28.09,28.09,26.5,26.57,13612
2009-07-14,26.48,26.56,26.3,26.31,8107
2009-07-15,26.1501,26.18,25.67,25.77,4393
2009-07-16,26.21,26.22,26.02,26.02,2880
2009-07-17,25.86,25.94,25.75,25.76,4725
2009-07-20,25.66,25.8399,25.5945,25.82,8508
2009-07-21,25.81,25.95,25.81,25.9499,1027
2009-07-22,26.32,26.32,26.0801,26.0801,810
2009-07-23,25.68,25.6875,25.25,25.37,14097
2009-07-24,25.35,25.56,25.35,25.5001,10293
2009-07-27,25.25,25.2999,25.1625,25.24,3800
2009-07-28,25.59,25.85,25.48,25.58,1900
2009-07-29,25.38,25.4399,25.28,25.4399,969
2009-07-30,25.02,25.14,24.9888,25.14,9227
2009-07-31,25.53,25.54,25.49,25.54,800
2009-08-03,25.4,25.4,25.1132,25.1132,2809
2009-08-04,25.43,25.5199,25.1015,25.18,6295
2009-08-05,25.12,25.45,25.12,25.3604,4745
2009-08-06,25.0401,25.0518,25.04,25.0508,1419
2009-08-07,24.45,24.45,23.91,24.07,11542
2009-08-10,24.17,24.3101,24.06,24.25,6283
2009-08-11,24.58,24.85,24.58,24.82,3930
2009-08-12,24.77,24.84,23.51,24.74,8495
2009-08-13,25.11,25.24,25.1,25.1601,19433
2009-08-14,25.37,25.586,25.37,25.3801,7498
2009-08-17,25.66,25.75,25.6,25.64,16555
2009-08-18,25.49,25.52,25.42,25.45,12309
2009-08-19,25.86,26.0,25.7711,25.9425,21876
2009-08-20,25.86,25.86,25.7,25.73,21051
2009-08-21,26.12,26.12,25.53,25.71,3090
2009-08-24,25.38,25.5943,25.38,25.5943,2057
2009-08-25,25.61,25.83,25.56,25.78,4375
2009-08-26,25.58,25.78,25.56,25.78,8445
2009-08-27,25.95,26.17,25.94,26.1,18133
2009-08-28,26.1,26.15,26.1,26.1,14670
2009-08-31,26.58,26.59,26.36,26.37,3484
2009-09-01,26.3581,26.42,26.26,26.42,5567
2009-09-02,26.76,26.9,26.72,26.87,12524
2009-09-03,26.65,26.68,26.55,26.58,13900
2009-09-04,26.46,26.478,26.4,26.41,3344
2009-09-08,26.66,26.9,26.66,26.81,17094
2009-09-09,26.9,27.19,26.8715,26.95,11691
2009-09-10,27.06,27.18,27.01,27.14,5936
2009-09-11,27.75,28.0,27.75,27.76,7200
2009-09-14,27.62,27.7235,27.62,27.65,1803
2009-09-15,27.42,27.64,27.42,27.59,7043
2009-09-16,27.84,27.84,27.25,27.64,61288
2009-09-17,27.3,27.49,27.3,27.47,6800
2009-09-18,27.4,27.4,27.2,27.33,2711
2009-09-21,26.68,26.93,26.67,26.93,7155
2009-09-22,27.46,27.46,27.38,27.4,19600
2009-09-23,27.3,27.52,27.27,27.37,800
2009-09-24,27.63,27.63,27.3,27.44,11000
2009-09-25,27.93,28.4,27.88,28.17,14756
2009-09-28,28.52,28.6199,28.29,28.4,7703
2009-09-29,27.98,28.0499,27.95,28.02,2982
2009-09-30,28.2,28.48,28.2,28.23,15004
2009-10-01,28.309,28.309,28.309,28.309,268
2009-10-02,28.7,28.7,28.2801,28.35,6289
2009-10-05,28.24,28.4499,27.51,28.38,6490
2009-10-06,28.86,28.95,28.81,28.81,2850
2009-10-07,28.68,28.68,28.61,28.66,705
2009-10-08,29.07,29.2,29.07,29.14,23696
2009-10-09,28.54,28.54,28.25,28.33,23988
2009-10-12,28.29,28.4,28.2399,28.2752,12600
2009-10-13,28.28,28.45,28.28,28.3599,3200
2009-10-14,28.7,28.71,28.5,28.51,5374
2009-10-15,27.8,28.01,27.6297,27.84,16789
2009-10-16,27.5,27.65,27.47,27.65,6885
2009-10-19,27.67,27.82,27.67,27.81,4656
2009-10-20,27.87,27.87,27.58,27.71,3174
2009-10-21,27.49,27.54,27.328,27.5232,2325
2009-10-22,27.15,27.36,27.15,27.36,4800
2009-10-23,27.03,27.03,26.66,26.89,23184
2009-10-26,26.86,26.94,26.74,26.74,17250
2009-10-27,26.67,26.9328,26.67,26.9,2998
2009-10-28,27.4,27.63,27.4,27.57,2870
2009-10-29,27.44,27.44,27.21,27.22,1475
2009-10-30,27.44,28.1099,27.42,28.01,7067
2009-11-02,28.01,28.01,27.6901,27.89,2500
2009-11-03,27.9,27.9,27.81,27.84,9300
2009-11-04,27.6,27.75,27.58,27.75,1375
2009-11-05,27.7081,27.7081,27.6865,27.6865,212
2009-11-06,28.16,28.2099,28.04,28.04,2990
2009-11-09,28.17,28.2,28.14,28.14,2400
2009-11-10,28.26,28.61,28.2,28.3,13446
2009-11-11,28.1201,28.1201,28.11,28.11,200
2009-11-12,27.8,27.84,27.8,27.83,600
2009-11-13,28.2715,28.42,28.25,28.25,820
2009-11-16,28.397,28.7615,28.31,28.58,9840
2009-11-17,28.56,28.56,28.4401,28.46,1700
2009-11-18,28.48,28.51,28.48,28.51,223
2009-11-19,28.74,28.74,28.74,28.74,200
2009-11-20,28.62,28.67,28.62,28.65,1100
2009-11-23,28.76,28.76,28.66,28.74,800
2009-11-24,29.0201,29.04,28.95,29.04,1144
2009-11-25,29.7,29.84,29.5735,29.84,3844
2009-11-27,33.94,33.94,30.0,30.16,25903
2009-11-30,30.42,30.7,30.25,30.67,1250
2009-12-01,30.21,30.2801,30.17,30.2,6780
2009-12-02,29.856,29.8928,29.7,29.7,3045
2009-12-03,29.117,29.25,29.04,29.25,2219
2009-12-04,28.24,28.24,27.7,27.7,2475
2009-12-07,28.16,28.4199,28.05,28.27,4804
2009-12-08,29.17,29.17,29.0001,29.0001,1758
2009-12-09,29.47,29.51,29.41,29.45,1600
2009-12-10,29.16,29.16,29.0301,29.15,700
2009-12-11,28.329,28.67,28.18,28.67,2161
2009-12-14,28.93,29.009,28.8101,28.8101,1974
2009-12-15,28.37,28.37,28.064,28.22,900
2009-12-16,28.23,28.25,28.23,28.25,300
2009-12-17,27.9645,28.031,27.82,28.031,1644
2009-12-18,27.5,27.75,27.44,27.75,2037
2009-12-21,27.5232,27.5232,27.21,27.32,22902
2009-12-22,27.13,27.13,26.84,26.91,14870
2009-12-23,27.0,27.02,27.0,27.02,1000
2009-12-24,27.0,27.04,26.91,27.04,2700
2009-12-28,26.94,27.28,26.94,27.0799,5060
2009-12-29,26.7601,26.8199,26.7601,26.8199,513
2009-12-30,26.62,26.62,26.41,26.58,1526
2009-12-31,26.58,26.58,26.58,26.58,0
2010-01-04,26.497,26.497,26.39,26.39,560
2010-01-05,26.93,27.0793,26.9,26.97,10370
2010-01-06,26.5185,26.59,26.45,26.56,13350
2010-01-07,26.21,26.21,25.97,26.02,17870
2010-01-08,26.4,26.41,26.22,26.38,2125
2010-01-11,26.7,26.7899,26.68,26.68,1000
2010-01-12,27.2,27.43,27.2,27.36,4606
2010-01-13,27.06,27.1905,27.03,27.04,12798
2010-01-14,27.1,27.36,27.1,27.24,9304
2010-01-15,27.37,27.47,27.3589,27.4,5500
2010-01-19,27.2893,27.2893,27.2201,27.28,400
2010-01-20,27.19,27.2,27.1656,27.1656,500
2010-01-21,26.82,27.74,26.82,27.64,2802
2010-01-22,27.89,27.99,27.89,27.99,900
2010-01-25,27.87,27.87,27.79,27.81,1130
2010-01-26,28.12,28.28,28.12,28.13,3645
2010-01-27,28.33,28.3601,28.26,28.26,555
2010-01-28,27.85,28.03,27.78,28.03,4141
2010-01-29,27.46,27.79,27.18,27.73,9724
2010-02-01,27.71,27.81,27.452,27.452,5987
2010-02-02,27.65,27.6671,27.65,27.6671,1200
2010-02-03,27.4,27.4,27.31,27.31,3720
2010-02-04,27.52,28.8,27.52,28.53,3279
2010-02-05,28.25,28.53,28.25,28.37,4179
2010-02-08,28.36,28.36,28.29,28.3,5865
2010-02-09,28.15,28.2,28.15,28.16,7311
2010-02-10,28.09,28.09,27.88,27.88,24800
2010-02-11,28.05,28.08,27.9911,27.9911,1800
2010-02-12,27.98,27.98,27.8952,27.9132,600
2010-02-16,27.78,27.78,27.65,27.65,9200
2010-02-17,27.22,27.33,27.1201,27.1201,1200
2010-02-18,27.43,27.4996,26.99,27.14,1952
2010-02-19,26.87,26.87,26.6701,26.8201,4350
2010-02-22,27.09,27.25,27.09,27.15,1036
2010-02-23,27.36,27.9,27.36,27.73,4250
2010-02-24,27.8,27.8299,27.8,27.8299,741
2010-02-25,28.53,28.66,28.45,28.4999,3040
2010-02-26,28.48,28.556,28.48,28.556,1500
2010-03-01,28.39,28.39,28.2,28.3896,666
2010-03-02,28.48,28.64,28.43,28.64,5359
2010-03-03,28.76,28.96,28.7,28.9,4700
2010-03-04,28.44,28.49,28.4301,28.4301,4100
2010-03-05,27.8,27.8,27.5833,27.6201,3060
2010-03-08,27.63,27.73,27.63,27.72,1384
2010-03-09,28.02,28.02,27.87,27.92,4842
2010-03-10,27.42,27.56,27.38,27.56,1253
2010-03-11,27.56,27.57,27.56,27.57,5300
2010-03-12,27.34,27.66,27.34,27.54,17954
2010-03-15,27.41,27.55,27.39,27.5101,7000
2010-03-16,27.58,27.7005,27.56,27.7005,2174
2010-03-17,27.7005,27.7005,27.7005,27.7005,0
2010-03-18,27.72,27.73,27.7,27.7,1000
2010-03-19,27.5,27.57,27.5,27.57,10100
2010-03-22,27.73,27.73,27.73,27.73,100
2010-03-23,27.59,27.7,27.56,27.62,4546
2010-03-24,26.65,26.83,26.56,26.57,10620
2010-03-25,26.26,26.36,26.19,26.25,3638
2010-03-26,26.25,26.35,26.25,26.32,5200
2010-03-29,26.3,26.3643,26.2838,26.3643,900
2010-03-30,26.22,26.39,26.09,26.17,4068
2010-03-31,26.0686,26.0686,25.79,25.81,13573
2010-04-01,25.66,25.66,25.49,25.61,13596
2010-04-05,25.34,25.44,25.25,25.35,5314
2010-04-06,25.58,25.62,25.58,25.62,400
2010-04-07,25.65,25.9599,25.61,25.92,14306
2010-04-08,25.85,25.85,25.85,25.85,100
2010-04-09,25.7,25.93,25.7,25.93,2257
2010-04-12,25.9,25.9,25.9,25.9,200
2010-04-13,26.22,26.23,25.85,25.9686,2164
2010-04-14,25.74,26.05,25.74,25.92,2420
2010-04-15,25.8,26.07,25.8,26.0,500
2010-04-16,26.24,26.65,26.24,26.53,11109
2010-04-19,26.39,26.4,26.34,26.4,6351
2010-04-20,26.0,26.0,25.83,25.99,4706
2010-04-21,25.88,26.0199,25.88,25.91,2000
2010-04-22,26.1,26.1,25.73,25.73,1000
2010-04-23,25.45,25.53,25.3299,25.48,18400
2010-04-26,25.44,25.48,25.389,25.48,4320
2010-04-27,25.75,26.03,25.75,25.93,7210
2010-04-28,25.48,25.509,25.2,25.43,7152
2010-04-29,25.342,25.42,25.3201,25.41,3357
2010-04-30,25.49,25.52,25.47,25.47,1400
2010-05-03,25.21,25.21,25.1,25.17,2340
2010-05-04,25.26,25.26,25.2,25.2,1390
2010-05-05,25.43,25.7099,25.27,25.61,10670
2010-05-06,25.7,30.062,25.7,27.7,37950
2010-05-07,26.68,27.2099,26.47,26.83,10790
2010-05-10,25.88,25.9,25.71,25.84,18005
2010-05-11,26.15,26.15,26.04,26.04,1700
2010-05-12,25.87,25.87,25.87,25.87,500
2010-05-13,26.08,26.167,26.06,26.094,1100
2010-05-14,26.24,26.59,26.22,26.32,20921
2010-05-17,26.4099,26.4654,26.205,26.23,3851
2010-05-18,26.28,26.28,26.26,26.26,1600
2010-05-19,26.69,27.07,26.5875,26.73,5436
2010-05-20,27.48,28.14,27.4,27.869,33523
2010-05-21,28.16,28.16,27.411,27.69,22235
2010-05-24,27.5199,27.5199,27.34,27.45,2861
2010-05-25,27.82,27.89,27.54,27.59,6890
2010-05-26,27.55,27.689,27.1,27.689,6280
2010-05-27,27.37,27.37,27.13,27.13,2440
2010-05-28,27.0442,27.1845,26.98,27.15,1380
2010-06-01,26.98,27.06,26.84,27.0,16900
2010-06-02,26.44,26.447,26.32,26.42,6813
2010-06-03,26.22,26.22,26.0,26.09,13461
2010-06-04,26.4,26.68,26.37,26.61,2620
2010-06-07,26.5,26.69,26.45,26.69,600
2010-06-08,26.8475,27.0,26.77,26.77,3060
2010-06-09,26.72,26.9899,26.7056,26.95,1573
2010-06-10,26.84,26.89,26.84,26.89,540
2010-06-11,26.83,26.83,26.65,26.65,748
2010-06-14,26.47,26.73,26.47,26.73,861
2010-06-15,26.94,26.94,26.76,26.76,1160
2010-06-16,26.86,26.86,26.8191,26.8191,500
2010-06-17,27.12,27.3,27.0,27.0,7200
2010-06-18,27.14,27.2,27.12,27.2,389
2010-06-21,26.87,27.11,26.805,27.04,8902
2010-06-22,27.28,27.38,27.267,27.38,24340
2010-06-23,27.64,27.66,27.64,27.66,200
2010-06-24,27.9101,27.9101,27.91,27.91,300
2010-06-25,28.02,28.0599,27.98,28.0401,917
2010-06-28,28.17,28.18,28.02,28.02,7550
2010-06-29,28.5,28.6609,28.5,28.5,9278
2010-06-30,28.53,28.65,28.44,28.65,5870
2010-07-01,29.18,29.29,29.12,29.12,2455
2010-07-02,29.0,29.06,29.0,29.03,3550
2010-07-06,28.92,29.2899,28.92,29.17,1800
2010-07-07,29.35,29.42,29.05,29.05,7900
2010-07-08,28.5505,28.65,28.54,28.64,1675
2010-07-09,28.54,28.59,28.47,28.47,25027
2010-07-12,28.41,28.56,28.41,28.4901,3887
2010-07-13,28.64,28.64,28.53,28.53,3550
2010-07-14,28.41,28.64,28.41,28.64,809
2010-07-15,29.23,29.23,29.13,29.16,600
2010-07-16,29.8,29.9686,29.7075,29.75,7562
2010-07-19,29.49,29.65,29.49,29.65,4500
2010-07-20,29.53,29.53,29.26,29.26,37000
2010-07-21,29.26,29.26,29.26,29.26,0
2010-07-22,29.5,29.59,29.43,29.58,44261
2010-07-23,29.35,29.35,29.24,29.2485,1683
2010-07-26,29.35,29.61,29.35,29.54,5850
2010-07-27,28.88,28.88,28.88,28.88,900
2010-07-28,29.1401,29.22,29.1401,29.22,2960
2010-07-29,29.45,29.6801,29.45,29.55,5600
2010-07-30,30.01,30.01,29.85,29.86,1800
2010-08-02,29.76,29.88,29.76,29.88,34200
2010-08-03,30.14,30.3399,30.14,30.25,1315
2010-08-04,30.2901,30.2901,29.94,29.984,440
2010-08-05,30.26,30.3789,30.25,30.32,5817
2010-08-06,30.81,30.81,30.56,30.56,2520
2010-08-09,30.31,30.35,30.22,30.26,15200
2010-08-10,30.03,30.6713,30.03,30.59,19710
2010-08-11,30.99,30.99,30.5401,30.713,1925
2010-08-12,30.56,30.56,30.19,30.24,3393
2010-08-13,30.24,30.24,29.98,29.98,12325
2010-08-16,30.57,30.6599,30.551,30.59,2414
2010-08-17,30.42,30.54,30.42,30.54,1100
2010-08-18,30.62,30.62,30.47,30.47,13659
2010-08-19,30.69,30.69,30.57,30.65,23496
2010-08-20,30.2536,30.4,30.2535,30.4,500
2010-08-23,30.7699,30.7699,30.67,30.67,820
2010-08-24,31.64,31.64,30.96,31.45,6600
2010-08-25,31.38,31.5,30.98,30.99,3575
2010-08-26,31.2399,31.3099,31.1099,31.3099,1400
2010-08-27,30.87,30.9613,30.52,30.52,13504
2010-08-30,31.05,31.19,31.05,31.19,5300
2010-08-31,31.35,31.58,31.15,31.58,8480
2010-09-01,31.5,31.5,31.07,31.221,5517
2010-09-02,31.36,31.41,31.32,31.41,3480
2010-09-03,30.83,31.32,30.83,31.28,5121
2010-09-07,31.84,31.849,31.68,31.7999,3394
2010-09-08,31.63,31.64,31.58,31.64,6005
2010-09-09,31.77,31.77,31.63,31.63,900
2010-09-10,31.38,31.465,31.3,31.4299,2847
2010-09-13,31.54,31.82,31.54,31.82,1200
2010-09-14,32.08,32.3,32.08,32.239,1200
2010-09-15,30.35,30.38,30.295,30.32,37958
2010-09-16,30.2301,30.28,30.17,30.21,4380
2010-09-17,30.26,30.26,30.1946,30.1946,4652
2010-09-20,30.29,30.29,30.2,30.236,37175
2010-09-21,30.48,30.77,30.46,30.661,19120
2010-09-22,31.17,31.21,31.0899,31.0899,1561
2010-09-23,31.1825,31.27,31.18,31.27,15500
2010-09-24,31.34,31.34,31.274,31.32,14300
2010-09-27,31.26,31.3864,31.26,31.36,6700
2010-09-28,31.38,31.715,31.38,31.56,4250
2010-09-29,31.6325,31.7801,31.63,31.78,1350
2010-09-30,31.9601,31.9601,31.8601,31.9299,4875
2010-10-01,31.9525,32.05,31.95,31.99,3040
2010-10-04,31.95,32.0093,31.95,32.0093,1257
2010-10-05,32.0,32.1493,31.98,32.08,17145
2010-10-06,32.33,32.36,32.2301,32.298,2486
2010-10-07,32.64,32.79,32.64,32.726,1818
2010-10-08,33.0,33.0,32.97,32.97,1300
2010-10-11,33.01,33.01,32.93,32.94,1283
2010-10-12,33.1899,33.1899,33.1,33.15,1600
2010-10-13,33.2,33.24,33.05,33.24,6025
2010-10-14,33.4,33.45,33.38,33.43,8100
2010-10-15,33.48,33.48,33.46,33.46,2700
2010-10-18,33.65,33.71,33.63,33.7099,2267
2010-10-19,33.15,33.442,33.15,33.442,4237
2010-10-20,33.6636,33.68,33.6636,33.68,1200
2010-10-21,33.69,33.69,33.59,33.636,2050
2010-10-22,33.4,33.54,33.4,33.54,1750
2010-10-25,34.19,34.22,33.96,33.96,834
2010-10-26,33.53,33.62,33.44,33.44,1181
2010-10-27,33.29,33.2901,33.22,33.22,404
2010-10-28,33.73,33.76,33.73,33.76,290
2010-10-29,34.02,34.219,34.02,34.219,800
2010-11-01,34.28,34.28,34.089,34.089,2354
2010-11-02,34.03,34.054,33.945,33.945,1450
2010-11-03,33.5101,33.71,33.38,33.71,1673
2010-11-04,34.06,34.1,34.06,34.06,745
2010-11-05,33.7154,33.7154,33.47,33.48,30512
2010-11-08,33.62,33.68,33.59,33.67,17562
2010-11-09,34.14,34.14,33.01,33.12,5670
2010-11-10,32.69,32.77,32.368,32.77,7654
2010-11-11,32.62,32.6399,32.62,32.6201,1200
2010-11-12,32.68,32.758,32.68,32.729,1800
2010-11-15,32.42,32.42,32.2501,32.28,3957
2010-11-16,31.8,31.96,31.7509,31.92,3742
2010-11-17,31.93,31.97,31.928,31.96,600
2010-11-18,31.95,31.95,31.67,31.67,2810
2010-11-19,31.86,31.86,31.85,31.85,3000
2010-11-22,31.82,31.94,31.7701,31.94,1501
2010-11-23,32.32,32.32,32.02,32.04,5366
2010-11-24,31.96,31.96,31.7,31.7,2100
2010-11-26,31.45,31.49,31.312,31.312,2325
2010-11-29,31.18,31.23,31.18,31.21,23300
2010-11-30,31.7218,31.73,31.6699,31.73,36515
2010-12-01,31.16,31.2564,31.16,31.2564,36500
2010-12-02,31.24,31.7,31.24,31.51,21715
2010-12-03,32.29,32.39,32.23,32.33,13369
2010-12-06,32.27,32.45,32.27,32.44,11250
2010-12-07,31.9709,31.9709,31.9709,31.9709,300
2010-12-08,31.31,31.31,31.181,31.28,12622
2010-12-09,31.44,31.61,31.44,31.59,11100
2010-12-10,31.37,31.4301,31.37,31.4301,730
2010-12-13,31.59,31.8,31.5,31.8,959
2010-12-14,31.8,31.8,31.8,31.8,0
2010-12-15,31.48,31.48,31.0,31.2,7600
2010-12-16,31.15,31.3,31.12,31.3,10250
2010-12-17,31.22,31.373,31.21,31.373,36210
2010-12-20,31.55,31.55,31.55,31.55,500
2010-12-21,31.5301,31.5301,31.5301,31.5301,500
2010-12-22,31.68,31.71,31.67,31.71,15100
2010-12-23,32.0554,32.17,32.0554,32.17,453
2010-12-27,32.1799,32.25,32.1799,32.25,600
2010-12-28,32.7999,32.82,32.54,32.5684,2600
2010-12-29,32.8601,33.2,32.8601,33.19,400
2010-12-30,33.25,33.26,33.0446,33.22,2350
2010-12-31,33.37,33.5846,33.285,33.285,3317
2011-01-03,33.13,33.17,33.13,33.1699,402
2011-01-04,32.7,32.7405,32.7,32.7405,400
2011-01-05,31.94,32.016,31.8,31.83,50345
2011-01-06,32.02,32.02,31.83,31.83,1068
2011-01-07,31.85,32.1299,31.85,32.011,1200
2011-01-10,32.07,32.27,32.04,32.27,3250
2011-01-11,31.97,31.97,31.788,31.83,1636
2011-01-12,32.16,32.16,32.16,32.16,400
2011-01-13,32.32,32.32,32.24,32.24,10610
2011-01-14,32.22,32.22,32.11,32.11,18200
2011-01-18,32.31,32.31,32.23,32.25,3029
2011-01-19,32.74,32.9099,32.74,32.86,7337
2011-01-20,32.34,32.34,31.97,31.97,3700
2011-01-21,32.26,32.38,32.26,32.38,12200
2011-01-24,32.2901,32.43,32.2901,32.43,740
2011-01-25,32.4,33.82,32.4,32.7199,2500
2011-01-26,32.73,32.73,32.53,32.59,900
2011-01-27,32.07,32.15,32.06,32.13,5200
2011-01-28,32.47,32.738,32.47,32.738,3567
2011-01-31,32.72,32.8,32.72,32.78,3050
2011-02-01,33.01,33.36,32.88,33.3599,3602
2011-02-02,33.2,33.24,33.04,33.18,12700
2011-02-03,32.9799,33.205,32.9599,33.205,3020
2011-02-04,33.02,33.02,32.542,32.63,2180
2011-02-07,32.51,32.5599,32.47,32.5599,739
2011-02-08,32.63,32.63,32.63,32.63,100
2011-02-09,32.53,32.53,32.53,32.53,100
2011-02-10,31.9,31.9,31.778,31.778,1284
2011-02-11,31.65,31.65,31.55,31.64,2000
2011-02-14,31.7101,31.77,31.7,31.77,14000
2011-02-15,31.42,31.42,31.34,31.35,9100
2011-02-16,31.35,31.54,31.2999,31.54,4075
2011-02-17,31.75,31.76,31.74,31.76,3700
2011-02-18,31.698,31.698,31.698,31.698,100
2011-02-22,31.85,32.31,31.85,32.2,10803
2011-02-23,32.33,32.52,32.31,32.39,6350
2011-02-24,32.91,33.01,32.88,32.89,7700
2011-02-25,32.93,33.07,32.93,33.07,1400
2011-02-28,32.92,32.98,32.84,32.98,2150
2011-03-01,32.9,32.9,32.9,32.9,300
2011-03-02,32.97,33.1,32.86,32.86,69951
2011-03-03,32.52,32.57,32.3815,32.46,5214
2011-03-04,32.34,32.4701,32.34,32.4701,500
2011-03-07,32.56,32.7101,32.5,32.5,9477
2011-03-08,32.11,32.28,32.07,32.22,65665
2011-03-09,32.1456,32.1456,32.1456,32.1456,125
2011-03-10,31.91,31.99,31.91,31.99,1400
2011-03-11,32.66,33.0185,32.6275,32.848,29035
2011-03-14,32.91,33.1265,32.85,32.99,28756
2011-03-15,33.64,33.86,33.5,33.7199,27296
2011-03-16,33.8,34.56,33.76,34.52,16442
2011-03-17,35.53,35.61,35.01,35.2,28224
2011-03-18,33.34,33.76,33.29,33.76,23130
2011-03-21,33.42,33.56,33.39,33.56,3399
2011-03-22,33.5,33.568,33.49,33.568,3751
2011-03-23,33.46,33.6352,33.46,33.6,16548
2011-03-24,33.57,33.61,33.5,33.5201,3352
2011-03-25,33.3,33.39,33.08,33.141,3281
2011-03-28,32.92,32.936,32.9001,32.936,4096
2011-03-29,32.37,32.46,32.3001,32.3001,6968
2011-03-30,31.88,32.0,31.821,32.0,2825
2011-03-31,32.1,32.1,31.77,31.77,2827
2011-04-01,30.95,31.09,30.62,31.08,9104
2011-04-04,31.22,31.25,31.1099,31.12,3147
2011-04-05,30.69,30.69,30.48,30.54,8632
2011-04-06,30.1101,30.22,30.09,30.142,3280
2011-04-07,30.25,30.5556,30.25,30.41,13642
2011-04-08,30.31,30.53,30.3,30.53,2100
2011-04-11,30.66,30.7,30.64,30.69,12675
2011-04-12,31.04,31.35,31.04,31.3,3782
2011-04-13,31.06,31.418,31.06,31.2999,4343
2011-04-14,31.2999,31.2999,31.2999,31.2999,0
2011-04-15,31.73,31.83,31.71,31.81,16146
2011-04-18,32.21,32.357,32.14,32.16,10380
2011-04-19,32.3,32.35,32.2501,32.2501,1200
2011-04-20,32.28,32.33,32.2,32.33,14900
2011-04-21,32.79,32.84,32.779,32.78,2475
2011-04-25,32.63,32.8999,32.63,32.8999,6489
2011-04-26,32.9,33.0,32.6908,33.0,7476
2011-04-27,32.419200000000004,32.42,31.372,32.42,11730
2011-04-28,33.0501,33.0899,32.98,33.01,1690
2011-04-29,33.0301,33.361,33.0301,33.361,1590
2011-05-02,33.15,33.3,33.131,33.21,2020
2011-05-03,33.51,33.6191,33.439,33.48,7984
2011-05-04,33.62,33.82,33.62,33.811,6600
2011-05-05,34.23,34.3691,34.031,34.17,10646
2011-05-06,33.8099,34.026,33.7309,33.76,2347
2011-05-09,33.76,34.11,33.66,34.11,7560
2011-05-10,33.78,33.78,33.5601,33.5601,6245
2011-05-11,33.54,33.54,33.43,33.43,10520
2011-05-12,33.49,33.49,33.49,33.49,340
2011-05-13,33.72,33.75,33.59,33.62,13950
2011-05-16,33.61,33.6456,33.6,33.6456,8640
2011-05-17,33.14,33.1401,32.96,33.1,9800
2011-05-18,33.0128,33.0128,33.0128,33.0128,200
2011-05-19,32.4808,32.99,32.4808,32.99,1100
2011-05-20,32.81,32.91,32.81,32.91,700
2011-05-23,32.73,32.7501,32.72,32.7304,1560
2011-05-24,32.7304,32.7304,32.7304,32.7304,0
2011-05-25,32.7304,32.7304,32.7304,32.7304,0
2011-05-26,32.7304,32.7304,32.7304,32.7304,0
2011-05-27,33.28,33.55,33.22,33.51,8722
2011-05-31,32.89,33.1,32.86,33.1,4550
2011-06-01,33.43,33.5,33.43,33.46,3350
2011-06-02,33.46,33.53,33.46,33.53,7982
2011-06-03,34.0001,34.0001,34.0001,34.0001,300
2011-06-06,34.03,34.07,34.03,34.07,800
2011-06-07,34.1501,34.27,34.15,34.27,1214
2011-06-08,34.31,34.4,34.25,34.32,5081
2011-06-09,34.1625,34.1625,33.99,33.99,3900
2011-06-10,34.04,34.04,33.95,33.95,12345
2011-06-13,33.9259,34.08,33.9259,34.08,4400
2011-06-14,33.78,33.8499,33.78,33.8,4725
2011-06-15,33.69,33.69,33.37,33.45,8800
2011-06-16,33.66,33.6699,33.66,33.6699,285
2011-06-17,34.06,34.22,34.06,34.22,16300
2011-06-20,34.07,34.08,33.97,33.98,1375
2011-06-21,34.02,34.11,34.02,34.11,6800
2011-06-22,34.15,34.15,33.9,33.9,10788
2011-06-23,33.67,33.86,33.64,33.76,2400
2011-06-24,33.76,33.76,33.76,33.76,0
2011-06-27,33.44,33.49,33.4,33.49,3438
2011-06-28,33.53,33.53,33.28,33.28,950
2011-06-29,33.46,33.46,33.4473,33.46,18610
2011-06-30,33.6683,33.782,33.6683,33.782,661
2011-07-01,33.6,33.6,33.35,33.5009,7700
2011-07-05,33.31,33.31,33.31,33.31,700
2011-07-06,33.45,33.48,33.29,33.45,3350
2011-07-07,33.45,33.45,33.45,33.45,0
2011-07-08,33.65,33.69,33.65,33.68,18004
2011-07-11,33.87,34.15,33.8,33.97,111162
2011-07-12,34.48,34.77,34.45,34.7299,14589
2011-07-13,34.86,35.1,34.8136,35.066,11506
2011-07-14,35.09,35.09,34.85,34.94,15276
2011-07-15,34.91,35.08,34.91,35.02,6867
2011-07-18,34.95,35.06,34.95,35.04,24532
2011-07-19,35.08,35.19,34.78,34.86,70893
2011-07-20,35.08,35.25,35.06,35.2101,25215
2011-07-21,35.31,35.5192,35.3,35.4901,2991
2011-07-22,35.657,35.657,35.47,35.5024,5204
2011-07-25,35.71,35.78,35.55,35.67,11756
2011-07-26,35.91,36.0,35.71,35.9715,16569
2011-07-27,36.1,36.1,35.74,35.87,3192
2011-07-28,36.09,36.09,36.02,36.088,8821
2011-07-29,36.7899,36.95,36.6,36.92,21728
2011-08-01,37.07,37.4,36.02,36.69,20413
2011-08-02,36.58,36.78,36.58,36.78,4670
2011-08-03,36.8,37.0,36.8,36.9,7540
2011-08-04,34.75,35.17,34.64,34.88,21304
2011-08-05,35.2601,35.4984,35.26,35.48,1875
2011-08-08,36.04,36.2983,35.96,36.189,13258
2011-08-09,36.69,37.08,36.4816,37.07,3085
2011-08-10,37.44,37.44,36.97,37.008,8350
2011-08-11,37.04,37.09,36.896,36.9355,5239
2011-08-12,37.1,37.15,36.97,36.9807,2646
2011-08-15,37.14,37.14,36.91,37.01,6700
2011-08-16,36.92,37.06,36.92,37.05,13224
2011-08-17,37.3575,37.3575,37.2001,37.3,9600
2011-08-18,37.24,37.2801,37.231,37.24,1086
2011-08-19,37.43,37.43,37.24,37.24,750
2011-08-22,37.0,37.05,36.9515,37.02,5162
2011-08-23,37.2,37.2,37.01,37.03,9134
2011-08-24,37.18,37.18,36.71,36.74,3100
2011-08-25,36.56,36.56,36.19,36.2201,1322
2011-08-26,37.1,37.16,37.1,37.16,700
2011-08-29,37.01,37.01,36.74,36.87,15871
2011-08-30,36.95,37.1,36.95,37.07,7891
2011-08-31,37.18,37.22,37.18,37.21,440
2011-09-01,36.79,36.8424,36.79,36.8424,400
2011-09-02,36.8424,36.8424,36.8424,36.8424,0
2011-09-06,36.22,36.42,36.13,36.13,1288
2011-09-07,36.4,36.49,36.39,36.49,650
2011-09-08,36.4,36.4,36.23,36.24,16475
2011-09-09,36.27,36.34,36.27,36.3288,1150
2011-09-12,36.52,36.5799,36.4199,36.4199,3300
2011-09-13,36.8601,36.89,36.82,36.85,7850
2011-09-14,37.02,37.1,36.98,37.09,11679
2011-09-15,36.86,36.9,36.86,36.9,200
2011-09-16,37.03,37.03,36.83,36.83,3200
2011-09-19,36.98,37.3276,36.98,37.215,1811
2011-09-20,37.15,37.3184,37.12,37.3184,2616
2011-09-21,37.38,37.38,36.7001,37.06,620
2011-09-22,37.4599,37.46,37.3001,37.443,1271
2011-09-23,37.4576,37.4576,36.93,37.0288,2737
2011-09-26,37.3,37.36,37.27,37.27,2000
2011-09-27,37.2,37.2,36.88,36.9,11372
2011-09-28,37.24,37.26,37.1307,37.1307,5390
2011-09-29,36.93,36.95,36.37,36.95,1871
2011-09-30,36.9,36.9,36.5501,36.5999,3166
2011-10-03,36.87,37.16,36.86,37.12,10145
2011-10-04,36.97,36.97,36.9001,36.95,877
2011-10-05,36.61,36.99,36.61,36.99,900
2011-10-06,36.99,36.99,36.99,36.99,0
2011-10-07,36.94,36.96,36.8,36.8,675
2011-10-10,37.01,37.04,36.9908,37.04,3675
2011-10-11,37.01,37.01,36.9799,36.9799,352
2011-10-12,36.32,36.37,36.283,36.283,800
2011-10-13,36.7984,36.7984,36.798,36.798,200
2011-10-14,36.2901,36.2901,36.2901,36.2901,150
2011-10-17,36.8901,36.8901,36.834,36.85,16700
2011-10-18,36.93,36.93,36.85,36.91,10673
2011-10-19,36.91,36.91,36.91,36.91,0
2011-10-20,36.78,36.8,36.63,36.78,1980
2011-10-21,37.4248,37.4652,37.39,37.4401,6200
2011-10-24,37.4801,37.63,37.48,37.58,780
2011-10-25,37.77,37.77,37.637,37.637,973
2011-10-26,37.68,37.68,37.35,37.35,2500
2011-10-27,37.6,37.65,37.6,37.65,5000
2011-10-28,37.87,37.87,37.86,37.86,1705
2011-10-31,35.68,35.75,35.6,35.6,9846
2011-11-01,35.45,35.45,35.27,35.27,18046
2011-11-02,35.63,35.68,35.6,35.63,25310
2011-11-03,35.648,35.6801,35.6376,35.6376,910
2011-11-04,35.57,35.57,35.41,35.4201,5221
2011-11-07,35.6432,35.6432,35.6001,35.63,1750
2011-11-08,35.81,35.9604,35.81,35.88,10786
2011-11-09,35.88,35.93,35.8,35.8096,1788
2011-11-10,35.99,36.17,35.98,36.15,13720
2011-11-11,36.3632,36.4999,36.3632,36.4999,295
2011-11-14,36.57,36.5899,36.5699,36.577,1000
2011-11-15,36.5604,36.5604,36.5604,36.5604,1000
2011-11-16,36.63,36.63,36.5424,36.5424,1930
2011-11-17,36.62,36.65,36.6031,36.64,2377
2011-11-18,36.64,36.64,36.64,36.64,0
2011-11-21,36.74,36.74,36.56,36.659,3854
2011-11-22,36.504,36.5505,36.504,36.5505,795
2011-11-23,36.15,36.2368,36.1,36.2368,3986
2011-11-25,35.91,35.94,35.91,35.93,3107
2011-11-28,35.69,35.69,35.48,35.595,6022
2011-11-29,35.77,35.77,35.77,35.77,100
2011-11-30,35.98,36.1,35.96,36.04,11278
2011-12-01,36.04,36.04,36.04,36.04,0
2011-12-02,35.71,35.71,35.5335,35.58,19593
2011-12-05,35.706,35.82,35.706,35.8044,1056
2011-12-06,35.8044,35.8044,35.8044,35.8044,0
2011-12-07,35.7801,35.86,35.7801,35.86,1100
2011-12-08,36.1,36.1,35.78,35.78,880
2011-12-09,35.95,35.95,35.95,35.95,1000
2011-12-12,35.66,35.66,35.66,35.66,900
2011-12-13,35.72,35.72,35.6,35.6,2700
2011-12-14,35.5,35.5494,35.47,35.47,830
2011-12-15,35.6168,35.634,35.6168,35.634,1475
2011-12-16,35.76,35.78,35.72,35.72,13600
2011-12-19,35.64,35.64,35.64,35.64,1400
2011-12-20,35.78,35.78,35.75,35.75,200
2011-12-21,35.48,35.48,35.48,35.48,200
2011-12-22,35.42,35.42,35.42,35.42,200
2011-12-23,35.44,35.55,35.44,35.55,625
2011-12-27,35.68,35.68,35.68,35.68,200
2011-12-28,35.79,35.79,35.5475,35.6299,2082
2011-12-29,35.89,35.91,35.86,35.91,1050
2011-12-30,36.16,36.4999,36.16,36.4999,7154
2012-01-03,36.66,36.78,36.62,36.75,2640
2012-01-04,36.66,36.73,36.64,36.73,3405
2012-01-05,36.32,36.3392,36.25,36.25,1300
2012-01-06,36.3,36.46,36.3,36.46,515
2012-01-09,36.51,36.58,36.51,36.58,1352
2012-01-10,36.58,36.58,36.58,36.58,0
2012-01-11,36.48,36.53,36.48,36.53,400
2012-01-12,36.63,36.63,36.63,36.63,100
2012-01-13,36.46,36.52,36.41,36.52,1250
2012-01-17,36.5501,36.62,36.5501,36.62,365
2012-01-18,36.5899,36.5899,36.57,36.57,882
2012-01-19,36.5,36.5,36.18,36.201,1950
2012-01-20,36.201,36.201,36.201,36.201,0
2012-01-23,36.39,36.39,36.37,36.37,775
2012-01-24,35.64,35.686,35.64,35.686,2582
2012-01-25,35.36,35.761,35.31,35.7,4580
2012-01-26,35.7,35.7,35.7,35.7,0
2012-01-27,35.7,35.7,35.7,35.7,200
2012-01-30,36.74,37.13,36.74,37.066,4351
2012-01-31,37.0,37.09,37.0,37.09,1012
2012-02-01,36.98,36.98,36.98,36.98,423
2012-02-02,36.98,36.98,36.98,36.98,0
2012-02-03,36.74,36.829,36.74,36.8004,1176
2012-02-06,36.8004,36.8004,36.8004,36.8004,0
2012-02-07,36.52,36.5595,36.52,36.5595,750
2012-02-08,36.4799,36.4799,36.3,36.3,335
2012-02-09,36.08,36.08,36.01,36.0101,535
2012-02-10,35.7814,35.7814,35.75,35.75,437
2012-02-13,35.77,35.77,35.77,35.77,100
2012-02-14,35.31,35.31,35.0,35.0299,5690
2012-02-15,35.2,35.2,35.05,35.0999,5550
2012-02-16,34.57,34.69,34.55,34.55,5323
2012-02-17,34.23,34.2486,34.097,34.097,4409
2012-02-21,33.94,33.98,33.872,33.92,2027
2012-02-22,33.45,33.52,33.372,33.4988,2700
2012-02-23,33.48,33.5995,33.48,33.5664,3548
2012-02-24,33.1016,33.11,32.82,32.82,6350
2012-02-27,33.27,33.44,33.2104,33.23,12018
2012-02-28,33.32,33.36,33.13,33.2208,1208
2012-02-29,33.41,33.41,32.66,32.7,5193
2012-03-01,32.72,32.72,32.72,32.72,300
2012-03-02,32.34,32.39,32.14,32.187,9368
2012-03-05,32.52,32.52,32.45,32.45,2121
2012-03-06,32.79,33.05,32.79,32.9,4586
2012-03-07,32.96,32.96,32.7,32.7,4838
2012-03-08,32.41,32.43,32.299,32.3299,2505
2012-03-09,31.85,31.86,31.55,31.69,8256
2012-03-12,31.93,31.93,31.77,31.77,2352
2012-03-13,31.44,31.4401,31.169,31.1908,1235
2012-03-14,30.72,30.74,30.64,30.73,3733
2012-03-15,30.73,30.73,30.73,30.73,0
2012-03-16,30.98,31.0,30.98,30.98,3750
2012-03-19,30.89,31.0,30.86,30.959,2112
2012-03-20,30.75,30.8,30.69,30.69,3986
2012-03-21,30.55,30.889,30.55,30.88,7100
2012-03-22,31.26,31.61,31.21,31.61,4999
2012-03-23,31.66,31.83,31.5901,31.5901,1747
2012-03-26,31.35,31.37,31.24,31.32,25515
2012-03-27,31.08,31.169,31.03,31.07,3912
2012-03-28,31.34,31.36,31.2701,31.2701,705
2012-03-29,31.8995,31.8995,31.61,31.61,2300
2012-03-30,31.78,31.78,31.31,31.359,2437
2012-04-02,31.78,31.82,31.728,31.82,4475
2012-04-03,31.7235,31.85,31.32,31.32,1900
2012-04-04,31.57,31.62,31.51,31.51,982
2012-04-05,31.58,31.59,31.58,31.59,1256
2012-04-09,32.48,32.54,32.25,32.28,38674
2012-04-10,32.94,32.9601,32.73,32.9601,5096
2012-04-11,32.83,32.83,32.794,32.794,2205
2012-04-12,32.798,32.86,32.798,32.85,500
2012-04-13,32.74,32.74,32.73,32.73,9357
2012-04-16,33.0,33.242,33.0,33.2199,527
2012-04-17,32.98,33.0199,32.82,32.82,6020
2012-04-18,32.45,32.54,32.44,32.54,20311
2012-04-19,32.54,32.54,32.54,32.54,0
2012-04-20,32.13,32.161,32.11,32.13,21128
2012-04-23,32.6099,32.6393,32.59,32.59,4200
2012-04-24,32.59,32.59,32.59,32.59,0
2012-04-25,32.32,32.32,32.32,32.32,225
2012-04-26,32.8,32.8,32.65,32.65,300
2012-04-27,33.0,33.13,33.0,33.13,400
2012-04-30,33.4,33.669,33.4,33.6599,3207
2012-05-01,33.51,33.51,33.3,33.38,2475
2012-05-02,33.36,33.36,33.36,33.36,2099
2012-05-03,33.16,33.32,33.16,33.32,2300
2012-05-04,33.32,33.32,33.32,33.32,0
2012-05-07,33.46,33.521,33.46,33.521,262
2012-05-08,33.6,33.62,33.59,33.6114,8172
2012-05-09,33.84,33.84,33.8,33.8,2900
2012-05-10,33.5308,33.57,33.5308,33.57,799
2012-05-11,33.53,33.54,33.53,33.54,900
2012-05-14,33.68,33.69,33.6101,33.6101,5515
2012-05-15,33.35,33.35,33.21,33.21,300
2012-05-16,33.25,33.25,33.25,33.25,100
2012-05-17,34.03,34.114,34.03,34.0644,680
2012-05-18,34.22,34.2344,34.22,34.2344,200
2012-05-21,33.95,34.0101,33.95,34.0101,1760
2012-05-22,33.6,33.6,33.39,33.39,4882
2012-05-23,33.9,33.9,33.9,33.9,955
2012-05-24,33.94,33.94,33.94,33.94,300
2012-05-25,33.94,33.94,33.94,33.94,0
2012-05-29,33.97,33.972,33.79,33.972,1444
2012-05-30,34.3,34.35,34.3,34.32,608
2012-05-31,34.76,34.9001,34.76,34.86,1965
2012-06-01,34.95,35.09,34.95,35.08,9795
2012-06-04,35.01,35.01,34.88,34.89,2700
2012-06-05,34.65,34.65,34.53,34.53,1491
2012-06-06,34.15,34.28,34.1068,34.1068,2017
2012-06-07,34.1068,34.1068,34.1068,34.1068,0
2012-06-08,34.1068,34.1068,34.1068,34.1068,0
2012-06-11,33.84,33.89,33.8,33.89,2200
2012-06-12,33.89,33.89,33.89,33.89,0
2012-06-13,34.02,34.0289,34.02,34.0289,200
2012-06-14,34.0289,34.0289,34.0289,34.0289,0
2012-06-15,34.36,34.59,34.36,34.59,2540
2012-06-18,34.3999,34.3999,34.17,34.184,6087
2012-06-19,34.22,34.3065,34.22,34.3065,575
2012-06-20,33.9299,33.9299,33.8111,33.8568,470
2012-06-21,33.27,33.27,33.11,33.11,1800
2012-06-22,33.0,33.07,32.96,33.04,2600
2012-06-25,33.662,33.72,33.662,33.72,395
2012-06-26,33.82,33.9199,33.82,33.82,1890
2012-06-27,33.5799,33.63,33.5799,33.596,1580
2012-06-28,33.88,33.93,33.88,33.93,1100
2012-06-29,33.68,33.83,32.18,33.391,3395
2012-07-02,34.01,34.01,34.01,34.01,100
2012-07-03,33.54,33.54,33.54,33.54,100
2012-07-05,33.47,33.47,33.47,33.47,2000
2012-07-06,33.5701,33.5701,33.5701,33.5701,147
2012-07-09,33.5701,33.5701,33.5701,33.5701,0
2012-07-10,33.81,33.8799,33.81,33.8799,335
2012-07-11,33.8,33.8,33.8,33.8,178
2012-07-12,33.8,33.8,33.8,33.8,0
2012-07-13,34.04,34.16,34.0395,34.0395,2450
2012-07-16,34.39,34.39,34.39,34.39,600
2012-07-17,34.14,34.14,34.14,34.14,500
2012-07-18,34.35,34.35,34.35,34.35,500
2012-07-19,34.35,34.35,34.35,34.35,0
2012-07-20,34.67,34.7,34.521,34.7,652
2012-07-23,34.94,34.94,34.7,34.78,4172
2012-07-24,34.98,34.98,34.94,34.94,1525
2012-07-25,34.8901,34.8901,34.8901,34.8901,200
2012-07-26,34.8698,34.8698,34.8698,34.8698,200
2012-07-27,34.66,34.71,34.66,34.66,3700
2012-07-30,34.88,34.88,34.88,34.88,116
2012-07-31,34.9199,34.92,34.9199,34.92,500
2012-08-01,34.67,34.67,34.67,34.67,141
2012-08-02,34.67,34.67,34.67,34.67,0
2012-08-03,34.67,34.67,34.67,34.67,0
2012-08-06,34.67,34.67,34.67,34.67,0
2012-08-07,34.65,34.65,34.29,34.39,2620
2012-08-08,34.39,34.39,34.39,34.39,0
2012-08-09,34.37,34.42,34.37,34.42,1800
2012-08-10,34.8,34.8001,34.8,34.8001,200
2012-08-13,34.65,34.66,34.65,34.66,248
2012-08-14,34.15,34.418,34.15,34.322,1100
2012-08-15,34.45,34.45,34.302,34.302,2339
2012-08-16,34.03,34.03,33.9,33.9,3000
2012-08-17,33.7,33.7,33.63,33.63,1147
2012-08-20,33.71,33.71,33.71,33.71,400
2012-08-21,33.73,33.82,33.73,33.82,487
2012-08-22,33.99,34.67,33.99,34.644,500
2012-08-23,34.644,34.644,34.644,34.644,0
2012-08-24,34.45,34.45,34.45,34.45,300
2012-08-27,34.28,34.28,34.28,34.28,100
2012-08-28,34.64,34.64,34.64,34.64,100
2012-08-29,34.47,34.47,34.47,34.47,100
2012-08-30,34.52,34.52,34.52,34.52,133
2012-08-31,34.6,34.7351,34.6,34.7,10793
2012-09-04,34.48,34.48,34.48,34.48,100
2012-09-05,34.728,34.73,34.69,34.692,877
2012-09-06,34.692,34.692,34.692,34.692,0
2012-09-07,34.692,34.692,34.692,34.692,0
2012-09-10,34.7,34.7,34.7,34.7,100
2012-09-11,35.082,35.082,35.082,35.082,177
2012-09-12,35.082,35.082,35.082,35.082,0
2012-09-13,35.5,35.5,35.5,35.5,1000
2012-09-14,34.58,34.58,34.58,34.58,190
2012-09-17,34.141,34.141,34.1,34.1,1250
2012-09-18,34.25,34.45,34.25,34.2865,4168
2012-09-19,34.5,34.73,34.5,34.72,1825
2012-09-20,34.7914,34.7914,34.75,34.79,26100
2012-09-21,34.79,34.79,34.79,34.79,0
2012-09-24,35.1294,35.1294,35.1294,35.1294,100
2012-09-25,35.13,35.2699,35.01,35.01,2500
2012-09-26,35.01,35.01,35.01,35.01,0
2012-09-27,35.24,35.2801,35.24,35.2801,6200
2012-09-28,35.2801,35.2801,35.2801,35.2801,0
2012-10-01,34.9,34.9,34.9,34.9,100
2012-10-02,34.8001,34.8001,34.8001,34.8001,100
2012-10-03,34.45,34.45,34.45,34.45,2900
2012-10-04,34.45,34.45,34.45,34.45,0
2012-10-05,34.29,34.29,34.29,34.29,350
2012-10-08,34.71,34.74,34.71,34.74,325
2012-10-09,34.74,34.74,34.74,34.74,0
2012-10-10,34.74,34.74,34.74,34.74,0
2012-10-11,34.58,34.58,34.46,34.48,1400
2012-10-12,34.48,34.48,34.48,34.48,0
2012-10-15,34.48,34.48,34.48,34.48,0
2012-10-16,34.48,34.48,34.48,34.48,0
2012-10-17,34.48,34.48,34.48,34.48,0
2012-10-18,33.78,33.78,33.78,33.78,425
2012-10-19,33.8541,33.8541,33.84,33.84,1000
2012-10-22,33.38,33.38,33.38,33.38,300
2012-10-23,33.38,33.38,33.38,33.38,0
2012-10-24,33.3,33.3,33.3,33.3,140
2012-10-25,33.3,33.3,33.3,33.3,0
2012-10-26,33.3,33.3,33.3,33.3,0
2012-10-31,31.73,33.27,31.73,33.26,2060
2012-11-01,33.04,33.12,32.99,33.12,5100
2012-11-02,32.73,32.73,32.73,32.73,200
2012-11-05,32.76,33.06,32.75,32.9735,8242
2012-11-06,32.95,32.95,32.95,32.95,100
2012-11-07,33.27,33.3,33.22,33.22,600
2012-11-08,33.19,33.6201,33.19,33.592,890
2012-11-09,33.79,33.79,33.53,33.564,987
2012-11-12,33.6015,33.6015,33.5801,33.5801,332
2012-11-13,33.629,33.629,33.629,33.629,120
2012-11-14,32.87,32.97,32.87,32.97,547
2012-11-15,32.18,32.18,32.18,32.18,100
2012-11-16,32.24,32.24,32.0,32.216,9035
2012-11-19,32.2299,32.2499,32.2299,32.2499,275
2012-11-20,32.2499,32.2499,32.2499,32.2499,0
2012-11-21,31.23,31.32,31.198,31.24,3644
2012-11-23,31.24,31.24,31.24,31.24,300
2012-11-26,31.33,31.4785,31.33,31.4785,700
2012-11-27,31.362,31.362,31.362,31.362,300
2012-11-28,31.72,31.81,31.65,31.65,5809
2012-11-29,31.52,31.52,31.494,31.494,1104
2012-11-30,31.15,31.2776,31.001,31.162,3170
2012-12-03,31.2,31.35,31.2,31.35,971
2012-12-04,31.6063,31.68,31.58,31.68,1312
2012-12-05,31.4,31.4,31.202,31.202,7100
2012-12-06,31.298,31.3,31.182,31.3,3200
2012-12-07,31.1667,31.204,31.1667,31.204,1100
2012-12-10,31.3228,31.332,31.3204,31.3204,1400
2012-12-11,31.302,31.302,31.2099,31.21,440
2012-12-12,30.7,30.78,30.6,30.6,1897
2012-12-13,30.48,30.48,30.35,30.3615,1537
2012-12-14,30.45,30.45,30.36,30.36,1200
2012-12-17,30.36,30.36,30.36,30.36,0
2012-12-18,29.95,29.96,29.95,29.95,3140
2012-12-19,29.6844,29.874,29.6844,29.874,850
2012-12-20,29.6976,29.6976,29.6976,29.6976,650
2012-12-21,29.96,29.96,29.88,29.88,617
2012-12-24,29.88,29.88,29.88,29.88,0
2012-12-26,29.19,29.19,28.9252,28.938,5754
2012-12-27,28.64,28.7,28.637,28.6786,1260
2012-12-28,28.75,28.75,28.51,28.618,2449
2012-12-31,28.48,28.48,28.28,28.28,4058
2013-01-02,27.94,27.96,27.88,27.88,10680
2013-01-03,28.09,28.09,27.76,27.76,1780
2013-01-04,27.49,27.5253,27.2,27.25,5097
2013-01-07,27.33,27.59,27.33,27.52,12584
2013-01-08,27.773,28.2,27.75,28.05,30782
2013-01-09,27.53,27.58,27.39,27.5001,13157
2013-01-10,27.5,27.5,27.29,27.29,2974
2013-01-11,26.65,26.85,26.54,26.64,11946
2013-01-14,26.7,26.77,26.556,26.56,7665
2013-01-15,27.02,27.1098,26.85,26.9599,13175
2013-01-16,27.34,27.34,27.0102,27.22,9626
2013-01-17,26.58,26.6437,26.15,26.31,14077
2013-01-18,26.3,26.3,26.08,26.082,3950
2013-01-22,26.74,27.09,26.74,26.91,6445
2013-01-23,27.14,27.14,27.0,27.01,3690
2013-01-24,26.3,26.31,26.0,26.0001,7287
2013-01-25,25.62,25.63,25.4718,25.55,8297
2013-01-28,25.69,25.72,25.676,25.72,1020
2013-01-29,25.7,25.74,25.7,25.7,9780
2013-01-30,25.39,25.6,25.39,25.5999,6686
2013-01-31,25.43,25.45,25.31,25.36,7675
2013-02-01,24.8,24.8,24.4801,24.56,4800
2013-02-04,24.68,24.88,24.6639,24.72,4950
2013-02-05,24.29,24.33,24.2001,24.33,3945
2013-02-06,24.2799,24.29,24.06,24.1397,5043
2013-02-07,24.16,24.376,24.07,24.1303,5141
2013-02-08,24.6,24.634,24.48,24.58,4750
2013-02-11,24.25,24.28,24.0,24.006,5302
2013-02-12,24.01,24.4381,23.95,24.1,20339
2013-02-13,24.25,24.25,24.2499,24.2499,1300
2013-02-14,24.38,24.625,24.32,24.625,14634
2013-02-15,24.28,24.3,24.1,24.2165,11000
2013-02-19,24.1,24.32,24.06,24.18,8650
2013-02-20,24.15,24.198,24.0614,24.1,6080
2013-02-21,24.35,24.56,24.309,24.35,17915
2013-02-22,24.27,24.35,24.16,24.24,13691
2013-02-25,23.97,25.49,23.84,25.4,27100
2013-02-26,25.17,25.392,24.7282,24.92,7661
2013-02-27,25.23,25.38,24.748,24.84,6990
2013-02-28,24.6801,24.75,24.51,24.58,1150
2013-03-01,24.56,24.56,24.0952,24.1199,8198
2013-03-04,24.22,24.3099,24.16,24.2,6110
2013-03-05,24.43,24.43,24.133,24.22,6800
2013-03-06,24.14,24.14,23.78,23.791,12180
2013-03-07,23.5701,23.6201,23.31,23.33,38822
2013-03-08,23.0,23.0101,22.52,22.8001,11863
2013-03-11,22.74,22.8,22.6701,22.7,6961
2013-03-12,22.79,22.9599,22.75,22.801,8460
2013-03-13,22.83,22.85,22.73,22.78,9566
2013-03-14,22.71,22.96,22.59,22.75,15581
2013-03-15,22.87,23.23,22.87,23.15,14029
2013-03-18,23.25,23.36,23.1,23.1,13350
2013-03-19,23.27,23.48,23.1301,23.29,17813
2013-03-20,23.12,23.13,22.7,22.7,31205
2013-03-21,23.06,23.5,23.06,23.3399,16809
2013-03-22,23.3424,23.71,23.3424,23.5802,7573
2013-03-25,23.54,24.11,23.5001,23.82,13869
2013-03-26,23.78,23.78,23.44,23.554,3368
2013-03-27,23.52,23.75,23.51,23.75,2200
2013-03-28,23.74,23.87,23.67,23.69,10300
2013-04-01,24.08,24.2,24.0401,24.05,3307
2013-04-02,24.23,24.23,24.0,24.06,8135
2013-04-03,24.3,24.41,24.27,24.4,9213
2013-04-04,23.08,23.08,22.57,22.76,35228
2013-04-05,22.47,22.47,22.011,22.07,17418
2013-04-08,21.72,21.72,21.1106,21.2,23162
2013-04-09,21.41,21.48,21.22,21.34,10470
2013-04-10,21.1,21.2299,21.061,21.1,12318
2013-04-11,21.15,21.3,21.0506,21.0799,10780
2013-04-12,21.213,21.55,21.213,21.55,19693
2013-04-15,21.7,22.33,21.7,22.33,19670
2013-04-16,21.9,22.05,21.7801,22.03,6171
2013-04-17,21.8,22.0001,21.8,21.8,6800
2013-04-18,21.82,21.84,21.7,21.7,2510
2013-04-19,21.25,21.43,21.1599,21.1599,6378
2013-04-22,21.06,21.3,21.06,21.2,11315
2013-04-23,21.15,21.32,21.15,21.25,4100
2013-04-24,21.25,21.259,21.1832,21.1832,2975
2013-04-25,21.12,21.14,21.11,21.14,3350
2013-04-26,21.83,21.939,21.61,21.69,6618
2013-04-29,21.8,21.91,21.7301,21.91,4612
2013-04-30,21.96,22.23,21.96,22.0799,8350
2013-05-01,22.23,22.24,22.09,22.119,4055
2013-05-02,22.03,22.03,21.79,21.8,3714
2013-05-03,21.2385,21.4,21.2385,21.4,24463
2013-05-06,21.2,21.3199,21.17,21.28,7300
2013-05-07,21.3,21.39,21.3,21.38,3566
2013-05-08,21.42,21.54,21.4099,21.51,1950
2013-05-09,21.16,21.29,20.52,20.59,9587
2013-05-10,20.2201,20.35,20.07,20.35,12043
2013-05-13,20.13,20.25,20.13,20.2295,2950
2013-05-14,20.17,20.22,19.9301,20.05,11540
2013-05-15,20.09,20.1468,19.94,20.0048,6160
2013-05-16,19.99,20.0915,19.99,20.0915,1300
2013-05-17,19.93,19.94,19.6,19.6999,12163
2013-05-20,20.38,20.38,19.8809,20.0504,11050
2013-05-21,19.71,20.02,19.71,19.957,40891
2013-05-22,19.79,19.95,19.5,19.8667,19316
2013-05-23,20.39,20.499,20.1,20.316,16359
2013-05-24,20.55,20.6699,20.43,20.48,25306
2013-05-28,20.19,20.19,19.7601,19.9,20071
2013-05-29,20.42,20.59,20.33,20.46,12394
2013-05-30,20.11,20.66,20.11,20.6,7598
2013-05-31,20.57,20.57,20.404,20.5,2200
2013-06-03,20.74,21.388,20.7301,21.14,22173
2013-06-04,21.01,21.01,20.7437,20.8645,3596
2013-06-05,21.3,21.31,21.1,21.31,6250
2013-06-06,21.4,22.55,21.2401,22.25,13305
2013-06-07,22.25,22.26,21.81,21.93,17851
2013-06-10,21.2,21.38,21.1551,21.38,17025
2013-06-11,22.05,22.74,22.05,22.74,22289
2013-06-12,22.5943,22.9199,22.499,22.65,14334
2013-06-13,23.8199,23.8199,21.4201,23.059,35501
2013-06-14,23.0,23.55,22.89,23.39,16226
2013-06-17,23.1849,23.46,23.008,23.45,8308
2013-06-18,22.89,23.06,22.7,22.875,4447
2013-06-19,22.9814,23.05,22.11,22.1801,10918
2013-06-20,21.84,21.9791,21.6,21.9791,4607
2013-06-21,21.88,21.88,21.71,21.71,2030
2013-06-24,21.75,21.75,21.74,21.74,1100
2013-06-25,22.27,22.27,21.67,21.72,6010
2013-06-26,21.99,21.99,21.99,21.99,200
2013-06-27,21.44,21.4401,21.44,21.4401,200
2013-06-28,21.23,21.23,21.011,21.1,1975
2013-07-01,20.96,21.04,20.77,21.03,6893
2013-07-02,20.5,20.601,20.5,20.5247,4350
2013-07-03,20.9405,20.9405,20.9405,20.9405,100
2013-07-05,20.5,20.52,20.21,20.4399,2975
2013-07-08,20.48,20.48,20.31,20.46,3570
2013-07-09,20.266,20.2801,20.266,20.2801,350
2013-07-10,20.6799,20.713,20.6799,20.713,825
2013-07-11,21.0,21.38,21.0,21.38,4840
2013-07-12,21.07,21.07,20.97,20.97,2100
2013-07-15,20.801,20.86,20.8,20.86,600
2013-07-16,20.86,21.29,20.86,21.29,1365
2013-07-17,21.106,21.106,20.91,20.91,1225
2013-07-18,20.55,20.55,20.5,20.5,600
2013-07-19,20.66,20.68,20.66,20.68,2100
2013-07-22,20.98,21.0499,20.92,20.98,2045
2013-07-23,20.705,21.05,20.705,21.05,700
2013-07-24,20.73,20.73,20.66,20.66,3900
2013-07-25,20.95,20.966,20.95,20.966,200
2013-07-26,21.5,21.66,21.5,21.5765,7761
2013-07-29,21.76,21.77,21.6,21.77,5200
2013-07-30,21.6,21.6,21.6,21.6,2100
2013-07-31,21.6,21.6,21.1145,21.56,1863
2013-08-01,21.01,21.122,20.87,20.92,4135
2013-08-02,21.03,21.3,21.03,21.27,1800
2013-08-05,21.27,21.27,21.27,21.27,0
2013-08-06,21.52,21.927,21.41,21.806,13475
2013-08-07,22.03,23.5,22.03,22.41,20399
2013-08-08,22.495,22.69,22.3217,22.335,7916
2013-08-09,22.32,22.499,22.2404,22.34,10622
2013-08-12,22.65,22.65,22.25,22.25,13871
2013-08-13,21.64,21.64,21.43,21.47,14202
2013-08-14,21.53,21.66,21.53,21.66,1865
2013-08-15,21.58,22.0,21.509900000000002,22.0,4682
2013-08-16,22.0,22.0,22.0,22.0,0
2013-08-19,21.77,21.77,21.561,21.561,872
2013-08-20,22.0,22.0981,21.93,21.942,775
2013-08-21,21.8,21.8,21.65,21.65,3300
2013-08-22,21.27,21.47,21.1851,21.21,13990
2013-08-23,21.14,21.184,21.14,21.184,400
2013-08-26,21.33,21.341,21.3195,21.34,1700
2013-08-27,21.8,21.999,21.8,21.995,5620
2013-08-28,21.99,21.99,21.6,21.76,9633
2013-08-29,21.47,21.47,21.39,21.39,1715
2013-08-30,21.4,21.414,21.39,21.39,700
2013-09-03,21.35,21.35,20.7801,20.92,2625
2013-09-04,20.8,20.95,20.78,20.95,3000
2013-09-05,20.709,20.76,20.541,20.581,1994
2013-09-06,21.18,21.39,20.97,21.02,25000
2013-09-09,21.09,21.09,20.83,20.83,43981
2013-09-10,20.62,20.69,20.52,20.52,31400
2013-09-11,20.75,20.8,20.72,20.76,8000
2013-09-12,21.11,21.13,20.97,20.97,5900
2013-09-13,20.9999,21.11,20.96,21.06,21615
2013-09-16,21.22,21.3199,21.15,21.15,1450
2013-09-17,21.0,21.08,21.0,21.08,700
2013-09-18,21.1516,21.6548,21.1516,21.55,3140
2013-09-19,21.0,21.0799,21.0,21.0799,1300
2013-09-20,20.9201,21.0704,20.8833,21.01,3676
2013-09-23,21.28,21.28,21.2545,21.2545,960
2013-09-24,21.45,21.45,21.26,21.26,600
2013-09-25,21.3,21.4286,21.3,21.4286,6112
2013-09-26,21.1633,21.1746,21.1633,21.1746,1100
2013-09-27,21.49,21.55,21.441,21.472,3475
2013-09-30,21.7,21.7,21.7,21.7,276
2013-10-01,21.7,21.7,21.7,21.7,0
2013-10-02,21.98,21.98,21.9,21.9,5156
2013-10-03,21.7471,22.0794,21.7471,22.0794,3700
2013-10-04,22.0794,22.0794,22.0794,22.0794,0
2013-10-07,22.15,22.15,22.0045,22.0655,3468
2013-10-08,22.02,22.08,22.02,22.0401,1550
2013-10-09,22.0401,22.0401,22.0401,22.0401,0
2013-10-10,21.542,21.542,21.542,21.542,200
2013-10-11,21.4541,21.4541,21.35,21.4,2700
2013-10-14,21.3801,21.3801,21.341,21.341,1400
2013-10-15,21.47,21.48,21.42,21.44,1100
2013-10-16,21.24,21.31,21.24,21.25,550
2013-10-17,21.66,21.66,21.64,21.64,600
2013-10-18,21.7,21.7333,21.62,21.62,5564
2013-10-21,21.53,21.55,21.53,21.54,5500
2013-10-22,21.55,21.55,21.48,21.48,200
2013-10-23,21.89,21.9,21.89,21.9,300
2013-10-24,21.9,21.9,21.9,21.9,200
2013-10-25,21.86,21.91,21.85,21.88,2412
2013-10-28,21.74,21.77,21.72,21.74,8928
2013-10-29,21.74,21.74,21.74,21.74,0
2013-10-30,21.46,21.46,21.25,21.25,200
2013-10-31,21.426,21.426,21.426,21.426,500
2013-11-01,21.1904,21.26,21.1904,21.205,1800
2013-11-04,21.32,21.32,21.28,21.3,6780
2013-11-05,21.37,21.37,21.37,21.37,100
2013-11-06,21.2301,21.2301,21.2301,21.2301,200
2013-11-07,21.04,21.33,21.04,21.33,600
2013-11-08,21.33,21.33,21.33,21.33,0
2013-11-11,21.07,21.07,21.07,21.07,280
2013-11-12,20.9199,20.9199,20.76,20.7602,3110
2013-11-13,21.0,21.0,21.0,21.0,175
2013-11-14,20.72,20.796,20.6669,20.71,14500
2013-11-15,20.61,20.62,20.6,20.62,300
2013-11-18,20.74,20.77,20.7,20.7,1902
2013-11-19,20.6,20.66,20.6,20.66,1175
2013-11-20,20.69,20.69,20.68,20.68,500
2013-11-21,20.34,20.34,20.2401,20.3,21050
2013-11-22,20.36,20.47,20.36,20.47,3000
2013-11-25,20.03,20.07,19.95,20.0,9887
2013-11-26,20.04,20.172,20.04,20.172,1640
2013-11-27,19.8441,19.8899,19.8441,19.86,5030
2013-11-29,19.86,19.86,19.86,19.86,0
2013-12-02,19.52,19.52,19.4,19.4,20440
2013-12-03,19.63,19.81,19.629,19.81,3200
2013-12-04,19.84,19.84,19.8,19.8,750
2013-12-05,19.9808,20.01,19.942,19.942,1500
2013-12-06,19.6,19.6,19.6,19.6,255
2013-12-09,19.52,19.52,19.35,19.39,9158
2013-12-10,19.63,19.63,19.55,19.61,1313
2013-12-11,19.65,19.74,19.65,19.7399,750
2013-12-12,19.4,19.4,19.39,19.39,1200
2013-12-13,19.42,19.45,19.4056,19.44,3102
2013-12-16,19.54,19.67,19.493,19.5,4030
2013-12-17,19.5399,19.6,19.5399,19.6,1500
2013-12-18,19.4,19.63,19.001,19.001,14099
2013-12-19,19.0,19.08,18.94,19.0,3069
2013-12-20,18.9899,19.13,18.9899,19.13,1520
2013-12-23,19.047,19.12,19.047,19.12,1430
2013-12-24,18.931,19.03,18.931,19.03,1924
2013-12-26,18.84,18.86,18.7801,18.86,692
2013-12-27,18.77,18.8,18.64,18.7,25174
2013-12-30,18.7,18.74,18.6899,18.72,5395
2013-12-31,18.67,18.75,18.5901,18.61,6821
2014-01-02,18.7899,18.85,18.72,18.836,5315
2014-01-03,18.98,18.98,18.87,18.87,4222
2014-01-06,18.75,19.1499,18.75,18.984,3065
2014-01-07,18.94,18.95,18.86,18.94,4552
2014-01-08,18.8,18.83,18.713,18.83,1660
2014-01-09,18.85,18.85,18.85,18.85,1000
2014-01-10,19.073,19.073,19.073,19.073,150
2014-01-13,19.46,19.5,19.33,19.5,7923
2014-01-14,19.24,19.24,19.0219,19.0219,1521
2014-01-15,18.97,18.97,18.86,18.86,2230
2014-01-16,18.95,18.95,18.95,18.95,940
2014-01-17,18.95,18.95,18.95,18.95,300
2014-01-21,18.94,19.02,18.9,19.02,2624
2014-01-22,18.94,18.98,18.92,18.96,1776
2014-01-23,19.2,19.4299,19.2,19.4,12097
2014-01-24,19.74,19.79,19.66,19.7899,5176
2014-01-27,19.61,19.78,19.5,19.62,9593
2014-01-28,19.48,19.48,19.421,19.421,1600
2014-01-29,19.72,19.88,19.72,19.75,6453
2014-01-30,19.6,19.6,19.538,19.538,1535
2014-01-31,19.77,19.83,19.6401,19.74,3476
2014-02-03,20.09,20.25,20.01,20.2,9952
2014-02-04,19.8,20.0,19.8,20.0,2340
2014-02-05,20.03,20.16,19.982,20.0584,6836
2014-02-06,19.86,19.86,19.7601,19.7601,1350
2014-02-07,19.65,19.65,19.587,19.65,1358
2014-02-10,19.78,19.78,19.68,19.69,1460
2014-02-11,19.5415,19.58,19.51,19.52,4605
2014-02-12,19.5601,19.61,19.5601,19.57,1609
2014-02-13,19.84,19.87,19.67,19.7,1920
2014-02-14,19.892,19.892,19.892,19.892,124
2014-02-18,19.72,19.72,19.6201,19.6475,5655
2014-02-19,19.73,19.765,19.6301,19.633,2601
2014-02-20,19.71,19.71,19.68,19.68,827
2014-02-21,19.57,19.57,19.48,19.5542,2355
2014-02-24,19.68,19.68,19.531,19.6,903
2014-02-25,19.81,19.81,19.69,19.69,274
2014-02-26,19.69,19.69,19.69,19.69,0
2014-02-27,19.773,19.8175,19.72,19.76,2563
2014-02-28,19.74,19.84,19.66,19.84,1643
2014-03-03,19.97,20.0599,19.96,20.0599,5373
2014-03-04,19.88,19.88,19.64,19.64,10601
2014-03-05,19.64,19.67,19.5796,19.66,8750
2014-03-06,19.4,19.41,19.3,19.36,5277
2014-03-07,19.14,19.2499,19.14,19.2276,722
2014-03-10,19.23,19.33,19.23,19.27,2128
2014-03-11,19.32,19.3601,19.32,19.36,1457
2014-03-12,19.5,19.58,19.466,19.474,2312
2014-03-13,19.54,19.89,19.54,19.88,4998
2014-03-14,20.0,20.08,19.99,20.08,5474
2014-03-17,19.94,19.9525,19.8432,19.8991,7820
2014-03-18,19.97,20.006,19.964,20.0,2459
2014-03-19,19.98,19.98,19.495,19.56,5552
2014-03-20,19.56,19.56,19.56,19.56,0
2014-03-21,19.56,19.56,19.56,19.56,52
2014-03-24,19.63,19.71,19.62,19.69,4846
2014-03-25,19.69,19.69,19.69,19.69,100
2014-03-26,19.6,19.6234,19.59,19.6234,3300
2014-03-27,19.6234,19.6234,19.6234,19.6234,0
2014-03-28,19.4501,19.4696,19.404,19.422,5761
2014-03-31,19.26,19.38,19.18,19.2901,1713
2014-04-01,19.19,19.19,19.09,19.1499,3850
2014-04-02,19.1,19.12,19.07,19.07,4468
2014-04-03,19.02,19.0799,18.952,19.021,3643
2014-04-04,19.0501,19.3,19.0501,19.3,2501
2014-04-07,19.3,19.3,19.3,19.3,340
2014-04-08,19.6801,19.9199,19.661,19.9199,7800
2014-04-09,19.79,19.8999,19.79,19.83,4632
2014-04-10,19.9799,19.99,19.92,19.97,3055
2014-04-11,20.0,20.0,19.9,19.99,2150
2014-04-14,19.79,19.9,19.78,19.8799,3848
2014-04-15,19.78,19.789,19.78,19.789,2121
2014-04-16,19.789,19.789,19.789,19.789,0
2014-04-17,19.63,19.635,19.6,19.632,2205
2014-04-21,19.47,19.47,19.47,19.47,308
2014-04-22,19.53,19.55,19.53,19.55,847
2014-04-23,19.61,19.63,19.6,19.63,425
2014-04-24,19.7,19.7,19.7,19.7,598
2014-04-25,19.75,19.75,19.69,19.7,16014
2014-04-28,19.64,19.6499,19.5,19.5,55617
2014-04-29,19.6,19.6,19.4805,19.5699,2506
2014-04-30,19.6499,19.72,19.6499,19.68,1930
2014-05-01,19.66,19.66,19.62,19.63,1170
2014-05-02,19.74,19.74,19.64,19.67,2120
2014-05-05,19.75,19.75,19.6805,19.6805,1700
2014-05-06,19.8601,19.9499,19.86,19.94,3397
2014-05-07,19.8055,19.889,19.75,19.889,900
2014-05-08,19.88,19.88,19.88,19.88,600
2014-05-09,19.7613,19.7613,19.75,19.75,700
2014-05-12,19.71,19.71,19.641,19.68,19564
2014-05-13,19.561,19.561,19.561,19.561,150
2014-05-14,19.561,19.561,19.561,19.561,0
2014-05-15,19.561,19.561,19.561,19.561,135
2014-05-16,19.8601,19.91,19.86,19.89,8075
2014-05-19,19.89,19.89,19.89,19.89,70
2014-05-20,20.1,20.1496,20.06,20.084600000000002,1545
2014-05-21,19.93,19.93,19.93,19.93,100
2014-05-22,19.8475,19.86,19.77,19.7856,2825
2014-05-23,19.8,19.8,19.8,19.8,100
2014-05-27,19.67,19.69,19.66,19.69,1093
2014-05-28,19.89,19.89,19.89,19.89,100
2014-05-29,19.833,19.8388,19.79,19.792,5845
2014-05-30,19.792,19.792,19.792,19.792,0
2014-06-02,19.66,19.66,19.59,19.59,2400
2014-06-03,19.56,19.58,19.47,19.47,11450
2014-06-04,19.47,19.47,19.41,19.41,425
2014-06-05,19.506,19.506,19.4501,19.4656,300
2014-06-06,19.47,19.55,19.47,19.55,250
2014-06-09,19.53,19.53,19.48,19.48,1000
2014-06-10,19.62,19.62,19.5205,19.5205,1190
2014-06-11,19.5205,19.5205,19.5205,19.5205,0
2014-06-12,19.740099999999998,19.79,19.740099999999998,19.79,700
2014-06-13,19.56,19.664,19.55,19.6505,2410
2014-06-16,19.6505,19.6505,19.6505,19.6505,0
2014-06-17,19.6505,19.6505,19.6505,19.6505,0
2014-06-18,19.64,19.64,19.64,19.64,900
2014-06-19,19.8,19.8001,19.72,19.73,2884
2014-06-20,19.61,19.67,19.6,19.6,3100
2014-06-23,19.6,19.75,19.6,19.69,536
2014-06-24,19.66,19.8,19.66,19.7,1903
2014-06-25,19.79,19.82,19.71,19.7101,1500
2014-06-26,19.85,19.85,19.71,19.71,900
2014-06-27,19.9,20.04,19.9,19.9,7992
2014-06-30,20.07,20.07,20.07,20.07,505
2014-07-01,19.95,19.95,19.86,19.86,2665
2014-07-02,19.86,19.86,19.86,19.86,0
2014-07-03,19.86,19.86,19.86,19.86,0
2014-07-07,19.7225,19.7225,19.7225,19.7225,200
2014-07-08,19.8,19.98,19.8,19.98,2052
2014-07-09,19.9599,19.9599,19.9599,19.9599,700
2014-07-10,19.9501,19.9765,19.95,19.9765,1101
2014-07-11,19.91,19.91,19.91,19.91,3820
2014-07-14,19.945,19.945,19.945,19.945,981
2014-07-15,19.87,19.93,19.87,19.93,1200
2014-07-16,19.93,19.93,19.93,19.93,0
2014-07-17,19.93,19.93,19.93,19.93,0
2014-07-18,19.93,19.93,19.93,19.93,0
2014-07-21,20.0499,20.05,19.98,20.03,2495
2014-07-22,20.0199,20.02,19.81,19.97,26881
2014-07-23,19.87,19.92,19.84,19.855,17200
2014-07-24,19.77,19.8101,19.701,19.75,11449
2014-07-25,19.74,19.856,19.74,19.856,1000
2014-07-28,19.86,19.86,19.75,19.75,2600
2014-07-29,19.76,19.76,19.76,19.76,9287
2014-07-30,19.59,19.59,19.32,19.32,5792
2014-07-31,19.3101,19.3101,19.31,19.31,700
2014-08-01,19.44,19.44,19.44,19.44,200
2014-08-04,19.44,19.44,19.44,19.44,0
2014-08-05,19.3301,19.48,19.3301,19.42,903
2014-08-06,19.66,19.759900000000002,19.66,19.759900000000002,900
2014-08-07,19.6599,19.68,19.6401,19.6501,1000
2014-08-08,19.6501,19.6501,19.6501,19.6501,25
2014-08-11,19.6501,19.6501,19.6501,19.6501,0
2014-08-12,19.6501,19.6501,19.6501,19.6501,0
2014-08-13,19.35,19.35,19.35,19.35,0
2014-08-14,19.35,19.35,19.35,19.35,0
2014-08-15,19.35,19.487,19.35,19.487,255
2014-08-18,19.35,19.35,19.35,19.35,0
2014-08-19,19.35,19.35,19.35,19.35,0
2014-08-20,19.12,19.1299,18.93,19.1,10900
2014-08-21,19.0,19.0,19.0,19.0,200
2014-08-22,18.96,18.96,18.9,18.9,4300
2014-08-25,18.93,18.9701,18.89,18.91,5690
2014-08-26,18.9499,18.98,18.85,18.85,5900
2014-08-27,18.9,18.9,18.9,18.9,127
2014-08-28,18.76,18.76,18.76,18.76,245
2014-08-29,18.76,18.76,18.76,18.76,0
2014-09-02,18.75,18.75,18.5,18.54,6456
2014-09-03,18.53,18.6,18.53,18.6,5350
2014-09-04,18.51,18.57,18.46,18.5699,5100
2014-09-05,18.55,18.56,18.55,18.56,2399
2014-09-08,18.4,18.4,18.15,18.15,4477
2014-09-09,18.18,18.18,18.12,18.12,660
2014-09-10,18.0,18.0,17.94,17.9899,970
2014-09-11,17.91,17.91,17.81,17.91,7074
2014-09-12,17.75,17.83,17.48,17.83,3809
2014-09-15,17.9,17.9,17.77,17.82,2600
2014-09-16,17.86,17.86,17.752,17.8,2400
2014-09-17,17.6301,17.65,17.58,17.58,650
2014-09-18,17.38,17.38,17.24,17.24,1300
2014-09-19,17.38,17.38,17.3399,17.3399,600
2014-09-22,17.29,17.337,17.287,17.287,4625
2014-09-23,17.2,17.3,17.2,17.298,1185
2014-09-24,17.32,17.32,17.26,17.26,1310
2014-09-25,17.34,17.4,17.34,17.4,2600
2014-09-26,17.22,17.22,17.0,17.03,2230
2014-09-29,17.21,17.21,17.09,17.1,870
2014-09-30,16.96,17.059,16.96,17.059,842
2014-10-01,16.51,17.1899,16.51,17.11,3330
2014-10-02,17.391,17.391,17.391,17.391,100
2014-10-03,16.4,17.04,16.4,17.04,2556
2014-10-06,17.02,17.32,17.02,17.32,6166
2014-10-07,17.4,17.5,17.37,17.5,2355
2014-10-08,17.43,17.43,17.29,17.35,2404
2014-10-09,17.55,17.604,17.5,17.55,1909
2014-10-10,17.6,17.6,17.558,17.558,6200
2014-10-13,17.66,17.808,17.4,17.808,16243
2014-10-14,17.76,17.81,17.76,17.76,565
2014-10-15,18.16,18.21,18.06,18.08,3378
2014-10-16,18.11,18.2,18.002,18.002,10642
2014-10-17,17.899,17.9,17.899,17.9,2200
2014-10-20,17.78,17.91,17.7,17.83,9338
2014-10-21,17.9599,17.9599,17.86,17.86,1300
2014-10-22,17.68,17.74,17.68,17.74,325
2014-10-23,17.46,17.46,17.41,17.41,300
2014-10-24,17.41,17.41,17.41,17.41,107
2014-10-27,17.5307,17.63,17.53,17.61,7870
2014-10-28,17.48,17.48,17.437,17.45,4375
2014-10-29,17.44,17.44,17.44,17.44,280
2014-10-30,17.12,17.17,17.0375,17.0375,5877
2014-10-31,16.2475,16.2475,16.0601,16.1599,4675
2014-11-03,15.8,15.8,15.66,15.79,7734
2014-11-04,15.8,15.89,15.74,15.7501,3244
2014-11-05,15.75,15.75,15.46,15.49,4802
2014-11-06,15.475,15.4925,15.4405,15.4405,2223
2014-11-07,15.45,15.51,15.42,15.51,5480
2014-11-10,15.63,15.63,15.51,15.53,1514
2014-11-11,15.29,15.29,15.19,15.2415,909
2014-11-12,15.32,15.37,15.1801,15.2499,1408
2014-11-13,15.22,15.22,15.1925,15.1925,530
2014-11-14,15.22,15.22,14.94,15.1,8343
2014-11-17,15.1,15.1,15.1,15.1,27
2014-11-18,15.0,15.0,14.88,14.88,1456
2014-11-19,14.7,14.72,14.58,14.58,4357
2014-11-20,14.57,14.6036,14.57,14.5901,2990
2014-11-21,14.72,14.73,14.68,14.73,4310
2014-11-24,14.61,14.61,14.5,14.5201,12166
2014-11-25,14.6001,14.65,14.5901,14.6254,3450
2014-11-26,14.75,14.75,14.68,14.7,2465
2014-11-28,14.76,14.76,14.47,14.47,2650
2014-12-01,14.63,14.65,14.52,14.57,5674
2014-12-02,14.28,14.34,14.28,14.3299,3636
2014-12-03,14.29,14.3,14.14,14.14,6461
2014-12-04,14.15,14.15,14.11,14.11,1592
2014-12-05,13.93,13.93,13.73,13.7785,16171
2014-12-08,14.16,14.16,13.88,13.92,4535
2014-12-09,14.21,14.58,14.21,14.25,8299
2014-12-10,14.39,14.67,14.37,14.67,12617
2014-12-11,14.1901,14.28,14.1901,14.249,4292
2014-12-12,14.3401,14.5414,14.32,14.4099,5606
2014-12-15,14.36,14.6599,14.355,14.62,5559
2014-12-16,15.0,15.01,14.64,14.7408,20259
2014-12-17,14.47,14.76,14.3691,14.3691,3724
2014-12-18,14.37,14.37,14.2201,14.282,8211
2014-12-19,14.23,14.25,14.12,14.1729,8490
2014-12-22,14.031,14.14,14.03,14.08,3380
2014-12-23,14.01,14.01,13.84,13.9,4207
2014-12-24,13.9,13.9,13.9,13.9,0
2014-12-26,14.08,14.08,13.964,13.99,1505
2014-12-29,13.903,13.906,13.9,13.906,655
2014-12-30,14.14,14.231,14.091,14.091,1046
2014-12-31,14.39,14.39,14.109,14.1199,9538
2015-01-02,14.0,14.045,13.9,14.0099,17270
2015-01-05,14.2,14.2,14.0401,14.08,2782
2015-01-06,14.19,14.4811,14.19,14.38,7086
2015-01-07,14.43,14.43,14.15,14.15,1613
2015-01-08,14.2,14.2,14.11,14.11,1312
2015-01-09,14.184,14.4099,14.184,14.4,5047
2015-01-12,14.42,14.478,14.4,14.46,14095
2015-01-13,14.325,14.55,14.325,14.55,4100
2015-01-14,14.8716,14.91,14.68,14.68,29417
2015-01-15,14.69,14.97,14.69,14.97,12807
2015-01-16,14.91,14.91,14.55,14.63,7176
2015-01-20,14.5,14.5,14.3022,14.34,16073
2015-01-21,14.6611,14.679,14.47,14.55,4477
2015-01-22,14.67,14.69,14.42,14.42,10747
2015-01-23,14.62,14.62,14.53,14.5899,5506
2015-01-26,14.52,14.52,14.42,14.42,1407
2015-01-27,14.621,14.69,14.52,14.54,9270
2015-01-28,14.5,14.72,14.5,14.719899999999999,14933
2015-01-29,14.59,14.59,14.46,14.47,1070
2015-01-30,14.541,14.75,14.541,14.73,58320
2015-02-02,14.63,14.82,14.6,14.6,64415
2015-02-03,14.6,14.6,14.6,14.6,0
2015-02-04,14.645,14.71,14.63,14.71,5181
2015-02-05,14.65,14.65,14.6236,14.628,1155
2015-02-06,14.24,14.27,14.141,14.25,119023
2015-02-09,14.42,14.42,14.31,14.346,1650
2015-02-10,14.13,14.17,14.13,14.1657,10783
2015-02-11,14.08,14.08,13.91,13.95,23281
2015-02-12,14.36,14.36,14.277,14.289,8408
2015-02-13,14.25,14.35,14.25,14.33,10120
2015-02-17,14.18,14.44,14.18,14.27,241135
2015-02-18,14.29,14.37,14.1725,14.37,26505
2015-02-19,14.32,14.32,14.2367,14.28,5321
2015-02-20,14.45,14.47,14.18,14.23,125546
2015-02-23,14.31,14.31,14.23,14.31,5301
2015-02-24,14.15,14.2545,14.0504,14.2545,2466
2015-02-25,14.23,14.2508,14.23,14.2401,2295
2015-02-26,14.4,14.4,14.1,14.1,3579
2015-02-27,14.1101,14.1101,14.05,14.0506,1934
2015-03-02,14.02,14.02,13.94,13.94,8271
2015-03-03,14.04,14.1,14.04,14.1,2696
2015-03-04,14.06,14.06,14.01,14.01,13399
2015-03-05,14.05,14.05,13.9296,13.99,13663
2015-03-06,13.89,13.92,13.54,13.8,181169
2015-03-09,13.75,13.7709,13.64,13.69,29872
2015-03-10,13.67,13.7685,13.67,13.74,9289
2015-03-11,13.6701,13.68,13.64,13.67,2051
2015-03-12,13.74,13.74,13.68,13.7,3266
2015-03-13,13.661,13.75,13.661,13.68,5850
2015-03-16,13.7599,13.7599,13.68,13.68,5318
2015-03-17,13.7144,13.7144,13.7144,13.7144,2005
2015-03-18,13.71,13.9582,13.7,13.9582,7430
2015-03-19,13.8,13.8062,13.77,13.77,1164
2015-03-20,13.82,13.95,13.82,13.95,1007
2015-03-23,14.03,14.09,14.01,14.068,7668
2015-03-24,14.068,14.068,14.068,14.068,192
2015-03-25,14.0901,14.0901,14.07,14.07,300
2015-03-26,14.19,14.2,14.1301,14.1301,4890
2015-03-27,14.14,14.2462,14.14,14.19,5212
2015-03-30,14.06,14.06,13.93,13.95,3843
2015-03-31,13.96,13.99,13.96,13.99,2501
2015-04-01,14.04,14.09,14.04,14.061,2751
2015-04-02,14.05,14.05,14.0201,14.0201,1550
2015-04-06,14.27,14.27,14.14,14.14,2095
2015-04-07,13.93,13.93,13.89,13.9,2180
2015-04-08,14.07,14.07,13.9585,13.9585,2991
2015-04-09,13.95,13.95,13.8128,13.8128,3934
2015-04-10,13.9499,13.9499,13.9001,13.9001,401
2015-04-13,13.901,13.95,13.901,13.95,342
2015-04-14,14.15,14.15,14.11,14.11,641
2015-04-15,14.1454,14.25,14.1454,14.25,8402
2015-04-16,14.24,14.24,14.16,14.206,2265
2015-04-17,14.2155,14.2155,14.2155,14.2155,184
2015-04-20,14.29,14.29,14.13,14.16,25529
2015-04-21,14.0,14.1,14.0,14.0552,12261
2015-04-22,14.02,14.03,13.97,14.01,11716
2015-04-23,13.99,14.1,13.99,14.1,3702
2015-04-24,14.2,14.2456,14.2,14.22,575
2015-04-27,14.16,14.23,14.12,14.196,10535
2015-04-28,14.2,14.26,14.2,14.25,10926
2015-04-29,14.2432,14.28,14.21,14.28,10928
2015-04-30,14.0699,14.08,13.9801,14.0499,4433
2015-05-01,13.95,13.972,13.9,13.929,6775
2015-05-04,13.9,13.93,13.89,13.92,5596
2015-05-05,13.95,13.99,13.95,13.99,698
2015-05-06,14.0701,14.1,14.0701,14.1,1654
2015-05-07,14.08,14.08,14.0,14.0176,8216
2015-05-08,14.01,14.01,13.98,14.0,788
2015-05-11,13.9999,13.9999,13.95,13.95,1494
2015-05-12,13.95,14.01,13.95,14.01,702
2015-05-13,14.14,14.1699,14.14,14.1615,2790
2015-05-14,14.18,14.18,14.13,14.16,3357
2015-05-15,14.0245,14.13,14.0245,14.13,718
2015-05-18,13.979,13.98,13.979,13.979,11513
2015-05-19,13.88,13.88,13.768,13.768,5840
2015-05-20,54.96,54.96,54.562,54.73,5927
2015-05-21,54.69,54.92,54.69,54.92,5081
2015-05-22,54.4,54.4,54.4,54.4,473
2015-05-26,52.89,53.189,52.83,53.07,9813
2015-05-27,52.55,52.55,52.3,52.48,2908
2015-05-28,52.1,52.41,52.01,52.41,1689
2015-05-29,52.2,52.24,52.114,52.17,2958
2015-06-01,52.22,52.22,51.55,51.55,1385
2015-06-02,52.02,52.34,52.02,52.15,1224
2015-06-03,51.87,52.12,51.87,51.88,841
2015-06-04,51.73,51.73,51.72,51.72,6727
2015-06-05,50.86,50.996,50.86,50.92,2071
2015-06-08,51.25,51.84,51.25,51.84,1971
2015-06-09,52.02,52.06,51.8908,51.96,3612
2015-06-10,53.33,53.37,53.2,53.34,6182
2015-06-11,52.5,52.52,52.47,52.47,1007
2015-06-12,52.75,52.75,52.64,52.65,720
2015-06-15,52.72,52.72,52.65,52.71,1093
2015-06-16,52.68,52.72,52.66,52.66,1375
2015-06-17,52.22,52.71,51.84,52.64,3487
2015-06-18,53.21,53.21,52.9,53.04,8994
2015-06-19,53.2689,53.4,53.18,53.18,1747
2015-06-22,52.93,53.1,52.681,52.73,2116
2015-06-23,52.35,52.43,52.16,52.16,3418
2015-06-24,52.09,52.3,51.83,52.3,2995
2015-06-25,52.54,52.65,52.38,52.41,8470
2015-06-26,52.25,52.38,52.25,52.37,6436
2015-06-29,53.43,53.44,53.37,53.37,1162
2015-06-30,53.62,53.71,53.56,53.61,8676
2015-07-01,52.96,52.96,52.78,52.78,710
2015-07-02,52.87,52.87,52.87,52.87,102
2015-07-06,53.23,53.45,53.23,53.45,6396
2015-07-07,53.51,53.64,53.4,53.4,3192
2015-07-08,53.98,55.1092,53.98,54.97,7304
2015-07-09,54.34,54.53,54.34,54.414,5284
2015-07-10,53.23,53.32,53.02,53.11,3634
2015-07-13,52.5,52.65,52.5,52.6,1505
2015-07-14,52.66,52.6699,52.66,52.6699,538
2015-07-15,52.6699,52.6699,52.6699,52.6699,364
2015-07-16,52.0288,52.12,51.9,52.0,4262
2015-07-17,52.06,52.07,52.06,52.07,421
2015-07-20,51.79,51.92,51.79,51.83,1324
2015-07-21,51.71,51.71,51.71,51.71,783
2015-07-22,51.71,51.71,51.71,51.71,3
2015-07-23,51.71,51.71,51.71,51.71,204
2015-07-24,52.16,52.2,52.16,52.2,311
2015-07-27,52.2,52.2,52.2,52.2,192
2015-07-28,52.2,52.2,52.2,52.2,25
2015-07-29,52.18,52.18,52.18,52.18,668
2015-07-30,51.681,51.717,51.66,51.66,4408
2015-07-31,51.66,51.66,51.66,51.66,2
2015-08-03,51.66,51.66,51.66,51.66,92
2015-08-04,52.0,52.0,52.0,52.0,402
2015-08-05,51.5,51.5,51.5,51.5,403
2015-08-06,51.5,51.5,51.5,51.5,0
2015-08-07,51.5,51.5,51.5,51.5,44
2015-08-10,51.5,51.5,51.5,51.5,100
2015-08-11,51.33,51.33,51.0799,51.0799,800
2015-08-12,51.0799,51.0799,51.0799,51.0799,145
2015-08-13,51.61,51.61,51.58,51.58,550
2015-08-14,51.7635,51.7635,51.7635,51.7635,250
2015-08-17,51.7635,51.7635,51.7635,51.7635,0
2015-08-18,51.7635,51.7635,51.7635,51.7635,0
2015-08-19,51.6499,51.6499,51.6499,51.6499,150
2015-08-20,51.6499,51.6499,51.6499,51.6499,0
2015-08-21,53.54,53.7401,53.46,53.55,3349
2015-08-24,58.07,58.07,56.3701,56.73,6640
2015-08-25,55.8199,56.5,55.6101,56.5,825
2015-08-26,55.56,56.25,55.45,55.45,2823
2015-08-27,54.862,54.9295,54.575,54.598,5213
2015-08-28,54.68,54.68,54.68,54.68,270
2015-08-31,54.3,54.3,54.3,54.3,291
2015-09-01,55.33,55.33,55.33,55.33,100
2015-09-02,55.2699,55.2699,55.2699,55.2699,301
2015-09-03,55.281,55.49,55.281,55.45,752
2015-09-04,56.12,56.434,55.99,56.28,3000
2015-09-08,56.28,56.28,56.28,56.28,30
2015-09-09,54.3966,54.8099,54.3966,54.76,1288
2015-09-10,54.5701,54.83,54.5701,54.83,700
2015-09-11,54.9,54.9,54.9,54.9,125
2015-09-14,55.3599,55.3599,55.25,55.25,1135
2015-09-15,55.51,55.51,54.9899,54.9899,1979
2015-09-16,55.02,55.02,54.7785,54.7785,3240
2015-09-17,54.5199,55.45,54.5199,55.42,8810
2015-09-18,55.93,55.95,55.3301,55.3301,785
2015-09-21,54.8524,54.8701,54.8524,54.8701,4332
2015-09-22,54.8701,54.8701,54.8701,54.8701,247
2015-09-23,54.91,54.91,54.91,54.91,195
2015-09-24,55.9918,56.03,55.32,55.32,737
2015-09-25,55.32,55.32,55.32,55.32,100
2015-09-28,55.32,55.32,55.32,55.32,229
2015-09-29,55.35,55.48,55.35,55.48,470
2015-09-30,55.21,55.38,55.1906,55.38,830
2015-10-01,55.729,55.729,55.729,55.729,125
2015-10-02,56.1249,56.15,55.24,55.2439,4850
2015-10-05,55.09,55.09,54.9128,55.005,1727
2015-10-06,54.87,55.06,54.852,54.991,3927
2015-10-07,54.991,54.991,54.991,54.991,0
2015-10-08,55.34,55.35,55.262,55.29,4275
2015-10-09,55.1,55.1,55.06,55.07,2780
2015-10-12,55.2,55.4,55.1,55.4,5568
2015-10-13,55.61,55.61,55.41,55.58,6209
2015-10-14,55.95,56.51,55.82,56.41,1602
2015-10-15,56.63,56.88,56.36,56.36,16774
2015-10-16,56.244,56.244,55.692,55.8,20840
2015-10-19,55.8,55.8,55.79,55.79,1445
2015-10-20,55.4001,55.4001,55.36,55.36,444
2015-10-21,55.15,55.15,55.15,55.15,127
2015-10-22,55.15,55.15,55.15,55.15,69
2015-10-23,54.1,54.21,54.1,54.21,1202
2015-10-26,54.46,54.461,54.23,54.23,1225
2015-10-27,54.94,54.94,54.94,54.94,100
2015-10-28,54.83,54.83,54.83,54.83,835
2015-10-29,54.18,54.18,54.1701,54.1701,300
2015-10-30,54.61,54.61,54.608,54.608,500
2015-11-02,54.608,54.608,54.608,54.608,50
2015-11-03,54.08,54.31,54.08,54.27,5545
2015-11-04,53.69,53.711,53.69,53.711,200
2015-11-05,53.6,53.6,53.59,53.59,537
2015-11-06,52.67,52.729,52.3,52.32,5610
2015-11-09,52.32,52.32,52.32,52.32,216
2015-11-10,52.2,52.21,52.2,52.21,775
2015-11-11,52.21,52.21,52.21,52.21,0
2015-11-12,52.21,52.21,52.21,52.21,0
2015-11-13,52.62,52.62,52.54,52.58,2201
2015-11-16,52.43,52.43,52.43,52.43,169
2015-11-17,52.43,52.43,52.43,52.43,0
2015-11-18,52.07,52.1,52.07,52.09,4201
2015-11-19,52.625,52.625,52.62,52.62,6066
2015-11-20,52.62,52.62,52.62,52.62,0
2015-11-23,52.54,52.65,52.471,52.65,1775
2015-11-24,52.92,52.92,52.92,52.92,527
2015-11-25,52.92,52.92,52.92,52.92,0
2015-11-27,52.92,52.92,52.92,52.92,0
2015-11-30,52.92,52.92,52.92,52.92,0
2015-12-01,52.5745,52.5745,52.57,52.57,465
2015-12-02,52.57,52.57,52.57,52.57,4
2015-12-03,52.18,52.18,52.18,52.18,2650
2015-12-04,52.35,52.51,52.24,52.25,3000
2015-12-07,52.1713,52.1713,52.1713,52.1713,210
2015-12-08,52.1713,52.1713,52.1713,52.1713,55
2015-12-09,53.1285,53.85,53.1285,53.85,6183
2015-12-10,53.7,53.7,53.7,53.7,1256
2015-12-11,54.01,54.39,53.93,54.318,8122
2015-12-14,54.43,54.72,54.27,54.67,6412
2015-12-15,53.85,53.85,53.53,53.53,2973
2015-12-16,53.42,53.59,53.0,53.59,8900
2015-12-17,52.69,52.76,52.53,52.61,6895
2015-12-18,53.61,53.97,53.61,53.97,1539
2015-12-21,53.95,54.19,53.95,54.04,1988
2015-12-22,54.16,54.36,54.09,54.1,6093
2015-12-23,54.1,54.1,54.1,54.1,102
2015-12-24,54.62,54.68,54.62,54.68,269
2015-12-28,54.7,54.7,54.6301,54.6301,687
2015-12-29,54.6301,54.6301,54.6301,54.6301,10
2015-12-30,54.349,54.349,54.349,54.349,210
2015-12-31,54.62,54.6999,54.62,54.6999,206
2016-01-04,55.68,55.7709,55.603,55.603,3406
2016-01-05,55.78,55.99,55.78,55.83,3720
2016-01-06,56.18,56.3893,56.16,56.3893,7600
2016-01-07,56.97,57.24,56.7133,57.16,3241
2016-01-08,56.7201,57.26,56.6201,57.26,5347
2016-01-11,56.88,57.5668,56.88,57.08,6847
2016-01-12,57.0,57.1,56.8,57.04,2501
2016-01-13,56.67,56.85,56.4301,56.85,2310
2016-01-14,57.25,57.28,56.67,56.68,4529
2016-01-15,57.669,58.01,57.66,57.76,5611
2016-01-19,57.03,57.2718,56.9,57.2718,2471
2016-01-20,58.241,58.3963,57.95,57.95,4505
2016-01-21,57.6,57.6,57.31,57.31,530
2016-01-22,56.36,56.39,56.17,56.228,4651
2016-01-25,56.31,56.31,56.31,56.31,337
2016-01-26,56.21,56.37,56.1827,56.37,2442
2016-01-27,56.21,56.21,56.21,56.21,518
2016-01-28,55.8401,55.98,55.8401,55.9709,634
2016-01-29,53.61,53.81,53.3822,53.81,9626
2016-02-01,54.05,54.05,53.79,53.8989,861
2016-02-02,54.44,54.879,54.44,54.879,1013
2016-02-03,55.49,57.35,55.49,56.98,9966
2016-02-04,57.62,58.0,57.47,58.0,2475
2016-02-05,57.47,57.65,57.47,57.65,5823
2016-02-08,58.39,59.2299,58.39,59.0099,3041
2016-02-09,60.15,60.15,59.5556,59.6,6186
2016-02-10,60.02,61.458,59.5001,61.35,8880
2016-02-11,62.6,63.079,62.32,62.47,10142
2016-02-12,61.79,61.92,61.24,61.4099,4019
2016-02-16,60.74,60.78,60.68,60.7475,1806
2016-02-17,60.33,60.7676,60.272,60.7676,2481
2016-02-18,60.91,61.5,60.91,61.4108,8119
2016-02-19,61.8,62.35,61.8,62.15,9431
2016-02-22,61.51,61.97,61.51,61.97,4085
2016-02-23,62.47,62.75,62.47,62.67,15969
2016-02-24,63.1,63.829,63.1,63.4917,4171
2016-02-25,62.07,62.12,61.8726,61.9,9641
2016-02-26,61.18,61.21,60.55,60.56,11547
2016-02-29,61.27,61.79,61.27,61.79,1120
2016-03-01,61.54,61.573,60.47,60.47,10889
2016-03-02,60.59,61.01,60.59,60.98,6993
2016-03-03,60.75,60.83,60.75,60.83,1135
2016-03-04,61.35,61.35,60.51,60.57,1680
2016-03-07,60.9669,61.0,60.89,61.0,9557
2016-03-08,61.92,62.1999,61.92,62.11,3123
2016-03-09,61.76,61.8,61.52,61.64,5125
2016-03-10,60.76,61.3,60.75,61.3,1521
2016-03-11,60.907,61.174,60.8,60.83,1156
2016-03-14,60.82,60.82,60.82,60.82,2824
2016-03-15,61.7,61.7,61.7,61.7,861
2016-03-16,61.25,62.0217,61.25,62.0217,658
2016-03-17,63.05,63.31,63.05,63.31,637
2016-03-18,63.28,63.28,63.2532,63.2532,362
2016-03-21,63.05,63.05,62.88,62.92,4305
2016-03-22,62.21,62.2101,62.21,62.2101,601
2016-03-23,62.0,62.0099,61.855,61.855,635
2016-03-24,61.86,61.8601,61.86,61.8601,1060
2016-03-28,61.28,61.28,61.1599,61.16,3587
2016-03-29,61.794,61.794,61.794,61.794,204
2016-03-30,61.9214,61.9214,61.9214,61.9214,322
2016-03-31,62.08,62.08,61.977,61.977,2713
2016-04-01,61.977,61.977,61.977,61.977,191
2016-04-04,63.4201,63.43,63.4201,63.43,520
2016-04-05,64.24,64.5299,64.23,64.2501,6332
2016-04-06,64.81,65.25,64.49,65.25,4040
2016-04-07,67.05,67.57,66.718,66.76,11010
2016-04-08,66.38,67.0482,66.38,67.0482,2221
2016-04-11,66.89,67.42,66.89,67.3243,2080
2016-04-12,66.6205,66.6205,66.4901,66.5029,1305
2016-04-13,65.8,65.8477,65.67,65.725,4937
2016-04-14,65.88,65.952,65.66,65.72,3171
2016-04-15,66.01,66.43,66.01,66.35,4812
2016-04-18,66.46,66.46,66.1501,66.27,1367
2016-04-19,65.67,65.87,65.67,65.77,4248
2016-04-20,65.4683,65.4683,64.8801,64.931,4422
2016-04-21,64.97,65.317,64.97,65.317,982
2016-04-22,63.2333,63.2333,62.7555,62.88,3386
2016-04-25,63.22,63.575,63.22,63.34,3167
2016-04-26,63.18,63.18,63.07,63.07,375
2016-04-27,63.1272,63.1272,63.1,63.1,1182
2016-04-28,66.15,66.96,66.15,66.96,2747
2016-04-29,67.97,68.59,67.7499,68.59,3545
2016-05-02,68.59,68.8686,68.57,68.858,4459
2016-05-03,69.4801,69.4801,68.845,68.845,6347
2016-05-04,68.845,68.845,68.845,68.845,62
2016-05-05,68.845,68.845,68.845,68.845,114
2016-05-06,68.62,68.62,68.3,68.4,7300
2016-05-09,66.4011,66.4801,66.2958,66.2958,813
2016-05-10,65.57,65.8,65.26,65.26,1233
2016-05-11,65.26,65.26,65.26,65.26,135
2016-05-12,65.68,66.01,65.68,65.8199,9232
2016-05-13,65.5,65.58,65.48,65.58,5977
2016-05-16,65.88,65.88,65.763,65.763,1015
2016-05-17,65.745,65.745,65.58,65.6799,688
2016-05-18,64.8001,64.8001,64.43,64.43,667
2016-05-19,64.49,64.65,64.49,64.5,2270
2016-05-20,64.5,64.5,64.5,64.5,50
2016-05-23,65.15,65.31,65.14,65.31,3583
2016-05-24,64.4118,64.4118,64.4,64.4001,2186
2016-05-25,64.2248,64.2248,64.2248,64.2248,100
2016-05-26,64.75,64.75,64.75,64.75,100
2016-05-27,64.4936,64.4936,63.851,63.851,262
2016-05-31,63.1,63.26,63.1,63.25,1985
2016-06-01,65.26,65.26,64.88,64.9505,1685
2016-06-02,66.35,66.35,65.6699,65.7501,1501
2016-06-03,67.5,68.57,67.5,68.301,4733
2016-06-06,68.05,68.05,67.39,67.544,1272
2016-06-07,67.544,67.544,67.544,67.544,80
2016-06-08,68.11,68.11,68.11,68.11,170
2016-06-09,68.82,68.82,68.205,68.232,2235
2016-06-10,68.42,68.42,68.05,68.2884,1852
2016-06-13,69.3,69.3,68.7438,68.9116,1820
2016-06-14,69.66,69.66,69.13,69.14,2153
2016-06-15,69.14,69.8899,69.14,69.8899,1050
2016-06-16,71.99,72.1092,71.07,71.3,8293
2016-06-17,71.36,71.36,71.36,71.36,178
2016-06-20,71.1187,72.07,71.0964,72.0699,7060
2016-06-21,70.71,70.81,70.49,70.49,1895
2016-06-22,70.9668,71.0817,70.9668,71.0817,552
2016-06-23,69.5836,69.5836,69.18,69.4499,1110
2016-06-24,74.88,74.88,73.67,74.03,12884
2016-06-27,75.1868,75.24,74.794,74.794,5141
2016-06-28,73.78,73.8761,73.47,73.59,1324
2016-06-29,73.35,73.5,73.3401,73.5,981
2016-06-30,72.69,72.7789,72.69,72.71,1225
2016-07-01,73.65,73.86,73.5,73.8396,4902
2016-07-05,75.1,75.17,74.9399,74.9399,1435
2016-07-06,75.98,76.23,75.24,75.24,3605
2016-07-07,76.35,76.449,76.3201,76.3201,1267
2016-07-08,76.87,76.87,76.6929,76.6929,622
2016-07-11,73.835,73.835,73.35,73.4049,2527
2016-07-12,70.95,71.0,70.28,70.29,5329
2016-07-13,70.64,71.2372,70.64,71.2372,450
2016-07-14,69.1502,69.81,69.1,69.51,5060
2016-07-15,69.245,69.4001,69.245,69.4001,793
2016-07-18,68.9,68.9,68.9,68.9,129
2016-07-19,68.4885,68.69,68.4885,68.69,1062
2016-07-20,67.87,67.87,67.51,67.58,1052
2016-07-21,68.782,69.2299,68.782,69.1999,1377
2016-07-22,68.86,68.86,68.79,68.82,2578
2016-07-25,68.82,68.82,68.82,68.82,116
2016-07-26,70.88,70.89,70.384,70.46,1627
2016-07-27,69.0699,69.07,69.0699,69.0699,616
2016-07-28,70.23,70.35,69.5,69.5,7691
2016-07-29,72.98,74.11,72.7889,74.11,18919
2016-08-01,73.66,73.91,73.41,73.66,9011
2016-08-02,75.09,75.8571,75.09,75.85,4341
2016-08-03,75.16,75.24,74.74,75.24,2000
2016-08-04,75.31,75.31,75.31,75.31,160
2016-08-05,74.3,74.38,74.1201,74.36,2614
2016-08-08,73.14,73.53,73.14,73.53,2025
2016-08-09,74.34,74.34,74.21,74.29,370
2016-08-10,75.13,75.13,75.13,75.13,454
2016-08-11,75.23,75.23,75.23,75.23,178
2016-08-12,75.23,75.23,75.23,75.23,36
2016-08-15,75.23,75.23,75.23,75.23,248
2016-08-16,76.58,76.58,76.292,76.46,3763
2016-08-17,76.46,76.46,76.46,76.46,197
2016-08-18,77.0,77.145,77.0,77.07,911
2016-08-19,77.07,77.07,77.07,77.07,138
2016-08-22,76.41,76.5406,76.41,76.5327,443
2016-08-23,76.5327,76.5327,76.5327,76.5327,59
2016-08-24,76.5327,76.5327,76.5327,76.5327,136
2016-08-25,76.5327,76.5327,76.5327,76.5327,144
2016-08-26,76.43,76.43,74.16,74.16,4933
2016-08-29,73.36,73.96,73.36,73.96,1602
2016-08-30,73.96,73.96,73.96,73.96,340
2016-08-31,71.85,71.9,71.76,71.8194,1416
2016-09-01,72.03,72.03,72.03,72.03,473
2016-09-02,71.62,71.62,71.62,71.62,847
2016-09-06,73.47,73.47,73.47,73.47,349
2016-09-07,73.47,73.47,73.47,73.47,1
2016-09-08,74.03,74.44,73.1,73.1,8926
2016-09-09,72.3091,72.3091,72.3091,72.3091,200
2016-09-12,72.3091,72.3091,72.3091,72.3091,123
2016-09-13,73.38,73.65,73.38,73.62,2752
2016-09-14,73.62,73.62,73.62,73.62,0
2016-09-15,73.62,73.62,73.62,73.62,0
2016-09-16,73.62,73.62,73.62,73.62,70
2016-09-19,74.115,74.2,74.115,74.2,609
2016-09-20,73.982,73.982,73.982,73.982,401
2016-09-21,75.3,76.0862,75.3,76.0862,1735
2016-09-22,75.84,75.84,75.4776,75.4776,232
2016-09-23,75.4776,75.4776,75.4776,75.4776,15
2016-09-26,76.15,76.15,76.15,76.15,311
2016-09-27,76.0701,76.104,76.0701,76.104,352
2016-09-28,76.104,76.104,76.104,76.104,70
2016-09-29,74.3452,74.3452,74.28,74.28,1696
2016-09-30,74.42,74.48,74.42,74.48,2013
2016-10-03,74.48,74.48,74.48,74.48,62
2016-10-04,72.9,72.9,72.9,72.9,359
2016-10-05,71.4308,71.4308,71.3,71.3338,1015
2016-10-06,70.8,70.88,70.71,70.88,732
2016-10-07,71.6,71.9361,71.6,71.9361,1320
2016-10-10,71.1,71.1,71.1,71.1,1075
2016-10-11,71.1,71.1,71.1,71.1,76
2016-10-12,70.8944,70.896,70.1318,70.1318,766
2016-10-13,71.15,71.15,71.15,71.15,130
2016-10-14,71.15,71.15,71.15,71.15,0
2016-10-17,70.5301,70.5301,70.5301,70.5301,169
2016-10-18,70.5301,70.5301,70.5301,70.5301,0
2016-10-19,70.5301,70.5301,70.5301,70.5301,1
2016-10-20,70.76,70.76,70.5844,70.5844,325
2016-10-21,71.13,71.13,70.79,70.79,801
2016-10-24,70.79,70.79,70.79,70.79,75
2016-10-25,69.52,70.2997,69.52,70.2997,710
2016-10-26,70.2997,70.2997,70.2997,70.2997,0
2016-10-27,69.458,69.458,68.92,68.92,1967
2016-10-28,69.01,69.8,68.7824,69.8,1857
2016-10-31,69.3,69.3,69.3,69.3,339
2016-11-01,70.22,70.22,70.22,70.22,215
2016-11-02,71.59,71.59,71.59,71.59,172
2016-11-03,71.87,72.13,71.87,72.13,1016
2016-11-04,72.0,72.02,72.0,72.02,354
2016-11-07,69.93,69.93,69.93,69.93,188
2016-11-08,69.02,69.02,69.02,69.02,569
2016-11-09,70.1054,70.2,68.18,68.18,3426
2016-11-10,66.81,67.1693,66.696,66.7427,1843
2016-11-11,67.38,67.38,66.957,66.957,2065
2016-11-14,65.26,65.287,64.84,64.9591,2003
2016-11-15,64.5,64.5,63.95,63.95,5424
2016-11-16,64.01,64.0908,63.829,64.0908,3886
2016-11-17,63.6,63.63,63.02,63.02,1283
2016-11-18,62.63,62.757,62.0,62.0,8333
2016-11-21,61.87,61.89,61.8198,61.85,1219
2016-11-22,61.85,61.89,61.51,61.72,4520
2016-11-23,60.46,60.46,59.7433,60.14,4168
2016-11-25,59.97,59.97,59.5,59.5,5566
2016-11-28,60.27,60.55,60.26,60.41,2742
2016-11-29,59.72,60.2594,59.72,60.2594,3225
2016-11-30,59.21,59.21,58.0,58.22,2522
2016-12-01,57.85,58.54,57.85,58.4178,2383
2016-12-02,58.923,58.923,58.7224,58.8,2952
2016-12-05,58.3,59.01,57.6801,58.722,2347
2016-12-06,58.522,58.522,58.428,58.428,452
2016-12-07,58.38,58.99,58.38,58.5701,2411
2016-12-08,58.35,58.41,58.25,58.281,3090
2016-12-09,57.54,57.59,57.13,57.302,6258
2016-12-12,57.13,57.49,57.13,57.49,619
2016-12-13,57.3858,57.3858,57.1501,57.35,1212
2016-12-14,57.4,57.41,55.1763,55.2,10920
2016-12-15,54.54,54.6716,54.0,54.38,6869
2016-12-16,54.7,54.7,54.56,54.56,460
2016-12-19,55.33,55.61,55.22,55.25,6316
2016-12-20,54.27,54.6599,54.27,54.65,2565
2016-12-21,54.9202,54.98,54.67,54.67,3108
2016-12-22,55.02,55.02,54.73,54.85,3276
2016-12-23,55.18,55.2399,55.18,55.18,1153
2016-12-27,56.0,56.0,54.88,54.9707,934
2016-12-28,56.0,56.0,54.8936,54.98,2408
2016-12-29,55.2,56.1,55.2,55.93,2695
2016-12-30,55.595,55.67,55.4901,55.52,5594
2017-01-03,54.7,54.83,53.5,54.115,7866
2017-01-04,54.8603,55.0999,54.5933,54.88,2396
2017-01-05,56.165,56.73,56.165,56.6706,4284
2017-01-06,55.72,55.74,55.2,55.2003,3809
2017-01-09,55.87,56.02,55.87,56.02,370
2017-01-10,56.15,56.8,56.15,56.48,5465
2017-01-11,55.97,57.8099,55.35,56.9124,14287
2017-01-12,58.16,58.16,57.4,57.57,20933
2017-01-13,57.07,57.58,56.91,57.5,2283
2017-01-17,58.8701,59.54,58.8701,59.54,4317
2017-01-18,58.85,58.85,57.74,57.74,977
2017-01-19,56.8714,57.2186,56.5,57.18,2296
2017-01-20,57.13,57.68,57.09,57.5643,2823
2017-01-23,58.2716,59.16,58.2716,59.16,2683
2017-01-24,58.87,59.13,58.48,58.48,6939
2017-01-25,58.36,58.5,58.11,58.5,10996
2017-01-26,57.85,57.85,57.3,57.55,2268
2017-01-27,56.95,57.0,56.834,56.8901,5850
2017-01-30,58.1489,58.3827,58.1489,58.3827,817
2017-01-31,59.24,59.63,58.86,59.3319,3988
2017-02-01,58.2,59.17,58.1,58.78,2304
2017-02-02,59.56,59.72,59.23,59.23,3657
2017-02-03,59.73,59.73,59.52,59.52,1544
2017-02-06,59.85,60.3,59.52,60.21,4113
2017-02-07,59.79,60.13,59.53,59.84,2531
2017-02-08,60.04,60.04,60.04,60.04,292
2017-02-09,59.6,59.74,58.66,58.67,3590
2017-02-10,58.5,58.57,58.49,58.57,1032
2017-02-13,57.98,58.25,57.9,58.25,6362
2017-02-14,58.0,58.0,57.59,57.59,1228
2017-02-15,57.59,57.59,57.59,57.59,230
2017-02-16,58.51,58.65,58.51,58.63,1041
2017-02-17,58.98,59.04,58.98,59.0,784
2017-02-21,59.0,59.0,59.0,59.0,160
2017-02-22,58.91,58.91,58.91,58.91,491
2017-02-23,59.18,59.27,59.18,59.27,478
2017-02-24,59.56,59.94,59.5,59.82,1746
2017-02-27,59.1,59.1,59.1,59.1,157
2017-02-28,59.8,60.1,59.48,59.52,2394
2017-03-01,57.99,58.15,57.94,58.15,1503
2017-03-02,57.5,57.5,57.22,57.34,3149
2017-03-03,57.32,57.5,57.07,57.5,1890
2017-03-06,57.93,57.93,57.93,57.93,155
2017-03-07,57.7,57.77,57.7,57.77,800
2017-03-08,57.77,57.77,57.77,57.77,30
2017-03-09,56.9,56.9,56.8,56.8,1678
2017-03-10,57.01,57.01,57.01,57.01,227
2017-03-13,56.86,57.0,56.86,57.0,459
2017-03-14,57.03,57.03,57.03,57.03,112
2017-03-15,57.03,58.37,56.98,58.37,6642
2017-03-16,58.35,58.35,58.35,58.35,1000
2017-03-17,59.18,59.18,59.04,59.04,7875
2017-03-20,59.1,59.11,59.1,59.1,500
2017-03-21,59.61,60.25,59.61,60.2,2590
2017-03-22,61.05,61.05,60.87,60.87,2097
2017-03-23,61.09,61.15,60.92,60.97,7979
2017-03-24,60.87,61.0,60.87,61.0,837
2017-03-27,61.58,61.58,61.19,61.19,1688
2017-03-28,61.55,61.55,60.61,60.61,3398
2017-03-29,60.83,60.83,60.8,60.8,460
2017-03-30,59.85,59.92,59.84,59.88,5896
2017-03-31,60.11,60.19,60.11,60.19,351
2017-04-03,60.24,60.8,60.24,60.8,633
2017-04-04,61.2,61.24,61.04,61.07,1235
2017-04-05,60.39,61.0,60.39,61.0,2467
2017-04-06,61.05,61.05,61.0,61.0,2135
2017-04-07,60.36,60.36,60.31,60.31,480
2017-04-10,60.44,60.51,60.44,60.49,1913
2017-04-11,61.48,62.21,61.48,62.08,2721
2017-04-12,62.3,62.77,62.21,62.77,5303
2017-04-13,62.68,62.79,62.59,62.79,1857
2017-04-17,63.41,63.67,63.08,63.08,1817
2017-04-18,63.08,63.08,63.08,63.08,277
2017-04-19,62.76,63.22,62.76,63.22,989
2017-04-20,62.54,62.65,62.37,62.54,855
2017-04-21,62.54,62.54,62.54,62.54,181
2017-04-24,61.76,61.76,61.76,61.76,279
2017-04-25,60.75,60.75,60.75,60.75,171
2017-04-26,60.75,60.75,60.75,60.75,28
2017-04-27,59.91,60.43,59.91,60.43,398
2017-04-28,59.99,59.99,59.99,59.99,3046
2017-05-01,60.07,60.07,59.67,59.74,3765
2017-05-02,59.4,59.4,59.4,59.4,626
2017-05-03,59.09,59.22,58.75,58.77,4112
2017-05-04,58.75,58.95,58.67,58.95,1482
2017-05-05,58.78,58.78,58.78,58.78,349
2017-05-08,58.7,58.7,58.37,58.4,582
2017-05-09,57.25,57.3,57.09,57.09,2056
2017-05-10,57.4,57.5,57.12,57.18,3415
2017-05-11,57.63,57.63,57.49,57.56,635
2017-05-12,58.04,58.04,58.01,58.01,1025
2017-05-15,57.92,57.92,57.65,57.65,4873
2017-05-16,58.31,58.31,58.17,58.17,2109
2017-05-17,59.69,60.51,59.65,60.51,1775
2017-05-18,60.3,60.6,60.27,60.6,2889
2017-05-19,60.23,60.24,60.06,60.06,2799
2017-05-22,60.18,60.18,60.18,60.18,471
2017-05-23,59.83,59.83,59.83,59.83,665
2017-05-24,59.31,59.76,59.31,59.76,400
2017-05-25,59.61,59.61,59.61,59.61,2010
2017-05-26,60.04,60.07,60.0,60.0,1523
2017-05-30,60.5,60.69,60.5,60.69,353
2017-05-31,60.69,60.69,60.69,60.69,55
2017-06-01,59.86,59.96,59.86,59.92,4692
2017-06-02,60.95,60.95,60.95,60.95,465
2017-06-05,61.02,61.02,60.98,60.98,561
2017-06-06,62.01,62.09,62.01,62.04,3216
2017-06-07,61.69,61.69,61.68,61.68,4003
2017-06-08,61.43,61.54,61.27,61.54,2424
2017-06-09,61.29,61.29,61.29,61.29,1255
2017-06-12,61.29,61.29,61.29,61.29,1208
2017-06-13,61.55,61.55,61.55,61.55,311
2017-06-14,61.77,61.88,61.77,61.88,1301
2017-06-15,61.88,61.88,61.88,61.88,251
2017-06-16,60.29,60.63,60.29,60.63,665
2017-06-19,60.01,60.01,59.75,59.78,1292
2017-06-20,59.78,59.78,59.78,59.78,72
2017-06-21,59.78,59.78,59.78,59.78,1438
2017-06-22,59.78,59.78,59.78,59.78,6
2017-06-23,60.02,60.08,60.02,60.08,430
2017-06-26,60.08,60.08,60.08,60.08,1
2017-06-27,59.18,59.18,59.1,59.1,668
2017-06-28,59.1,59.1,59.1,59.1,45
2017-06-29,59.1,59.1,59.1,59.1,0
2017-06-30,59.1,59.1,59.1,59.1,39
2017-07-03,57.89,57.91,57.7,57.7,1559
2017-07-05,57.96,57.96,57.95,57.95,903
2017-07-06,57.95,57.95,57.95,57.95,307
2017-07-07,57.0,57.23,56.92,57.23,858
2017-07-10,56.88,56.95,56.88,56.95,2980
2017-07-11,56.8,56.91,56.79,56.91,1073
2017-07-12,57.88,57.94,57.88,57.93,1414
2017-07-13,57.8499,57.8499,57.8499,57.8499,612
2017-07-14,58.71,58.71,58.71,58.71,135
2017-07-17,58.43,58.43,58.43,58.43,368
2017-07-18,59.25,59.25,59.07,59.1134,1163
2017-07-19,59.11,59.11,59.11,59.11,12
2017-07-20,59.11,59.11,59.11,59.11,40
2017-07-21,60.03,60.03,60.02,60.02,797
2017-07-24,60.25,60.25,59.97,59.97,1500
2017-07-25,59.15,59.15,59.15,59.15,438
2017-07-26,59.15,59.15,59.15,59.15,50
2017-07-27,59.6,59.6,59.6,59.6,700
2017-07-28,60.44,60.58,60.44,60.51,1336
2017-07-31,60.51,60.51,60.51,60.51,23
2017-08-01,60.65,60.65,60.65,60.65,230
2017-08-02,60.53,60.53,60.53,60.53,154
2017-08-03,61.01,61.03,61.01,61.03,315
2017-08-04,60.52,60.52,60.45,60.45,3993
2017-08-07,60.17,60.17,60.17,60.17,210
2017-08-08,60.17,60.17,60.17,60.17,131
2017-08-09,61.3,61.3,61.0583,61.0583,2806
2017-08-10,61.7899,61.96,61.7899,61.94,2684
2017-08-11,62.2,62.2,62.2,62.2,214
2017-08-14,62.2,62.2,62.2,62.2,84
2017-08-15,62.2,62.2,62.2,62.2,85
2017-08-16,60.77,60.77,60.73,60.73,9521
2017-08-17,60.73,60.73,60.73,60.73,210
2017-08-18,60.73,60.73,60.73,60.73,116
2017-08-21,62.3,62.4,62.3,62.4,960
2017-08-22,61.94,61.94,61.65,61.65,968
2017-08-23,62.01,62.01,61.89,61.97,8157
2017-08-24,61.97,61.97,61.97,61.97,89
2017-08-25,61.4,61.96,61.4,61.74,2011
2017-08-28,61.78,61.78,61.78,61.78,171
2017-08-29,62.7,62.7,62.7,62.7,350
2017-08-30,60.73,60.73,60.73,60.73,227
2017-08-31,60.8601,60.8601,60.8601,60.8601,278
2017-09-01,60.67,60.67,60.67,60.67,106
2017-09-05,62.32,62.44,62.31,62.31,2053
2017-09-06,62.0,62.0,61.62,61.62,6319
2017-09-07,61.62,61.62,61.62,61.62,147
2017-09-08,63.58,63.58,63.56,63.56,644
2017-09-11,61.85,61.85,61.85,61.85,245
2017-09-12,60.95,61.06,60.63,60.63,670
2017-09-13,60.63,60.63,60.63,60.63,15
2017-09-14,60.14,60.17,60.09,60.09,5926
2017-09-15,60.09,60.09,60.09,60.09,65
2017-09-18,59.27,59.3,59.19,59.3,1740
2017-09-19,59.07,59.21,59.01,59.21,1852
2017-09-20,59.14,59.23,58.28,58.28,18285
2017-09-21,58.2,58.2,58.2,58.2,271
2017-09-22,58.76,58.76,58.76,58.76,150
2017-09-25,58.91,58.91,58.91,58.91,1410
2017-09-26,58.43,58.55,58.35,58.35,1008
2017-09-27,57.41,58.17,57.41,58.17,1223
2017-09-28,58.17,58.17,58.17,58.17,71
