2009-11-04,73.86,73.86,73.86,73.86,4000
2009-11-05,72.93,72.93,72.93,72.93,4000
2009-11-06,72.93,72.93,72.93,72.93,0
2009-11-09,72.93,72.93,72.93,72.93,0
2009-11-10,72.93,72.93,72.93,72.93,0
2009-11-11,72.93,72.93,72.93,72.93,0
2009-11-12,73.01,73.01,73.01,73.01,100
2009-11-13,73.01,73.01,73.01,73.01,0
2009-11-16,76.6,76.6,76.23,76.23,4300
2009-11-17,76.67,76.67,76.67,76.67,100
2009-11-18,76.1,76.1,75.59,75.63,9300
2009-11-19,76.34,76.34,75.69,75.69,1100
2009-11-20,75.9,75.9,75.42,75.42,1200
2009-11-23,75.42,75.42,75.42,75.42,0
2009-11-24,75.74,75.74,75.74,75.74,200
2009-11-25,75.22,76.59,75.22,76.59,4300
2009-11-27,76.78,76.78,76.78,76.78,1400
2009-11-30,76.51,76.58,76.51,76.58,4000
2009-12-01,76.58,76.58,76.58,76.58,0
2009-12-02,75.23,75.97,75.23,75.97,7400
2009-12-03,75.97,75.97,75.97,75.97,0
2009-12-04,72.43,72.73,72.32,72.68,23200
2009-12-07,72.57,72.92,72.57,72.75,39800
2009-12-08,72.75,72.75,72.75,72.75,0
2009-12-09,72.75,72.75,72.75,72.75,0
2009-12-10,72.75,72.75,72.75,72.75,0
2009-12-11,70.66,70.66,70.66,70.66,500
2009-12-14,71.33,71.33,71.33,71.33,1500
2009-12-15,71.33,71.33,71.33,71.33,0
2009-12-16,70.86,70.88,69.98,69.98,13300
2009-12-17,71.28,72.1987,71.06,72.1987,7300
2009-12-18,72.43,72.43,71.43,71.43,5900
2009-12-21,70.46,70.46,69.73,69.73,2100
2009-12-22,68.95,69.16,68.67,69.06,5300
2009-12-23,70.0,70.077,70.0,70.077,2100
2009-12-24,69.07,69.07,68.43,68.43,3300
2009-12-28,67.67,67.67,67.34,67.34,600
2009-12-29,67.8,68.02,67.36,68.02,11900
2009-12-30,68.94,69.11,68.62,69.11,3300
2009-12-31,68.44,68.98,67.21,68.7,15900
2010-01-04,68.69,68.69,68.65,68.65,600
2010-01-05,68.8,69.43,68.8,69.43,2700
2010-01-06,67.6,67.6,67.6,67.6,1000
2010-01-07,67.5,67.63,67.5,67.63,1100
2010-01-08,67.34,67.34,66.56,67.17,1400
2010-01-11,66.7,66.77,66.58,66.61,8400
2010-01-12,67.67,68.09,67.67,68.07,1300
2010-01-13,68.07,68.07,68.07,68.07,0
2010-01-14,67.21,68.22,67.09,68.22,3200
2010-01-15,69.15,69.35,69.15,69.25,1700
2010-01-19,68.96,68.96,68.96,68.96,300
2010-01-20,69.8599,70.21,69.84,70.21,3000
2010-01-21,70.35,70.96,70.35,70.76,5100
2010-01-22,70.6791,70.91,70.3,70.6704,800
2010-01-25,69.67,69.89,69.67,69.89,500
2010-01-26,70.38,70.38,69.645,69.645,3200
2010-01-27,69.97,69.97,69.62,69.62,500
2010-01-28,68.96,68.96,68.96,68.96,500
2010-01-29,70.01,70.01,70.01,70.01,100
2010-02-01,70.13,70.13,69.4,69.52,7600
2010-02-02,69.62,69.83,69.62,69.759,2000
2010-02-03,69.15,69.15,68.35,68.35,1700
2010-02-04,69.8,70.26,69.8,70.26,3700
2010-02-05,69.69,69.69,69.69,69.69,1000
2010-02-08,70.32,70.33,70.32,70.33,600
2010-02-09,70.3,70.32,69.22,69.22,5800
2010-02-10,69.588,69.588,67.92,68.33,18800
2010-02-11,67.88,67.97,67.1,67.51,3700
2010-02-12,67.76,67.76,67.76,67.76,100
2010-02-16,67.84,68.04,67.84,68.04,200
2010-02-17,66.81,66.99,66.81,66.99,600
2010-02-18,66.0,66.29,65.15,65.9901,3000
2010-02-19,66.28,66.71,66.26,66.71,1900
2010-02-22,66.03,66.31,66.03,66.31,400
2010-02-23,66.55,68.07,66.55,67.96,6700
2010-02-24,68.02,68.38,68.02,68.23,12800
2010-02-25,68.72,69.01,68.71,68.96,1000
2010-02-26,69.28,70.25,69.28,69.85,5900
2010-03-01,69.22,69.22,69.22,69.22,200
2010-03-02,68.68,68.68,68.68,68.68,200
2010-03-03,68.36,68.66,68.36,68.66,500
2010-03-04,69.79,69.79,69.7899,69.7899,2800
2010-03-05,67.97,68.21,67.97,68.16,3200
2010-03-08,67.2,67.4,67.18,67.18,1700
2010-03-09,67.25,67.25,66.52,66.55,1200
2010-03-10,66.47,66.71,66.43,66.71,150300
2010-03-11,67.39,67.39,67.39,67.39,100
2010-03-12,67.85,68.29,67.85,68.17,49000
2010-03-15,67.8,68.26,67.8,68.26,16400
2010-03-16,68.47,69.0199,68.47,69.0199,30700
2010-03-17,69.22,69.23,68.98,68.99,16000
2010-03-18,69.45,69.45,68.8999,68.9399,4500
2010-03-19,69.19,69.2,69.19,69.19,9400
2010-03-22,69.19,69.19,69.19,69.19,0
2010-03-23,68.8,68.8,68.8,68.8,100
2010-03-24,67.73,67.73,66.4358,66.5,600
2010-03-25,66.29,66.29,65.4,65.45,8800
2010-03-26,65.45,65.45,65.45,65.45,0
2010-03-29,65.35,65.71,65.35,65.71,400
2010-03-30,65.71,65.71,65.71,65.71,0
2010-03-31,65.59,65.68,65.59,65.68,7900
2010-04-01,65.64,65.64,65.34,65.49,6600
2010-04-05,64.46,64.46,63.99,64.184,7500
2010-04-06,63.9201,64.21,63.55,63.55,1600
2010-04-07,64.87,65.67,64.87,65.58,5300
2010-04-08,65.8462,65.8462,65.1,65.1,200
2010-04-09,65.1,65.1,65.1,65.1,0
2010-04-12,66.44,66.44,66.44,66.44,1000
2010-04-13,66.44,66.44,66.44,66.44,0
2010-04-14,65.9958,65.9958,65.9958,65.9958,100
2010-04-15,65.39,66.5,65.39,66.5,14300
2010-04-16,66.5,66.5,66.5,66.5,0
2010-04-19,66.5,66.5,66.5,66.5,0
2010-04-20,66.67,66.684,66.66,66.66,1000
2010-04-21,67.5,67.5,67.5,67.5,200
2010-04-22,67.64,67.64,67.64,67.64,3000
2010-04-23,67.02,67.02,67.02,67.02,4000
2010-04-26,67.02,67.02,67.02,67.02,0
2010-04-27,68.38,69.57,68.38,69.2,11300
2010-04-28,68.53,68.68,67.831,68.04,6600
2010-04-29,68.48,68.505,68.45,68.45,2700
2010-04-30,68.95,69.82,68.95,69.82,18000
2010-05-03,69.66,69.73,69.49,69.73,2900
2010-05-04,71.7,72.36,71.22,72.36,17100
2010-05-05,73.14,73.14,73.14,73.14,500
2010-05-06,74.16,78.77,74.13,77.4,14000
2010-05-07,76.1,79.39,74.92,74.92,5100
2010-05-10,72.53,73.92,72.28,72.54,5700
2010-05-11,72.89,72.89,71.78,72.36,1700
2010-05-12,71.64,71.66,70.97,70.98,4700
2010-05-13,71.44,71.44,71.0,71.0,600
2010-05-14,72.0,74.52,72.0,74.52,2600
2010-05-17,74.18,75.1,74.18,74.4,1300
2010-05-18,74.4,74.4,74.4,74.4,0
2010-05-19,76.02,77.21,75.95,75.96,2900
2010-05-20,79.05,79.92,78.67,79.42,23700
2010-05-21,81.02,81.49,78.73,80.05,32400
2010-05-24,80.24,80.24,78.5701,78.5701,2900
2010-05-25,81.35,81.35,79.35,79.67,14700
2010-05-26,79.31,79.31,78.5,78.571,3600
2010-05-27,77.05,77.06,75.97,76.4,7400
2010-05-28,75.93,76.45,75.86,76.45,8000
2010-06-01,76.45,76.45,76.45,76.45,0
2010-06-02,77.39,77.39,75.93,75.963,34300
2010-06-03,75.0,75.42,75.0,75.42,500
2010-06-04,77.03,78.9,77.03,78.9,19700
2010-06-07,78.8,78.8,78.6,78.6,1100
2010-06-08,78.974,79.085,78.974,79.085,300
2010-06-09,78.58,79.26,78.09,79.26,3700
2010-06-10,77.85,77.85,76.33,76.47,15400
2010-06-11,77.65,78.81,77.42,78.2001,14400
2010-06-14,76.57,77.25,76.47,77.06,1600
2010-06-15,77.83,77.83,77.69,77.69,700
2010-06-16,77.87,77.87,77.8,77.8,500
2010-06-17,77.89,79.46,77.89,79.12,800
2010-06-18,78.9,78.9,78.646,78.646,1300
2010-06-21,76.85,78.475,76.85,78.0,1000
2010-06-22,78.83,79.53,78.7899,79.53,3300
2010-06-23,79.75,80.882,79.75,80.74,1100
2010-06-24,80.91,80.93,79.21,79.62,8300
2010-06-25,78.85,80.46,78.85,80.096,10400
2010-06-28,81.26,81.404,80.74,81.404,6700
2010-06-29,81.92,83.1,81.92,83.1,11700
2010-06-30,82.94,86.4,82.21,83.13,5900
2010-07-01,83.73,85.84,83.5,83.86,136500
2010-07-02,83.15,83.6,81.91,82.33,47000
2010-07-06,82.42,83.72,82.42,83.65,9400
2010-07-07,83.45,83.45,81.56,81.858,6300
2010-07-08,80.67,81.15,80.47,80.68,106500
2010-07-09,79.99,79.99,79.74,79.8,5900
2010-07-12,79.63,80.1399,79.63,80.1399,900
2010-07-13,79.16,79.16,77.92,78.309,9200
2010-07-14,78.77,80.01,78.77,79.92,6400
2010-07-15,80.32,81.4,80.32,81.07,19700
2010-07-16,80.99,81.54,80.99,81.34,8300
2010-07-19,81.34,81.34,80.57,80.57,9900
2010-07-20,81.31,81.35,80.71,80.72,14500
2010-07-21,81.13,83.33,81.13,83.33,9100
2010-07-22,82.66,82.66,81.48,81.68,19200
2010-07-23,81.63,81.82,80.05,80.1,4400
2010-07-26,79.61,79.98,78.83,79.69,3900
2010-07-27,78.89,79.06,78.32,78.32,1800
2010-07-28,77.97,78.86,77.766,78.48,16700
2010-07-29,77.11,78.2255,76.86,78.0901,26300
2010-07-30,79.88,80.4,79.649,80.4,23600
2010-08-02,78.92,79.02,78.1801,78.36,30400
2010-08-03,78.33,79.07,78.289,78.39,11400
2010-08-04,78.3321,78.6,77.78,78.1185,5800
2010-08-05,78.68,78.75,77.9904,78.116,12500
2010-08-06,78.62,79.255,78.5985,79.21,3800
2010-08-09,78.57,78.91,78.57,78.87,5900
2010-08-10,78.86,80.12,78.5,78.53,8400
2010-08-11,78.87,80.58,78.87,80.58,22100
2010-08-12,80.3,81.33,79.68,80.04,32700
2010-08-13,80.98,82.096,80.98,81.9,31100
2010-08-16,85.27,86.1499,84.7,85.955,18000
2010-08-17,86.29,86.29,84.75,85.08,33300
2010-08-18,86.4,87.44,85.95,86.12,51300
2010-08-19,86.3,89.046,86.12,88.4399,13700
2010-08-20,89.04,89.44,88.03,88.21,29000
2010-08-23,87.8,88.4399,87.19,88.19,12700
2010-08-24,89.46,91.35,89.17,91.0,94400
2010-08-25,92.6,93.24,90.01,90.58,47800
2010-08-26,90.89,92.25,90.614,92.19,24200
2010-08-27,91.14,91.7,87.49,87.63,64100
2010-08-30,88.32,90.5,88.161,90.32,51100
2010-08-31,91.14,92.09,90.738,91.94,21000
2010-09-01,89.43,91.2999,87.32,88.56,57300
2010-09-02,87.5,87.5,85.99,86.6,35600
2010-09-03,83.8,85.1138,83.38,84.83,34900
2010-09-07,87.05,88.33,86.7334,88.07,7000
2010-09-08,87.28,87.4,86.16,86.87,24900
2010-09-09,85.16,85.27,83.39,83.98,45200
2010-09-10,83.1,83.425,82.48,83.0,26700
2010-09-13,82.4,84.14,82.4,83.71,67800
2010-09-14,84.11,85.22,84.11,85.22,25300
2010-09-15,83.65,83.95,82.736,82.776,22500
2010-09-16,81.6,81.942,80.6,81.71,36300
2010-09-17,81.94,82.33,81.31,81.9,19600
2010-09-20,82.55,82.9899,81.92,82.64,30000
2010-09-21,83.4,85.4,83.26,84.45,66400
2010-09-22,85.79,86.5,85.4,85.93,17800
2010-09-23,87.05,87.215,85.7,86.4601,11400
2010-09-24,85.23,85.23,84.6101,84.6101,26200
2010-09-27,85.9,87.13,85.9,87.1,28500
2010-09-28,87.25,88.3789,87.25,88.2,23600
2010-09-29,88.08,88.08,87.065,87.2672,7600
2010-09-30,86.7,86.7,85.19,86.115,7500
2010-10-01,85.63,87.09,85.3,86.09,245900
2010-10-04,85.61,85.78,85.31,85.72,14700
2010-10-05,85.475,85.54,84.31,84.63,41200
2010-10-06,84.79,86.912,84.79,86.19,60200
2010-10-07,85.53,85.71,84.68,84.68,2400
2010-10-08,84.72,85.609,83.81,84.0,41100
2010-10-11,83.62,83.94,83.33,83.55,11800
2010-10-12,84.07,84.4,82.2501,82.5799,49200
2010-10-13,80.95,81.5699,80.11,81.455,149900
2010-10-14,82.55,82.55,79.29,79.45,52500
2010-10-15,77.9,78.39,76.721,77.36,150500
2010-10-18,78.63,79.15,78.25,78.25,38600
2010-10-19,78.06,79.71,77.749,79.03,21500
2010-10-20,79.7601,80.009,79.44,79.44,5900
2010-10-21,79.36,79.5096,78.36,78.36,3200
2010-10-22,77.77,78.788,77.77,78.678,2300
2010-10-25,80.41,80.41,79.41,79.42,3800
2010-10-26,78.47,78.81,77.9,77.9,12700
2010-10-27,77.0,77.66,76.27,76.56,13400
2010-10-28,76.74,76.9999,75.96,76.19,8100
2010-10-29,76.65,77.6398,76.65,77.57,11300
2010-11-01,77.5,77.5,76.76,76.9901,3000
2010-11-02,78.02,79.15,78.02,78.93,14200
2010-11-03,79.83,80.795,75.18,75.7,50100
2010-11-04,75.2501,76.0,75.0,75.47,13500
2010-11-05,73.75,73.9,73.07,73.14,44300
2010-11-08,73.78,74.29,72.68,73.57,13900
2010-11-09,73.7,74.33,70.83,70.86,25600
2010-11-10,70.64,71.5,69.3401,70.66,80500
2010-11-11,70.75,70.87,70.6,70.6,15400
2010-11-12,70.96,71.71,70.78,70.85,12500
2010-11-15,70.48,70.85,68.55,68.55,22500
2010-11-16,70.09,72.0,68.86,71.785,22600
2010-11-17,71.78,72.4,70.87,70.87,13300
2010-11-18,71.585,71.88,70.75,71.82,6000
2010-11-19,72.38,72.715,71.98,72.6301,13100
2010-11-22,73.96,74.238,72.61,73.33,10800
2010-11-23,74.34,74.45,73.69,74.06,29900
2010-11-24,72.94,73.44,71.66,72.12,25100
2010-11-26,73.14,73.96,73.13,73.7301,9300
2010-11-29,74.38,75.308,74.2,75.06,10900
2010-11-30,76.78,77.0,75.55,75.77,21100
2010-12-01,74.01,74.88,73.38,73.49,8400
2010-12-02,73.65,74.22,73.06,73.086,5500
2010-12-03,73.57,73.57,71.83,71.86,6300
2010-12-06,72.39,73.28,72.32,73.28,4200
2010-12-07,71.26,71.8199,69.68,70.655,32400
2010-12-08,71.13,71.43,69.03,70.52,23700
2010-12-09,71.18,71.95,69.85,71.3099,13100
2010-12-10,70.85,71.632,70.76,71.2,5500
2010-12-13,70.58,71.6,70.49,71.23,4800
2010-12-14,70.0,70.33,68.7,68.7,18500
2010-12-15,69.8,69.9,67.57,68.07,15900
2010-12-16,68.11,68.66,67.8,68.48,35500
2010-12-17,69.07,71.65,68.91,71.3,17500
2010-12-20,71.88,72.44,70.633,70.926,10800
2010-12-21,70.3401,71.28,69.83,71.19,13600
2010-12-22,70.97,71.2,70.73,71.03,24400
2010-12-23,71.15,71.25,70.5,71.25,8700
2010-12-27,70.55,72.0499,70.23,72.0499,13600
2010-12-28,71.05,71.09,69.37,69.801,15000
2010-12-29,68.54,71.25,68.54,70.85,180800
2010-12-30,69.94,70.85,69.94,70.8099,13000
2010-12-31,71.13,72.5999,71.13,72.3,49300
2011-01-03,71.0,72.33,70.77,71.64,73900
2011-01-04,70.91,71.23,70.191,70.191,9400
2011-01-05,69.99,70.0,68.1,68.1,7100
2011-01-06,68.31,68.54,68.03,68.45,8900
2011-01-07,68.0,69.25,67.2105,69.11,43000
2011-01-10,69.07,69.122,68.73,68.96,15300
2011-01-11,68.5,69.24,67.9,68.9101,12800
2011-01-12,68.168,68.65,67.75,68.199,53000
2011-01-13,67.98,69.02,67.68,68.616,8800
2011-01-14,68.83,68.93,67.91,67.91,8900
2011-01-18,67.35,67.52,66.63,67.29,17200
2011-01-19,67.02,67.89,67.02,67.83,8300
2011-01-20,66.98,66.98,66.0,66.53,33400
2011-01-21,66.53,67.24,66.53,67.06,2600
2011-01-24,68.24,68.24,67.48,67.57,4400
2011-01-25,68.12,69.419,67.53,68.92,28700
2011-01-26,68.4,68.4,66.52,66.836,5900
2011-01-27,66.4,67.35,66.2501,67.349,10800
2011-01-28,66.24,68.025,66.24,67.72,9100
2011-01-31,67.362,67.362,66.54,66.54,51400
2011-02-01,66.55,66.55,66.011,66.12,186000
2011-02-02,67.03,67.03,65.79,66.09,133200
2011-02-03,65.99,66.29,65.53,65.53,8400
2011-02-04,65.09,65.09,64.29,64.34,31000
2011-02-07,64.49,65.08,64.34,65.068,3400
2011-02-08,65.36,65.531,64.16,64.25,16600
2011-02-09,64.6532,65.57,63.9699,65.389,18700
2011-02-10,64.62,64.89,63.84,64.1797,9100
2011-02-11,64.65,65.13,64.52,65.07,3200
2011-02-14,65.8109,65.92,65.402,65.42,15500
2011-02-15,65.38,65.86,65.211,65.86,9700
2011-02-16,65.82,66.31,65.49,65.6,1900
2011-02-17,65.89,65.89,65.33,65.4201,2600
2011-02-18,65.15,65.15,64.38,64.78,6500
2011-02-22,65.21,66.44,65.16,66.2001,33500
2011-02-23,66.62,67.25,66.62,66.76,12400
2011-02-24,67.75,68.2899,67.57,68.03,13400
2011-02-25,67.9,68.62,67.83,68.62,12400
2011-02-28,69.04,69.25,68.51,69.241,3600
2011-03-01,68.59,69.44,68.59,69.44,9100
2011-03-02,68.94,68.94,67.65,67.8485,11000
2011-03-03,67.08,67.17,66.46,66.5474,38300
2011-03-04,66.42,66.93,66.26,66.73,10400
2011-03-07,65.91,66.87,65.79,66.2,4500
2011-03-08,66.0,66.198,65.53,65.5501,23300
2011-03-09,65.82,66.5,65.71,66.5,15600
2011-03-10,66.71,68.4,66.482,68.4,25100
2011-03-11,68.45,68.45,67.45,67.47,14100
2011-03-14,67.16,67.6,67.07,67.6,11400
2011-03-15,68.82,69.13,68.53,69.09,26600
2011-03-16,69.86,71.4799,69.6801,70.62,30500
2011-03-17,69.92,70.29,69.3,69.65,30200
2011-03-18,69.07,70.18,69.07,70.142,9300
2011-03-21,69.77,69.97,69.32,69.71,2200
2011-03-22,70.12,70.22,69.8425,70.2199,2700
2011-03-23,70.86,70.98,69.93,70.18,6300
2011-03-24,69.89,69.89,69.372,69.55,4700
2011-03-25,69.89,69.96,69.0301,69.14,11500
2011-03-28,69.22,69.52,69.158,69.35,2200
2011-03-29,69.0,69.0,67.12,68.15,37200
2011-03-30,68.43,68.91,68.43,68.91,8000
2011-03-31,68.62,68.63,67.65,68.3,10100
2011-04-01,68.45,68.55,68.0,68.55,3400
2011-04-04,68.81,69.34,68.81,68.96,1800
2011-04-05,68.99,69.37,68.49,68.49,1700
2011-04-06,68.7,68.7,67.03,67.129,8200
2011-04-07,66.55,66.74,66.22,66.359,8500
2011-04-08,66.0,66.191,65.79,66.0,5300
2011-04-11,65.5,65.96,65.49,65.77,10500
2011-04-12,66.5,68.35,66.5,67.02,23200
2011-04-13,66.5,67.51,66.41,67.51,24500
2011-04-14,67.49,68.2,67.49,68.0801,1300
2011-04-15,68.86,69.6399,68.86,69.4301,1500
2011-04-18,68.76,69.732,67.51,69.5,3500
2011-04-19,69.6,70.0,69.6,69.9101,8200
2011-04-20,70.1,70.3899,69.717,69.717,2400
2011-04-21,69.65,70.13,68.98,68.98,29200
2011-04-25,69.32,69.61,68.99,69.1601,15100
2011-04-26,70.54,70.54,70.25,70.25,1000
2011-04-27,70.59,70.59,69.21,69.5499,1500
2011-04-28,69.7,69.999,69.6399,69.999,1400
2011-04-29,70.03,70.77,70.03,70.77,10000
2011-05-02,70.1,70.659,70.1,70.5,7100
2011-05-03,70.84,71.47,70.76,71.47,29000
2011-05-04,71.75,72.38,71.65,71.65,74000
2011-05-05,72.48,73.0701,72.22,73.0701,7800
2011-05-06,71.76,72.582,71.57,72.582,8100
2011-05-09,71.83,72.49,71.83,71.96,18000
2011-05-10,71.7932,71.7975,71.3,71.3,900
2011-05-11,71.43,72.26,71.283,72.049,7800
2011-05-12,72.35,72.35,71.002,71.04,5600
2011-05-13,71.62,72.4,71.6,72.1399,6200
2011-05-16,72.2,73.1,72.08,73.1,10300
2011-05-17,73.4,74.4,73.4,74.4,23300
2011-05-18,73.97,74.41,72.833,73.0,20900
2011-05-19,71.91,72.7,71.9,72.62,27800
2011-05-20,72.35,72.73,72.189,72.34,19100
2011-05-23,73.15,73.74,72.8601,73.1,20300
2011-05-24,73.56,73.83,72.91,73.5,11700
2011-05-25,73.45,73.45,72.68,73.17,8200
2011-05-26,73.96,74.12,73.6209,74.12,15100
2011-05-27,73.55,74.01,73.5,73.99,10900
2011-05-31,73.9,74.32,73.83,74.32,4100
2011-06-01,75.0,76.01,75.0,76.01,19900
2011-06-02,74.12,74.62,72.97,73.21,25600
2011-06-03,73.66,73.79,72.78,73.35,41200
2011-06-06,72.45,72.79,71.99,72.79,4700
2011-06-07,72.48,72.81,71.9,72.66,8100
2011-06-08,73.39,74.2,73.35,74.1,169700
2011-06-09,74.97,75.28,73.54,74.16,25500
2011-06-10,75.0,76.1,74.5001,75.138,24800
2011-06-13,74.89,75.26,74.3101,74.36,28600
2011-06-14,74.04,74.04,72.49,72.67,10600
2011-06-15,72.78,74.7899,72.31,74.729,49100
2011-06-16,74.99,75.427,74.76,75.25,15600
2011-06-17,74.57,74.72,74.24,74.4999,3800
2011-06-20,75.17,75.17,74.1,74.4,8700
2011-06-21,74.01,74.37,73.59,74.01,28300
2011-06-22,74.3,74.59,74.13,74.22,12100
2011-06-23,74.8704,75.208,74.87,74.95,20300
2011-06-24,75.17,75.23,74.49,74.49,11100
2011-06-27,73.96,73.96,71.79,71.99,15700
2011-06-28,71.99,72.099,71.25,71.27,12400
2011-06-29,71.6,71.914,70.478,70.478,7500
2011-06-30,69.53,70.43,68.81,69.73,34500
2011-07-01,70.23,70.23,69.49,69.87,3500
2011-07-05,70.09,70.4,70.09,70.2,1600
2011-07-06,69.97,70.35,69.97,70.35,1200
2011-07-07,70.07,70.33,69.95,70.33,2800
2011-07-08,71.44,72.025,71.28,72.025,8200
2011-07-11,72.43,73.372,72.423,73.372,3600
2011-07-12,74.23,74.23,73.18,73.8399,7600
2011-07-13,73.42,74.04,72.83,74.04,18000
2011-07-14,73.52,73.66,72.35,72.35,5500
2011-07-15,71.69,71.96,71.35,71.96,4400
2011-07-18,72.28,72.28,70.8217,70.97,4100
2011-07-19,70.73,73.53,70.72,73.53,7000
2011-07-20,73.0,73.0,72.08,72.13,3800
2011-07-21,71.11,71.11,70.79,70.8701,800
2011-07-22,71.71,72.088,71.71,72.08,15200
2011-07-25,71.02,71.76,70.5001,70.88,26800
2011-07-26,71.24,71.57,71.03,71.27,12100
2011-07-27,71.12,71.43,70.92,71.43,6700
2011-07-28,72.02,72.08,71.82,71.84,4300
2011-07-29,72.92,75.0,72.92,74.45,7800
2011-08-01,75.75,75.99,75.2001,75.78,26400
2011-08-02,76.3,79.9,76.29,79.7901,30000
2011-08-03,80.0,82.999,79.99,80.36,29300
2011-08-04,81.2,85.13,81.2,85.13,30200
2011-08-05,82.7,85.45,80.63,81.7701,709100
2011-08-08,81.95,86.15,81.95,85.71,60300
2011-08-09,84.85,89.864,83.62,87.5,38600
2011-08-10,87.74,89.22,86.788,89.12,45200
2011-08-11,87.31,87.31,80.5,81.01,27800
2011-08-12,82.05,84.25,82.05,83.19,3900
2011-08-15,82.97,83.51,82.838,82.91,5400
2011-08-16,84.22,85.84,84.22,85.396,5000
2011-08-17,85.27,88.36,84.4901,88.0,10800
2011-08-18,91.29,94.49,90.4105,92.0,779800
2011-08-19,92.59,93.782,92.33,93.49,22400
2011-08-22,92.47,93.48,92.4202,92.95,25500
2011-08-23,91.41,92.95,90.67,91.3999,4800
2011-08-24,90.9,90.9,86.76,86.78,37300
2011-08-25,86.73,88.34,86.73,87.87,11500
2011-08-26,89.55,90.15,88.585,89.687,18700
2011-08-29,87.1,87.97,86.74,87.31,8400
2011-08-30,89.66,90.44,89.28,89.98,13800
2011-08-31,89.9,89.9,88.006,88.006,4100
2011-09-01,88.49,90.41,87.0,90.31,92500
2011-09-02,94.06,96.0,93.16,96.0,46300
2011-09-06,99.34,99.95,97.381,97.412,63800
2011-09-07,95.82,95.83,94.32,94.47,131000
2011-09-08,96.49,96.49,94.4799,96.04,43200
2011-09-09,98.06,98.08,95.53,97.578,170000
2011-09-12,97.0301,98.5899,96.54,97.692,25400
2011-09-13,97.71,97.71,95.262,95.84,37800
2011-09-14,95.11,96.779,94.71,96.25,6800
2011-09-15,95.76,96.345,94.45,94.92,328400
2011-09-16,94.43,95.7,94.26,95.06,95000
2011-09-19,98.42,99.7,97.98,98.3405,12600
2011-09-20,98.61,99.15,98.23,98.95,538900
2011-09-21,98.66,106.0,98.13,105.8,35200
2011-09-22,110.61,114.28,110.205,113.04,78000
2011-09-23,113.55,113.56,110.0,110.09,45500
2011-09-26,109.37,109.635,106.55,106.76,43200
2011-09-27,103.81,104.434,102.91,104.161,229600
2011-09-28,104.68,104.785,102.91,104.62,52100
2011-09-29,105.73,107.42,104.89,106.695,220600
2011-09-30,109.01,110.369,107.33,110.14,24800
2011-10-03,113.25,115.6299,111.49,115.6,56100
2011-10-04,116.36,117.94,113.27,113.27,106400
2011-10-05,112.7,112.7,110.78,111.96,51400
2011-10-06,110.28,111.49,108.6,108.61,19000
2011-10-07,106.54,108.0,105.41,107.15,58800
2011-10-10,105.6,105.67,103.75,104.99,66800
2011-10-11,105.69,105.94,103.71,104.21,17100
2011-10-12,101.91,102.309,99.75,101.6,29400
2011-10-13,102.18,104.156,102.12,103.028,24100
2011-10-14,100.42,101.598,100.01,100.79,16700
2011-10-17,100.85,103.667,100.85,103.51,11000
2011-10-18,103.77,104.83,101.3295,102.31,18800
2011-10-19,101.24,102.47,101.0,101.952,24200
2011-10-20,101.01,102.79,100.62,101.43,13000
2011-10-21,100.33,100.51,99.0101,99.0101,10000
2011-10-24,100.26,100.26,98.81,99.11,10300
2011-10-25,99.3,103.7,99.3,103.7,37700
2011-10-26,102.44,103.0,100.58,100.67,10400
2011-10-27,98.19,98.64,93.75,94.39,64400
2011-10-28,95.48,96.879,95.48,96.48,50200
2011-10-31,99.38,103.08,99.17,103.08,13900
2011-11-01,108.32,109.45,105.2,108.33,50200
2011-11-02,104.51,106.6,104.18,106.43,11300
2011-11-03,104.25,105.4,103.71,103.9999,12300
2011-11-04,102.8,104.5,102.46,104.2999,4800
2011-11-07,104.46,106.85,104.0608,105.267,19700
2011-11-08,104.0381,105.65,102.692,103.1399,9100
2011-11-09,106.94,107.94,105.17,106.09,55000
2011-11-10,104.41,105.875,101.89,104.032,20300
2011-11-11,102.8,103.163,102.66,103.0,2500
2011-11-14,103.84,105.411,103.6501,105.02,7600
2011-11-15,105.65,105.998,104.49,105.01,16600
2011-11-16,106.05,106.65,105.251,106.6,11500
2011-11-17,105.94,109.25,105.94,108.16,15800
2011-11-18,108.33,108.61,107.181,108.391,35800
2011-11-21,110.42,110.46,109.7299,109.74,23200
2011-11-22,110.22,112.0,109.7,112.0,10700
2011-11-23,112.12,114.5,111.73,114.1399,38500
2011-11-25,112.87,112.87,111.18,111.42,16400
2011-11-28,107.3,111.3,107.3,110.59,50000
2011-11-29,109.68,111.6298,108.18,109.94,96500
2011-11-30,105.97,107.95,105.808,106.62,28000
2011-12-01,104.54,105.88,103.889,105.44,20800
2011-12-02,104.41,108.35,104.41,108.345,28700
2011-12-05,106.26,107.75,105.68,107.75,28300
2011-12-06,107.17,107.34,105.303,106.05,11500
2011-12-07,106.07,107.22,105.38,106.68,12100
2011-12-08,106.48,109.0,106.17,108.57,6400
2011-12-09,108.5,108.509,105.34,105.34,4200
2011-12-12,106.23,107.6,106.23,106.56,48400
2011-12-13,105.57,109.16,105.57,108.36,14800
2011-12-14,109.7,111.9584,109.3835,111.81,12500
2011-12-15,111.55,111.59,110.59,111.286,4700
2011-12-16,112.29,114.06,111.98,113.5216,50600
2011-12-19,114.15,116.447,113.6901,116.11,18800
2011-12-20,114.79,114.79,110.75,111.11,47600
2011-12-21,110.85,111.22,108.47,108.62,24300
2011-12-22,109.84,110.1773,108.82,109.33,8700
2011-12-23,108.015,108.25,106.63,107.4599,22500
2011-12-27,106.97,108.63,106.74,108.63,31000
2011-12-28,107.71,111.25,107.71,110.96,12100
2011-12-29,110.63,111.52,109.93,111.42,6000
2011-12-30,111.46,112.17,110.872,111.5,41800
2012-01-03,108.59,109.47,108.13,108.78,8200
2012-01-04,108.33,108.67,106.15,107.17,15300
2012-01-05,106.59,108.3,105.75,105.88,20700
2012-01-06,105.92,107.749,105.8401,107.24,23000
2012-01-09,106.27,108.65,106.27,106.85,38500
2012-01-10,105.94,107.38,105.73,106.55,4900
2012-01-11,108.01,109.171,107.61,108.7299,87300
2012-01-12,109.26,109.26,108.07,108.48,34200
2012-01-13,110.46,111.03,109.9705,109.99,12400
2012-01-17,110.3,111.23,110.215,110.68,12200
2012-01-18,111.31,111.31,108.56,108.66,7800
2012-01-19,107.88,108.27,105.64,106.5,19200
2012-01-20,105.48,105.49,104.22,104.24,25000
2012-01-23,103.17,103.712,102.1,103.26,18800
2012-01-24,103.85,103.85,102.371,103.3,15400
2012-01-25,103.01,105.95,102.37,102.75,15700
2012-01-26,103.13,104.297,102.91,103.98,22300
2012-01-27,104.1301,105.0626,103.29,104.831,21600
2012-01-30,107.59,108.629,106.77,106.77,31100
2012-01-31,107.368,109.35,107.01,108.95,15400
2012-02-01,108.22,108.22,106.49,106.792,11500
2012-02-02,106.46,107.1199,106.276,106.42,8600
2012-02-03,102.45,102.999,102.09,102.936,53700
2012-02-06,102.75,104.62,102.75,104.58,8800
2012-02-07,103.15,103.43,102.0,102.58,16000
2012-02-08,102.47,103.44,102.37,103.04,7300
2012-02-09,102.43,102.44,100.07,101.65,21700
2012-02-10,103.39,104.113,103.1845,104.113,29000
2012-02-13,103.31,104.0,103.09,103.68,5200
2012-02-14,104.2,105.713,104.2,105.09,16400
2012-02-15,104.55,105.439,104.3525,104.56,3200
2012-02-16,104.25,104.719,103.0,103.01,4900
2012-02-17,102.34,103.31,101.91,103.31,4900
2012-02-21,102.57,102.57,101.0,101.63,32000
2012-02-22,102.18,103.329,102.07,103.329,18400
2012-02-23,102.66,104.32,102.45,103.55,14200
2012-02-24,104.308,104.834,104.13,104.49,5200
2012-02-27,105.93,106.729,105.5325,106.041,30900
2012-02-28,106.5,106.8899,105.11,105.11,8200
2012-02-29,105.69,105.69,104.07,105.3847,26900
2012-03-01,103.2,104.159,102.39,103.4,7900
2012-03-02,103.7,104.979,103.7,104.6,33500
2012-03-05,103.98,104.54,103.07,103.07,6500
2012-03-06,104.76,105.79,104.76,104.9,17400
2012-03-07,104.7,104.73,103.84,104.25,3500
2012-03-08,103.15,103.15,102.1225,102.63,31100
2012-03-09,101.98,102.27,101.184,102.13,5900
2012-03-12,103.5,103.5,102.651,103.1683,9800
2012-03-13,101.55,101.753,100.0,100.01,21200
2012-03-14,98.0,98.27,95.7031,95.97,33100
2012-03-15,95.5,96.77,95.49,96.2099,12500
2012-03-16,95.21,96.63,95.0,96.56,76400
2012-03-19,96.24,96.24,94.5,94.91,43100
2012-03-20,96.09,96.09,94.447,95.6,6600
2012-03-21,96.09,97.72,96.064,97.27,20500
2012-03-22,98.07,98.12,97.49,97.8874,3400
2012-03-23,99.0,99.86,98.9723,99.65,10800
2012-03-26,98.65,98.65,97.58,98.531,5700
2012-03-27,99.3,99.684,98.73,99.514,4900
2012-03-28,98.69,99.86,98.5,99.29,10600
2012-03-29,100.22,100.46,99.8,100.46,12500
2012-03-30,99.69,99.78,96.67,97.138,66500
2012-04-02,98.3,98.73,97.14,97.14,2700
2012-04-03,98.56,98.56,95.26,95.26,5800
2012-04-04,96.64,97.13,96.01,96.977,19800
2012-04-05,98.27,98.66,97.311,98.33,831400
2012-04-09,101.4,102.47,100.93,102.2,425200
2012-04-10,102.66,104.59,102.66,104.12,38000
2012-04-11,102.36,102.53,101.71,102.0,83500
2012-04-12,102.02,102.24,101.04,101.13,26000
2012-04-13,102.68,103.92,102.68,103.75,6900
2012-04-16,103.75,104.97,103.39,103.84,22800
2012-04-17,103.65,103.741,103.01,103.64,5300
2012-04-18,104.47,104.47,103.928,104.06,5600
2012-04-19,104.52,104.93,104.17,104.17,4500
2012-04-20,103.49,104.27,103.15,104.24,7000
2012-04-23,105.55,106.0,105.21,105.36,17100
2012-04-24,104.99,104.99,104.0957,104.11,17000
2012-04-25,103.11,104.11,102.664,103.03,15700
2012-04-26,104.61,104.61,103.03,103.71,23000
2012-04-27,103.79,104.1,103.52,104.09,3200
2012-04-30,104.54,104.6816,103.88,103.88,5800
2012-05-01,104.41,104.51,102.48,102.85,8600
2012-05-02,104.3,104.37,103.7,104.12,5300
2012-05-03,103.26,104.51,103.26,104.2,5300
2012-05-04,104.6,105.44,104.55,105.42,32700
2012-05-07,105.52,105.96,105.3819,105.4744,7800
2012-05-08,106.65,107.29,106.21,106.21,19300
2012-05-09,107.19,107.2756,105.909,106.11,18200
2012-05-10,104.4,105.8767,104.4,105.5501,2800
2012-05-11,107.35,107.35,106.5,107.2499,4600
2012-05-14,109.25,110.0,108.9,109.71,24300
2012-05-15,109.5,110.75,109.29,110.634,78000
2012-05-16,109.61,111.4,109.4401,111.3,57700
2012-05-17,111.51,114.6625,111.43,114.55,22500
2012-05-18,113.18,115.2699,112.58,114.9674,27000
2012-05-21,114.47,115.5699,113.82,114.92,33400
2012-05-22,112.86,112.86,111.6101,112.42,178400
2012-05-23,113.5,115.13,113.5,113.8,9700
2012-05-24,113.3,113.8,112.601,112.84,21000
2012-05-25,113.55,113.7612,113.19,113.46,14000
2012-05-29,112.72,114.09,112.72,113.01,43500
2012-05-30,116.4,117.83,116.4,117.502,112400
2012-05-31,118.7,122.11,118.651,119.44,121300
2012-06-01,122.01,124.362,121.4989,124.12,64500
2012-06-04,123.0,123.93,122.06,122.94,30200
2012-06-05,121.43,121.47,120.08,120.29,38700
2012-06-06,120.25,120.25,116.31,116.43,161200
2012-06-07,115.28,117.0,115.1068,116.54,19800
2012-06-08,118.53,118.86,115.126,116.03,29900
2012-06-11,115.56,117.75,115.56,116.9,25000
2012-06-12,115.76,116.61,114.96,115.32,9000
2012-06-13,116.1,117.8747,115.0,117.2,19100
2012-06-14,117.51,117.88,116.6001,117.1779,15200
2012-06-15,118.4386,118.62,117.78,118.108,11200
2012-06-18,119.19,119.4301,118.3889,119.12,7200
2012-06-19,118.25,118.31,116.64,116.7683,7900
2012-06-20,115.6,118.33,114.09,118.15,28800
2012-06-21,117.89,119.725,117.89,119.08,15000
2012-06-22,118.07,118.44,116.5,116.5,21700
2012-06-25,118.53,119.49,118.44,119.27,29100
2012-06-26,118.3,119.2813,117.8101,118.36,44500
2012-06-27,118.93,118.96,118.189,118.73,13100
2012-06-28,119.67,119.82,119.01,119.04,26900
2012-06-29,115.5,116.415,115.2194,115.98,51300
2012-07-02,116.58,118.775,116.4205,117.65,33000
2012-07-03,117.2475,117.2475,116.28,116.552,6300
2012-07-05,116.34,117.6367,116.34,117.06,10500
2012-07-06,118.33,119.0954,118.1672,118.9072,11300
2012-07-09,119.13,120.66,119.061,120.59,47100
2012-07-10,120.22,121.4525,119.7701,121.15,12300
2012-07-11,121.31,122.35,120.74,121.14,4100
2012-07-12,122.2,122.7334,121.87,122.54,26200
2012-07-13,122.4,122.4,121.54,122.32,13600
2012-07-16,123.7,124.4482,123.0695,123.33,27100
2012-07-17,122.5,122.91,121.5,121.5,9300
2012-07-18,122.23,122.23,121.64,121.64,8600
2012-07-19,120.847,121.854,120.7,120.985,9100
2012-07-20,122.94,123.9,122.94,123.47,11200
2012-07-23,125.59,125.8,124.41,124.81,18600
2012-07-24,124.17,126.7499,124.17,126.31,8800
2012-07-25,126.01,127.09,125.98,126.85,35300
2012-07-26,126.0,126.4399,125.0,125.0,16100
2012-07-27,123.48,123.73,116.33,121.17,38600
2012-07-30,121.24,122.84,121.24,122.84,5200
2012-07-31,123.9,123.9,121.68,123.25,55800
2012-08-01,122.11,122.89,121.0,121.36,20700
2012-08-02,124.03,125.02,122.56,123.53,80200
2012-08-03,121.05,121.05,119.0,120.18,414600
2012-08-06,120.68,121.26,120.02,120.1,17100
2012-08-07,118.02,118.15,117.16,117.72,227200
2012-08-08,118.41,118.41,116.19,116.9,106100
2012-08-09,116.11,116.658,114.19,116.5,39800
2012-08-10,117.96,118.25,117.28,117.383,10900
2012-08-13,117.91,118.485,117.03,117.1306,36600
2012-08-14,114.76,115.2199,114.241,114.45,16500
2012-08-15,113.07,113.44,111.66,111.8862,30900
2012-08-16,111.99,112.249,109.12,109.12,366300
2012-08-17,110.52,111.5,110.5,110.721,20500
2012-08-20,110.72,111.87,110.72,111.32,19900
2012-08-21,110.88,112.3,109.68,112.12,46300
2012-08-22,114.28,115.39,113.89,115.39,12500
2012-08-23,115.89,116.3199,115.66,116.08,66400
2012-08-24,116.97,116.97,115.6,115.99,19800
2012-08-27,116.75,117.29,116.55,116.92,13600
2012-08-28,117.2289,118.0,117.18,117.2411,4500
2012-08-29,116.91,116.91,116.1,116.69,12300
2012-08-30,118.04,118.1199,117.19,117.19,6700
2012-08-31,117.23,119.98,116.9801,119.78,5800
2012-09-04,119.17,120.2,119.17,119.78,10400
2012-09-05,119.02,119.69,118.9,119.06,16200
2012-09-06,116.96,117.19,115.77,115.85,32100
2012-09-07,117.96,117.96,114.62,114.63,29500
2012-09-10,114.16,115.1099,113.94,115.1099,12700
2012-09-11,114.75,114.75,113.91,113.91,40600
2012-09-12,112.03,112.161,111.0,111.67,5300
2012-09-13,112.57,112.8899,109.244,110.67,171700
2012-09-14,108.0,108.0,105.65,106.08,100000
2012-09-17,106.89,108.16,106.66,108.03,71400
2012-09-18,109.47,109.63,108.5,108.83,30200
2012-09-19,110.4,110.47,109.54,110.105,28200
2012-09-20,111.68,111.9,110.496,110.7,15600
2012-09-21,109.66,110.95,109.45,110.92,11700
2012-09-24,111.9461,112.51,111.9461,112.25,84600
2012-09-25,112.99,114.28,112.05,114.28,5600
2012-09-26,115.63,116.22,115.28,116.1,28300
2012-09-27,115.46,115.56,114.29,114.54,7400
2012-09-28,114.79,115.21,113.03,113.94,27300
2012-10-01,113.31,114.48,113.07,114.46,3700
2012-10-02,113.67,114.55,113.67,114.12,11000
2012-10-03,113.69,114.0,113.3,114.0,9400
2012-10-04,113.36,113.36,111.6301,111.67,16700
2012-10-05,109.74,110.08,109.06,109.4,30600
2012-10-08,110.37,111.0,110.28,110.69,2300
2012-10-09,109.86,110.63,109.85,110.495,12800
2012-10-10,109.97,111.9098,109.76,111.9098,30100
2012-10-11,110.638,112.94,110.638,112.94,15500
2012-10-12,114.11,114.74,113.67,113.69,7500
2012-10-15,113.0,113.14,113.0,113.13,1800
2012-10-16,111.21,111.4,110.55,110.55,5300
2012-10-17,109.45,109.49,108.8,109.13,6300
2012-10-18,109.81,110.0001,107.79,107.93,12700
2012-10-19,108.6499,110.45,108.6,110.45,32500
2012-10-22,110.2001,110.7406,109.62,109.67,7300
2012-10-23,111.22,112.36,111.14,112.16,547100
2012-10-24,111.03,111.676,110.59,110.59,16400
2012-10-25,109.22,110.5299,108.94,109.6,12300
2012-10-26,110.16,111.3099,110.16,111.2,5500
2012-10-31,112.26,113.12,112.26,112.94,3100
2012-11-01,112.43,112.45,111.33,111.54,103800
2012-11-02,110.12,111.32,110.12,111.32,11800
2012-11-05,112.27,112.78,112.27,112.38,12300
2012-11-06,111.88,111.9701,111.21,111.2114,3500
2012-11-07,114.0,114.38,113.61,113.74,8900
2012-11-08,113.43,116.75,113.43,116.75,344200
2012-11-09,116.75,117.065,115.95,116.9699,36100
2012-11-12,116.94,117.9499,116.9001,117.11,9000
2012-11-13,117.95,118.39,117.27,118.08,13500
2012-11-14,116.47,118.2,116.47,117.94,12100
2012-11-15,117.11,118.44,117.11,117.94,17900
2012-11-16,117.72,118.826,117.43,117.7,10100
2012-11-19,116.27,116.7799,115.9501,116.371,11600
2012-11-20,115.9299,115.9299,114.75,114.77,10800
2012-11-21,114.49,114.58,114.18,114.5,7100
2012-11-23,114.283,114.68,114.28,114.34,5100
2012-11-26,115.93,116.374,115.55,115.55,3600
2012-11-27,115.5,116.0,115.49,116.0,3200
2012-11-28,117.15,117.16,115.66,115.66,21000
2012-11-29,115.01,115.702,114.8,115.3,19700
2012-11-30,115.9,115.939,114.6,114.74,15200
2012-12-03,113.62,115.45,113.25,115.3299,60700
2012-12-04,115.48,116.12,115.35,116.01,4000
2012-12-05,116.0401,116.74,115.84,115.84,4300
2012-12-06,116.79,117.19,116.618,116.618,2100
2012-12-07,114.8,115.34,114.42,114.856,4100
2012-12-10,115.549,115.549,114.95,115.266,3100
2012-12-11,114.67,114.67,113.951,114.67,22000
2012-12-12,113.8,113.9999,112.0,112.3,12100
2012-12-13,111.57,112.84,111.4,112.1,33900
2012-12-14,113.22,113.63,113.0,113.52,5700
2012-12-17,113.7,113.7,111.17,111.25,9800
2012-12-18,110.52,110.7222,108.1,108.77,296600
2012-12-19,109.56,110.5,109.2001,109.42,220400
2012-12-20,109.85,110.31,109.3,109.44,70200
2012-12-21,111.46,111.75,111.0222,111.58,14400
2012-12-24,111.15,111.5,111.052,111.5,2100
2012-12-26,111.39,112.01,111.31,111.31,3400
2012-12-27,110.7,112.23,110.7,111.46,10900
2012-12-28,112.09,112.449,111.7427,112.2,10500
2012-12-31,111.86,111.86,108.8801,109.122,22600
2013-01-02,107.11,107.3199,105.25,106.7,29400
2013-01-03,106.7,106.7,104.19,104.19,37800
2013-01-04,103.92,104.84,103.51,104.83,86800
2013-01-07,105.0,105.5099,104.49,105.07,15200
2013-01-08,105.95,106.56,105.71,106.46,26800
2013-01-09,106.1301,106.541,105.99,106.54,11800
2013-01-10,105.54,106.3778,105.28,105.61,7400
2013-01-11,105.29,107.39,105.29,107.38,18700
2013-01-14,107.39,107.92,106.79,106.79,9200
2013-01-15,108.36,108.46,107.83,107.83,5400
2013-01-16,107.83,107.96,107.5,107.5,8700
2013-01-17,106.68,106.68,105.601,106.37,24200
2013-01-18,106.55,107.5,106.55,107.2467,5400
2013-01-22,107.25,107.87,107.18,107.87,5200
2013-01-23,107.74,108.08,107.29,107.73,3000
2013-01-24,107.2,107.2,106.3592,106.53,2800
2013-01-25,105.27,105.33,104.22,104.53,18100
2013-01-28,103.36,104.25,103.07,104.08,16800
2013-01-29,104.3299,104.3299,102.851,102.99,4300
2013-01-30,102.45,103.04,101.936,102.9,245100
2013-01-31,102.98,103.6,102.6,103.6,19600
2013-02-01,104.19,104.19,101.4,101.5299,21300
2013-02-04,102.71,103.6,102.4,103.412,20500
2013-02-05,102.38,102.39,101.63,101.79,6700
2013-02-06,102.35,103.01,102.04,102.97,3500
2013-02-07,102.68,104.03,102.68,102.85,3800
2013-02-08,102.32,103.25,102.25,103.25,3200
2013-02-11,103.5,103.84,103.1801,103.5,5200
2013-02-12,102.96,103.37,102.435,102.74,5600
2013-02-13,101.63,102.1,101.5001,101.8,5500
2013-02-14,102.15,103.175,102.02,102.89,12100
2013-02-15,102.84,102.84,102.0101,102.62,3700
2013-02-19,103.16,103.16,101.61,101.79,4100
2013-02-20,101.01,102.24,101.0,101.7001,5500
2013-02-21,103.0,103.55,102.89,102.95,15900
2013-02-22,102.98,103.51,102.91,103.02,15200
2013-02-25,102.26,106.42,101.951,106.41,11700
2013-02-26,105.66,106.8624,105.43,105.5,20100
2013-02-27,106.71,106.71,104.42,104.98,19500
2013-02-28,105.2,105.4,104.41,104.9,13600
2013-03-01,106.13,106.44,105.6401,106.08,4600
2013-03-04,106.11,106.11,105.242,105.27,2800
2013-03-05,104.98,104.98,104.4425,104.8,10000
2013-03-06,103.65,103.93,103.26,103.31,7200
2013-03-07,102.48,102.52,101.87,102.06,7200
2013-03-08,100.67,101.12,100.02,100.42,45400
2013-03-11,100.76,100.953,100.21,100.48,8300
2013-03-12,101.11,101.7899,101.03,101.6999,7900
2013-03-13,100.85,101.5,100.85,101.28,15500
2013-03-14,100.89,101.45,100.6045,100.91,10900
2013-03-15,101.13,101.69,101.13,101.69,116700
2013-03-18,103.12,103.14,102.254,102.81,20500
2013-03-19,103.0,104.642,102.93,103.88,32500
2013-03-20,102.6,103.296,102.16,102.16,13300
2013-03-21,102.674,103.44,102.48,103.42,26000
2013-03-22,103.57,104.03,103.039,103.913,7300
2013-03-25,102.959,104.26,102.959,103.62,19800
2013-03-26,103.18,104.01,103.06,103.76,5000
2013-03-27,105.0,105.42,104.946,105.09,10000
2013-03-28,103.56,103.965,102.99,103.06,3400
2013-04-01,103.35,104.64,103.35,104.64,8200
2013-04-02,104.23,104.3,103.882,103.9615,4800
2013-04-03,104.33,105.81,104.33,105.56,9700
2013-04-04,106.27,107.68,106.2422,107.58,21800
2013-04-05,110.8,112.2299,110.8,111.35,23000
2013-04-08,111.07,111.53,109.99,110.05,16400
2013-04-09,110.12,110.322,109.28,109.42,4800
2013-04-10,107.89,108.07,107.11,107.16,8300
2013-04-11,107.5499,107.55,107.02,107.32,2900
2013-04-12,109.07,110.0,108.95,110.0,8600
2013-04-15,110.07,111.65,109.8899,111.6,24000
2013-04-16,110.18,110.739,110.161,110.24,5600
2013-04-17,110.7,112.159,110.7,111.29,32100
2013-04-18,111.31,111.849,111.19,111.76,6600
2013-04-19,111.6,111.6,111.06,111.41,14000
2013-04-22,111.24,111.81,111.1764,111.48,13300
2013-04-23,111.85,112.11,110.67,110.87,15000
2013-04-24,110.65,111.11,110.54,111.04,6800
2013-04-25,110.2,110.47,110.1,110.28,13400
2013-04-26,111.8,112.11,111.42,111.81,13900
2013-04-29,112.38,112.4,111.17,111.17,6200
2013-04-30,111.97,111.97,110.86,111.41,5300
2013-05-01,112.45,113.65,112.45,113.31,40100
2013-05-02,112.7,113.23,112.3,112.96,5400
2013-05-03,109.602,110.522,108.29,108.65,174200
2013-05-06,109.08,109.08,107.53,108.19,21900
2013-05-07,107.7,107.85,107.27,107.54,15200
2013-05-08,107.75,108.463,107.51,107.8,20800
2013-05-09,108.18,108.68,107.01,107.05,6500
2013-05-10,106.94,106.94,104.32,105.49,18000
2013-05-13,104.21,104.619,103.76,104.0,12600
2013-05-14,104.89,104.89,101.87,101.88,43700
2013-05-15,103.35,103.5699,102.39,103.26,28300
2013-05-16,104.25,105.22,104.23,104.79,11900
2013-05-17,103.61,103.8499,102.6305,102.93,14700
2013-05-20,103.62,103.76,102.58,102.64,9400
2013-05-21,102.73,104.1,102.0,104.05,16700
2013-05-22,104.25,105.035,101.5,101.93,32500
2013-05-23,103.08,103.41,101.3401,102.42,16100
2013-05-24,103.01,103.499,103.0,103.0,3400
2013-05-28,101.8,101.86,98.97,99.15,67000
2013-05-29,99.97,100.8157,99.92,100.66,21800
2013-05-30,100.4828,100.92,99.69,100.27,14300
2013-05-31,100.01,100.09,97.82,99.91,46200
2013-06-03,99.54,101.7,99.42,100.77,6300
2013-06-04,99.6676,100.1721,99.01,99.01,4600
2013-06-05,100.04,100.96,99.84,100.96,15200
2013-06-06,100.93,103.18,100.08,101.09,13000
2013-06-07,99.81,100.45,98.231,98.5,28400
2013-06-10,97.54,98.1699,97.0125,97.61,24700
2013-06-11,97.47,99.54,97.08,99.54,12000
2013-06-12,98.43,99.2926,97.25,97.3015,37000
2013-06-13,98.8,99.52,98.34,99.22,14100
2013-06-14,99.7999,100.0799,99.12,99.12,12400
2013-06-17,99.59,99.59,98.04,98.28,6300
2013-06-18,97.55,98.812,97.55,98.36,10300
2013-06-19,98.77,99.398,95.5,97.58,43800
2013-06-20,95.5,96.0799,93.486,95.0,67900
2013-06-21,94.6,94.96,92.65,92.67,56200
2013-06-24,92.29,94.0299,91.65,93.55,70400
2013-06-25,93.43,93.461,92.05,92.22,20100
2013-06-26,93.5,93.52,92.2,92.56,32300
2013-06-27,94.09,94.4799,93.05,94.23,20900
2013-06-28,92.54,95.05,92.48,94.44,18000
2013-07-01,94.03,95.08,94.03,94.82,12000
2013-07-02,95.4,96.0,95.26,95.7,16600
2013-07-03,95.28,95.28,94.8,95.07,2800
2013-07-05,91.32,91.32,89.9,90.0,9300
2013-07-08,90.73,91.3,90.62,90.93,21100
2013-07-09,90.88,91.095,90.5,90.8,12400
2013-07-10,90.88,90.88,88.971,89.22,50700
2013-07-11,90.939,91.308,89.63,90.95,475800
2013-07-12,91.7,92.05,90.59,91.03,161100
2013-07-15,90.88,91.73,90.88,91.62,8900
2013-07-16,92.09,92.36,91.96,92.28,16000
2013-07-17,92.48,93.0,92.21,92.21,16800
2013-07-18,91.85,91.85,90.19,90.2,9300
2013-07-19,91.33,92.58,91.33,92.58,29800
2013-07-22,93.4999,93.4999,92.7601,93.16,4500
2013-07-23,91.8,92.6099,91.73,92.37,12000
2013-07-24,90.83,90.91,89.89,90.41,19400
2013-07-25,90.07,90.4,89.62,90.4,4000
2013-07-26,90.95,91.33,90.66,91.16,5700
2013-07-29,90.85,90.85,89.8518,90.11,9200
2013-07-30,90.5,90.5808,89.7201,90.08,5700
2013-07-31,88.75,91.05,88.15,90.71,11300
2013-08-01,89.33,89.33,87.4716,88.14,42300
2013-08-02,88.94,89.39,88.7601,89.39,16600
2013-08-05,88.74,88.74,87.821,88.01,16200
2013-08-06,87.57,88.48,87.57,88.39,23600
2013-08-07,88.97,89.58,88.97,89.45,5400
2013-08-08,89.95,90.63,89.61,89.75,8500
2013-08-09,89.291,90.04,89.291,90.04,1700
2013-08-12,90.45,90.5199,88.93,88.93,14200
2013-08-13,87.15,87.474,86.76,87.0,37300
2013-08-14,87.07,87.42,86.79,87.15,377900
2013-08-15,85.66,86.36,85.19,85.25,37100
2013-08-16,85.2901,85.2938,83.89,84.74,7400
2013-08-19,84.35,84.35,83.26,83.5,389200
2013-08-20,83.85,84.6,83.85,84.55,36200
2013-08-21,83.88,84.5399,83.06,83.06,13600
2013-08-22,83.53,84.73,83.44,84.7299,16000
2013-08-23,84.49,86.445,84.49,86.44,18700
2013-08-26,86.75,86.9799,86.4201,86.9799,3700
2013-08-27,87.6201,88.9,87.29,88.73,27100
2013-08-28,88.06,88.06,87.38,87.7299,5100
2013-08-29,87.6,89.19,87.6,89.14,18700
2013-08-30,88.88,89.98,88.7,89.5,196500
2013-09-03,87.46,87.48,86.59,87.18,5200
2013-09-04,87.8,87.8,87.15,87.23,4000
2013-09-05,85.81,85.9238,85.15,85.19,19100
2013-09-06,85.94,86.35,85.47,85.7,4700
2013-09-09,86.37,86.45,85.75,85.75,5500
2013-09-10,85.06,85.87,84.55,84.55,8100
2013-09-11,85.14,85.47,84.4699,85.47,9700
2013-09-12,86.33,86.6,85.075,85.42,16000
2013-09-13,85.9801,86.3053,85.12,85.48,205000
2013-09-16,86.18,86.3599,84.425,84.72,4700
2013-09-17,85.1199,85.85,85.02,85.81,14700
2013-09-18,85.49,87.75,85.18,87.05,30900
2013-09-19,86.861,86.8999,85.7917,86.065,18700
2013-09-20,86.3501,87.32,86.3501,87.08,25900
2013-09-23,87.28,88.22,87.201,88.22,4500
2013-09-24,88.72,90.18,88.72,90.08,600400
2013-09-25,89.22,90.44,89.19,90.15,9400
2013-09-26,89.67,89.67,89.01,89.28,3200
2013-09-27,89.45,89.71,88.9044,89.18,7000
2013-09-30,88.3099,88.7,88.0334,88.32,5600
2013-10-01,87.95,88.06,87.5,87.75,10100
2013-10-02,88.04,88.64,87.742,88.11,35100
2013-10-03,87.85,88.49,87.83,87.87,7500
2013-10-04,87.527,87.559,87.2601,87.52,3200
2013-10-07,88.36,88.36,88.068,88.068,5800
2013-10-08,88.1,88.7025,88.1,88.318,26100
2013-10-09,87.999,87.999,86.9,86.9,603800
2013-10-10,86.13,87.24,85.88,87.24,62700
2013-10-11,88.04,88.49,87.38,87.574,172000
2013-10-14,87.31,87.7499,86.01,86.35,25900
2013-10-15,87.0,87.0,86.21,86.2114,8200
2013-10-16,85.98,87.81,85.98,87.78,41700
2013-10-17,88.8117,89.5575,88.8112,89.3591,6500
2013-10-18,89.6,90.03,89.47,89.47,5500
2013-10-21,88.98,89.2188,88.952,88.952,8100
2013-10-22,90.08,90.82,90.08,90.36,27000
2013-10-23,91.0,91.49,90.97,90.97,17300
2013-10-24,91.5,91.62,90.54,90.5834,7100
2013-10-25,91.02,91.22,90.8501,91.06,9500
2013-10-28,90.8601,91.01,90.4919,90.4919,2500
2013-10-29,90.1601,90.39,89.9,90.32,5200
2013-10-30,90.118,90.99,89.3159,89.57,2200
2013-10-31,90.27,90.27,89.47,90.0,52200
2013-11-01,89.23,89.23,88.43,88.45,2100
2013-11-04,88.983,88.983,88.361,88.45,11900
2013-11-05,87.0099,87.71,86.68,86.68,4700
2013-11-06,86.5,86.5201,86.079,86.5,4100
2013-11-07,86.43,87.81,86.43,87.74,14300
2013-11-08,85.43,85.54,84.35,84.42,223400
2013-11-11,84.45,84.55,83.8,83.8,13300
2013-11-12,84.47,84.64,84.28,84.64,800
2013-11-13,84.94,85.0247,84.89,85.01,2700
2013-11-14,85.842,86.75,85.52,86.0668,6500
2013-11-15,85.83,86.0,85.55,86.0,97400
2013-11-18,86.0686,86.83,86.0686,86.65,1600
2013-11-19,86.4964,86.68,85.9065,85.9065,2800
2013-11-20,86.06,86.1772,83.18,83.18,19000
2013-11-21,83.18,83.9283,82.47,83.531,7500
2013-11-22,84.721,85.33,84.645,84.961,47100
2013-11-25,84.76,85.4789,84.76,85.315,15400
2013-11-26,85.86,86.31,85.86,85.92,15500
2013-11-27,85.94,85.97,85.3,85.3,3200
2013-11-29,85.3801,85.61,85.3801,85.54,600
2013-12-02,85.3666,85.3666,84.9293,84.93,1300
2013-12-03,85.51,85.62,85.33,85.49,6100
2013-12-04,84.045,84.45,83.9578,84.0,4700
2013-12-05,83.76,84.268,83.5601,83.68,26100
2013-12-06,84.13,84.22,83.75,83.75,3300
2013-12-09,84.32,84.72,84.32,84.5783,7900
2013-12-10,85.61,85.8,85.35,85.8,6900
2013-12-11,85.08,85.228,84.609,84.61,68200
2013-12-12,84.72,84.78,84.08,84.08,36400
2013-12-13,84.7101,85.02,84.66,84.86,16000
2013-12-16,85.29,85.58,84.286,84.36,34100
2013-12-17,84.316,84.94,84.31,84.92,11000
2013-12-18,84.056,85.0,82.331,84.31,44200
2013-12-19,84.62,84.79,84.38,84.38,2500
2013-12-20,85.85,86.5201,85.47,86.5201,4600
2013-12-23,86.5,86.791,86.06,86.12,9300
2013-12-24,85.33,85.59,85.08,85.08,2100
2013-12-26,84.59,84.62,84.2401,84.62,14000
2013-12-27,82.98,82.98,82.6,82.85,4400
2013-12-30,82.98,83.94,82.98,83.8299,25000
2013-12-31,83.74,83.74,81.8601,83.0,14000
2014-01-02,82.96,83.58,82.96,83.26,22400
2014-01-03,82.99,83.48,82.58,83.22,5400
2014-01-06,83.64,84.17,83.64,83.72,8900
2014-01-07,83.7,84.14,83.7,84.14,6300
2014-01-08,83.45,84.02,82.98,83.68,11700
2014-01-09,84.161,84.93,83.81,84.86,22300
2014-01-10,85.88,86.38,85.72,86.38,9200
2014-01-13,86.66,87.018,86.46,86.9456,5400
2014-01-14,86.2101,86.4,86.2101,86.35,2300
2014-01-15,85.6,86.0,85.6,86.0,4500
2014-01-16,87.1099,87.32,87.0,87.32,34700
2014-01-17,87.04,88.19,87.04,88.07,136900
2014-01-21,87.84,88.338,87.84,88.15,5100
2014-01-22,88.114,88.434,87.7874,87.97,12500
2014-01-23,88.7,90.2299,88.7,89.632,9600
2014-01-24,90.15,90.78,90.1,90.78,19600
2014-01-27,90.6,90.82,89.9227,89.96,20500
2014-01-28,89.47,89.9396,89.47,89.9396,3100
2014-01-29,90.3899,91.47,90.0405,90.9401,12700
2014-01-30,90.63,90.74,90.0627,90.412,1800
2014-01-31,91.43,91.771,91.28,91.42,17500
2014-02-03,91.4,93.4396,91.23,93.425,41900
2014-02-04,92.65,92.65,91.51,91.7115,25700
2014-02-05,91.05,91.26,90.1055,90.385,23100
2014-02-06,90.26,90.26,89.47,89.65,17600
2014-02-07,89.27,90.2099,89.2151,89.7399,12700
2014-02-10,89.45,89.8499,89.45,89.7799,1400
2014-02-11,89.25,89.5499,89.04,89.43,4400
2014-02-12,88.82,88.8526,88.37,88.73,21700
2014-02-13,89.53,89.774,89.3,89.4142,5600
2014-02-14,89.35,89.35,89.03,89.31,133600
2014-02-18,89.34,90.193,89.34,89.65,25200
2014-02-19,90.21,90.21,88.98,89.1,105600
2014-02-20,89.07,89.12,88.16,88.59,21800
2014-02-21,88.74,89.4599,88.74,89.35,12700
2014-02-24,89.64,89.64,88.96,89.18,8000
2014-02-25,89.9999,90.49,89.9999,90.49,8200
2014-02-26,90.76,91.17,90.5,91.17,6300
2014-02-27,92.03,92.03,91.54,91.89,7400
2014-02-28,91.7599,92.35,91.27,92.23,5100
2014-03-03,92.99,93.25,92.838,93.04,14500
2014-03-04,92.05,92.05,91.14,91.14,5300
2014-03-05,90.95,91.41,90.886,91.2,5000
2014-03-06,90.0,90.3873,90.0,90.0,4800
2014-03-07,88.4,89.28,88.4,88.99,10000
2014-03-10,89.14,89.255,88.84,89.14,13700
2014-03-11,89.125,89.6095,88.91,89.55,14900
2014-03-12,90.25,90.7099,90.24,90.7099,4600
2014-03-13,90.3571,92.25,90.3571,92.25,6100
2014-03-14,92.17,92.97,92.15,92.44,98100
2014-03-17,91.89,92.13,91.29,91.44,14300
2014-03-18,91.5,91.9406,91.5,91.84,1900
2014-03-19,91.7,91.7,89.74,91.15,8800
2014-03-20,91.0751,91.51,91.0751,91.47,700
2014-03-21,91.47,92.47,91.47,92.47,2500
2014-03-24,92.33,94.0999,92.33,93.79,5300
2014-03-25,92.89,93.52,92.89,93.29,14900
2014-03-26,93.23,94.2571,93.23,94.0715,22100
2014-03-27,94.61,95.6679,94.47,95.1,17000
2014-03-28,94.68,94.77,93.8901,94.31,11100
2014-03-31,92.84,93.51,92.56,93.2,20000
2014-04-01,92.59,92.789,92.05,92.05,23900
2014-04-02,91.4,91.4,91.0301,91.08,16700
2014-04-03,91.64,92.209,91.52,91.75,21800
2014-04-04,92.0,92.95,91.8317,92.6,11500
2014-04-07,92.92,93.65,92.91,93.64,17600
2014-04-08,93.45,94.02,93.055,93.98,6300
2014-04-09,93.36,93.966,92.8161,93.02,12600
2014-04-10,93.537,94.99,93.53,94.37,10500
2014-04-11,95.25,95.92,94.92,95.88,15800
2014-04-14,96.0,96.089,95.083,95.55,15400
2014-04-15,95.5,96.939,95.48,96.62,16700
2014-04-16,95.3,96.82,95.3,96.71,29500
2014-04-17,96.92,97.1,94.87,95.8399,9500
2014-04-21,95.8028,96.0,94.92,94.92,15100
2014-04-22,94.73,95.49,94.48,95.42,7700
2014-04-23,96.12,96.55,96.07,96.55,6900
2014-04-24,96.03,96.8099,96.03,96.76,15600
2014-04-25,97.51,97.96,97.11,97.11,15400
2014-04-28,96.731,97.0099,96.1,96.251,10700
2014-04-29,95.77,96.05,95.26,96.01,15200
2014-04-30,95.86,96.77,95.69,96.38,10300
2014-05-01,96.685,98.67,96.64,98.1,32200
2014-05-02,97.6799,99.9785,97.46,99.27,125400
2014-05-05,99.6,99.7,97.82,98.21,12200
2014-05-06,98.66,99.33,98.45,99.14,14200
2014-05-07,98.85,99.04,98.22,98.32,10800
2014-05-08,98.42,98.76,96.95,97.71,18600
2014-05-09,97.0901,97.44,96.5,96.6,6500
2014-05-12,96.56,96.56,95.959,96.0999,8500
2014-05-13,96.92,97.32,96.821,97.32,17800
2014-05-14,99.15,99.47,98.74,99.2,11700
2014-05-15,100.25,101.0999,99.822,100.5,38700
2014-05-16,99.75,100.8599,99.75,100.09,59700
2014-05-19,100.74,100.74,99.14,99.14,6900
2014-05-20,98.69,99.79,98.3901,99.13,8100
2014-05-21,98.04,98.359,97.7201,97.94,12100
2014-05-22,97.9701,98.4099,97.3,97.61,16900
2014-05-23,98.46,98.874,98.38,98.6,11500
2014-05-27,99.03,99.78,98.52,99.43,28400
2014-05-28,100.6634,101.9599,100.6634,101.9599,12100
2014-05-29,101.62,102.14,99.59,101.105,8500
2014-05-30,100.57,101.156,100.2,100.87,9700
2014-06-02,99.64,100.3555,99.1401,99.68,16800
2014-06-03,99.31,99.31,97.74,97.74,12100
2014-06-04,98.08,98.08,97.42,97.75,12600
2014-06-05,97.0,98.3675,97.0,97.9,19000
2014-06-06,98.7,98.7,97.7,97.85,9200
2014-06-09,97.46,97.87,97.43,97.7,4500
2014-06-10,97.21,97.34,96.89,97.09,9300
2014-06-11,97.49,98.0,97.12,97.23,8800
2014-06-12,97.5,99.04,97.21,98.8399,38500
2014-06-13,98.23,99.09,98.18,98.8,8500
2014-06-16,98.99,99.47,98.751,99.24,8100
2014-06-17,98.47,98.5,97.98,97.98,4200
2014-06-18,98.4,99.37,98.04,98.04,8000
2014-06-19,99.22,99.29,96.27,97.1,32600
2014-06-20,97.48,98.26,96.91,98.26,35400
2014-06-23,98.74,98.78,97.52,97.65,8000
2014-06-24,98.7707,99.2001,98.4,99.2001,7400
2014-06-25,99.9,100.18,99.57,99.68,7000
2014-06-26,100.6016,101.0,100.55,100.55,4300
2014-06-27,101.11,101.11,99.97,99.97,86800
2014-06-30,100.02,100.88,99.478,100.02,7000
2014-07-01,98.89,99.5,98.45,98.62,21800
2014-07-02,97.68,97.838,96.71,96.87,29100
2014-07-03,96.32,96.67,96.04,96.282,89300
2014-07-07,97.18,97.86,97.14,97.47,30200
2014-07-08,98.44,99.28,98.44,99.28,34600
2014-07-09,99.13,99.66,99.13,99.66,4300
2014-07-10,100.16,100.44,99.43,99.43,5800
2014-07-11,100.12,100.41,100.0188,100.41,4300
2014-07-14,100.18,100.18,99.54,99.832,7700
2014-07-15,99.4,100.0,99.022,99.7099,5000
2014-07-16,99.8,100.4245,99.8,100.25,9200
2014-07-17,101.4,102.56,101.1401,102.26,12000
2014-07-18,102.6,102.6,101.35,101.79,13700
2014-07-21,102.86,103.17,102.42,102.5201,17300
2014-07-22,102.54,103.142,102.11,102.96,13900
2014-07-23,103.051,103.43,102.76,102.82,10100
2014-07-24,102.19,102.19,101.46,101.51,12300
2014-07-25,102.88,103.86,102.88,103.79,84200
2014-07-28,103.79,104.15,103.13,103.42,13400
2014-07-29,104.33,104.33,103.47,104.27,8000
2014-07-30,103.33,103.5134,101.7,101.92,7900
2014-07-31,100.82,101.95,100.69,101.36,10900
2014-08-01,101.18,102.5499,100.7,102.228,65900
2014-08-04,102.4,102.6,101.86,101.86,6000
2014-08-05,101.66,102.5,101.03,102.24,18000
2014-08-06,103.41,103.41,102.306,102.44,5000
2014-08-07,102.681,103.7799,102.681,103.7,7000
2014-08-08,104.34,104.48,103.31,103.85,14700
2014-08-11,103.73,103.73,103.27,103.31,2400
2014-08-12,103.05,103.2199,101.57,102.21,53300
2014-08-13,102.2,103.3,101.64,103.3,46400
2014-08-14,103.93,105.18,102.77,104.62,18700
2014-08-15,105.11,107.71,105.0,107.71,118900
2014-08-18,106.26,106.26,104.5901,104.74,21600
2014-08-19,105.87,105.87,104.04,104.4,6400
2014-08-20,103.7601,104.43,103.52,104.04,7700
2014-08-21,104.5,105.32,104.21,105.237,8200
2014-08-22,106.18,106.78,105.53,106.18,73100
2014-08-25,106.44,107.011,106.16,106.77,20400
2014-08-26,107.68,107.68,106.28,106.3042,3500
2014-08-27,107.1,108.0,106.56,107.77,15400
2014-08-28,109.04,109.42,108.8,109.0,33300
2014-08-29,108.01,109.85,108.01,109.05,62200
2014-09-02,108.31,108.31,106.0501,106.25,12300
2014-09-03,105.99,107.09,105.52,106.86,41200
2014-09-04,105.87,105.87,104.68,104.79,13500
2014-09-05,105.1108,105.321,103.61,103.94,90200
2014-09-08,103.94,105.0,103.8101,104.4,6600
2014-09-09,104.4,104.988,103.983,104.33,24600
2014-09-10,103.7499,103.7899,103.26,103.684,14800
2014-09-11,103.75,104.0899,103.02,103.02,8800
2014-09-12,102.0,102.12,100.75,101.04,29400
2014-09-15,100.44,102.27,100.44,101.03,10900
2014-09-16,101.58,101.58,100.69,100.69,40200
2014-09-17,101.37,101.48,100.0,100.101,7400
2014-09-18,101.05,101.15,100.53,100.54,9200
2014-09-19,101.23,103.1899,100.902,103.15,8400
2014-09-22,103.27,103.5499,102.9425,103.09,10499
2014-09-23,103.32,104.1,103.32,104.1,23186
2014-09-24,104.16,104.35,103.28,103.4,8902
2014-09-25,104.53,105.34,103.75,105.21,13319
2014-09-26,105.19,105.52,104.559,105.41,13316
2014-09-29,106.51,106.8999,106.131,106.62,14010
2014-09-30,105.6,105.829,104.2501,104.59,8778
2014-10-01,105.35,107.82,105.35,107.62,12177
2014-10-02,106.89,107.696,106.211,106.211,10699
2014-10-03,106.16,107.49,105.95,107.32,56897
2014-10-06,107.3,107.9,106.5892,107.16,9504
2014-10-07,107.85,109.56,107.85,109.55,22863
2014-10-08,109.66,109.69,108.3264,108.55,25728
2014-10-09,109.13,109.3599,108.3619,108.86,8447
2014-10-10,109.61,110.66,109.38,110.66,897294
2014-10-13,112.64,112.64,110.135,111.01,36526
2014-10-14,111.97,112.64,110.802,112.43,47424
2014-10-15,115.77,119.75,112.8984,113.29,145147
2014-10-16,116.68,119.95,111.55,112.23,31375
2014-10-17,111.27,112.0362,109.96,111.11,464929
2014-10-20,111.73,111.9799,110.82,111.5,10547
2014-10-21,110.58,111.2,110.03,110.22,452023
2014-10-22,109.99,110.55,109.51,110.29,20271
2014-10-23,109.95,109.95,108.37,109.02,35561
2014-10-24,109.09,110.2499,108.75,108.94,13448
2014-10-27,109.13,110.03,109.0275,109.4,7612
2014-10-28,108.98,108.99,108.09,108.46,21475
2014-10-29,107.95,109.5863,107.46,109.01,15465
2014-10-30,110.0,110.29,109.0607,109.08,6241
2014-10-31,109.1,109.251,108.0604,109.13,9807
2014-11-03,109.28,109.28,107.94,108.8399,7219
2014-11-04,109.79,110.16,109.11,109.49,13120
2014-11-05,108.77,109.41,108.654,109.22,2546
2014-11-06,108.52,108.53,108.0099,108.054,8424
2014-11-07,108.57,109.59,108.57,109.39,58724
2014-11-10,109.3,109.3,108.09,108.09,3795
2014-11-11,108.5,108.5,107.51,108.24,8308
2014-11-12,109.35,109.502,108.0,108.0,9303
2014-11-13,108.3999,108.7499,107.96,108.634,4266
2014-11-14,108.98,109.6178,108.58,109.6178,6364
2014-11-17,110.2,110.2,108.75,109.32,12365
2014-11-18,109.46,109.68,108.9465,109.4965,4738
2014-11-19,108.84,109.46,108.34,108.34,5459
2014-11-20,109.65,109.89,108.8668,109.15,8198
2014-11-21,109.91,110.5099,109.2703,110.4999,6948
2014-11-24,110.01,110.86,109.64,110.36,10068
2014-11-25,110.52,112.2969,110.52,111.95,38270
2014-11-26,112.83,113.11,112.48,112.792,15370
2014-11-28,113.49,114.057,113.3,113.65,7749
2014-12-01,114.08,114.5,112.75,112.8,21274
2014-12-02,111.0301,111.89,111.0301,111.14,16222
2014-12-03,111.41,112.144,111.15,111.97,11978
2014-12-04,111.01,113.32,111.01,113.32,78294
2014-12-05,114.07,114.07,112.2547,112.64,14277
2014-12-08,112.01,115.1457,112.01,114.6724,10296
2014-12-09,116.0,116.459,114.9801,115.35,9440
2014-12-10,115.57,116.87,115.57,116.65,15895
2014-12-11,116.4,117.4,115.728,117.4,8349
2014-12-12,118.57,119.99,118.16,119.98,87135
2014-12-15,119.03,120.65,118.4169,119.9,40990
2014-12-16,121.76,122.3469,120.352,121.8,25194
2014-12-17,121.02,121.64,119.22,120.6,60908
2014-12-18,118.4,118.489,117.29,117.84,21665
2014-12-19,117.62,119.85,117.4647,119.85,17941
2014-12-22,119.28,120.3699,119.18,120.2,7192
2014-12-23,119.4,119.4,116.23,116.42,18107
2014-12-24,116.06,117.44,116.06,117.44,1857
2014-12-26,118.2,118.5399,117.98,118.28,16730
2014-12-29,118.3,119.36,118.2401,118.94,22613
2014-12-30,119.99,120.15,119.17,119.41,33491
2014-12-31,119.44,120.07,118.5162,119.82,14456
2015-01-02,120.04,122.0,120.04,121.49,19355
2015-01-05,122.75,124.99,122.616,124.72,103552
2015-01-06,126.74,129.1,126.0,127.98,66011
2015-01-07,127.16,128.53,125.72,128.21,51180
2015-01-08,126.66,126.66,124.9101,125.09,22606
2015-01-09,124.6,127.47,124.26,127.0,43324
2015-01-12,127.56,129.19,127.14,128.61,45841
2015-01-13,127.99,129.765,127.471,128.92,101221
2015-01-14,131.56,131.91,129.6,130.47,100514
2015-01-15,130.47,132.9275,129.5605,132.71,46289
2015-01-16,132.5,132.5,129.73,130.73,50992
2015-01-20,131.93,134.292,131.46,132.9,45255
2015-01-21,133.95,134.45,130.0,130.99,49760
2015-01-22,131.6,132.1133,129.01,130.63,47721
2015-01-23,132.63,133.12,131.88,132.83,12609
2015-01-26,132.96,133.5327,131.76,132.3,32639
2015-01-27,134.22,135.6,132.0,133.03,30815
2015-01-28,133.55,137.0,132.9465,137.0,63533
2015-01-29,137.0,137.0,134.5101,135.09,25945
2015-01-30,137.95,139.2499,137.155,138.99,38380
2015-02-02,138.05,138.9,137.07,138.65,44956
2015-02-03,137.16,137.16,133.02,133.37,52544
2015-02-04,133.37,133.7662,130.52,133.5,47973
2015-02-05,132.73,132.73,130.6501,131.19,83214
2015-02-06,130.01,130.01,126.67,127.26,142000
2015-02-09,128.17,129.4199,126.8,126.95,54511
2015-02-10,125.25,126.07,124.59,124.97,58021
2015-02-11,125.05,125.7399,124.0,125.49,33145
2015-02-12,125.0,126.48,124.75,124.92,32656
2015-02-13,125.47,125.47,122.11,123.35,35208
2015-02-17,122.27,122.6,119.88,120.18,68666
2015-02-18,121.06,122.5,120.11,121.02,68510
2015-02-19,121.0,121.8,120.02,120.2,9414
2015-02-20,121.16,122.748,120.05,120.69,36951
2015-02-23,121.7,122.89,121.67,122.59,8059
2015-02-24,123.98,125.72,121.84,125.32,60119
2015-02-25,124.94,126.73,124.61,126.48,26483
2015-02-26,128.27,128.27,123.42,123.53,18481
2015-02-27,124.74,125.11,123.55,125.0,27968
2015-03-02,125.03,125.03,121.53,121.85,45474
2015-03-03,121.59,122.3699,120.8,121.09,13692
2015-03-04,123.0,123.0,120.7,121.3399,42541
2015-03-05,121.88,121.88,120.1,121.01,17820
2015-03-06,120.0,120.0,115.65,116.4,84540
2015-03-09,117.89,118.9499,117.2601,118.15,16515
2015-03-10,120.2486,120.84,119.55,120.28,52967
2015-03-11,120.6,122.3434,120.5854,121.98,28822
2015-03-12,123.01,123.4,121.44,121.66,17032
2015-03-13,121.61,122.5,120.81,121.47,20880
2015-03-16,122.78,123.45,121.91,122.87,25681
2015-03-17,123.85,124.75,123.79,124.66,10607
2015-03-18,125.0,128.33,124.35,128.33,41109
2015-03-19,128.16,128.25,126.448,127.49,21123
2015-03-20,127.72,128.95,127.72,128.28,52487
2015-03-23,128.86,128.95,127.7,128.17,24154
2015-03-24,128.27,130.06,127.8901,130.06,20645
2015-03-25,130.22,130.22,128.2301,128.55,30795
2015-03-26,128.0,128.08,124.65,125.3,17517
2015-03-27,125.64,127.874,125.64,127.17,8333
2015-03-30,127.49,127.49,126.47,126.54,26960
2015-03-31,125.253,126.5112,125.253,125.71,35902
2015-04-01,127.46,129.2099,127.06,128.65,23322
2015-04-02,128.54,128.54,125.91,125.91,13548
2015-04-06,125.87,126.75,124.3,124.66,17828
2015-04-07,125.19,126.649,124.3,126.55,19680
2015-04-08,126.28,126.922,125.24,126.66,10546
2015-04-09,126.11,126.11,123.78,124.11,28507
2015-04-10,125.13,125.25,124.07,124.24,56069
2015-04-13,124.42,124.65,123.946,124.5,4704
2015-04-14,126.3001,127.45,125.635,125.73,31939
2015-04-15,126.38,126.7799,125.3,125.5,10647
2015-04-16,126.19,126.19,123.949,124.58,20598
2015-04-17,124.18,127.2899,124.18,126.94,8815
2015-04-20,126.36,126.36,124.46,124.82,7215
2015-04-21,125.07,125.36,124.192,124.57,7587
2015-04-22,123.87,124.02,121.08,121.36,23660
2015-04-23,121.8,122.5199,121.19,121.91,4511
2015-04-24,123.06,123.6301,122.2501,123.63,5777
2015-04-27,123.63,123.7199,121.77,123.09,10685
2015-04-28,121.95,122.759,120.5,120.5,11426
2015-04-29,118.35,118.94,117.5,118.18,32798
2015-04-30,117.31,118.89,116.34,118.5699,26779
2015-05-01,117.17,117.17,115.57,116.16,27853
2015-05-04,115.89,116.9799,114.0,114.1,23334
2015-05-05,114.4,114.5,112.3712,113.92,26052
2015-05-06,113.02,113.02,110.48,110.78,39330
2015-05-07,111.88,113.67,111.88,113.4099,29783
2015-05-08,114.099,114.879,113.415,113.46,15884
2015-05-11,112.43,112.43,109.19,109.21,27669
2015-05-12,108.47,110.68,107.78,109.37,33740
2015-05-13,110.58,110.58,107.73,107.8,15223
2015-05-14,107.67,109.2099,107.599,108.07,43316
2015-05-15,110.01,112.4824,109.746,111.69,20778
2015-05-18,110.69,110.69,108.4101,109.01,18036
2015-05-19,106.48,109.34,106.48,107.3,20597
2015-05-20,107.88,108.285,106.958,107.51,6665
2015-05-21,108.63,110.2939,108.63,109.94,8739
2015-05-22,110.63,110.9899,109.48,109.48,19450
2015-05-26,111.05,113.3199,110.33,113.28,14443
2015-05-27,112.539,113.85,112.35,113.62,34840
2015-05-28,113.6,113.7,113.145,113.16,4412
2015-05-29,114.44,115.0,113.5,113.63,52379
2015-06-01,113.8,113.8,111.1,111.65,25291
2015-06-02,110.79,110.79,108.91,109.41,15558
2015-06-03,108.36,108.36,106.33,106.661,23343
2015-06-04,107.64,109.05,107.64,108.84,9839
2015-06-05,107.0,108.3427,106.1601,107.0,56981
2015-06-08,106.89,107.54,106.13,106.39,19924
2015-06-09,105.85,106.01,104.68,105.04,13867
2015-06-10,104.0,104.24,102.9653,103.64,29204
2015-06-11,104.41,107.0399,104.41,107.03,16470
2015-06-12,107.3,108.97,106.87,107.06,7107
2015-06-15,108.13,108.13,106.704,107.216,3292
2015-06-16,107.19,108.4,107.15,108.4,14473
2015-06-17,107.23,107.912,106.14,106.76,36103
2015-06-18,106.2,106.2,104.78,106.18,23705
2015-06-19,108.03,108.22,107.31,108.07,17759
2015-06-22,107.019,107.019,104.62,104.62,10528
2015-06-23,103.58,104.9,103.28,103.43,15143
2015-06-24,104.3967,105.4212,104.131,105.0,3938
2015-06-25,104.6201,105.38,104.32,104.56,20546
2015-06-26,103.3,103.3,102.4,102.49,6858
2015-06-29,103.514,107.64,103.514,106.85,22312
2015-06-30,105.69,106.7128,105.08,105.16,21796
2015-07-01,104.03,104.03,102.4901,102.88,7688
2015-07-02,103.81,103.9999,103.08,103.2,22757
2015-07-06,104.232,106.75,104.232,106.23,19277
2015-07-07,107.74,109.2,107.58,107.97,66921
2015-07-08,108.57,109.7599,108.1001,109.07,21722
2015-07-09,107.66,107.66,105.7,105.72,23913
2015-07-10,104.19,104.19,102.81,102.82,6890
2015-07-13,102.06,103.59,102.06,103.06,70135
2015-07-14,103.0,103.3447,102.6225,103.13,4106
2015-07-15,103.39,105.4199,103.39,105.1,16700
2015-07-16,104.9799,106.24,104.8901,106.16,3875
2015-07-17,106.9882,107.7,106.9882,107.16,43508
2015-07-20,106.57,107.08,106.38,106.38,8568
2015-07-21,106.6642,107.456,106.6642,107.27,6359
2015-07-22,107.5,109.0269,107.5,108.91,42301
2015-07-23,108.87,111.0,108.8,110.67,431817
2015-07-24,111.75,111.75,110.8601,111.25,35534
2015-07-27,112.38,112.7,111.54,112.43,33498
2015-07-28,110.84,111.31,110.53,110.8548,33610
2015-07-29,110.54,110.71,109.95,110.43,12087
2015-07-30,111.63,112.09,111.35,111.56,9021
2015-07-31,113.0,113.26,112.31,112.7,25906
2015-08-03,113.55,114.9099,113.0894,114.52,12303
2015-08-04,113.84,114.401,113.21,113.29,41536
2015-08-05,112.0,112.2936,111.5,111.9001,20363
2015-08-06,112.65,113.92,112.58,113.47,7366
2015-08-07,114.44,116.11,114.44,115.99,33115
2015-08-10,115.63,116.0,113.3564,113.99,52914
2015-08-11,115.12,117.2,115.12,116.66,38497
2015-08-12,117.25,118.39,115.82,115.88,54693
2015-08-13,115.61,116.1562,114.6991,115.02,32613
2015-08-14,115.41,116.47,114.7651,116.09,345144
2015-08-17,116.93,117.3,116.5,116.64,22525
2015-08-18,115.78,116.7099,115.0001,115.17,19207
2015-08-19,115.04,117.1199,114.75,116.73,353301
2015-08-20,117.51,119.08,117.51,119.08,70121
2015-08-21,119.25,119.75,118.4354,119.282,42380
2015-08-24,120.69,126.0,118.59,119.23,66134
2015-08-25,118.04,118.04,115.09,116.27,77662
2015-08-26,115.56,115.56,111.85,112.2,143468
2015-08-27,112.23,113.72,111.794,112.31,128712
2015-08-28,114.2094,114.3661,112.4,112.43,74793
2015-08-31,113.55,114.65,111.41,111.68,29650
2015-09-01,112.07,112.95,111.1934,112.44,63631
2015-09-02,112.45,112.7,111.0101,111.26,22024
2015-09-03,111.58,112.28,110.933,111.6978,13220
2015-09-04,112.9,113.9399,112.6275,113.48,27516
2015-09-08,112.8,112.8,110.81,111.12,32669
2015-09-09,109.45,112.7593,109.009,111.56,43137
2015-09-10,111.35,111.35,110.22,110.49,462911
2015-09-11,111.66,112.51,111.47,111.47,17511
2015-09-14,112.43,112.62,111.8572,112.05,8862
2015-09-15,111.12,111.12,108.0363,108.45,141907
2015-09-16,108.45,108.45,107.24,107.62,33774
2015-09-17,107.61,109.82,107.55,109.54,26094
2015-09-18,111.01,112.93,110.86,112.22,43527
2015-09-21,111.3,111.3,108.805,109.26,31557
2015-09-22,111.42,112.46,110.88,111.59,26428
2015-09-23,111.17,112.17,110.26,111.66,13246
2015-09-24,113.18,114.5,112.6405,113.09,37878
2015-09-25,111.68,111.8,110.89,111.64,21802
2015-09-28,111.99,114.5499,111.99,114.2001,21521
2015-09-29,114.6485,115.3499,113.82,114.74,29873
2015-09-30,113.96,113.96,112.95,113.3,8713
2015-10-01,114.56,114.94,113.9,113.96,20963
2015-10-02,116.01,117.43,114.49,114.91,60790
2015-10-05,114.0,114.0,112.3701,112.6,9031
2015-10-06,112.2,113.4948,111.6501,113.34,12545
2015-10-07,112.81,113.073,112.4,112.57,6588
2015-10-08,112.97,112.97,110.6,111.0,31007
2015-10-09,111.11,112.01,111.11,111.35,20385
2015-10-12,112.56,113.018,112.36,112.79,9155
2015-10-13,113.3876,113.3876,112.27,112.74,6767
2015-10-14,113.19,114.4999,113.1301,114.44,16219
2015-10-15,114.21,114.21,113.4101,113.71,4409
2015-10-16,114.0,114.38,113.31,113.75,56242
2015-10-19,113.75,113.75,112.42,113.09,10724
2015-10-20,112.12,112.3582,111.7701,112.23,11123
2015-10-21,113.13,114.2,113.13,113.97,13234
2015-10-22,113.98,115.0199,113.23,114.3,12438
2015-10-23,113.07,113.47,112.63,113.17,20007
2015-10-26,114.31,114.748,114.22,114.26,10467
2015-10-27,115.05,115.406,114.4801,114.63,29977
2015-10-28,114.47,114.5899,113.24,114.06,38790
2015-10-29,113.47,113.47,111.08,111.28,63974
2015-10-30,112.44,112.98,111.74,112.77,23771
2015-11-02,111.77,112.45,111.7151,112.23,15468
2015-11-03,111.78,111.81,110.56,110.85,25104
2015-11-04,110.84,111.75,110.6001,111.17,12821
2015-11-05,110.91,110.98,110.04,110.53,60908
2015-11-06,109.07,109.07,107.9,108.25,376493
2015-11-09,106.98,107.94,106.82,107.14,45397
2015-11-10,107.31,108.4699,107.2095,107.63,26848
2015-11-11,107.14,107.38,107.022,107.17,49909
2015-11-12,107.77,108.55,107.72,107.89,25200
2015-11-13,108.65,109.18,108.59,108.85,58753
2015-11-16,108.93,109.06,108.31,108.57,4340
2015-11-17,108.01,109.1811,107.58,108.84,5904
2015-11-18,108.73,109.69,108.53,109.39,11236
2015-11-19,110.72,111.0,110.2601,110.6499,143368
2015-11-20,110.29,110.74,109.96,109.994,23942
2015-11-23,110.4,110.9451,110.03,110.58,16097
2015-11-24,110.56,110.9999,110.3301,110.44,12276
2015-11-25,111.0,111.1,110.604,110.94,9154
2015-11-27,111.0,111.1284,110.42,110.42,51141
2015-11-30,110.79,111.5399,110.79,111.4,50478
2015-12-01,111.85,113.82,111.85,113.82,39227
2015-12-02,113.79,114.2899,113.15,114.1,32527
2015-12-03,112.11,112.11,108.79,109.08,19378
2015-12-04,108.94,111.37,108.7849,110.57,68315
2015-12-07,111.0,113.35,111.0,112.32,12872
2015-12-08,113.12,113.12,112.0075,112.5,15281
2015-12-09,111.29,112.6,110.64,112.16,11941
2015-12-10,112.15,112.5936,111.7101,112.06,13333
2015-12-11,114.05,116.08,113.8801,115.22,85733
2015-12-14,115.04,115.04,112.41,112.92,14572
2015-12-15,111.75,112.1899,111.5,112.16,23796
2015-12-16,111.4368,112.83,110.9101,111.67,10659
2015-12-17,112.53,114.16,112.53,114.0,15413
2015-12-18,114.2801,115.24,114.2801,114.8,52471
2015-12-21,114.98,115.31,114.11,114.42,30638
2015-12-22,114.0,114.0,112.7701,113.71,5798
2015-12-23,112.01,112.35,111.51,112.055,3555
2015-12-24,113.0,113.0,113.0,113.0,3082
2015-12-28,113.38,114.31,113.3101,113.6,18161
2015-12-29,112.01,112.0499,109.761,110.27,40794
2015-12-30,109.48,110.5465,109.3701,109.79,18836
2015-12-31,110.49,111.0066,109.08,109.31,64709
2016-01-04,112.12,113.152,111.5301,111.9,35197
2016-01-05,110.92,111.55,110.4783,110.99,16728
2016-01-06,112.72,113.27,112.35,113.27,27893
2016-01-07,113.36,113.6541,111.9768,113.32,42306
2016-01-08,112.99,114.34,112.5852,113.92,39845
2016-01-11,112.12,112.88,111.83,111.83,24843
2016-01-12,112.33,115.01,112.3216,114.18,41523
2016-01-13,114.04,116.88,113.9412,116.51,38197
2016-01-14,115.37,116.08,114.08,114.7501,62016
2016-01-15,116.88,118.0,116.2,117.4,182131
2016-01-19,116.78,118.21,116.451,116.9783,57277
2016-01-20,119.0,120.83,118.58,118.97,95394
2016-01-21,119.08,119.4176,117.6001,117.61,40628
2016-01-22,116.5,117.3299,115.9,117.0,14808
2016-01-25,117.58,118.15,117.27,117.99,24067
2016-01-26,117.98,118.568,117.6,117.85,24025
2016-01-27,117.26,118.0118,116.62,117.68,18558
2016-01-28,116.79,118.18,116.79,117.81,8850
2016-01-29,119.75,120.309,118.9,119.31,20353
2016-02-01,119.13,119.17,118.16,118.88,104136
2016-02-02,121.2,122.3,120.7201,122.3,24414
2016-02-03,121.29,123.005,120.57,120.62,28355
2016-02-04,120.63,121.55,120.21,121.45,16704
2016-02-05,120.61,122.165,120.15,121.9,16691
2016-02-08,123.15,125.9,123.15,125.6,80555
2016-02-09,126.78,126.85,125.245,126.34,65691
2016-02-10,126.42,127.56,125.325,127.56,44382
2016-02-11,130.0,131.1,128.0001,129.02,69109
2016-02-12,127.61,128.11,124.66,125.61,34793
2016-02-16,124.01,124.1899,122.5,123.6416,39485
2016-02-17,122.79,122.79,121.195,122.16,52772
2016-02-18,123.19,124.79,122.9275,124.46,56797
2016-02-19,124.99,125.7399,124.362,124.77,33077
2016-02-22,124.68,124.8225,124.338,124.65,22810
2016-02-23,123.1,125.91,122.9,125.29,42874
2016-02-24,126.8,127.92,124.45,124.99,170021
2016-02-25,125.51,126.6,125.302,125.4,18869
2016-02-26,123.33,124.23,123.01,123.561,54997
2016-02-29,124.0,124.926,123.69,124.18,17631
2016-03-01,124.49,124.49,121.221,121.49,79386
2016-03-02,121.12,122.42,120.98,122.42,17177
2016-03-03,122.4838,123.5,122.2501,122.78,25708
2016-03-04,122.15,122.32,120.6391,121.67,53114
2016-03-07,121.52,122.2236,121.22,121.98,15329
2016-03-08,124.4,125.36,123.4001,124.04,17379
2016-03-09,122.71,123.22,122.2672,122.6,60166
2016-03-10,123.26,123.31,121.046,122.16,14307
2016-03-11,122.45,122.4898,120.1901,120.46,100602
2016-03-14,120.86,121.746,120.84,120.84,46132
2016-03-15,121.81,122.278,120.8071,121.28,70583
2016-03-16,121.28,121.9599,120.5,121.24,36737
2016-03-17,121.89,124.1139,121.8001,122.31,95129
2016-03-18,122.39,123.32,121.9699,122.39,71353
2016-03-21,121.54,121.802,120.7662,121.11,26249
2016-03-22,122.26,122.5099,120.9499,121.16,30458
2016-03-23,121.39,123.72,121.2701,123.42,23723
2016-03-24,124.96,124.96,122.33,122.33,15668
2016-03-28,123.04,124.2496,123.04,123.44,15647
2016-03-29,124.49,125.178,123.8578,124.92,17029
2016-03-30,123.85,123.8999,122.0301,123.1658,19251
2016-03-31,123.55,124.56,123.21,124.31,26739
2016-04-01,124.71,124.71,123.1842,123.91,26915
2016-04-04,124.26,124.524,123.5901,124.15,40975
2016-04-05,126.02,126.376,125.4501,126.14,87226
2016-04-06,124.65,125.1899,124.159,124.65,17129
2016-04-07,126.27,127.29,126.0208,127.04,40527
2016-04-08,126.16,126.2099,125.1301,125.49,16142
2016-04-11,124.81,125.66,124.35,125.14,24467
2016-04-12,124.33,124.64,123.58,124.12,18700
2016-04-13,123.5,124.7125,123.46,124.54,13782
2016-04-14,123.93,124.0793,123.46,123.85,6359
2016-04-15,124.61,125.8199,124.6,124.9917,43307
2016-04-18,124.73,124.73,123.6866,124.35,9075
2016-04-19,124.21,124.29,123.1001,123.89,10513
2016-04-20,124.32,124.86,121.53,121.88,236415
2016-04-21,120.34,120.81,120.1501,120.58,21971
2016-04-22,120.88,120.905,120.0904,120.4,37270
2016-04-25,120.0,120.2299,119.52,119.52,27452
2016-04-26,119.46,119.46,118.29,118.44,16940
2016-04-27,119.31,120.34,119.17,119.8779,16970
2016-04-28,120.03,121.0,119.68,120.89,46896
2016-04-29,120.0,121.819,119.7409,121.47,32236
2016-05-02,120.63,121.11,119.2567,119.9,13129
2016-05-03,121.82,122.566,121.5401,121.77,21582
2016-05-04,122.317,122.91,121.6,122.91,42441
2016-05-05,122.4616,123.6901,122.0401,123.6901,8589
2016-05-06,123.48,123.7999,123.0,123.12,10542
2016-05-09,122.96,123.6599,122.96,123.27,3116
2016-05-10,123.24,123.64,123.24,123.54,8891
2016-05-11,123.2301,125.0699,123.23,124.5,144543
2016-05-12,123.53,124.03,123.1,123.77,8680
2016-05-13,124.7945,125.88,124.52,125.7,44744
2016-05-16,125.18,125.18,124.0401,124.21,16376
2016-05-17,124.69,125.2863,124.29,124.51,15376
2016-05-18,124.2,124.2,121.59,122.29,24239
2016-05-19,122.13,123.47,122.13,123.1739,9231
2016-05-20,122.65,123.69,122.2416,123.22,46682
2016-05-23,123.44,124.218,122.7,123.45,18221
2016-05-24,122.921,123.42,121.89,123.335,30276
2016-05-25,122.95,123.45,121.81,121.81,21197
2016-05-26,122.8,123.34,122.795,122.9901,4630
2016-05-27,122.86,122.99,122.03,122.16,43228
2016-05-31,121.67,123.37,121.2209,123.11,42502
2016-06-01,124.0,124.66,123.27,123.67,50241
2016-06-02,124.09,125.45,124.09,125.15,24423
2016-06-03,126.83,127.5795,126.5801,127.44,131314
2016-06-06,127.23,127.23,125.81,125.81,28267
2016-06-07,126.66,126.951,126.2201,126.36,12812
2016-06-08,127.11,127.6599,126.9601,127.59,26574
2016-06-09,129.05,129.4,128.54,128.91,19758
2016-06-10,129.96,130.5716,129.02,129.57,52916
2016-06-13,130.11,130.5,129.6501,130.5,42274
2016-06-14,131.21,131.72,130.2301,130.4,30457
2016-06-15,130.91,132.27,130.7,131.09,1083437
2016-06-16,132.89,133.8749,131.8901,132.37,680968
2016-06-17,132.08,132.08,130.5001,131.09,26433
2016-06-20,129.31,129.3737,128.5201,128.85,48314
2016-06-21,128.91,129.4199,127.88,127.88,5968
2016-06-22,127.86,128.66,127.38,128.05,13855
2016-06-23,126.78,127.51,125.88,126.2,21312
2016-06-24,131.25,131.94,130.0101,130.49,53601
2016-06-27,134.39,136.64,133.2049,136.3899,76042
2016-06-28,136.72,136.85,135.95,136.3,121927
2016-06-29,136.63,137.4078,134.7658,134.82,25812
2016-06-30,135.65,136.99,134.59,134.99,25969
2016-07-01,138.0,138.35,135.76,137.95,30484
2016-07-05,140.0,141.5999,139.33,140.79,36831
2016-07-06,141.88,142.15,140.39,141.15,144752
2016-07-07,140.75,142.2,140.31,141.2,67495
2016-07-08,142.07,143.05,141.2,142.64,37050
2016-07-11,142.49,142.8232,141.11,141.23,24636
2016-07-12,138.23,138.9699,137.0,137.74,103323
2016-07-13,139.85,140.34,139.07,140.34,17651
2016-07-14,136.75,137.68,136.4,137.35,84555
2016-07-15,135.91,136.1888,135.0676,135.85,285434
2016-07-18,136.27,136.43,134.45,135.1,169018
2016-07-19,136.08,136.7364,135.4499,136.47,65584
2016-07-20,135.02,135.74,134.6501,135.46,55003
2016-07-21,133.6,135.6425,133.4101,135.6,21159
2016-07-22,135.176,136.6276,134.9487,136.05,35513
2016-07-25,136.2,136.99,135.8936,136.2,23269
2016-07-26,137.49,137.49,135.75,136.5,16667
2016-07-27,137.0201,139.0,137.0201,138.85,31421
2016-07-28,137.89,139.04,137.8654,138.52,16686
2016-07-29,138.57,140.3999,138.35,140.13,24795
2016-08-01,138.09,138.695,137.5201,137.69,10381
2016-08-02,134.99,136.87,134.5194,135.67,23619
2016-08-03,136.08,136.31,135.49,135.94,27306
2016-08-04,137.3,138.435,137.05,137.46,18752
2016-08-05,136.83,136.83,134.99,135.54,30182
2016-08-08,134.88,136.179,134.48,135.81,38734
2016-08-09,136.77,138.015,136.55,137.8,13548
2016-08-10,138.57,139.298,137.8306,138.66,22713
2016-08-11,138.68,138.68,136.127,136.83,56575
2016-08-12,138.76,139.61,138.53,138.53,69742
2016-08-15,138.3,138.3,136.47,136.66,22950
2016-08-16,136.79,136.88,136.0017,136.0485,9780
2016-08-17,136.47,137.5698,136.2001,137.34,15471
2016-08-18,137.3,138.01,137.0,137.57,18366
2016-08-19,136.42,136.88,135.66,136.84,14206
2016-08-22,138.0,138.8476,137.5045,138.4,9956
2016-08-23,139.0,139.406,138.36,138.71,15515
2016-08-24,138.2648,138.8,138.06,138.12,8910
2016-08-25,137.75,138.28,137.26,137.26,53815
2016-08-26,138.31,140.6396,136.16,136.4401,71114
2016-08-29,138.23,139.83,138.06,139.81,838737
2016-08-30,139.68,139.794,138.34,138.8999,663417
2016-08-31,138.61,139.5978,138.3388,139.31,19077
2016-09-01,138.03,139.765,137.7805,139.52,15153
2016-09-02,137.91,137.91,136.99,137.51,39291
2016-09-06,137.86,139.5,137.51,138.91,41259
2016-09-07,140.0,140.0,138.5801,139.02,14658
2016-09-08,137.7,138.15,135.264,135.93,41372
2016-09-09,133.42,133.46,132.3329,132.48,132541
2016-09-12,132.36,132.7162,132.0,132.41,11918
2016-09-13,132.87,132.87,129.0269,130.19,82683
2016-09-14,130.25,131.2082,130.02,130.02,41171
2016-09-15,129.36,129.87,128.46,129.35,44560
2016-09-16,130.62,131.17,130.3763,131.1,17052
2016-09-19,130.92,131.2916,130.38,130.42,17057
2016-09-20,131.76,132.33,131.06,131.11,5644
2016-09-21,131.05,133.5,130.67,132.76,20211
2016-09-22,133.5,135.29,133.5,134.75,50285
2016-09-23,134.78,135.0,134.16,134.3,18035
2016-09-26,134.74,135.64,134.74,135.24,70006
2016-09-27,136.68,136.93,135.97,136.9,17252
2016-09-28,136.64,137.5,136.42,136.53,8814
2016-09-29,135.13,137.3568,135.13,137.04,8800
2016-09-30,136.97,136.97,134.22,135.22,12000
2016-10-03,135.16,135.16,133.5201,133.98,5807
2016-10-04,133.29,133.29,131.0243,131.2,34720
2016-10-05,131.1,131.1,129.841,130.4,44172
2016-10-06,129.51,130.29,129.1351,129.37,14803
2016-10-07,129.36,129.81,128.1928,129.25,18978
2016-10-10,128.07,128.78,127.3,128.21,18182
2016-10-11,127.6242,128.898,127.4339,127.79,22717
2016-10-12,127.5,127.82,126.84,127.82,8423
2016-10-13,128.8,129.17,128.44,128.53,41375
2016-10-14,126.83,127.574,125.65,125.72,8105
2016-10-17,126.34,127.22,126.334,126.96,9581
2016-10-18,126.1,127.62,126.06,127.5499,26561
2016-10-19,126.71,128.02,126.71,127.83,50365
2016-10-20,128.66,128.66,127.8,127.84,3840
2016-10-21,128.87,128.87,127.939,128.63,5141
2016-10-24,128.57,128.57,126.955,127.29,4994
2016-10-25,127.06,128.4159,127.06,127.7701,3535
2016-10-26,126.99,126.99,126.48,126.6,93233
2016-10-27,125.04,125.04,123.475,124.38,55860
2016-10-28,123.85,124.4118,123.85,123.86,17019
2016-10-31,124.59,125.29,124.4651,125.09,12783
2016-11-01,124.07,125.94,123.8,125.13,30294
2016-11-02,125.45,126.5,125.3,126.08,21701
2016-11-03,124.94,124.94,124.24,124.41,11287
2016-11-04,125.23,126.24,125.2,125.99,42575
2016-11-07,124.58,124.8559,124.23,124.3993,9224
2016-11-08,125.1,125.3084,123.27,123.62,3070
2016-11-09,119.17,119.659,114.92,115.46,128294
2016-11-10,114.61,115.8,112.58,112.58,40835
2016-11-11,112.86,113.01,111.4,111.72,28703
2016-11-14,111.0,112.87,110.101,110.89,43595
2016-11-15,111.8,113.2047,111.8,111.96,201093
2016-11-16,112.74,114.1074,112.74,113.97,27460
2016-11-17,112.32,112.53,111.08,111.19,48127
2016-11-18,111.93,112.28,110.2,110.88,39972
2016-11-21,110.41,111.86,110.41,111.3,16121
2016-11-22,112.26,112.26,110.87,111.28,19157
2016-11-23,109.81,111.005,108.5993,110.76,39947
2016-11-25,111.82,111.82,110.79,110.94,6526
2016-11-28,111.87,112.32,111.45,112.25,23978
2016-11-29,112.24,113.458,111.9803,113.06,23834
2016-11-30,109.83,111.3537,109.0301,110.3199,27458
2016-12-01,108.27,109.02,107.53,108.89,39314
2016-12-02,109.17,110.56,109.1085,109.71,39363
2016-12-05,108.61,110.75,108.19,109.55,32542
2016-12-06,109.52,109.9358,108.921,109.25,44018
2016-12-07,109.63,111.0,109.63,110.7736,22591
2016-12-08,108.91,109.4,108.4,108.78,21566
2016-12-09,108.0,108.24,106.42,106.55,35080
2016-12-12,106.04,106.7637,105.6089,106.58,29118
2016-12-13,107.57,107.82,106.3501,107.62,93864
2016-12-14,108.42,109.0,105.89,105.89,31625
2016-12-15,107.25,108.1,106.6,106.97,38608
2016-12-16,107.18,107.48,106.15,106.48,59298
2016-12-19,107.7,108.69,107.685,108.55,42797
2016-12-20,107.12,107.7,107.11,107.46,28406
2016-12-21,107.89,108.46,107.55,108.4,8344
2016-12-22,107.49,108.3599,107.49,108.12,9239
2016-12-23,108.63,108.76,108.26,108.355,19075
2016-12-27,107.3,107.88,107.17,107.88,128626
2016-12-28,106.96,108.6,106.8962,107.81,52604
2016-12-29,108.03,108.546,107.9331,108.38,45460
2016-12-30,108.14,109.38,107.7801,108.63,80256
2017-01-03,107.34,109.8,107.34,109.4811,137643
2017-01-04,109.7,110.18,109.28,109.9,58309
2017-01-05,110.36,112.73,110.0416,112.5901,109369
2017-01-06,111.36,112.2161,110.805,110.86,72633
2017-01-09,112.39,112.87,111.85,112.19,11256
2017-01-10,112.08,112.5332,111.41,112.2,19540
2017-01-11,112.29,113.11,111.69,112.68,21025
2017-01-12,113.58,114.1,112.28,112.37,28356
2017-01-13,111.57,112.02,110.66,111.53,29732
2017-01-17,113.83,113.83,112.5129,113.4,25224
2017-01-18,112.09,112.6,111.12,111.12,18683
2017-01-19,110.72,110.72,109.4127,110.04,19954
2017-01-20,109.86,110.2,109.01,109.8,33135
2017-01-23,110.079,112.05,110.079,111.44,7883
2017-01-24,110.92,111.328,109.5617,110.28,22124
2017-01-25,108.59,109.2,107.7701,108.07,32155
2017-01-26,108.13,108.84,107.55,108.84,29180
2017-01-27,109.09,109.64,108.77,109.44,13755
2017-01-30,109.0,109.5341,108.5601,108.72,21729
2017-01-31,108.63,110.0405,108.63,109.8,11691
2017-02-01,108.76,109.15,108.21,108.61,33367
2017-02-02,109.51,109.77,108.13,108.45,35900
2017-02-03,108.76,109.25,107.65,108.3,24767
2017-02-06,109.16,109.54,108.55,109.19,9331
2017-02-07,109.05,110.82,109.05,110.36,28100
2017-02-08,111.78,113.0,111.68,112.78,51302
2017-02-09,111.68,111.92,110.52,110.86,27926
2017-02-10,109.82,111.23,109.82,110.95,9637
2017-02-13,110.25,110.34,109.79,110.27,24447
2017-02-14,110.19,110.19,108.25,109.19,30911
2017-02-15,108.31,108.73,108.14,108.41,11183
2017-02-16,109.05,110.24,108.79,109.36,38275
2017-02-17,110.62,110.62,110.17,110.18,6823
2017-02-21,109.56,110.63,109.36,109.94,11309
2017-02-22,110.82,110.94,109.21,110.11,23393
2017-02-23,110.45,110.58,110.07,110.53,28639
2017-02-24,111.37,112.84,111.25,112.37,65167
2017-02-27,112.3,112.56,111.42,111.59,9974
2017-02-28,111.81,112.45,111.81,112.37,22607
2017-03-01,109.26,109.5,108.63,109.24,26515
2017-03-02,108.72,108.78,108.24,108.72,22200
2017-03-03,109.03,109.21,108.11,109.09,69820
2017-03-06,108.81,108.81,108.11,108.34,25938
2017-03-07,107.8,108.15,107.59,107.87,28168
2017-03-08,106.43,107.15,106.25,106.99,45714
2017-03-09,106.4,106.4,105.68,105.77,24771
2017-03-10,106.3,106.54,105.7,106.19,10216
2017-03-13,105.76,106.18,105.32,105.32,16131
2017-03-14,105.78,106.64,105.78,106.13,5962
2017-03-15,106.8,108.41,106.8,107.95,41658
2017-03-16,107.48,107.57,106.82,107.11,15616
2017-03-17,107.63,108.45,107.43,108.22,7212
2017-03-20,108.04,109.02,107.85,108.96,17649
2017-03-21,108.97,110.35,108.8,110.32,46691
2017-03-22,110.96,111.4,110.61,110.91,22361
2017-03-23,111.25,111.25,110.46,110.71,11318
2017-03-24,110.63,111.82,110.63,111.44,134179
2017-03-27,112.58,113.0,111.83,112.23,59121
2017-03-28,112.82,112.82,110.96,111.15,25446
2017-03-29,111.38,112.14,111.38,112.11,11081
2017-03-30,111.62,111.72,110.67,110.7,10994
2017-03-31,110.31,111.09,110.26,111.04,24950
2017-04-03,110.2,112.09,110.2,111.81,20305
2017-04-04,111.3,111.61,110.67,110.67,13124
2017-04-05,110.2,111.37,110.15,111.24,38025
2017-04-06,111.06,111.1,110.11,111.08,16292
2017-04-07,111.86,112.4,110.34,110.47,13821
2017-04-10,111.13,111.75,110.78,111.17,19608
2017-04-11,111.92,113.05,111.92,112.93,23425
2017-04-12,112.89,113.83,112.36,113.69,83818
2017-04-13,114.11,114.41,113.41,114.16,28082
2017-04-17,114.1,114.1,113.2,113.35,11210
2017-04-18,114.64,115.89,114.44,115.89,19094
2017-04-19,114.9,115.0,114.22,114.69,33965
2017-04-20,114.33,114.41,113.68,114.22,8911
2017-04-21,114.58,115.0,113.9,113.98,12125
2017-04-24,112.65,113.5,112.51,113.21,39002
2017-04-25,112.15,112.43,110.9,111.02,42198
2017-04-26,111.12,111.85,111.01,111.73,10481
2017-04-27,111.41,112.09,111.14,111.79,8375
2017-04-28,111.12,112.13,111.12,111.76,42923
2017-05-01,111.59,111.67,110.01,110.36,42534
2017-05-02,110.2,111.36,110.2,111.25,37471
2017-05-03,112.36,112.5,111.54,111.68,21184
2017-05-04,110.59,111.05,110.42,110.98,7592
2017-05-05,111.3,111.34,110.85,111.14,5644
2017-05-08,110.9,111.0,110.03,110.24,132079
2017-05-09,109.8,110.22,109.76,110.05,10120
2017-05-10,110.81,110.81,109.79,109.91,7227
2017-05-11,109.41,110.11,109.25,109.89,9395
2017-05-12,110.77,111.43,110.74,111.08,8504
2017-05-15,110.84,110.95,110.49,110.57,8264
2017-05-16,111.0,111.9,111.0,111.2,21160
2017-05-17,112.75,114.14,112.4,113.62,32776
2017-05-18,114.29,114.66,113.56,114.02,14297
2017-05-19,114.02,114.72,113.46,114.2,44684
2017-05-22,114.09,114.35,113.61,113.75,7084
2017-05-23,114.02,114.02,112.42,112.42,50262
2017-05-24,113.13,113.5,112.95,113.45,30647
2017-05-25,113.08,113.64,113.08,113.5,5179
2017-05-26,114.06,114.37,113.79,113.97,8912
2017-05-30,114.51,115.03,114.42,114.73,9239
2017-05-31,114.71,115.72,114.71,115.48,15550
2017-06-01,114.87,115.67,114.82,115.25,12175
2017-06-02,116.92,117.94,116.9,117.26,6778
2017-06-05,116.54,116.9,116.12,116.12,13163
2017-06-06,117.63,117.75,117.01,117.31,21247
2017-06-07,116.78,117.23,116.13,116.19,7734
2017-06-08,116.36,116.36,115.47,115.76,9133
2017-06-09,115.26,115.78,114.85,115.6,6381
2017-06-12,115.2,116.46,115.13,115.37,7555
2017-06-13,114.88,115.72,114.88,115.72,9201
2017-06-14,117.67,118.74,117.47,118.16,24127
2017-06-15,118.27,118.5,117.87,118.27,18090
2017-06-16,118.05,118.62,118.02,118.51,6111
2017-06-19,118.68,118.82,118.2,118.58,9057
2017-06-20,119.31,120.24,119.31,120.01,6769
2017-06-21,120.13,120.76,119.4,120.67,10545
2017-06-22,120.69,120.87,120.1,120.87,3264
2017-06-23,120.6,121.06,120.58,120.81,41025
2017-06-26,121.96,122.22,121.48,121.73,28695
2017-06-27,120.72,120.72,119.6,119.75,15127
2017-06-28,119.07,119.34,118.5,119.08,8037
2017-06-29,117.26,117.99,117.04,117.58,12920
2017-06-30,117.14,117.74,116.93,117.27,8094
2017-07-03,116.69,116.69,115.34,115.7,4054
2017-07-05,115.6645,116.13,115.45,115.82,28791
2017-07-06,114.65,114.97,113.7026,114.29,35836
2017-07-07,113.42,113.7702,113.2699,113.38,16789
2017-07-10,113.56,113.83,113.43,113.49,3277
2017-07-11,113.68,114.19,113.35,113.73,3887
2017-07-12,114.82,114.95,114.38,114.77,14386
2017-07-13,114.58,114.58,113.5198,113.76,12671
2017-07-14,114.83,114.93,113.73,113.83,31188
2017-07-17,114.08,114.93,113.91,114.35,10548
2017-07-18,115.45,116.16,115.3,115.84,18132
2017-07-19,116.08,116.205,115.92,115.99,7451
2017-07-20,117.1,117.2617,116.48,116.56,22048
2017-07-21,117.32,117.68,117.22,117.31,7016
2017-07-24,117.0,117.17,116.5,116.58,3205
2017-07-25,114.97,115.1201,114.05,114.11,11837
2017-07-26,113.86,114.79,113.75,114.54,7133
2017-07-27,113.46,113.75,112.97,113.43,13285
2017-07-28,113.5,114.64,113.5,114.43,13607
2017-07-31,113.99,114.86,113.71,114.63,23588
2017-08-01,114.07,116.14,114.07,116.13,18166
2017-08-02,116.62,116.91,116.27,116.3,8397
2017-08-03,116.9525,118.23,116.9525,118.12,3451
2017-08-04,116.96,116.969,115.995,116.52,82512
2017-08-07,116.33,116.97,116.07,116.97,9606
2017-08-08,115.95,116.08,115.58,115.97,4783
2017-08-09,117.97,117.97,117.1,117.1,28484
2017-08-10,117.72,118.979,117.524,118.78,21288
2017-08-11,117.91,118.85,117.91,118.85,6669
2017-08-14,118.2,118.5,117.83,117.83,2912
2017-08-15,116.44,117.4,116.14,117.11,26910
2017-08-16,116.59,118.0,116.59,117.921,6995
2017-08-17,117.75,119.0,117.7,118.83,13130
2017-08-18,119.41,119.77,118.5,118.84,18177
2017-08-21,119.1,119.33,118.9,119.23,3668
2017-08-22,118.95,119.19,118.41,118.8,8316
2017-08-23,119.65,120.04,119.39,120.04,10495
2017-08-24,119.4,119.87,119.07,119.27,8212
2017-08-25,119.41,120.03,119.18,120.01,4519
2017-08-28,119.48,119.8,119.15,119.7,3987
2017-08-29,121.19,121.2042,119.7444,119.91,12608
2017-08-30,119.46,120.27,119.43,120.15,12234
2017-08-31,120.369,120.84,120.13,120.5547,14164
2017-09-01,119.9,119.9,118.765,118.82,47938
2017-09-05,120.5842,121.771,120.5842,121.6825,14060
2017-09-06,121.85,122.06,120.46,120.46,8209
2017-09-07,122.05,123.23,122.03,122.57,6445
2017-09-08,122.65,122.65,121.71,121.97,4828
2017-09-11,120.49,120.96,119.58,119.81,28004
2017-09-12,119.62,119.62,118.79,119.2,8895
2017-09-13,119.46,119.46,118.5,118.5,11529
2017-09-14,118.71,119.18,118.69,119.18,11280
2017-09-15,119.64,119.67,119.12,119.37,3992
2017-09-18,119.11,119.11,118.1,118.36,5658
2017-09-19,118.11,118.11,117.95,117.95,3157
2017-09-20,118.41,118.61,117.78,118.61,8343
2017-09-21,118.77,119.0,118.39,118.56,3774
2017-09-22,119.13,119.25,118.72,118.74,2982
2017-09-25,119.0,120.31,119.0,119.88,11206
2017-09-26,119.6,119.69,119.4,119.69,1262
2017-09-27,117.07,117.62,116.63,116.64,43738
2017-09-28,115.85,116.38,115.58,116.38,6640
2017-09-29,116.19,117.375,116.07,116.53,17440
