2010-07-08,15.84,15.84,15.6288,15.82,11750
2010-07-09,15.81,16.06,15.81,16.05,18153
2010-07-12,15.92,15.92,15.67,15.73,10948
2010-07-13,15.91,16.04,15.82,15.99,33450
2010-07-14,15.96,16.13,15.906,16.1199,17385
2010-07-15,16.2,16.23,16.0299,16.23,15485
2010-07-16,16.16,16.16,15.8,15.8201,13520
2010-07-19,15.82,15.85,15.7699,15.83,1385
2010-07-20,15.99,16.05,15.99,16.03,1987
2010-07-21,16.1,16.12,15.9599,15.9599,5438
2010-07-22,16.18,16.44,16.18,16.4,8994
2010-07-23,16.39,16.49,16.22,16.475,31172
2010-07-26,16.46,16.49,16.35,16.46,7840
2010-07-27,16.68,16.68,16.48,16.57,5420
2010-07-28,16.59,16.61,16.45,16.45,17166
2010-07-29,16.61,16.72,16.497,16.72,6683
2010-07-30,16.63,17.09,16.63,17.07,15285
2010-08-02,17.26,17.36,17.19,17.24,36788
2010-08-03,17.08,17.11,16.814,16.89,69918
2010-08-04,16.9,16.95,16.76,16.88,9080
2010-08-05,16.96,17.1,16.95,17.06,14575
2010-08-06,16.98,17.07,16.78,16.88,25587
2010-08-09,17.0,17.0,16.9,16.9,17790
2010-08-10,16.75,16.85,16.68,16.78,157200
2010-08-11,16.64,16.64,16.44,16.61,8580
2010-08-12,16.47,16.67,16.34,16.5472,4705
2010-08-13,16.6,16.6,16.6,16.6,623
2010-08-16,16.8152,16.91,16.8152,16.88,3070
2010-08-17,17.05,17.15,17.0,17.15,6900
2010-08-18,17.16,17.16,17.0599,17.1499,3030
2010-08-19,17.18,17.18,16.9501,17.07,9689
2010-08-20,17.03,17.11,16.8875,17.1099,3500
2010-08-23,17.23,17.29,16.9,16.9,17950
2010-08-24,16.66,16.86,16.66,16.8,7876
2010-08-25,16.59,16.73,16.54,16.73,31841
2010-08-26,16.68,16.7,16.58,16.58,5715
2010-08-27,16.72,17.02,16.71,17.02,7324
2010-08-30,16.87,16.87,16.87,16.87,1000
2010-08-31,16.94,17.16,16.81,17.09,5442
2010-09-01,17.41,17.47,17.39,17.39,6998
2010-09-02,17.48,17.52,17.48,17.52,7108
2010-09-03,17.83,17.83,17.512,17.512,12082
2010-09-07,17.34,17.38,17.2,17.34,12652
2010-09-08,17.55,17.57,17.5,17.54,10770
2010-09-09,17.76,17.84,17.66,17.8,229165
2010-09-10,17.96,18.08,17.84,17.88,19207
2010-09-13,18.16,18.29,18.1105,18.29,39819
2010-09-14,18.41,18.509900000000002,18.3071,18.4,164600
2010-09-15,18.45,18.45,18.3,18.43,7116
2010-09-16,18.48,18.59,18.4,18.59,15393
2010-09-17,18.64,18.64,18.4,18.5,12049
2010-09-20,18.58,18.66,18.45,18.62,25355
2010-09-21,18.6,18.67,18.4,18.56,25858
2010-09-22,18.85,18.85,18.4838,18.6,32763
2010-09-23,18.58,18.94,18.528,18.76,73267
2010-09-24,18.9,18.98,18.565,18.75,52949
2010-09-27,18.78,18.92,18.58,18.85,66439
2010-09-28,18.92,18.92,18.73,18.9,14654
2010-09-29,18.93,18.93,18.78,18.92,276875
2010-09-30,18.96,19.09,18.909,19.08,17064
2010-10-01,19.39,19.53,19.26,19.45,23953
2010-10-04,19.51,19.54,19.29,19.3,60702
2010-10-05,19.62,19.95,19.565,19.95,35921
2010-10-06,19.97,20.06,19.79,19.911,27470
2010-10-07,20.08,20.1,19.67,19.87,45953
2010-10-08,20.03,20.339,19.905,20.3012,25679
2010-10-11,20.51,20.61,20.37,20.419,64382
2010-10-12,20.48,20.53,20.24,20.52,44357
2010-10-13,20.83,21.06,20.78,20.99,60592
2010-10-14,21.0,21.01,20.69,20.87,20600
2010-10-15,21.13,21.23,20.69,20.69,25794
2010-10-18,20.51,20.7099,20.41,20.41,20869
2010-10-19,20.19,20.19,19.66,19.84,65683
2010-10-20,20.08,20.343,20.08,20.32,28949
2010-10-21,20.36,20.4345,19.8301,20.1,26842
2010-10-22,20.12,20.131,19.77,19.8,22746
2010-10-25,19.92,20.06,19.84,20.02,58936
2010-10-26,19.94,20.03,19.8,20.02,37554
2010-10-27,19.74,19.96,19.6001,19.63,14755
2010-10-28,19.73,19.91,19.71,19.91,36227
2010-10-29,19.95,20.25,19.95,20.25,58305
2010-11-01,20.53,20.53,20.28,20.44,47617
2010-11-02,20.68,20.6993,20.55,20.616,35368
2010-11-03,20.77,20.83,20.51,20.83,78335
2010-11-04,21.06,21.595,21.0,21.27,202508
2010-11-05,21.3,21.3,20.946,21.0899,85965
2010-11-08,20.97,20.97,20.7,20.8199,100102
2010-11-09,21.02,21.02,20.38,20.499,93639
2010-11-10,20.5,20.5,20.0648,20.34,36166
2010-11-11,20.1288,20.286,20.037,20.16,19502
2010-11-12,20.17,20.23,19.88,19.95,21301
2010-11-15,19.86,20.23,19.86,20.07,16362
2010-11-16,19.9,19.9,19.1501,19.35,88803
2010-11-17,19.36,19.78,19.36,19.75,17949
2010-11-18,20.05,20.26,20.03,20.24,48551
2010-11-19,20.19,20.239,20.04,20.16,6666
2010-11-22,20.13,20.1354,19.66,19.88,75566
2010-11-23,19.5,19.52,19.16,19.28,26162
2010-11-24,19.88,19.958,19.737,19.8601,12570
2010-11-26,19.78,19.8499,19.61,19.715,2810
2010-11-29,19.62,19.78,19.32,19.765,16697
2010-11-30,19.8,19.96,19.37,19.8,12997
2010-12-01,20.39,20.39,20.1205,20.26,33749
2010-12-02,20.32,20.519,20.3,20.51,26429
2010-12-03,20.46,20.7,20.38,20.7,31738
2010-12-06,20.7,20.7,20.321,20.54,13511
2010-12-07,20.77,20.77,20.19,20.21,37133
2010-12-08,20.31,20.31,19.896,20.036,9833
2010-12-09,20.04,20.04,19.36,19.5,58062
2010-12-10,19.415,19.62,19.34,19.6,14214
2010-12-13,19.62,19.9191,19.62,19.79,44051
2010-12-14,19.64,19.9,19.6,19.815,21106
2010-12-15,19.55,19.8,19.38,19.4893,26396
2010-12-16,19.48,19.53,19.37,19.37,2749
2010-12-17,19.5,19.5075,19.35,19.45,6478
2010-12-20,19.64,19.689,19.33,19.55,6074
2010-12-21,19.75,19.97,19.75,19.95,13472
2010-12-22,20.0,20.0,19.662,19.662,14901
2010-12-23,19.87,19.9499,19.788,19.9499,5640
2010-12-27,19.92,19.97,19.78,19.83,58719
2010-12-28,19.96,19.97,19.62,19.75,14055
2010-12-29,19.95,20.1755,19.8991,20.1755,8934
2010-12-30,20.35,20.51,20.35,20.47,11637
2010-12-31,20.55,20.65,20.47,20.62,8935
2011-01-03,20.85,21.0,20.842,20.9432,30430
2011-01-04,20.91,20.91,20.55,20.82,20024
2011-01-05,20.67,20.85,20.53,20.53,48530
2011-01-06,20.52,20.52,20.29,20.333,17805
2011-01-07,20.41,20.41,20.1,20.204,10907
2011-01-10,20.13,20.144,20.026,20.1101,10588
2011-01-11,20.27,20.342,20.1756,20.342,13018
2011-01-12,20.44,20.489,20.38,20.46,20222
2011-01-13,20.57,20.6,20.3221,20.334,23953
2011-01-14,20.18,20.2762,20.148,20.23,27649
2011-01-18,20.28,20.28,20.1625,20.2501,19823
2011-01-19,20.25,20.2701,20.1,20.166,14773
2011-01-20,20.2,20.2,19.88,19.96,28322
2011-01-21,19.96,20.01,19.7,19.7,14738
2011-01-24,19.62,19.9099,19.62,19.87,8228
2011-01-25,19.79,19.79,19.59,19.7166,14241
2011-01-26,19.69,19.77,19.51,19.531,70842
2011-01-27,19.38,19.38,18.68,18.74,66241
2011-01-28,18.64,18.655,18.03,18.14,165322
2011-01-31,18.18,18.27,18.0,18.1799,65371
2011-02-01,18.28,18.62,18.26,18.58,328780
2011-02-02,18.53,18.53,18.1,18.11,24629
2011-02-03,18.08,18.08,17.75,17.86,35467
2011-02-04,17.69,17.7,17.47,17.491,50100
2011-02-07,17.45,17.61,17.45,17.54,22370
2011-02-08,17.7,18.0199,17.7,18.01,69187
2011-02-09,17.91,17.91,17.381,17.572,36393
2011-02-10,17.32,17.4,17.1,17.3,68172
2011-02-11,17.25,17.801,17.25,17.72,15284
2011-02-14,17.72,17.96,17.72,17.96,4469
2011-02-15,18.03,18.089,17.999,18.0,5795
2011-02-16,17.95,18.25,17.95,18.19,14935
2011-02-17,18.2301,18.3,18.21,18.21,37754
2011-02-18,18.26,18.5,18.26,18.5,10215
2011-02-22,18.22,18.25,17.82,17.87,15435
2011-02-23,17.82,17.88,17.4699,17.7301,11100
2011-02-24,17.72,17.8206,17.67,17.8206,15778
2011-02-25,17.9899,17.9899,17.681,17.82,5310
2011-02-28,17.87,18.1011,17.87,18.0,10475
2011-03-01,18.1899,18.1899,17.88,17.88,8531
2011-03-02,17.99,18.21,17.84,18.12,32488
2011-03-03,18.3176,18.41,18.22,18.41,14807
2011-03-04,18.36,18.39,18.28,18.31,16766
2011-03-07,18.73,18.809,18.114,18.19,8395
2011-03-08,18.32,18.33,18.05,18.121,8178
2011-03-09,18.2,18.3,17.99,18.264,7265
2011-03-10,18.12,18.2,18.05,18.05,15909
2011-03-11,18.14,18.36,18.14,18.2501,11704
2011-03-14,18.35,18.5,18.16,18.5,5815
2011-03-15,17.82,18.44,17.81,18.43,25484
2011-03-16,18.5,18.5,18.09,18.131,59880
2011-03-17,18.3101,18.42,18.1,18.1184,2159
2011-03-18,18.46,18.46,18.36,18.36,9517
2011-03-21,18.63,18.63,18.4392,18.4392,7850
2011-03-22,18.5,18.66,18.48,18.66,7996
2011-03-23,18.67,18.67,18.51,18.57,5969
2011-03-24,18.62,18.624,18.52,18.61,10450
2011-03-25,18.61,18.8,18.61,18.7,3837
2011-03-28,18.65,18.7,18.48,18.48,6000
2011-03-29,18.62,18.76,18.56,18.76,4270
2011-03-30,18.94,19.152,18.92,19.1,11382
2011-03-31,19.228,19.25,19.1,19.1,3593
2011-04-01,19.45,19.69,19.38,19.682,11517
2011-04-04,19.75,19.91,19.71,19.83,16933
2011-04-05,19.83,19.922,19.78,19.87,11748
2011-04-06,19.95,19.95,19.56,19.57,8730
2011-04-07,19.6,19.819,19.6,19.76,14800
2011-04-08,19.9,19.9,19.72,19.72,12366
2011-04-11,19.68,19.91,19.68,19.73,11685
2011-04-12,19.72,19.72,19.36,19.4988,4061
2011-04-13,19.75,19.75,19.4,19.56,7131
2011-04-14,19.6,19.7701,19.6,19.7222,3455
2011-04-15,19.85,19.9099,19.74,19.77,2690
2011-04-18,19.72,19.72,19.33,19.5,5026
2011-04-19,19.59,19.7845,19.54,19.7845,17701
2011-04-20,19.89,20.079,19.8885,20.076,6762
2011-04-21,20.11,20.33,20.11,20.254,16500
2011-04-25,20.43,20.43,20.068,20.23,7225
2011-04-26,20.1879,20.37,20.15,20.3451,8543
2011-04-27,20.36,20.36,20.0216,20.1,4684
2011-04-28,19.6361,19.7791,19.6361,19.73,13412
2011-04-29,19.86,20.23,19.86,20.15,13775
2011-05-02,20.297,20.37,20.0544,20.0544,6368
2011-05-03,19.751,19.83,19.66,19.67,8245
2011-05-04,19.57,19.65,19.343,19.36,78804
2011-05-05,19.46,19.46,19.14,19.14,13289
2011-05-06,19.7321,19.85,19.6685,19.6685,4521
2011-05-09,19.72,19.739,19.58,19.739,1085
2011-05-10,19.76,19.86,19.76,19.7971,3975
2011-05-11,19.55,19.55,19.25,19.3,4080
2011-05-12,19.15,19.66,19.1,19.552,19793
2011-05-13,19.4396,19.51,19.01,19.29,13167
2011-05-16,19.28,19.28,19.075,19.075,4258
2011-05-17,19.0013,19.1716,18.9144,19.151,8413
2011-05-18,19.1737,19.28,19.1737,19.208,1055
2011-05-19,19.04,19.05,18.797,18.8092,1496
2011-05-20,18.93,18.95,18.701,18.79,5651
2011-05-23,18.57,18.57,18.41,18.498,3868
2011-05-24,18.69,18.8,18.69,18.8,1200
2011-05-25,18.8676,18.8676,18.83,18.83,7304
2011-05-26,18.87,18.9913,18.749,18.9913,1340
2011-05-27,19.21,19.4188,19.21,19.38,4589
2011-05-31,19.68,19.68,19.5188,19.66,15467
2011-06-01,19.64,19.64,19.34,19.34,11590
2011-06-02,19.32,19.68,19.290399999999998,19.68,2810
2011-06-03,19.5,19.95,19.5,19.9068,1156
2011-06-06,19.5875,19.5948,19.45,19.45,470
2011-06-07,19.59,19.71,19.55,19.55,2460
2011-06-08,19.42,19.61,19.42,19.446,60972
2011-06-09,19.4,19.72,19.4,19.67,104856
2011-06-10,19.34,19.37,18.9801,19.08,13020
2011-06-13,19.3,19.3,19.08,19.08,11545
2011-06-14,19.29,19.43,19.2688,19.2688,7725
2011-06-15,18.94,19.05,18.85,18.86,11027
2011-06-16,18.7568,18.7568,18.27,18.3424,2825
2011-06-17,18.51,18.6289,18.48,18.6289,1928
2011-06-20,18.48,18.6796,18.44,18.56,23750
2011-06-21,18.68,18.68,18.68,18.68,190
2011-06-22,18.75,18.98,18.75,18.868,3700
2011-06-23,18.39,18.59,18.39,18.59,844
2011-06-24,18.64,18.72,18.49,18.56,17660
2011-06-27,18.42,18.6327,18.42,18.6264,2700
2011-06-28,19.124,19.34,19.124,19.3001,22117
2011-06-29,19.3635,19.5,19.36,19.5,1216
2011-06-30,19.41,19.5,19.41,19.4668,945
2011-07-01,19.48,19.74,19.48,19.68,7641
2011-07-05,19.84,19.84,19.7176,19.7476,2803
2011-07-06,19.45,19.48,19.39,19.43,4852
2011-07-07,19.56,19.56,19.221,19.221,1015
2011-07-08,19.03,19.03,18.77,18.9335,12740
2011-07-11,18.54,18.5669,18.5,18.5,2694
2011-07-12,18.48,18.5056,18.44,18.486,30315
2011-07-13,18.57,18.78,18.36,18.7,27497
2011-07-14,18.62,18.78,18.5,18.5,9695
2011-07-15,18.6433,18.6433,18.421,18.4644,6750
2011-07-18,18.19,18.28,18.1,18.109,5269
2011-07-19,18.3,18.3,18.13,18.2,4290
2011-07-20,18.34,18.34,18.29,18.29,6635
2011-07-21,18.6599,18.688,18.6,18.688,5713
2011-07-22,18.8,18.84,18.7,18.7,6955
2011-07-25,18.63,18.85,18.63,18.73,1303
2011-07-26,18.77,18.77,18.45,18.461,18843
2011-07-27,18.23,18.25,17.84,17.84,12258
2011-07-28,17.85,17.984,17.78,17.83,14803
2011-07-29,17.827,18.085,17.71,17.94,4900
2011-08-01,18.3,18.3,17.6701,17.7001,15945
2011-08-02,17.67,17.83,17.31,17.31,65122
2011-08-03,17.32,17.32,16.69,16.906,10677
2011-08-04,16.54,16.54,15.87,16.0525,34001
2011-08-05,16.05,16.11,15.5,16.03,17695
2011-08-08,15.24,15.378,14.4,14.71,37396
2011-08-09,14.87,15.34,14.66,15.34,7667
2011-08-10,15.25,15.718,14.9,15.42,29948
2011-08-11,15.58,16.097,15.42,16.03,14738
2011-08-12,15.93,16.23,15.8958,16.23,4260
2011-08-15,16.64,16.91,16.64,16.89,18223
2011-08-16,16.7474,16.84,16.72,16.79,2100
2011-08-17,17.1175,17.12,16.85,17.03,8192
2011-08-18,16.5,16.5,16.22,16.39,10181
2011-08-19,16.31,16.679,16.18,16.5101,12413
2011-08-22,16.81,16.86,16.44,16.57,43389
2011-08-23,16.45,16.84,16.28,16.84,12748
2011-08-24,16.87,16.87,16.6934,16.6934,630
2011-08-25,16.6553,16.6553,16.47,16.5599,3300
2011-08-26,16.3001,16.78,16.3,16.78,11432
2011-08-29,17.16,17.31,17.16,17.31,1860
2011-08-30,17.39,17.6599,17.38,17.61,4647
2011-08-31,17.8,17.9172,17.8,17.845,3475
2011-09-01,18.24,18.54,18.24,18.4792,2600
2011-09-02,17.84,17.97,17.7,17.8,14381
2011-09-06,17.04,17.34,16.78,17.25,14175
2011-09-07,17.61,17.92,17.61,17.873,7304
2011-09-08,17.68,17.93,17.68,17.79,21908
2011-09-09,17.2399,17.56,17.11,17.18,191140
2011-09-12,17.02,17.06,16.53,16.7,10646
2011-09-13,16.85,16.96,16.81,16.922,1878
2011-09-14,16.88,16.9542,16.644,16.87,17075
2011-09-15,17.0776,17.13,16.78,16.87,3432
2011-09-16,16.91,16.99,16.71,16.84,224737
2011-09-19,16.3,16.38,16.001,16.31,293826
2011-09-20,16.1,16.136,15.8,15.81,8587
2011-09-21,15.67,15.7,14.96,14.97,41064
2011-09-22,14.15,14.429,13.74,13.88,31235
2011-09-23,13.9,14.8,13.9,14.55,27890
2011-09-26,14.67,15.12,14.38,15.07,17555
2011-09-27,15.36,15.4119,15.18,15.18,11173
2011-09-28,15.03,15.04,14.59,14.59,4341
2011-09-29,14.78,14.86,14.34,14.41,14214
2011-09-30,14.22,14.3,13.825,13.8775,17574
2011-10-03,13.74,13.85,13.46,13.482,13769
2011-10-04,13.1166,13.5,13.1166,13.5,14341
2011-10-05,13.63,14.03,13.63,14.03,8344
2011-10-06,14.36,14.5985,14.36,14.5985,11278
2011-10-07,14.8384,15.05,14.39,14.53,4160
2011-10-10,15.09,15.1479,15.06,15.08,5728
2011-10-11,15.01,15.33,15.01,15.25,10171
2011-10-12,15.61,15.99,15.57,15.72,34542
2011-10-13,15.35,15.57,15.22,15.5,12288
2011-10-14,15.7245,15.89,15.65,15.8,16262
2011-10-17,15.5,15.53,15.2901,15.34,3734
2011-10-18,15.42,15.933,15.41,15.92,15305
2011-10-19,15.8668,16.147,15.81,16.08,2963
2011-10-20,16.13,16.13,15.58,15.82,9542
2011-10-21,16.08,16.19,15.98,16.13,174959
2011-10-24,15.91,16.64,15.91,16.548000000000002,3856
2011-10-25,16.38,16.43,16.19,16.36,19449
2011-10-26,16.6,16.6,16.5325,16.5325,787
2011-10-27,17.26,17.5,17.09,17.45,19156
2011-10-28,17.31,17.81,17.27,17.81,16963
2011-10-31,17.65,17.65,17.12,17.12,7838
2011-11-01,16.01,16.45,16.01,16.35,8586
2011-11-02,16.61,16.82,16.61,16.74,3952
2011-11-03,16.71,16.72,16.36,16.44,49327
2011-11-04,16.14,16.3162,16.14,16.262,2308
2011-11-07,16.43,16.43,16.2,16.2729,7214
2011-11-08,16.14,16.47,16.14,16.47,9355
2011-11-09,16.06,16.06,15.54,15.68,110293
2011-11-10,16.09,16.2,15.88,15.9,7304
2011-11-11,16.27,16.45,16.2608,16.4,9712
2011-11-14,16.2,16.321,16.2,16.29,3311
2011-11-15,16.33,16.4,16.294,16.4,1361
2011-11-16,16.1272,16.4258,16.1272,16.25,26788
2011-11-17,16.11,16.25,15.7014,15.862,7848
2011-11-18,15.63,15.78,15.63,15.7356,9196
2011-11-21,15.54,15.54,15.17,15.417300000000001,10832
2011-11-22,15.3648,15.41,15.21,15.27,3452
2011-11-23,14.991,15.03,14.712,14.712,3815
2011-11-25,14.97,15.05,14.89,14.89,2019
2011-11-28,15.55,15.55,15.3001,15.3001,4462
2011-11-29,15.43,15.51,15.25,15.32,3415
2011-11-30,16.18,16.2855,15.91,16.1,5501
2011-12-01,16.15,16.22,16.15,16.18,2567
2011-12-02,16.41,16.41,16.05,16.0864,6827
2011-12-05,16.49,16.53,16.389,16.389,1885
2011-12-06,16.3345,16.478,16.32,16.4319,8506
2011-12-07,16.3901,16.5113,16.37,16.5113,1932
2011-12-08,16.33,16.33,15.901,15.93,3198
2011-12-09,16.17,16.19,16.12,16.18,3150
2011-12-12,15.7108,15.7108,15.6,15.69,3260
2011-12-13,15.8,15.8215,15.3913,15.3913,6595
2011-12-14,15.35,15.35,15.17,15.2,4472
2011-12-15,15.53,15.58,15.42,15.58,4795
2011-12-16,15.74,15.804,15.63,15.72,2913
2011-12-19,15.69,15.69,15.24,15.25,102572
2011-12-20,15.57,15.768,15.55,15.55,10681
2011-12-21,15.3,15.38,15.25,15.38,4549
2011-12-22,15.36,15.58,15.36,15.52,58967
2011-12-23,15.52,15.52,15.44,15.44,2992
2011-12-27,15.62,15.644,15.42,15.42,10565
2011-12-28,15.09,15.18,14.87,14.9,10199
2011-12-29,14.99,15.014,14.9245,14.99,16544
2011-12-30,14.91,15.1388,14.91,15.08,4835
2012-01-03,15.57,15.7785,15.55,15.6965,25027
2012-01-04,15.66,15.78,15.622,15.77,1959
2012-01-05,15.52,15.53,15.29,15.42,52320
2012-01-06,15.57,15.57,15.3742,15.3742,5907
2012-01-09,15.5,15.75,15.49,15.68,4702
2012-01-10,16.13,16.137,16.0342,16.0342,1397
2012-01-11,15.97,16.0884,15.97,16.0884,5132
2012-01-12,16.2,16.2,16.1748,16.1748,832
2012-01-13,16.0,16.0865,15.855,16.0865,5293
2012-01-17,16.46,16.46,16.22,16.22,73691
2012-01-18,16.46,16.753,16.45,16.753,25648
2012-01-19,16.85,17.0299,16.85,17.0199,6158
2012-01-20,16.93,17.115,16.89,17.082,35745
2012-01-23,17.09,17.19,17.0614,17.1,14570
2012-01-24,16.9775,17.19,16.9775,17.15,5688
2012-01-25,16.97,17.38,16.97,17.38,4996
2012-01-26,17.56,17.6193,17.2401,17.2401,4537
2012-01-27,17.461,17.461,17.354,17.406,2015
2012-01-30,17.16,17.2892,16.971,17.27,13714
2012-01-31,17.5,17.55,17.305,17.45,9921
2012-02-01,17.85,17.9172,17.79,17.9064,16317
2012-02-02,18.03,18.21,18.03,18.1,18011
2012-02-03,18.46,18.5,18.305,18.36,31888
2012-02-06,18.24,18.35,18.04,18.19,12407
2012-02-07,18.195,18.419,18.195,18.388,38337
2012-02-08,18.33,18.51,18.31,18.3128,9008
2012-02-09,18.49,18.49,18.3625,18.3644,6407
2012-02-10,18.2,18.4,18.105,18.38,27253
2012-02-13,18.64,18.69,18.5146,18.682,13032
2012-02-14,18.7,18.75,18.6,18.62,10302
2012-02-15,18.95,19.0,18.8154,18.87,9422
2012-02-16,18.904,19.22,18.8898,19.22,45490
2012-02-17,19.26,19.4052,19.2501,19.3958,2810
2012-02-21,19.61,19.61,19.33,19.3992,13178
2012-02-22,19.42,19.486,19.28,19.31,20978
2012-02-23,19.46,19.46,19.23,19.28,222483
2012-02-24,19.45,19.4797,19.3,19.35,12427
2012-02-27,19.2,19.35,19.13,19.25,42233
2012-02-28,19.41,19.62,19.4,19.57,3915
2012-02-29,19.61,19.62,19.2557,19.4357,8999
2012-03-01,19.54,19.75,19.5275,19.68,16719
2012-03-02,19.6,19.6,19.484,19.5394,3688
2012-03-05,19.67,19.67,19.35,19.35,12736
2012-03-06,19.04,19.04,18.6701,18.759,24297
2012-03-07,19.03,19.0656,18.82,19.062,14294
2012-03-08,19.28,19.62,19.28,19.59,21090
2012-03-09,19.39,19.53,19.25,19.25,52533
2012-03-12,19.05,19.05,18.75,19.0272,25427
2012-03-13,19.0521,19.46,19.0521,19.46,5626
2012-03-14,19.33,19.3512,19.15,19.2772,7153
2012-03-15,19.23,19.23,19.1001,19.13,5262
2012-03-16,19.2877,19.34,19.2,19.2,8609
2012-03-19,19.2099,19.28,19.16,19.2,5312
2012-03-20,18.82,18.98,18.82,18.98,2990
2012-03-21,18.996,19.18,18.95,19.16,77421
2012-03-22,18.9,18.9,18.7312,18.782,377044
2012-03-23,18.81,18.94,18.77,18.87,324087
2012-03-26,19.09,19.31,19.09,19.31,101901
2012-03-27,19.4242,19.48,19.3,19.3,80109
2012-03-28,19.22,19.23,18.9,18.93,7394
2012-03-29,18.77,18.8401,18.61,18.8401,36606
2012-03-30,18.83,18.838,18.71,18.78,10967
2012-04-02,18.74,19.1,18.74,19.0644,42135
2012-04-03,19.17,19.18,19.05,19.07,4415
2012-04-04,18.93,19.01,18.93,19.01,844
2012-04-05,19.04,19.04,18.98,19.03,3300
2012-04-09,18.83,18.89,18.651,18.89,4125
2012-04-10,18.74,18.74,18.45,18.46,86099
2012-04-11,18.56,18.63,18.35,18.35,7406
2012-04-12,18.57,18.59,18.54,18.59,5239
2012-04-13,18.3308,18.375,18.31,18.375,2279
2012-04-16,18.46,18.46,18.24,18.42,7366
2012-04-17,18.61,18.74,18.56,18.59,10601
2012-04-18,18.4504,18.5888,18.44,18.44,1400
2012-04-19,18.38,18.49,18.37,18.47,63104
2012-04-20,18.49,18.732,18.49,18.55,20547
2012-04-23,18.24,18.26,17.96,18.07,17825
2012-04-24,18.18,18.24,18.14,18.24,13252
2012-04-25,18.47,18.4701,18.24,18.3,3460
2012-04-26,18.32,18.329,18.142,18.3001,2616
2012-04-27,18.36,18.55,18.35,18.534,3120
2012-04-30,18.59,18.59,18.3194,18.3194,8600
2012-05-01,18.35,18.458,18.33,18.33,1553
2012-05-02,18.21,18.28,18.18,18.27,9712
2012-05-03,18.3,18.33,18.098,18.24,12051
2012-05-04,18.3143,18.3143,18.08,18.13,10395
2012-05-07,18.2,18.259900000000002,18.2,18.259900000000002,2500
2012-05-08,17.8501,17.8599,17.77,17.82,11061
2012-05-09,17.51,17.59,17.341,17.48,27491
2012-05-10,17.63,17.7,17.62,17.635,6476
2012-05-11,17.48,17.8294,17.48,17.7099,6344
2012-05-14,17.23,17.23,16.88,16.88,319669
2012-05-15,16.92,16.92,16.39,16.39,3557
2012-05-16,16.69,16.7,16.25,16.35,23439
2012-05-17,16.4,16.4,16.0,16.0,18187
2012-05-18,15.98,16.0219,15.66,15.85,18357
2012-05-21,15.81,15.83,15.7,15.83,28396
2012-05-22,15.58,15.701,15.42,15.42,9159
2012-05-23,15.01,15.11,14.8377,15.11,41325
2012-05-24,15.1904,15.2,15.05,15.18,2139
2012-05-25,15.42,15.7,15.4,15.67,1197
2012-05-29,16.025,16.025,15.7572,15.83,2335
2012-05-30,15.59,15.59,15.4506,15.54,2410
2012-05-31,15.5371,15.66,15.5371,15.65,20797
2012-06-01,15.46,15.46,15.256,15.256,2000
2012-06-04,15.32,15.35,15.18,15.3,17730
2012-06-05,15.48,15.64,15.4305,15.44,8328
2012-06-06,15.6394,15.76,15.6394,15.68,191376
2012-06-07,15.82,15.9,15.75,15.7612,38199
2012-06-08,15.56,15.79,15.51,15.77,12060
2012-06-11,15.85,15.86,15.47,15.47,1862
2012-06-12,15.5,15.7,15.5,15.7,3210
2012-06-13,15.7,15.7,15.7,15.7,0
2012-06-14,15.76,15.89,15.76,15.88,4821
2012-06-15,15.9192,15.97,15.9192,15.96,2100
2012-06-18,15.86,15.95,15.86,15.95,6801
2012-06-19,16.3882,16.546,16.37,16.546,3783
2012-06-20,16.51,16.51,16.36,16.36,6731
2012-06-21,16.4,16.4,16.02,16.04,6379
2012-06-22,15.88,15.89,15.876,15.88,899
2012-06-25,15.68,15.72,15.654,15.7012,2706
2012-06-26,15.5618,15.5618,15.55,15.55,4704
2012-06-27,15.5,15.52,15.36,15.36,5392
2012-06-28,15.35,15.48,15.28,15.48,3704
2012-06-29,16.33,16.37,16.33,16.35,5755
2012-07-02,16.5999,16.5999,16.39,16.39,1127
2012-07-03,16.44,16.6014,16.41,16.6,4011
2012-07-05,16.6,16.6899,16.36,16.6,11404
2012-07-06,16.17,16.24,16.17,16.21,8869
2012-07-09,16.13,16.15,16.06,16.06,7248
2012-07-10,16.31,16.31,16.06,16.06,4826
2012-07-11,16.0,16.0,15.908,15.908,4522
2012-07-12,15.64,15.9,15.64,15.9,3383
2012-07-13,16.02,16.02,15.9922,15.9922,256
2012-07-16,16.02,16.02,15.9,15.9,516
2012-07-17,15.95,16.25,15.95,16.25,2000
2012-07-18,16.4682,16.48,16.3538,16.41,4372
2012-07-19,16.4,16.562,16.3818,16.562,360
2012-07-20,16.42,16.42,16.31,16.31,3012
2012-07-23,15.8,16.0,15.8,15.96,3450
2012-07-24,15.9001,15.9001,15.66,15.66,2483
2012-07-25,15.84,16.0465,15.84,16.0465,883
2012-07-26,16.27,16.45,16.27,16.45,2377
2012-07-27,16.7,17.28,16.66,17.23,49594
2012-07-30,17.06,17.06,17.0107,17.0107,2613
2012-07-31,17.02,17.02,16.78,16.87,3187
2012-08-01,16.78,16.8,16.78,16.8,600
2012-08-02,16.55,16.69,16.55,16.69,925
2012-08-03,17.05,17.2689,17.05,17.1901,2915
2012-08-06,17.38,17.55,17.35,17.55,3434
2012-08-07,17.54,17.54,17.31,17.31,489
2012-08-08,17.4,17.51,17.39,17.5,42981
2012-08-09,17.65,17.66,17.4,17.51,2321
2012-08-10,17.5168,17.54,17.5168,17.53,4959
2012-08-13,17.3,17.579,17.3,17.568,2045
2012-08-14,17.52,17.55,17.46,17.505,4324
2012-08-15,17.34,17.34,17.2401,17.2401,1294
2012-08-16,17.58,17.67,17.4,17.66,25638
2012-08-17,17.7,17.7,17.49,17.61,23506
2012-08-20,17.58,17.76,17.49,17.76,22423
2012-08-21,17.83,17.86,17.668,17.668,1496
2012-08-22,17.69,17.71,17.67,17.71,7400
2012-08-23,17.66,17.66,17.55,17.55,2600
2012-08-24,17.65,17.73,17.6301,17.6301,5733
2012-08-27,17.53,17.59,17.53,17.59,786
2012-08-28,17.75,17.75,17.75,17.75,101
2012-08-29,17.66,17.66,17.41,17.6,33800
2012-08-30,17.57,17.68,17.47,17.64,39400
2012-08-31,17.61,17.8,17.5928,17.8,2890
2012-09-04,17.57,17.5801,17.53,17.5787,4038
2012-09-05,17.5,17.58,17.49,17.5701,5235
2012-09-06,17.79,18.0617,17.79,18.0617,9270
2012-09-07,18.4801,18.54,18.4801,18.53,1900
2012-09-10,18.53,18.53,18.53,18.53,0
2012-09-11,18.53,18.53,18.53,18.53,0
2012-09-12,18.57,18.57,18.438,18.438,1701
2012-09-13,18.43,18.8001,18.4,18.8001,9543
2012-09-14,19.0,19.0,18.6801,18.6801,6759
2012-09-17,18.69,18.77,18.61,18.64,6161
2012-09-18,18.66,18.66,18.61,18.618,1255
2012-09-19,18.73,18.7649,18.6401,18.6401,2247
2012-09-20,18.64,18.74,18.64,18.69,2026
2012-09-21,18.8,18.8125,18.7708,18.776,3328
2012-09-24,18.84,18.95,18.84,18.91,22234
2012-09-25,18.93,18.94,18.81,18.81,2700
2012-09-26,18.66,18.69,18.631,18.69,652
2012-09-27,18.87,19.04,18.7101,18.881,2369
2012-09-28,18.93,18.93,18.8571,18.87,2125
2012-10-01,18.97,19.2,18.97,19.1616,4764
2012-10-02,19.4,19.4,19.17,19.23,5537
2012-10-03,19.24,19.24,19.23,19.23,497
2012-10-04,19.34,19.34,19.23,19.3232,5277
2012-10-05,19.42,19.44,19.29,19.29,2440
2012-10-08,19.3599,19.55,19.3599,19.55,1328
2012-10-09,19.52,19.52,19.3,19.4,5530
2012-10-10,19.3399,19.35,19.3069,19.3069,2915
2012-10-11,19.46,19.56,19.46,19.5,5640
2012-10-12,19.5201,19.58,19.51,19.58,3885
2012-10-15,19.46,19.57,19.42,19.57,3298
2012-10-16,19.6199,19.6199,19.518,19.53,7261
2012-10-17,19.68,19.746,19.59,19.67,15669
2012-10-18,19.68,19.77,19.61,19.73,10085
2012-10-19,19.61,19.61,19.44,19.45,2541
2012-10-22,19.56,19.6099,19.49,19.6,19133
2012-10-23,19.5,19.5,19.3101,19.3276,3058
2012-10-24,19.41,19.41,19.2,19.2017,4573
2012-10-25,19.11,19.11,19.0893,19.0893,1091
2012-10-26,19.0314,19.2199,19.0314,19.13,1461
2012-10-31,19.26,19.31,19.26,19.31,650
2012-11-01,19.59,19.59,19.5401,19.58,1894
2012-11-02,19.74,19.74,19.54,19.54,2311
2012-11-05,19.5,19.5,19.43,19.5,800
2012-11-06,19.63,19.79,19.63,19.7135,1650
2012-11-07,19.57,19.63,19.52,19.63,6808
2012-11-08,19.73,19.73,19.5249,19.5299,2598
2012-11-09,19.28,19.33,19.02,19.03,82245
2012-11-12,19.07,19.15,19.001,19.001,6850
2012-11-13,19.0,19.0599,18.9,19.0599,4202
2012-11-14,18.99,18.99,18.75,18.75,12952
2012-11-15,18.75,18.75,18.48,18.64,66432
2012-11-16,18.71,18.81,18.65,18.75,22947
2012-11-19,19.09,19.15,18.991,19.1,3428
2012-11-20,19.15,19.2099,19.101,19.122,1110
2012-11-21,18.94,18.98,18.87,18.9007,13934
2012-11-23,18.87,19.04,18.87,18.99,14080
2012-11-26,18.93,19.08,18.8801,18.96,18211
2012-11-27,19.08,19.27,19.001,19.07,2807
2012-11-28,19.01,19.14,18.95,19.1399,5434
2012-11-29,19.0124,19.0845,18.95,19.0845,3095
2012-11-30,18.7991,18.874,18.7972,18.874,1150
2012-12-03,19.08,19.09,18.811,18.8341,7275
2012-12-04,19.04,19.04,18.5901,18.71,15229
2012-12-05,18.8959,18.97,18.83,18.96,5562
2012-12-06,19.09,19.2,19.09,19.2,4607
2012-12-07,19.53,19.53,19.53,19.53,100
2012-12-10,19.3965,19.4,19.3965,19.4,300
2012-12-11,19.55,19.55,19.4601,19.47,3503
2012-12-12,19.55,19.7162,19.55,19.6801,375
2012-12-13,19.68,19.77,19.54,19.6,11871
2012-12-14,19.81,19.85,19.69,19.69,1552
2012-12-17,19.7392,19.7392,19.6875,19.72,2183
2012-12-18,19.77,19.916,19.77,19.87,34873
2012-12-19,19.9499,20.0,19.82,19.83,17770
2012-12-20,20.01,20.08,19.98,20.01,27275
2012-12-21,19.72,19.84,19.72,19.8,15062
2012-12-24,19.86,19.86,19.7585,19.7585,300
2012-12-26,20.11,20.162,20.03,20.03,4620
2012-12-27,19.9499,20.06,19.93,20.06,3935
2012-12-28,20.08,20.1099,20.03,20.03,4500
2012-12-31,20.01,20.28,20.01,20.2648,37777
2013-01-02,20.33,20.45,20.33,20.45,12321
2013-01-03,20.31,20.539,20.31,20.4,12924
2013-01-04,20.36,20.4999,20.344,20.4999,10029
2013-01-07,20.41,20.45,20.3101,20.4299,10191
2013-01-08,20.35,20.35,20.11,20.15,22960
2013-01-09,20.3,20.38,20.28,20.352,21485
2013-01-10,20.31,20.3724,20.1399,20.32,1997
2013-01-11,20.19,20.19,20.1101,20.144,5522
2013-01-14,20.29,20.29,20.19,20.218,16833
2013-01-15,20.19,20.2,20.06,20.0748,18427
2013-01-16,20.0,20.04,19.991,20.04,2000
2013-01-17,20.319,20.39,20.28,20.33,12904
2013-01-18,20.42,20.46,20.3,20.37,7520
2013-01-22,20.43,20.453,20.3401,20.453,19391
2013-01-23,20.53,20.677,20.53,20.6306,2474
2013-01-24,20.78,20.885,20.63,20.68,6050
2013-01-25,20.904,20.9298,20.7,20.77,2060
2013-01-28,20.81,20.81,20.63,20.75,5820
2013-01-29,20.94,21.17,20.94,21.17,12930
2013-01-30,21.02,21.1099,20.92,21.0639,6626
2013-01-31,21.196,21.3799,21.19,21.35,2630
2013-02-01,21.47,21.53,21.332,21.374,30867
2013-02-04,21.38,21.38,21.1581,21.1928,12861
2013-02-05,21.4499,21.5899,21.4299,21.5101,8319
2013-02-06,21.44,21.44,21.3,21.44,6963
2013-02-07,21.73,21.77,21.5098,21.642,13565
2013-02-08,21.73,21.73,21.45,21.45,12077
2013-02-11,21.51,21.51,21.322,21.38,5607
2013-02-12,21.48,21.48,21.360500000000002,21.360500000000002,15231
2013-02-13,21.4,21.69,21.4,21.5901,10656
2013-02-14,21.61,21.6525,21.52,21.59,11381
2013-02-15,21.58,21.6,21.323,21.33,4978
2013-02-19,21.35,21.35,21.2,21.21,12376
2013-02-20,21.39,21.39,20.87,20.8701,5535
2013-02-21,20.96,20.96,20.51,20.57,23572
2013-02-22,20.78,20.91,20.69,20.91,8990
2013-02-25,20.9,21.01,20.8022,20.8022,9253
2013-02-26,20.83,20.935,20.8,20.93,9082
2013-02-27,21.0837,21.107,21.0837,21.1,560
2013-02-28,21.17,21.18,21.0825,21.0825,5275
2013-03-01,21.04,21.04,20.79,21.02,2437
2013-03-04,21.14,21.14,21.04,21.05,1436
2013-03-05,21.35,21.536,21.17,21.2,8038
2013-03-06,21.41,21.5626,21.29,21.5,6016
2013-03-07,21.59,21.59,21.42,21.42,7299
2013-03-08,21.51,21.6099,21.4856,21.6,6554
2013-03-11,21.76,21.76,21.5775,21.63,6957
2013-03-12,21.78,21.78,21.529,21.53,6837
2013-03-13,21.55,21.699,21.49,21.49,6269
2013-03-14,21.5101,21.52,21.3201,21.3201,26167
2013-03-15,21.2199,21.2199,21.13,21.1311,1445
2013-03-18,20.76,20.8784,20.74,20.85,11227
2013-03-19,20.89,21.0692,20.7348,20.7348,13745
2013-03-20,20.78,20.78,20.6212,20.64,6302
2013-03-21,20.52,20.54,20.1701,20.2,17150
2013-03-22,20.3,20.3,20.03,20.03,10253
2013-03-25,20.17,20.17,19.917,19.917,8829
2013-03-26,20.06,20.1234,19.96,20.04,28660
2013-03-27,20.0,20.2,19.87,20.2,7054
2013-03-28,20.23,20.23,19.98,20.0201,7808
2013-04-01,20.11,20.11,19.9001,19.96,6334
2013-04-02,20.12,20.12,19.9601,19.97,11891
2013-04-03,19.79,19.84,19.73,19.796,6533
2013-04-04,19.84,19.87,19.7301,19.7301,9900
2013-04-05,19.6,20.15,19.6,20.15,11726
2013-04-08,20.15,20.33,20.15,20.33,1139
2013-04-09,20.41,20.5199,20.41,20.46,1572
2013-04-10,20.57,20.76,20.57,20.7156,8630
2013-04-11,20.5302,20.5384,20.5,20.506,3375
2013-04-12,20.28,20.447,20.28,20.4238,7637
2013-04-15,20.13,20.13,19.641,19.641,7825
2013-04-16,19.8599,19.9699,19.8,19.9699,2686
2013-04-17,19.86,19.86,19.86,19.86,600
2013-04-18,19.77,19.77,19.5532,19.75,10852
2013-04-19,19.87,20.001,19.85,20.001,1344
2013-04-22,20.15,20.15,19.901,20.0524,8724
2013-04-23,20.28,20.38,20.28,20.31,11682
2013-04-24,20.42,20.5,20.4,20.5,5416
2013-04-25,20.4901,20.582,20.4901,20.582,1268
2013-04-26,20.39,20.55,20.39,20.3999,2936
2013-04-29,20.48,20.48,20.35,20.37,2880
2013-04-30,20.34,20.75,20.34,20.74,10828
2013-05-01,20.7,20.7,20.534,20.534,655
2013-05-02,20.52,20.52,20.46,20.4901,3490
2013-05-03,20.682,20.78,20.672,20.672,12555
2013-05-06,20.75,20.75,20.5,20.529,2553
2013-05-07,20.6899,20.8401,20.6899,20.84,2846
2013-05-08,20.9362,20.98,20.79,20.86,1863
2013-05-09,20.9585,21.0,20.884,20.884,445
2013-05-10,20.66,20.66,20.5883,20.62,3444
2013-05-13,20.7,20.71,20.59,20.6999,3879
2013-05-14,20.85,21.0,20.76,20.849,83651
2013-05-15,20.89,20.9877,20.85,20.88,2341
2013-05-16,20.95,20.992,20.95,20.988,2412
2013-05-17,20.8801,20.9599,20.8801,20.9599,1053
2013-05-20,21.06,21.14,20.98,21.08,13234
2013-05-21,21.12,21.23,21.06,21.23,4301
2013-05-22,21.28,21.362,21.07,21.11,6716
2013-05-23,20.8501,21.0628,20.85,21.056,1800
2013-05-24,21.056,21.056,21.056,21.056,0
2013-05-28,21.181,21.204,20.85,20.85,20302
2013-05-29,20.601,20.622,20.16,20.16,6688
2013-05-30,20.09,20.254,20.06,20.17,3662
2013-05-31,19.76,19.76,19.13,19.2,38477
2013-06-03,19.46,19.46,19.29,19.4499,4870
2013-06-04,19.5,19.5,19.148,19.328,4866
2013-06-05,19.51,19.51,19.101,19.12,11227
2013-06-06,19.17,19.17,19.05,19.07,1700
2013-06-07,18.89,19.09,18.75,18.75,6846
2013-06-10,18.55,18.576999999999998,18.43,18.48,22420
2013-06-11,17.99,18.329,17.96,18.324,6840
2013-06-12,18.26,18.26,18.17,18.17,3900
2013-06-13,18.06,18.15,18.034,18.034,10005
2013-06-14,18.2,18.2,17.815,17.815,4204
2013-06-17,17.8101,17.91,17.6,17.688,1524
2013-06-18,17.59,17.7,17.4,17.48,28949
2013-06-19,17.62,17.65,16.88,16.88,9469
2013-06-20,16.31,16.32,15.8785,16.32,17974
2013-06-21,16.3315,16.476,16.2001,16.476,2830
2013-06-24,16.02,16.44,15.9325,16.44,8324
2013-06-25,16.56,16.77,16.42,16.76,35305
2013-06-26,17.05,17.161,17.01,17.161,944
2013-06-27,17.37,17.5,17.31,17.31,6971
2013-06-28,17.031,17.15,17.031,17.05,1180
2013-07-01,16.89,17.0059,16.88,16.97,7700
2013-07-02,16.854,16.854,16.41,16.41,5500
2013-07-03,16.29,16.448,16.24,16.4,9600
2013-07-05,16.18,16.2,16.07,16.18,1614
2013-07-08,16.32,16.39,16.3,16.39,1977
2013-07-09,16.35,16.501,16.3,16.501,13760
2013-07-10,16.53,16.54,16.29,16.33,5187
2013-07-11,16.59,16.633,16.4308,16.5,18683
2013-07-12,16.464,16.4656,16.3506,16.41,5357
2013-07-15,16.47,16.92,16.45,16.88,13013
2013-07-16,16.73,16.81,16.6701,16.7101,21141
2013-07-17,16.89,17.0,16.85,16.9,417835
2013-07-18,16.85,16.99,16.85,16.95,3111
2013-07-19,16.7301,16.78,16.66,16.72,2086
2013-07-22,16.72,17.08,16.72,17.07,4059
2013-07-23,17.22,17.22,17.12,17.19,4673
2013-07-24,17.15,17.15,16.7414,16.7414,2931
2013-07-25,16.75,16.98,16.74,16.98,6585
2013-07-26,16.87,16.87,16.7,16.85,1300
2013-07-29,16.9,16.9,16.818,16.818,2957
2013-07-30,16.6479,16.676,16.6457,16.6457,300
2013-07-31,16.67,16.67,16.42,16.64,10937
2013-08-01,16.72,16.78,16.55,16.6848,3836
2013-08-02,16.61,16.759900000000002,16.61,16.759900000000002,200
2013-08-05,16.42,16.531,16.42,16.491,862
2013-08-06,16.47,16.47,16.34,16.36,1488
2013-08-07,16.23,16.26,16.18,16.18,2159
2013-08-08,16.4136,16.6516,16.2481,16.6098,2550
2013-08-09,16.71,16.87,16.68,16.87,2600
2013-08-12,17.16,17.16,16.8188,16.86,12508
2013-08-13,16.712,16.712,16.621,16.621,1400
2013-08-14,16.67,16.7523,16.5201,16.55,9365
2013-08-15,16.3,16.3,16.11,16.1101,4428
2013-08-16,16.126,16.142,15.9,15.9,9521
2013-08-19,15.77,15.86,15.45,15.45,14194
2013-08-20,15.53,15.54,15.44,15.45,23448
2013-08-21,15.32,15.32,14.97,14.97,6527
2013-08-22,15.1499,15.1499,14.98,14.98,3860
2013-08-23,15.6,15.84,15.6,15.84,1015
2013-08-26,15.8,15.8,15.5099,15.54,4821
2013-08-27,15.32,15.39,15.2301,15.39,6891
2013-08-28,15.6,15.68,15.57,15.57,1364
2013-08-29,15.579,15.579,15.47,15.494,22326
2013-08-30,15.71,15.71,15.41,15.518,13820
2013-09-03,15.84,15.9609,15.84,15.93,3535
2013-09-04,15.93,16.109,15.93,16.07,3040
2013-09-05,16.27,16.59,16.27,16.4,3046
2013-09-06,16.68,16.79,16.601,16.74,6239
2013-09-09,17.07,17.3052,17.06,17.3052,2679
2013-09-10,17.4,17.4006,17.1705,17.1705,4700
2013-09-11,17.24,17.24,17.02,17.22,5718
2013-09-12,17.33,17.33,17.25,17.25,6548
2013-09-13,17.25,17.3099,17.25,17.27,1870
2013-09-16,17.54,17.71,17.38,17.38,17317
2013-09-17,17.6146,17.6146,17.5,17.5,2768
2013-09-18,17.61,18.5,17.61,18.5,3936
2013-09-19,18.55,18.56,18.26,18.33,6940
2013-09-20,18.33,18.3549,18.03,18.05,8222
2013-09-23,18.14,18.23,18.14,18.2272,1089
2013-09-24,18.15,18.3,18.15,18.3,2033
2013-09-25,18.0,18.33,17.95,17.95,5104
2013-09-26,17.95,17.95,17.92,17.92,809
2013-09-27,17.841,17.852,17.73,17.73,4358
2013-09-30,17.69,17.91,17.662,17.826,2500
2013-10-01,17.94,17.97,17.88,17.93,19674
2013-10-02,18.03,18.15,17.96,18.15,9106
2013-10-03,18.0609,18.0609,17.78,17.8001,2932
2013-10-04,17.8899,17.8899,17.8899,17.8899,100
2013-10-07,17.72,17.95,17.72,17.9,2488
2013-10-08,17.8873,17.8873,17.8873,17.8873,1000
2013-10-09,17.9401,17.98,17.94,17.9696,2330
2013-10-10,18.2727,18.3,18.2727,18.3,1395
2013-10-11,18.41,18.43,18.41,18.43,200
2013-10-14,18.61,18.75,18.6099,18.75,2518
2013-10-15,18.58,18.7,18.58,18.58,4310
2013-10-16,18.58,18.82,18.58,18.75,2379
2013-10-17,18.7099,18.7215,18.7099,18.7215,253
2013-10-18,18.78,18.8,18.61,18.62,8454
2013-10-21,18.7,18.7,18.65,18.6694,1750
2013-10-22,18.7,18.93,18.7,18.88,3850
2013-10-23,18.75,18.75,18.32,18.32,5768
2013-10-24,18.24,18.26,18.182,18.26,1256
2013-10-25,18.32,18.36,18.301,18.36,6230
2013-10-28,18.4101,18.49,18.4101,18.48,14774
2013-10-29,18.3,18.33,18.26,18.26,7109
2013-10-30,18.24,18.24,18.15,18.234,4404
2013-10-31,18.13,18.13,17.88,17.88,12149
2013-11-01,17.68,17.68,17.628,17.628,500
2013-11-04,17.77,17.83,17.72,17.79,6022
2013-11-05,17.49,17.49,17.258,17.34,5506
2013-11-06,17.18,17.45,17.15,17.23,6761
2013-11-07,17.17,17.29,16.95,16.95,718
2013-11-08,16.77,16.88,16.548000000000002,16.7487,7149
2013-11-11,16.7,16.8396,16.632,16.65,1360
2013-11-12,16.37,16.56,16.37,16.54,7853
2013-11-13,16.461,16.505,16.461,16.505,1200
2013-11-14,16.819,16.98,16.819,16.9799,1300
2013-11-15,17.261,17.3599,17.261,17.3599,300
2013-11-18,17.43,17.461,17.43,17.46,4521
2013-11-19,17.35,17.44,17.14,17.14,474
2013-11-20,17.17,17.17,17.15,17.15,1300
2013-11-21,16.77,16.87,16.77,16.81,142850
2013-11-22,17.04,17.04,17.04,17.04,900
2013-11-25,17.0,17.06,16.91,17.06,2306
2013-11-26,16.97,17.002,16.82,17.002,10311
2013-11-27,16.86,16.86,16.78,16.78,1750
2013-11-29,16.73,16.77,16.73,16.77,5166
2013-12-02,16.57,16.57,16.49,16.49,800
2013-12-03,16.3295,16.3295,16.24,16.24,4347
2013-12-04,16.0,16.0,15.77,15.96,2833
2013-12-05,15.99,16.16,15.84,16.03,16616
2013-12-06,16.28,16.3201,16.28,16.3201,400
2013-12-09,16.31,16.31,16.31,16.31,251
2013-12-10,16.39,16.6,16.39,16.53,2858
2013-12-11,16.37,16.38,16.2,16.2,5599
2013-12-12,15.995,15.995,15.995,15.995,1931
2013-12-13,16.12,16.3,15.97,15.99,7802
2013-12-16,16.1111,16.26,16.1111,16.136,3628
2013-12-17,16.06,16.12,15.9976,15.9976,3264
2013-12-18,15.98,16.1,15.98,16.0,5505
2013-12-19,15.86,16.0806,15.86,16.0806,3045
2013-12-20,15.9,16.0,15.8846,15.9023,3498
2013-12-23,16.02,16.074,16.02,16.074,2117
2013-12-24,16.06,16.1,16.06,16.09,11050
2013-12-26,16.172,16.172,16.1,16.1,2916
2013-12-27,15.19,15.95,15.19,15.95,2248
2013-12-30,16.13,16.13,15.96,16.0206,4197
2013-12-31,15.9,16.03,15.9,16.03,10898
2014-01-02,15.5,15.62,15.44,15.48,7977
2014-01-03,15.69,15.69,15.61,15.69,4582
2014-01-06,15.66,15.66,15.471,15.48,2366
2014-01-07,15.488,15.488,15.488,15.488,1002
2014-01-08,15.5299,15.5299,15.22,15.23,6606
2014-01-09,15.07,15.16,15.01,15.06,3442
2014-01-10,15.06,15.06,15.06,15.06,0
2014-01-13,15.32,15.449,15.2522,15.2522,2181
2014-01-14,15.23,15.33,15.23,15.33,299
2014-01-15,15.29,15.4452,15.29,15.37,1601
2014-01-16,15.32,15.32,15.232,15.3,3099
2014-01-17,15.12,15.18,15.12,15.18,758
2014-01-21,15.02,15.14,14.98,15.09,13611
2014-01-22,14.97,15.12,14.97,15.038,3751
2014-01-23,14.850999999999999,14.850999999999999,14.691,14.78,1767
2014-01-24,14.59,14.59,14.31,14.31,25745
2014-01-27,14.33,14.47,14.33,14.43,10936
2014-01-28,14.5599,14.5599,14.4399,14.45,3021
2014-01-29,14.21,14.21,14.01,14.04,4765
2014-01-30,14.2001,14.2167,14.18,14.18,1044
2014-01-31,14.0,14.15,13.96,13.96,9396
2014-02-03,14.0,14.0,13.66,13.66,4725
2014-02-04,13.8399,13.9299,13.8399,13.9299,1511
2014-02-05,13.761,13.8599,13.76,13.8,1337
2014-02-06,13.83,14.28,13.83,14.28,2630
2014-02-07,14.45,14.45,14.34,14.35,1354
2014-02-10,14.37,14.37,14.137,14.174,3009
2014-02-11,14.25,14.2999,14.24,14.28,6573
2014-02-12,14.31,14.31,14.134,14.134,900
2014-02-13,13.73,14.19,13.73,14.19,2336
2014-02-14,14.12,14.3718,14.12,14.296,2124
2014-02-18,14.05,14.05,13.78,13.82,658
2014-02-19,13.66,13.8436,13.66,13.8436,3526
2014-02-20,13.83,14.0699,13.83,14.0699,2463
2014-02-21,14.1,14.2307,14.1,14.21,1375
2014-02-24,14.44,14.49,14.38,14.432,2754
2014-02-25,14.3299,14.33,14.2408,14.2408,730
2014-02-26,14.45,14.45,14.3999,14.3999,1272
2014-02-27,14.4999,14.84,14.4999,14.84,5561
2014-02-28,14.65,14.75,14.6199,14.65,69096
2014-03-03,14.54,14.54,14.23,14.28,4897
2014-03-04,14.51,14.54,14.431,14.48,5501
2014-03-05,14.61,14.61,14.608,14.608,600
2014-03-06,15.04,15.05,14.86,14.86,4465
2014-03-07,14.6701,14.7244,14.492,14.59,3734
2014-03-10,14.52,14.52,14.3799,14.4299,1115
2014-03-11,14.5,14.5,14.5,14.5,356
2014-03-12,14.5,14.5,14.5,14.5,52
2014-03-13,14.49,14.49,14.49,14.49,257
2014-03-14,14.2,14.304,14.19,14.304,25730
2014-03-17,14.3352,14.3352,14.3352,14.3352,124
2014-03-18,14.509,14.6499,14.5,14.6499,2119
2014-03-19,14.729,14.82,14.706,14.81,3420
2014-03-20,14.81,14.9023,14.782,14.9023,966
2014-03-21,14.86,14.97,14.86,14.9116,1954
2014-03-24,14.98,14.98,14.84,14.84,1252
2014-03-25,14.98,15.1201,14.98,15.0426,2198
2014-03-26,15.06,15.19,14.96,14.97,4000
2014-03-27,15.27,15.65,15.27,15.65,1475
2014-03-28,15.74,15.9,15.74,15.9,1021
2014-03-31,15.98,16.06,15.98,16.026,4674
2014-04-01,15.94,15.94,15.89,15.928,1216
2014-04-02,16.016,16.12,16.016,16.12,5084
2014-04-03,16.17,16.17,16.0,16.032,3880
2014-04-04,16.5441,16.6,16.33,16.33,6497
2014-04-07,16.62,16.6999,16.54,16.5911,2672
2014-04-08,17.12,17.1299,16.72,16.8,4292
2014-04-09,16.79,16.79,16.64,16.66,5981
2014-04-10,16.65,16.83,16.6,16.69,3681
2014-04-11,16.701,16.73,16.66,16.66,454
2014-04-14,16.74,16.8789,16.73,16.8789,1129
2014-04-15,16.82,16.82,16.1944,16.26,6210
2014-04-16,16.5699,16.5699,16.5699,16.5699,341
2014-04-17,16.6,16.601,16.59,16.601,1458
2014-04-21,16.601,16.601,16.601,16.601,110
2014-04-22,16.57,16.68,16.57,16.6,6478
2014-04-23,16.41,16.55,16.41,16.52,612
2014-04-24,16.72,16.72,16.2901,16.43,1781
2014-04-25,16.4,16.4,16.15,16.19,12406
2014-04-28,16.15,16.17,16.15,16.16,700
2014-04-29,16.49,16.49,16.4625,16.49,1500
2014-04-30,16.49,16.49,16.49,16.49,59
2014-05-01,16.28,16.408,16.2701,16.29,603
2014-05-02,16.64,16.79,16.64,16.79,1914
2014-05-05,16.74,16.83,16.65,16.65,1769
2014-05-06,16.9,16.959,16.86,16.86,1908
2014-05-07,16.86,16.86,16.86,16.86,0
2014-05-08,17.03,17.16,17.0,17.03,7241
2014-05-09,17.17,17.17,16.92,17.0,5799
2014-05-12,17.02,17.24,17.02,17.24,2686
2014-05-13,17.3564,17.3564,17.3564,17.3564,261
2014-05-14,17.3564,17.3564,17.3564,17.3564,50
2014-05-15,17.265,17.265,17.16,17.2,1705
2014-05-16,17.32,17.43,17.32,17.43,2870
2014-05-19,17.52,17.52,17.24,17.25,27698
2014-05-20,17.2399,17.2399,17.2399,17.2399,666
2014-05-21,17.2399,17.2399,17.2399,17.2399,25
2014-05-22,17.14,17.19,17.1,17.1,6057
2014-05-23,17.1,17.1001,17.04,17.0895,6747
2014-05-27,17.23,17.23,17.14,17.14,2540
2014-05-28,17.01,17.07,16.94,17.02,10472
2014-05-29,17.174,17.25,17.12,17.12,9902
2014-05-30,17.028,17.028,16.88,16.88,3744
2014-06-02,16.82,16.84,16.66,16.66,5887
2014-06-03,16.6,16.74,16.575,16.682,3611
2014-06-04,16.682,16.682,16.682,16.682,0
2014-06-05,16.92,17.0,16.92,17.0,845
2014-06-06,17.26,17.37,17.26,17.34,5402
2014-06-09,17.48,17.82,17.48,17.79,17996
2014-06-10,17.884,17.912,17.83,17.91,2426
2014-06-11,18.01,18.01,17.84,17.84,5868
2014-06-12,17.85,17.95,17.691,17.691,2164
2014-06-13,17.84,17.9,17.84,17.9,516
2014-06-16,17.82,17.82,17.82,17.82,100
2014-06-17,17.68,17.7,17.62,17.66,5300
2014-06-18,17.63,17.9,17.63,17.9,5230
2014-06-19,17.99,17.99,17.693,17.693,13215
2014-06-20,17.77,17.77,17.77,17.77,200
2014-06-23,17.6913,17.6913,17.6913,17.6913,148
2014-06-24,17.69,17.85,17.69,17.79,4150
2014-06-25,17.99,18.0021,17.91,17.94,9749
2014-06-26,17.766,17.766,17.766,17.766,368
2014-06-27,17.7814,17.7814,17.7814,17.7814,153
2014-06-30,17.67,17.67,17.67,17.67,450
2014-07-01,18.0,18.0,17.72,17.728,7061
2014-07-02,17.728,17.728,17.728,17.728,97
2014-07-03,17.46,17.6,17.46,17.58,5681
2014-07-07,17.62,17.62,17.57,17.57,5781
2014-07-08,17.61,17.61,17.6,17.61,2805
2014-07-09,17.7001,17.75,17.66,17.7499,5564
2014-07-10,17.675,17.675,17.6106,17.65,1809
2014-07-11,17.64,17.76,17.63,17.67,19673
2014-07-14,17.85,17.99,17.85,17.917,5202
2014-07-15,17.761,17.78,17.74,17.78,3820
2014-07-16,17.7,17.9,17.6906,17.6906,1358
2014-07-17,17.62,17.62,17.36,17.36,2409
2014-07-18,17.79,17.9,17.79,17.9,19382
2014-07-21,17.8501,18.09,17.84,18.09,6870
2014-07-22,18.14,18.32,18.14,18.32,1884
2014-07-23,18.11,18.14,18.11,18.1106,6573
2014-07-24,18.1101,18.1101,18.11,18.11,1747
2014-07-25,17.9912,18.0,17.9912,18.0,852
2014-07-28,18.0,18.0,17.95,17.95,511
2014-07-29,17.9,17.91,17.8389,17.91,2029
2014-07-30,17.66,17.66,17.49,17.6,2291
2014-07-31,17.2212,17.2212,17.0201,17.09,1531
2014-08-01,17.0569,17.29,17.0569,17.29,6286
2014-08-04,17.47,17.47,17.46,17.46,453
2014-08-05,17.41,17.42,17.25,17.25,1504
2014-08-06,17.23,17.4,17.23,17.4,6157
2014-08-07,17.26,17.26,17.02,17.02,4016
2014-08-08,17.08,17.09,16.95,17.09,4153
2014-08-11,17.31,17.4,17.31,17.4,593
2014-08-12,17.52,17.53,17.52,17.52,12750
2014-08-13,17.62,17.62,17.39,17.43,2305
2014-08-14,17.44,17.4738,17.44,17.4738,303
2014-08-15,17.59,17.69,17.58,17.66,7114
2014-08-18,17.79,17.925,17.788,17.8908,6909
2014-08-19,17.86,18.05,17.86,18.0405,1136
2014-08-20,18.13,18.13,18.13,18.13,687
2014-08-21,18.12,18.1232,18.034,18.0399,17172
2014-08-22,17.89,17.985,17.84,17.88,3385
2014-08-25,18.0,18.07,18.0,18.07,35267
2014-08-26,18.2119,18.44,18.2119,18.44,4536
2014-08-27,18.52,18.8241,18.52,18.8241,822
2014-08-28,18.84,19.001,18.84,18.97,2963
2014-08-29,19.0252,19.12,18.972,19.1071,1726
2014-09-02,18.75,18.95,18.73,18.95,11748
2014-09-03,19.14,19.17,19.0,19.07,5098
2014-09-04,18.96,19.11,18.93,18.93,15568
2014-09-05,19.0001,19.0001,19.0001,19.0001,1029
2014-09-08,18.601,18.601,18.601,18.601,1081
2014-09-09,18.28,18.28,17.97,17.97,4845
2014-09-10,17.97,17.97,17.78,17.78,2451
2014-09-11,18.01,18.04,18.01,18.04,342
2014-09-12,17.46,17.46,17.28,17.3228,527
2014-09-15,17.1615,17.1615,17.1615,17.1615,391
2014-09-16,17.35,17.71,17.35,17.71,4756
2014-09-17,17.69,17.69,17.33,17.372,2700
2014-09-18,17.08,17.3502,17.08,17.3502,1901
2014-09-19,17.09,17.09,16.9899,16.9899,1868
2014-09-22,16.6599,16.6599,16.42,16.58,4357
2014-09-23,16.46,16.65,16.31,16.3501,1844
2014-09-24,16.35,16.8,16.35,16.8,1389
2014-09-25,16.46,16.54,16.46,16.4695,805
2014-09-26,16.41,16.663,16.41,16.663,1729
2014-09-29,15.99,16.16,15.7901,16.1,5984
2014-09-30,16.02,16.02,15.99,15.99,2576
2014-10-01,15.78,15.83,15.36,15.41,14183
2014-10-02,15.44,15.51,15.31,15.51,1641
2014-10-03,15.45,15.872,15.45,15.76,9575
2014-10-06,16.68,16.68,16.68,16.68,548
2014-10-07,16.86,17.04,16.82,16.97,13080
2014-10-08,17.1,17.1,16.65,17.03,1453
2014-10-09,17.16,17.16,17.08,17.08,1074
2014-10-10,16.74,16.74,16.57,16.64,1433
2014-10-13,16.82,17.01,16.8,17.0,10146
2014-10-14,16.84,16.93,16.84,16.93,2000
2014-10-15,16.23,16.269,16.23,16.269,2262
2014-10-16,15.8675,16.1,15.76,15.780100000000001,2044
2014-10-17,16.28,16.28,16.23,16.23,506
2014-10-20,15.88,15.88,15.76,15.76,3523
2014-10-21,15.19,15.54,15.1605,15.331,172543
2014-10-22,15.36,15.45,15.16,15.16,3917
2014-10-23,14.85,14.85,14.67,14.74,30945
2014-10-24,15.04,15.419,15.0301,15.22,8773
2014-10-27,14.4,14.86,14.34,14.83,7043
2014-10-28,15.11,15.54,15.11,15.54,159812
2014-10-29,15.74,15.8,15.42,15.53,71354
2014-10-30,15.55,15.55,15.24,15.2401,2273
2014-10-31,16.2444,16.2444,16.2444,16.2444,223
2014-11-03,15.97,16.11,15.97,16.1,2001
2014-11-04,16.08,16.1699,15.9795,16.1699,1356
2014-11-05,16.1699,16.1699,16.1699,16.1699,84
2014-11-06,16.0,16.04,15.43,15.432,5005
2014-11-07,15.61,15.61,15.61,15.61,548
2014-11-10,15.61,15.61,15.61,15.61,25
2014-11-11,15.6,15.6,15.56,15.59,1160
2014-11-12,15.84,16.02,15.7512,15.7512,3551
2014-11-13,15.55,15.55,15.24,15.2401,2273
2014-11-14,15.07,15.08,14.81,15.08,2713
2014-11-17,15.38,15.38,15.26,15.26,1905
2014-11-18,15.02,15.36,15.02,15.352,3137
2014-11-19,15.42,15.5,15.36,15.5,2233
2014-11-20,15.5,15.5,15.5,15.5,0
2014-11-21,16.09,16.57,16.07,16.57,2868
2014-11-24,16.291,16.291,16.291,16.291,304
2014-11-25,16.72,16.72,16.13,16.171,3187
2014-11-26,16.171,16.171,16.171,16.171,3
2014-11-28,16.25,16.25,16.25,16.25,451
2014-12-01,15.48,15.4801,15.48,15.4801,290
2014-12-02,15.6,15.6,15.3,15.3,2798
2014-12-03,15.5999,15.5999,15.54,15.54,751
2014-12-04,15.1201,15.1201,15.1201,15.1201,200
2014-12-05,15.249,15.249,15.0,15.111,5707
2014-12-08,14.97,15.02,14.854,14.854,2181
2014-12-09,14.61,14.7001,14.59,14.7001,679
2014-12-10,14.64,14.64,14.5001,14.5001,6649
2014-12-11,14.5,14.5,14.345,14.35,4793
2014-12-12,14.25,14.25,14.0,14.0,7576
2014-12-15,13.86,13.86,13.41,13.63,3429
2014-12-16,13.34,13.41,13.27,13.3,2884
2014-12-17,13.85,13.89,13.42,13.76,4163
2014-12-18,14.07,14.0701,14.07,14.0701,900
2014-12-19,13.33,14.3258,13.33,14.17,2565
2014-12-22,14.28,14.28,14.28,14.28,101
2014-12-23,14.19,14.19,14.06,14.06,1614
2014-12-24,14.08,14.2,14.0,14.11,877
2014-12-26,14.17,14.241,14.17,14.2,8893
2014-12-29,13.74,14.03,13.74,13.93,13034
2014-12-30,14.12,14.141,13.92,14.0,8008
2014-12-31,13.87,13.91,13.87,13.91,1317
2015-01-02,13.65,13.65,13.41,13.53,3597
2015-01-05,13.15,13.15,12.98,13.0,2050
2015-01-06,13.11,13.11,12.92,12.92,1771
2015-01-07,13.16,13.26,13.15,13.17,20459
2015-01-08,13.2,13.4269,13.2,13.33,801
2015-01-09,13.36,13.43,13.28,13.38,4174
2015-01-12,13.07,13.14,12.98,13.03,5006
2015-01-13,13.1,13.21,13.1,13.21,203
2015-01-14,13.43,13.43,13.3899,13.3899,530
2015-01-15,13.46,13.5,13.34,13.34,16921
2015-01-16,13.49,13.68,13.49,13.68,559
2015-01-20,13.46,13.53,13.46,13.53,1064
2015-01-21,13.64,13.96,13.64,13.96,1081
2015-01-22,14.17,14.23,14.13,14.21,1629
2015-01-23,13.99,14.0418,13.93,13.94,1307
2015-01-26,13.77,13.86,13.77,13.86,599
2015-01-27,13.65,13.87,13.65,13.84,1352
2015-01-28,13.72,13.82,13.62,13.62,2009
2015-01-29,13.69,13.71,13.61,13.71,808
2015-01-30,13.1,13.1,13.01,13.01,1072
2015-02-02,13.09,13.09,13.04,13.04,859
2015-02-03,13.03,13.09,12.98,13.09,3250
2015-02-04,12.78,12.9,12.7001,12.76,2149
2015-02-05,12.92,12.92,12.92,12.92,103
2015-02-06,12.7,12.7,12.5,12.5,13092
2015-02-09,12.39,12.64,12.39,12.64,456
2015-02-10,12.37,12.432,12.27,12.27,1841
2015-02-11,12.1,12.1,11.95,11.95,2655
2015-02-12,12.19,12.29,12.19,12.29,867
2015-02-13,12.44,12.45,12.4,12.43,14415
2015-02-17,12.5,12.5,12.37,12.37,1004
2015-02-18,12.65,12.65,12.541,12.63,2269
2015-02-19,12.51,12.68,12.51,12.679,3029
2015-02-20,12.6,12.6,12.51,12.54,548
2015-02-23,12.77,12.77,12.71,12.71,1539
2015-02-24,12.64,12.96,12.622,12.96,1383
2015-02-25,12.72,12.82,12.72,12.82,708
2015-02-26,12.73,12.8,12.71,12.71,652
2015-02-27,12.8799,12.88,12.83,12.84,963
2015-03-02,12.85,12.85,12.54,12.56,10901
2015-03-03,12.51,12.51,12.4,12.4,751
2015-03-04,11.98,12.1299,11.9,12.02,22876
2015-03-05,11.92,11.92,11.831,11.91,2204
2015-03-06,11.71,11.71,11.67,11.7,1548
2015-03-09,11.61,11.61,11.29,11.29,14985
2015-03-10,11.29,11.35,11.25,11.28,18315
2015-03-11,11.25,11.33,11.22,11.27,820
2015-03-12,11.41,11.46,11.21,11.21,751
2015-03-13,11.0,11.0,10.7,10.76,2903
2015-03-16,10.89,10.91,10.76,10.76,826
2015-03-17,10.65,10.91,10.65,10.91,1047
2015-03-18,10.84,11.2,10.84,11.2,968
2015-03-19,11.05,11.08,10.84,10.84,721
2015-03-20,11.13,11.39,11.13,11.32,2053
2015-03-23,11.35,11.5901,11.35,11.55,10500
2015-03-24,11.68,11.71,11.5,11.55,813
2015-03-25,11.5,11.69,11.38,11.38,691
2015-03-26,11.31,11.33,11.13,11.25,4688
2015-03-27,11.14,11.15,11.03,11.05,5716
2015-03-30,11.19,11.35,11.14,11.33,3101
2015-03-31,11.4,11.49,11.4,11.47,503
2015-04-01,11.97,11.97,11.78,11.78,870
2015-04-02,12.09,12.2001,12.05,12.2001,8005
2015-04-06,12.47,12.48,12.3701,12.3701,1423
2015-04-07,12.32,12.36,12.27,12.27,481
2015-04-08,12.6601,12.76,12.6601,12.72,617
2015-04-09,12.84,12.91,12.68,12.68,929
2015-04-10,12.66,12.719899999999999,12.650500000000001,12.655,2278
2015-04-13,12.62,12.62,12.44,12.47,32063
2015-04-14,12.72,12.72,12.56,12.66,1930
2015-04-15,12.765,12.765,12.7601,12.7601,1390
2015-04-16,12.74,12.91,12.74,12.8738,3510
2015-04-17,12.66,12.66,12.53,12.54,5383
2015-04-20,12.57,12.57,12.53,12.54,765
2015-04-21,12.6401,12.6401,12.6401,12.6401,213
2015-04-22,12.64,12.7426,12.64,12.7426,1224
2015-04-23,12.81,13.07,12.8,13.07,2910
2015-04-24,13.07,13.07,13.05,13.05,1213
2015-04-27,13.27,13.41,13.23,13.2665,9582
2015-04-28,13.393,13.393,13.176,13.176,1205
2015-04-29,13.11,13.11,12.9907,12.9907,1380
2015-04-30,12.98,12.98,12.9144,12.92,5200
2015-05-01,13.03,13.05,12.98,12.981,845
2015-05-04,12.94,12.94,12.9,12.93,3297
2015-05-05,12.89,13.06,12.89,13.06,830
2015-05-06,13.102,13.102,13.102,13.102,546
2015-05-07,13.03,13.12,13.03,13.12,1548
2015-05-08,13.22,13.22,13.22,13.22,104
2015-05-11,13.16,13.16,13.16,13.16,103
2015-05-12,13.09,13.16,13.09,13.16,230
2015-05-13,13.14,13.14,13.14,13.14,104
2015-05-14,13.25,13.25,13.25,13.25,315
2015-05-15,13.22,13.22,13.22,13.22,102
2015-05-18,13.22,13.22,13.22,13.22,3
2015-05-19,12.95,13.06,12.95,13.06,202
2015-05-20,12.99,13.13,12.99,13.13,213
2015-05-21,12.95,13.043,12.95,12.98,12501
2015-05-22,12.776,12.776,12.776,12.776,294
2015-05-26,12.63,12.63,12.3,12.3,954
2015-05-27,12.1,12.1201,12.08,12.1201,7805
2015-05-28,12.12,12.12,12.12,12.12,103
2015-05-29,12.0,12.0,11.98,11.98,3343
2015-06-01,12.13,12.13,12.01,12.01,224
2015-06-02,12.23,12.296,12.171,12.296,1578
2015-06-03,12.2664,12.2664,12.2664,12.2664,186
2015-06-04,12.2664,12.2664,12.2664,12.2664,1
2015-06-05,11.99,12.12,11.7805,12.12,1857
2015-06-08,12.12,12.12,12.12,12.12,4
2015-06-09,12.3901,12.3901,12.3901,12.3901,207
2015-06-10,12.3901,12.3901,12.3901,12.3901,112
2015-06-11,12.4,12.4,12.29,12.39,3134
2015-06-12,12.3,12.398,12.291,12.398,1513
2015-06-15,12.398,12.398,12.398,12.398,20
2015-06-16,12.48,12.54,12.48,12.54,3125
2015-06-17,12.54,12.54,12.51,12.5201,1444
2015-06-18,12.5526,12.5526,12.5526,12.5526,114
2015-06-19,12.5526,12.5526,12.5526,12.5526,4
2015-06-22,12.5526,12.5526,12.5526,12.5526,4
2015-06-23,12.5526,12.5526,12.5526,12.5526,29
2015-06-24,12.5526,12.5526,12.5526,12.5526,6
2015-06-25,12.5526,12.5526,12.5526,12.5526,4
2015-06-26,12.5526,12.5526,12.5526,12.5526,4
2015-06-29,12.14,12.15,11.8,11.91,1825
2015-06-30,12.05,12.05,12.02,12.02,404
2015-07-01,12.02,12.02,12.02,12.02,8
2015-07-02,12.14,12.3,12.08,12.24,21894
2015-07-06,11.95,11.95,11.78,11.78,1124
2015-07-07,11.77,11.77,11.7099,11.7099,857
2015-07-08,11.43,11.43,11.38,11.38,201
2015-07-09,11.38,11.38,11.38,11.38,57
2015-07-10,11.6901,11.6901,11.6901,11.6901,504
2015-07-13,11.6901,11.6901,11.6901,11.6901,24
2015-07-14,11.6901,11.6901,11.6901,11.6901,2
2015-07-15,11.91,11.93,11.91,11.93,404
2015-07-16,12.05,12.05,12.05,12.05,503
2015-07-17,11.55,11.71,11.5401,11.5401,887
2015-07-20,11.32,11.3323,11.32,11.3323,513
2015-07-21,11.69,11.69,11.43,11.43,249
2015-07-22,11.18,11.21,11.16,11.21,805
2015-07-23,10.8999,10.8999,10.76,10.7996,1176
2015-07-24,10.65,10.65,10.351,10.351,1572
2015-07-27,10.45,10.45,10.31,10.32,1324
2015-07-28,10.19,10.304,10.18,10.304,34118
2015-07-29,10.33,10.33,10.33,10.33,1370
2015-07-30,10.26,10.26,10.26,10.26,142
2015-07-31,10.3,10.395,10.2848,10.38,3880
2015-08-03,10.12,10.14,10.04,10.07,5044
2015-08-04,9.87,9.87,9.79,9.79,1037
2015-08-05,9.89,9.9799,9.871,9.9799,904
2015-08-06,9.9799,9.9799,9.9799,9.9799,156
2015-08-07,9.5501,9.5501,9.5501,9.5501,702
2015-08-10,9.602,9.603,9.602,9.603,246
2015-08-11,9.61,9.61,9.53,9.53,503
2015-08-12,9.44,9.46,9.43,9.46,1260
2015-08-13,9.37,9.461,9.37,9.461,934
2015-08-14,9.37,9.48,9.37,9.47,2066
2015-08-17,9.5274,9.5274,9.43,9.4627,630
2015-08-18,9.29,9.49,9.29,9.49,892
2015-08-19,9.27,9.31,9.27,9.31,846
2015-08-20,9.2501,9.27,9.25,9.26,5052
2015-08-21,9.14,9.14,9.06,9.06,1003
2015-08-24,8.72,8.72,8.641,8.641,376
2015-08-25,9.0999,9.0999,8.65,8.75,10500
2015-08-26,8.86,8.86,8.75,8.75,1333
2015-08-27,9.2,9.2,9.1999,9.2,3150
2015-08-28,9.04,9.2,9.04,9.2,1
2015-08-31,8.73,8.85,8.73,8.85,5008
2015-09-01,8.5046,8.5046,8.5046,8.5046,202
2015-09-02,8.46,8.46,8.46,8.46,165
2015-09-03,8.4602,8.4664,8.4602,8.4664,375
2015-09-04,8.4664,8.4664,8.4664,8.4664,0
2015-09-08,8.4664,8.4664,8.4664,8.4664,54
2015-09-09,8.46,8.46,8.46,8.46,201
2015-09-10,8.04,8.2,8.0205,8.2,767
2015-09-11,8.2,8.2,8.2,8.2,63
2015-09-14,8.2,8.2,8.2,8.2,4
2015-09-15,8.28,8.28,8.28,8.28,152
2015-09-16,8.51,8.51,8.51,8.51,100
2015-09-17,8.32,8.57,8.32,8.57,1210
2015-09-18,8.09,8.098,8.0801,8.098,1001
2015-09-21,8.03,8.03,7.95,7.95,306
2015-09-22,7.6,7.6,7.49,7.49,9054
2015-09-23,7.6,7.6,7.5,7.5,498
2015-09-24,7.31,7.31,7.31,7.31,407
2015-09-25,7.68,7.85,7.68,7.75,62120
2015-09-28,7.57,7.57,7.4405,7.4405,477
2015-09-29,7.4405,7.4405,7.4405,7.4405,84
2015-09-30,7.8,7.87,7.8,7.87,1605
2015-10-01,7.7886,7.7886,7.7886,7.7886,1513
2015-10-02,8.0,8.15,8.0,8.15,2260
2015-10-05,8.48,8.48,8.4589,8.4589,604
2015-10-06,8.61,8.61,8.61,8.61,1003
2015-10-07,8.6,8.93,8.6,8.72,3362
2015-10-08,8.66,8.66,8.66,8.66,104
2015-10-09,9.18,9.21,9.1296,9.1296,404
2015-10-12,9.1,9.1,9.1,9.1,222
2015-10-13,8.69,8.85,8.69,8.78,806
2015-10-14,8.6,8.6,8.6,8.6,222
2015-10-15,8.5435,8.61,8.5435,8.6,779
2015-10-16,8.49,8.49,8.47,8.47,1002
2015-10-19,8.6315,8.6315,8.47,8.47,304
2015-10-20,8.47,8.47,8.47,8.47,14
2015-10-21,8.47,8.47,8.47,8.47,2531
2015-10-22,8.58,8.68,8.58,8.62,446
2015-10-23,8.69,8.7148,8.69,8.7148,255
2015-10-26,8.6619,8.6619,8.54,8.54,1172
2015-10-27,8.57,8.57,8.57,8.57,174
2015-10-28,8.7001,8.7001,8.7,8.7,413
2015-10-29,8.46,8.47,8.46,8.47,234
2015-10-30,8.47,8.47,8.47,8.47,4
2015-11-02,8.48,8.52,8.48,8.52,11252
2015-11-03,8.82,9.07,8.82,9.07,2751
2015-11-04,9.07,9.07,8.94,8.94,2695
2015-11-05,9.1464,9.1464,9.072,9.083,1959
2015-11-06,9.05,9.05,9.05,9.05,241
2015-11-09,9.05,9.05,9.05,9.05,2
2015-11-10,8.65,8.68,8.64,8.66,3303
2015-11-11,9.0,9.0,8.92,8.98,7022
2015-11-12,9.0,9.0,9.0,9.0,381
2015-11-13,8.75,8.75,8.75,8.75,106
2015-11-16,8.75,8.75,8.75,8.75,24
2015-11-17,9.15,9.15,8.9661,8.9661,1843
2015-11-18,8.86,9.13,8.86,9.1,1623
2015-11-19,9.17,9.31,9.17,9.25,2433
2015-11-20,9.472,9.472,9.4489,9.4489,287
2015-11-23,9.5,9.5,9.39,9.4,1685
2015-11-24,9.4,9.4,9.4,9.4,7
2015-11-25,9.186,9.186,9.186,9.186,516
2015-11-27,9.186,9.186,9.186,9.186,17
2015-11-30,8.5,8.5,8.5,8.5,240
2015-12-01,8.25,8.3448,8.25,8.3448,2269
2015-12-02,8.411,8.411,8.411,8.411,585
2015-12-03,8.83,8.85,8.78,8.85,1628
2015-12-04,8.7892,8.7892,8.7892,8.7892,241
2015-12-07,8.7892,8.7892,8.7892,8.7892,3
2015-12-08,8.67,8.67,8.67,8.67,2107
2015-12-09,8.67,8.67,8.67,8.67,5
2015-12-10,8.67,8.67,8.67,8.67,52
2015-12-11,8.67,8.67,8.67,8.67,18
2015-12-14,8.352,8.352,8.35,8.35,572
2015-12-15,8.35,8.35,8.35,8.35,10
2015-12-16,8.35,8.35,8.35,8.35,10
2015-12-17,8.508,8.7,8.5,8.61,11398
2015-12-18,8.05,8.05,8.05,8.05,400
2015-12-21,8.07,8.07,7.84,7.84,1721
2015-12-22,7.9,7.995,7.89,7.89,3206
2015-12-23,8.03,8.1489,8.03,8.1489,250
2015-12-24,7.76,8.31,7.76,8.2828,2801
2015-12-28,8.21,8.274000000000001,8.21,8.25,3310
2015-12-29,8.32,8.32,8.2368,8.2368,360
2015-12-30,8.0228,8.0228,7.82,7.905,5838
2015-12-31,8.07,8.07,7.95,8.0,1459
2016-01-04,7.59,7.59,7.59,7.59,249
2016-01-05,7.59,7.63,7.5327,7.63,523
2016-01-06,7.5,7.5,7.43,7.4301,1431
2016-01-07,7.3,7.3,7.28,7.28,200
2016-01-08,7.28,7.28,7.28,7.28,152
2016-01-11,7.498,7.498,7.498,7.498,458
2016-01-12,7.46,7.46,7.24,7.28,541
2016-01-13,7.27,7.27,7.15,7.15,721
2016-01-14,7.39,7.39,7.25,7.26,1819
2016-01-15,7.0,7.0,7.0,7.0,231
2016-01-19,7.0,7.0,7.0,7.0,900
2016-01-20,6.8037,6.82,6.66,6.79,10430
2016-01-21,6.72,6.73,6.72,6.73,238
2016-01-22,6.73,6.73,6.73,6.73,1
2016-01-25,6.8612,6.8612,6.8612,6.8612,120
2016-01-26,6.8612,6.8612,6.8612,6.8612,0
2016-01-27,7.08,7.08,7.08,7.08,154
2016-01-28,7.16,7.16,7.16,7.16,704
2016-01-29,7.31,7.31,7.31,7.31,110
2016-02-01,7.41,7.44,7.39,7.39,2104
2016-02-02,7.3401,7.3401,7.3401,7.3401,256
2016-02-03,7.3401,7.3401,7.3401,7.3401,50
2016-02-04,7.3401,7.3401,7.3401,7.3401,8
2016-02-05,7.3401,7.3401,7.3401,7.3401,49
2016-02-08,7.3401,7.3401,7.3401,7.3401,76
2016-02-09,7.4701,7.4701,7.4699,7.4699,635
2016-02-10,7.4699,7.4699,7.4699,7.4699,0
2016-02-11,7.4699,7.4699,7.4699,7.4699,0
2016-02-12,7.25,7.25,7.25,7.25,219
2016-02-16,7.25,7.25,7.25,7.25,90
2016-02-17,7.74,7.74,7.74,7.74,176
2016-02-18,7.74,7.74,7.74,7.74,0
2016-02-19,7.74,7.74,7.74,7.74,6
2016-02-22,7.74,7.74,7.74,7.74,178
2016-02-23,7.74,7.74,7.74,7.74,4
2016-02-24,7.74,7.74,7.74,7.74,8
2016-02-25,7.74,7.74,7.74,7.74,10
2016-02-26,7.74,7.74,7.74,7.74,344
2016-02-29,7.8100000000000005,7.9584,7.8100000000000005,7.9584,556
2016-03-01,7.96,7.96,7.96,7.96,208
2016-03-02,8.2683,8.508,8.2683,8.508,826
2016-03-03,8.8,8.8,8.8,8.8,493
2016-03-04,8.9,8.9,8.9,8.9,1508
2016-03-07,9.09,9.09,8.98,8.98,979
2016-03-08,8.98,8.98,8.98,8.98,8
2016-03-09,9.45,9.45,9.3142,9.3142,609
2016-03-10,9.33,9.33,9.32,9.33,1806
2016-03-11,9.63,9.63,9.63,9.63,1011
2016-03-14,9.35,9.35,9.3212,9.33,709
2016-03-15,9.26,9.26,8.94,8.9799,879
2016-03-16,8.8,9.0,8.8,9.0,3108
2016-03-17,9.39,9.39,9.39,9.39,118
2016-03-18,9.852,9.852,9.852,9.852,237
2016-03-21,9.83,9.83,9.83,9.83,1300
2016-03-22,9.97,9.97,9.97,9.97,178
2016-03-23,9.53,9.55,9.51,9.51,1313
2016-03-24,9.5,9.5,9.5,9.5,452
2016-03-28,9.5,9.5,9.5,9.5,0
2016-03-29,9.75,9.9199,9.74,9.9199,2361
2016-03-30,9.874,9.874,9.874,9.874,500
2016-03-31,9.96,9.9695,9.71,9.71,1637
2016-04-01,9.832,9.88,9.832,9.88,256
2016-04-04,9.51,9.75,9.38,9.38,2031
2016-04-05,9.38,9.38,9.38,9.38,1
2016-04-06,9.38,9.38,9.38,9.38,11
2016-04-07,9.38,9.38,9.38,9.38,0
2016-04-08,9.712,9.712,9.4601,9.5201,432
2016-04-11,9.71,9.84,9.71,9.84,501
2016-04-12,9.675,9.675,9.675,9.675,100
2016-04-13,10.0,10.2573,10.0,10.2573,805
2016-04-14,10.28,10.28,10.17,10.2012,3112
2016-04-15,10.2012,10.2012,10.2012,10.2012,0
2016-04-18,10.33,10.5,9.86,9.91,8304
2016-04-19,10.102,10.15,10.1005,10.15,3139
2016-04-20,10.22,10.22,10.21,10.21,2000
2016-04-21,10.1999,10.2,10.1999,10.2,1695
2016-04-22,9.89,9.89,9.89,9.89,1050
2016-04-25,9.98,9.98,9.9799,9.9799,1228
2016-04-26,10.0684,10.08,10.02,10.02,1448
2016-04-27,10.06,10.07,10.06,10.0611,1110
2016-04-28,10.58,10.58,10.2787,10.2787,2335
2016-04-29,10.2787,10.2787,10.2787,10.2787,0
2016-05-02,10.344,10.3599,10.344,10.3599,992
2016-05-03,10.3599,10.3599,10.3599,10.3599,18
2016-05-04,10.3599,10.3599,10.3599,10.3599,35
2016-05-05,10.14,10.14,10.14,10.14,263
2016-05-06,10.12,10.1301,10.0,10.0,4150
2016-05-09,10.0,10.0,10.0,10.0,141
2016-05-10,10.0,10.0,10.0,10.0,8
2016-05-11,10.4199,10.45,10.37,10.37,3900
2016-05-12,10.35,10.65,10.34,10.582,7411
2016-05-13,10.3562,10.3888,10.2601,10.2797,3662
2016-05-16,10.2797,10.2797,10.2797,10.2797,52
2016-05-17,10.2797,10.2797,10.2797,10.2797,83
2016-05-18,10.35,10.419,10.35,10.41,785
2016-05-19,10.06,10.063,9.8701,9.8701,5581
2016-05-20,10.168,10.168,10.168,10.168,280
2016-05-23,10.04,10.04,9.87,9.8801,1148
2016-05-24,10.1099,10.1099,10.1099,10.1099,229
2016-05-25,10.065,10.21,10.065,10.2,1333
2016-05-26,10.2,10.2,10.2,10.2,34
2016-05-27,10.2,10.2,10.2,10.2,76
2016-05-31,9.6936,9.7454,9.6936,9.7454,240
2016-06-01,9.9,9.9101,9.81,9.8501,901
2016-06-02,9.92,10.1101,9.92,10.1101,2026
2016-06-03,10.66,10.66,10.35,10.5101,1113
2016-06-06,10.64,10.6899,10.4852,10.4852,5775
2016-06-07,10.63,10.63,10.58,10.58,1002
2016-06-08,10.87,11.2399,10.87,11.2399,2724
2016-06-09,11.17,11.22,11.1544,11.1544,1805
2016-06-10,10.64,10.717600000000001,10.64,10.661,2707
2016-06-13,10.5367,10.5367,10.5367,10.5367,1201
2016-06-14,10.2884,10.2884,10.13,10.13,1069
2016-06-15,10.13,10.13,10.13,10.13,1
2016-06-16,10.05,10.15,10.03,10.15,8089
2016-06-17,10.7699,10.7699,10.57,10.749,2669
2016-06-20,10.9246,10.9246,10.9246,10.9246,1003
2016-06-21,11.28,11.28,10.89,11.0065,5945
2016-06-22,11.02,11.02,11.02,11.02,152
2016-06-23,11.09,11.4599,11.05,11.418,2669
2016-06-24,11.31,11.31,11.0368,11.069,1211
2016-06-27,11.069,11.069,11.069,11.069,8
2016-06-28,11.2305,11.28,11.2305,11.25,1820
2016-06-29,11.797,11.799900000000001,11.797,11.799900000000001,430
2016-06-30,11.6262,11.9799,11.6262,11.88,1742
2016-07-01,11.68,11.9,11.68,11.9,2935
2016-07-05,11.66,11.899000000000001,11.64,11.77,5424
2016-07-06,11.71,11.71,11.4499,11.5399,2500
2016-07-07,11.5018,11.5018,11.4901,11.4901,1550
2016-07-08,11.907,11.969,11.907,11.9506,2029
2016-07-11,12.14,12.15,12.1155,12.138,922
2016-07-12,12.35,12.37,12.35,12.37,2810
2016-07-13,12.27,12.3499,12.23,12.3499,5189
2016-07-14,12.47,12.734,12.47,12.7,22841
2016-07-15,12.71,12.71,12.431,12.431,405
2016-07-18,12.6,12.8,12.5,12.8,88861
2016-07-19,12.78,12.9,12.761,12.761,15627
2016-07-20,13.13,13.13,12.722,12.8399,8085
2016-07-21,12.799900000000001,12.8,12.6325,12.74,12898
2016-07-22,12.686,12.955,12.686,12.955,346
2016-07-25,12.8214,12.8214,12.615,12.7,40848
2016-07-26,12.7121,12.8,12.6601,12.73,29292
2016-07-27,12.7399,12.9,12.6399,12.7,57654
2016-07-28,12.57,12.61,12.3716,12.55,1369
2016-07-29,12.65,13.25,12.65,13.22,18006
2016-08-01,13.32,13.32,12.8201,12.92,7301
2016-08-02,13.18,13.18,12.794,13.02,56935
2016-08-03,12.814,13.08,12.7,13.08,6320
2016-08-04,13.2499,13.349,13.168,13.2607,4531
2016-08-05,13.3399,13.54,13.3399,13.51,4961
2016-08-08,13.2201,13.2201,13.2201,13.2201,420
2016-08-09,13.3501,13.51,13.35,13.458,4080
2016-08-10,13.51,13.51,13.47,13.47,503
2016-08-11,13.5099,13.7599,13.5,13.64,1588
2016-08-12,13.82,13.8299,13.48,13.4976,2481
2016-08-15,13.549,13.71,13.5001,13.5717,11350
2016-08-16,13.43,13.6999,13.43,13.669,6433
2016-08-17,13.48,13.48,13.22,13.42,780
2016-08-18,13.316,13.316,13.1,13.14,24736
2016-08-19,13.35,13.35,13.1568,13.1568,882
2016-08-22,13.12,13.295,13.09,13.09,3305
2016-08-23,12.91,13.2,12.91,13.0018,2806
2016-08-24,12.77,13.0357,12.77,12.91,2386
2016-08-25,12.93,13.0,12.93,13.0,846
2016-08-26,12.711500000000001,12.711500000000001,12.711500000000001,12.711500000000001,565
2016-08-29,12.9408,13.1084,12.9408,13.1084,3833
2016-08-30,12.87,12.87,12.87,12.87,182
2016-08-31,12.9,13.0324,12.9,13.0324,2342
2016-09-01,13.039,13.039,13.039,13.039,100
2016-09-02,13.1261,13.1261,13.1261,13.1261,500
2016-09-06,12.77,12.77,12.77,12.77,682
2016-09-07,13.4599,13.5,13.4599,13.4724,1327
2016-09-08,13.4724,13.4724,13.4724,13.4724,2
2016-09-09,13.0501,13.0501,13.04,13.04,694
2016-09-12,12.87,13.1099,12.87,13.1,5718
2016-09-13,12.85,12.85,12.6701,12.6701,1163
2016-09-14,12.5,12.67,12.5,12.5001,2946
2016-09-15,12.7455,12.78,12.7455,12.78,500
2016-09-16,12.78,12.78,12.78,12.78,109
2016-09-19,12.956,12.956,12.956,12.956,169
2016-09-20,13.2461,13.2715,13.1907,13.2715,1559
2016-09-21,13.2715,13.2715,13.2715,13.2715,21
2016-09-22,13.69,13.7,13.68,13.6982,909
2016-09-23,13.5999,13.5999,13.3606,13.3606,308
2016-09-26,13.424,13.424,13.25,13.3663,3511
2016-09-27,13.69,13.69,13.328,13.33,3554
2016-09-28,13.27,13.53,13.25,13.53,3214
2016-09-29,13.719899999999999,13.719899999999999,13.285,13.285,349
2016-09-30,13.3805,13.3805,13.2513,13.2513,1409
2016-10-03,13.2513,13.2513,13.2513,13.2513,0
2016-10-04,13.2513,13.2513,13.2513,13.2513,1
2016-10-05,13.74,13.9999,13.74,13.8704,1505
2016-10-06,13.8276,13.86,13.79,13.86,25723
2016-10-07,13.96,14.0,13.717,14.0,4002
2016-10-10,14.3,14.3,13.871,13.94,7216
2016-10-11,13.8401,13.95,13.8401,13.95,799
2016-10-12,13.9951,13.9951,13.9951,13.9951,116
2016-10-13,14.26,14.26,13.96,14.08,4601
2016-10-14,14.08,14.08,14.08,14.08,0
2016-10-17,14.3452,14.35,14.31,14.35,1563
2016-10-18,14.16,14.7472,14.16,14.507,4664
2016-10-19,14.6571,14.6571,14.52,14.52,868
2016-10-20,14.93,14.93,14.58,14.74,3686
2016-10-21,14.7299,14.836,14.6499,14.7672,4976
2016-10-24,14.9268,14.9699,14.87,14.954,6543
2016-10-25,15.09,15.09,14.6739,14.79,8360
2016-10-26,14.48,14.48,14.1101,14.44,4861
2016-10-27,14.0201,14.564,14.0201,14.564,680
2016-10-28,14.01,14.32,14.0,14.3,2544
2016-10-31,14.11,14.11,14.0,14.0,1405
2016-11-01,14.03,14.03,13.63,13.74,5301
2016-11-02,13.18,13.56,13.18,13.2403,4427
2016-11-03,13.86,13.86,13.45,13.54,7694
2016-11-04,12.99,13.55,12.99,13.1494,6632
2016-11-07,13.6234,13.6684,13.6,13.6,1047
2016-11-08,13.6,13.6,13.6,13.6,47
2016-11-09,13.1397,13.65,13.1397,13.65,3018
2016-11-10,13.21,13.21,12.012,12.012,3953
2016-11-11,12.018,12.018,11.531,11.6946,18252
2016-11-14,11.56,11.6596,11.4,11.530100000000001,6397
2016-11-15,11.55,12.47,11.55,12.2819,12422
2016-11-16,12.1,12.1,11.7386,11.86,2019
2016-11-17,11.96,11.96,11.9,11.9,3350
2016-11-18,11.58,11.98,11.58,11.93,2679
2016-11-21,12.14,12.14,12.0,12.11,153519
2016-11-22,12.2,12.39,12.04,12.39,43518
2016-11-23,11.94,12.02,11.94,11.98,1966
2016-11-25,11.8922,11.8922,11.8922,11.8922,200
2016-11-28,11.82,12.1072,11.7775,12.1072,4074
2016-11-29,12.05,12.05,11.685,11.8,3245
2016-11-30,11.58,12.116,11.58,11.75,3048
2016-12-01,11.0967,11.22,11.081,11.22,1900
2016-12-02,11.33,11.33,11.25,11.25,2139
2016-12-05,11.27,11.297,11.27,11.28,4083
2016-12-06,11.72,11.7896,11.67,11.6867,2351
2016-12-07,12.01,12.04,11.95,12.04,5684
2016-12-08,11.936,11.936,11.662700000000001,11.8172,847
2016-12-09,11.8172,11.8172,11.8172,11.8172,2
2016-12-12,11.77,11.77,11.7017,11.7017,450
2016-12-13,11.6,11.922,11.6,11.922,4957
2016-12-14,11.85,11.95,11.85,11.93,910
2016-12-15,11.57,11.65,11.47,11.65,15279
2016-12-16,11.696,11.696,11.696,11.696,190
2016-12-19,11.530100000000001,11.6426,11.530100000000001,11.5908,609
2016-12-20,11.44,11.5982,11.4,11.5982,30617
2016-12-21,11.74,11.82,11.74,11.745,6902
2016-12-22,11.42,11.76,11.42,11.76,1891
2016-12-23,12.0481,12.1,12.03,12.03,6451
2016-12-27,12.03,12.2,11.84,12.18,3944
2016-12-28,12.15,12.15,12.1,12.1,295
2016-12-29,12.2838,12.2838,12.2838,12.2838,387
2016-12-30,12.43,12.43,12.05,12.05,900
2017-01-03,12.4201,12.4201,12.4201,12.4201,438
2017-01-04,12.81,12.8368,12.74,12.8368,724
2017-01-05,12.87,12.9299,12.83,12.83,1536
2017-01-06,12.6,12.6,12.5001,12.54,2064
2017-01-09,12.68,12.8265,12.68,12.8265,559
2017-01-10,12.94,12.94,12.66,12.69,4525
2017-01-11,12.61,12.75,12.61,12.75,323
2017-01-12,13.0978,13.0978,13.0978,13.0978,342
2017-01-13,12.86,12.87,12.85,12.85,1223
2017-01-17,12.94,13.01,12.9,12.94,4060
2017-01-18,12.9473,12.9473,12.825,12.825,300
2017-01-19,12.84,12.91,12.84,12.9,2487
2017-01-20,13.05,13.1,13.05,13.1,500
2017-01-23,13.13,13.238,13.0,13.19,1708
2017-01-24,13.06,13.39,13.06,13.34,3273
2017-01-25,13.58,13.58,13.333,13.43,3564
2017-01-26,13.312,13.47,13.312,13.47,1731
2017-01-27,13.2808,13.43,13.2808,13.43,865
2017-01-30,13.58,13.58,13.32,13.32,2128
2017-01-31,13.45,13.45,13.1938,13.1938,682
2017-02-01,13.29,13.29,13.29,13.29,300
2017-02-02,13.29,13.29,13.29,13.29,32
2017-02-03,13.29,13.29,13.29,13.29,3
2017-02-06,13.29,13.29,13.29,13.29,107
2017-02-07,13.27,13.27,13.27,13.27,530
2017-02-08,13.31,13.31,13.31,13.31,1064
2017-02-09,13.25,13.42,13.25,13.3,950
2017-02-10,13.32,13.71,13.32,13.67,1638
2017-02-13,13.88,13.88,13.81,13.81,2300
2017-02-14,13.9,13.99,13.69,13.99,9534
2017-02-15,14.14,14.25,14.01,14.25,4575
2017-02-16,14.22,14.24,14.15,14.17,2014
2017-02-17,13.9,14.07,13.8,14.07,4135
2017-02-21,14.24,14.29,14.2,14.26,3188
2017-02-22,14.13,14.13,14.13,14.13,127
2017-02-23,14.17,14.17,14.13,14.14,2165
2017-02-24,13.9,13.9,13.75,13.75,1740
2017-02-27,13.96,13.96,13.77,13.77,868
2017-02-28,13.77,13.78,13.76,13.78,840
2017-03-01,13.88,13.95,13.85,13.85,2052
2017-03-02,13.68,13.75,13.64,13.64,465
2017-03-03,13.64,13.64,13.64,13.64,0
2017-03-06,13.7,13.7,13.7,13.7,395
2017-03-07,13.58,13.58,13.58,13.58,293
2017-03-08,13.35,13.37,13.13,13.25,5494
2017-03-09,13.19,13.19,13.08,13.09,2485
2017-03-10,13.27,13.44,13.27,13.44,1138
2017-03-13,13.23,13.59,13.23,13.59,4653
2017-03-14,13.45,13.56,13.45,13.5,6932
2017-03-15,13.37,13.44,13.37,13.44,522
2017-03-16,13.94,13.94,13.94,13.94,103
2017-03-17,13.76,13.76,13.65,13.65,2903
2017-03-20,13.62,13.62,13.62,13.62,302
2017-03-21,13.62,13.62,13.62,13.62,367
2017-03-22,13.45,13.45,13.45,13.45,104
2017-03-23,13.46,13.55,13.46,13.55,1725
2017-03-24,13.55,13.55,13.55,13.55,0
2017-03-27,13.52,13.66,13.52,13.66,3200
2017-03-28,13.73,13.78,13.64,13.78,1566
2017-03-29,13.75,13.75,13.75,13.75,195
2017-03-30,13.78,13.78,13.64,13.64,470
2017-03-31,13.64,13.64,13.64,13.64,54
2017-04-03,13.78,13.78,13.68,13.78,1509
2017-04-04,13.78,13.78,13.78,13.78,22
2017-04-05,13.99,14.01,13.97,13.97,1320
2017-04-06,13.73,13.96,13.73,13.78,2919
2017-04-07,13.73,13.73,13.73,13.73,584
2017-04-10,13.86,14.06,13.86,14.01,1284
2017-04-11,13.81,14.12,13.81,14.04,1748
2017-04-12,14.01,14.01,13.9,13.9,1738
2017-04-13,14.09,14.09,13.78,13.78,3061
2017-04-17,14.01,14.01,14.01,14.01,165
2017-04-18,14.29,14.54,14.22,14.35,3446
2017-04-19,14.23,14.25,14.01,14.01,1805
2017-04-20,14.0,14.13,14.0,14.11,3949
2017-04-21,14.12,14.13,13.98,14.07,1000
2017-04-24,14.3,14.3,14.3,14.3,115
2017-04-25,14.25,14.34,14.25,14.34,630
2017-04-26,14.21,14.24,14.18,14.21,1349
2017-04-27,14.21,14.21,14.21,14.21,10
2017-04-28,14.21,14.21,14.21,14.21,1
2017-05-01,14.48,14.78,14.48,14.78,1902
2017-05-02,15.0,15.21,15.0,15.21,742
2017-05-03,15.2,15.3,15.15,15.3,3229
2017-05-04,15.0,15.0,14.78,14.8,2022
2017-05-05,15.0,15.0,15.0,15.0,176
2017-05-08,14.82,15.02,14.82,14.97,1867
2017-05-09,14.99,15.24,14.99,15.23,3284
2017-05-10,15.37,15.79,15.24,15.75,4233
2017-05-11,15.9,15.9,15.75,15.75,6584
2017-05-12,15.95,16.04,15.84,15.84,4884
2017-05-15,15.93,15.97,15.87,15.94,6414
2017-05-16,16.02,16.04,15.95,16.04,4335
2017-05-17,15.9,15.94,15.5,15.5,6297
2017-05-18,14.1,14.1,12.66,13.26,12620
2017-05-19,13.81,13.94,13.73,13.84,9594
2017-05-22,13.49,13.5,13.18,13.37,4115
2017-05-23,13.45,13.63,13.41,13.52,3277
2017-05-24,13.79,14.08,13.69,13.69,7270
2017-05-25,13.71,13.73,13.71,13.73,208
2017-05-26,13.96,14.28,13.96,14.11,894
2017-05-30,14.11,14.11,14.11,14.11,655
2017-05-31,13.87,14.0,13.8,13.97,1162
2017-06-01,13.8,13.88,13.75,13.86,2815
2017-06-02,13.82,13.87,13.74,13.74,350
2017-06-05,13.68,13.68,13.38,13.55,1500
2017-06-06,13.6,13.77,13.56,13.75,5047
2017-06-07,13.88,13.88,13.72,13.73,2506
2017-06-08,13.85,13.85,13.62,13.82,5453
2017-06-09,13.6,13.65,13.58,13.58,6630
2017-06-12,13.49,13.49,13.49,13.49,415
2017-06-13,13.31,13.31,13.17,13.31,5391
2017-06-14,13.47,13.47,13.23,13.3,2780
2017-06-15,13.14,13.14,13.14,13.14,120
2017-06-16,13.35,13.35,13.22,13.35,1991
2017-06-19,13.37,13.37,13.3,13.3,510
2017-06-20,13.21,13.21,12.83,12.89,1962
2017-06-21,12.62,12.85,12.58,12.7,6868
2017-06-22,12.61,12.8,12.5,12.8,3305
2017-06-23,12.92,12.92,12.63,12.75,1259
2017-06-26,13.11,13.13,12.98,13.13,1745
2017-06-27,13.04,13.04,12.8,12.84,1101
2017-06-28,12.84,13.05,12.84,13.05,1375
2017-06-29,13.08,13.08,12.82,12.82,548
2017-06-30,12.82,12.82,12.82,12.82,34
2017-07-03,12.96,13.17,12.96,13.17,1300
2017-07-05,13.2,13.22,13.2,13.22,550
2017-07-06,13.22,13.22,13.22,13.22,35
2017-07-07,13.26,13.26,13.26,13.26,309
2017-07-10,13.49,13.49,13.43,13.43,613
2017-07-11,13.43,13.43,13.43,13.43,0
2017-07-12,13.89,13.89,13.89,13.89,120
2017-07-13,14.22,14.35,14.091,14.35,834
2017-07-14,14.36,14.47,14.36,14.41,1569
2017-07-17,14.27,14.27,14.27,14.27,129
2017-07-18,14.3396,14.3716,14.3396,14.3716,591
2017-07-19,14.37,14.37,14.37,14.37,0
2017-07-20,14.39,14.39,14.39,14.39,123
2017-07-21,14.73,14.73,14.73,14.73,328
2017-07-24,14.72,14.74,14.58,14.73,1761
2017-07-25,14.73,14.73,14.73,14.73,0
2017-07-26,14.61,14.61,14.61,14.61,175
2017-07-27,14.61,14.61,14.61,14.61,10
2017-07-28,14.99,14.99,14.99,14.99,100
2017-07-31,15.15,15.3,15.15,15.21,2130
2017-08-01,15.21,15.21,15.21,15.21,17
2017-08-02,15.48,15.48,15.48,15.48,164
2017-08-03,15.44,15.44,15.11,15.21,3177
2017-08-04,15.24,15.24,15.24,15.24,790
2017-08-07,15.22,15.43,15.22,15.32,1672
2017-08-08,15.39,15.61,15.39,15.61,482
2017-08-09,15.2157,15.2184,15.2157,15.2184,1500
2017-08-10,15.25,15.25,15.0,15.0649,1688
2017-08-11,15.0,15.34,15.0,15.177,1282
2017-08-14,15.23,15.58,15.23,15.58,1936
2017-08-15,15.58,15.58,15.58,15.58,149
2017-08-16,15.69,15.815,15.69,15.815,691
2017-08-17,15.65,15.75,15.65,15.75,400
2017-08-18,15.71,15.71,15.71,15.71,502
2017-08-21,15.85,16.0,15.85,16.0,724
2017-08-22,16.0,16.0,16.0,16.0,419
2017-08-23,16.0,16.0,16.0,16.0,65
2017-08-24,16.32,16.55,16.32,16.49,2686
2017-08-25,16.5,16.5,16.5,16.5,372
2017-08-28,16.59,16.66,16.59,16.66,811
2017-08-29,16.54,16.5811,16.1306,16.5811,2237
2017-08-30,16.61,16.61,16.54,16.54,768
2017-08-31,16.87,16.92,16.615,16.8,34660
2017-09-01,16.98,17.0513,16.7662,16.7662,2258
2017-09-05,17.38,17.38,17.044,17.2676,14788
2017-09-06,17.27,17.81,17.17,17.81,17847
2017-09-07,17.91,18.16,17.9,17.94,42997
2017-09-08,18.03,18.03,17.88,17.91,6642
2017-09-11,18.12,18.23,18.06,18.07,34941
2017-09-12,18.03,18.18,17.85,17.9,20832
2017-09-13,17.84,18.33,17.76,18.0,6309
2017-09-14,18.01,18.33,18.01,18.33,1365
2017-09-15,18.42,18.67,18.3,18.57,19521
2017-09-18,18.68,18.91,18.35,18.42,31502
2017-09-19,18.52,18.74,18.4,18.62,29239
2017-09-20,18.72,18.95,18.25,18.68,18693
2017-09-21,18.44,18.54,18.23,18.35,6474
2017-09-22,18.41,18.45,18.28,18.39,12579
2017-09-25,18.19,18.19,17.87,17.87,3380
2017-09-26,17.86,17.86,17.79,17.79,31363
2017-09-27,17.59,17.71,17.15,17.34,14483
2017-09-28,17.01,17.41,15.5,17.15,37413
2017-09-29,16.99,17.06,16.66,17.06,3713
