2011-09-13,25.5,25.5,24.19,24.75,10500
2011-09-14,24.01,24.7,24.01,24.65,3199
2011-09-15,25.0,25.0,24.35,24.35,8300
2011-09-16,24.65,24.65,24.36,24.36,9800
2011-09-19,24.0,24.7,24.0,24.7,16101
2011-09-20,24.75,24.75,24.75,24.75,500
2011-09-21,24.95,25.18,24.9,25.18,37000
2011-09-22,25.6,25.6,25.6,25.6,100
2011-09-23,27.0,27.0,25.7,25.7,700
2011-09-26,25.89,25.9,25.78,25.8,3350
2011-09-27,25.5,25.5,25.0,25.25,4400
2011-09-28,26.0,26.0,25.3,25.48,9100
2011-09-29,26.0,26.0,25.75,25.88,2600
2011-09-30,25.45,26.0,25.45,26.0,1300
2011-10-03,26.5,26.5,26.37,26.5,10908
2011-10-04,27.25,27.25,26.36,26.36,26876
2011-10-05,26.3,26.5,25.412,25.72,12884
2011-10-06,25.0,25.5,25.0,25.3,6004
2011-10-07,24.0,25.3,24.0,25.3,5100
2011-10-10,17.3,25.1,16.84,25.03,1600
2011-10-11,24.9,25.15,24.88,24.88,2300
2011-10-12,24.25,24.41,24.25,24.41,1800
2011-10-13,24.01,24.6,24.01,24.41,2916
2011-10-14,24.05,24.1,24.0,24.0,400
2011-10-17,24.2,24.35,24.2,24.35,3700
2011-10-18,24.5,24.7,24.0,24.0,1200
2011-10-19,23.95,24.27,23.95,24.27,5000
2011-10-20,24.15,24.5,24.15,24.35,5464
2011-10-21,24.15,24.25,23.9,24.0,2200
2011-10-24,23.75,23.75,23.1826,23.1827,4466
2011-10-25,23.5,23.7,23.0,23.5,14506
2011-10-26,23.5,23.5,23.2,23.2,7060
2011-10-27,22.4,22.4,22.0,22.0,1020
2011-10-28,21.85,21.9,21.6135,21.6135,3500
2011-10-31,22.3,22.4,22.15,22.4,13100
2011-11-01,22.92,23.15,22.75,23.0,37729
2011-11-02,23.0,23.0,23.0,23.0,0
2011-11-03,21.53,22.8,21.53,22.52,19400
2011-11-04,22.65,22.65,22.43,22.43,5300
2011-11-07,22.4,22.55,22.4,22.55,800
2011-11-08,22.61,22.61,22.61,22.61,2500
2011-11-09,22.61,22.61,22.61,22.61,0
2011-11-10,22.95,22.95,22.95,22.95,200
2011-11-11,22.8,22.8,22.8,22.8,100
2011-11-14,22.69,22.8,22.69,22.8,1714
2011-11-15,22.56,23.0,22.45,23.0,400
2011-11-16,22.9,22.9,22.75,22.75,4700
2011-11-17,22.98,23.5,22.81,23.5,110769
2011-11-18,23.4,23.78,23.29,23.3,1000
2011-11-21,23.2501,23.42,23.2501,23.42,1335
2011-11-22,23.5,23.5,23.5,23.5,100
2011-11-23,23.5,23.85,23.24,23.85,3990
2011-11-25,24.29,24.29,24.29,24.29,500
2011-11-28,24.5,25.0,24.0,24.29,14636
2011-11-29,24.29,24.29,24.29,24.29,0
2011-11-30,23.52,23.6,23.3576,23.3576,3200
2011-12-01,23.01,23.35,23.01,23.2632,1900
2011-12-02,22.88,23.04,22.85,23.04,6520
2011-12-05,22.85,22.85,22.85,22.85,300
2011-12-06,23.006,23.006,23.006,23.006,150
2011-12-07,23.006,23.006,23.006,23.006,0
2011-12-08,21.926,23.4,21.926,23.4,700
2011-12-09,23.41,23.7,23.41,23.48,700
2011-12-12,23.48,23.48,23.48,23.48,0
2011-12-13,23.78,23.95,23.78,23.95,2800
2011-12-14,24.38,24.4078,24.29,24.4078,3103
2011-12-15,24.35,24.35,24.35,24.35,1500
2011-12-16,24.85,24.85,24.85,24.85,100
2011-12-19,24.52,24.55,24.52,24.55,1100
2011-12-20,24.23,24.23,24.0,24.0,1000
2011-12-21,23.97,24.2,23.97,24.0,1300
2011-12-22,23.86,23.86,23.69,23.69,603
2011-12-23,23.69,23.69,23.69,23.69,0
2011-12-27,22.646,22.646,22.646,22.646,400
2011-12-28,22.646,22.646,22.646,22.646,0
2011-12-29,22.646,22.646,22.646,22.646,0
2011-12-30,23.71,23.71,23.71,23.71,100
2012-01-03,23.71,23.71,23.71,23.71,0
2012-01-04,23.71,23.71,23.71,23.71,0
2012-01-05,23.71,23.71,23.71,23.71,0
2012-01-06,22.88,22.93,22.88,22.93,200
2012-01-09,22.75,22.88,22.75,22.88,200
2012-01-10,22.45,22.45,22.45,22.45,100
2012-01-11,22.61,22.61,22.43,22.43,200
2012-01-12,25.49,25.49,22.35,22.35,300
2012-01-13,23.5,23.5,22.65,22.65,200
2012-01-17,22.34,22.5,22.34,22.5,1200
2012-01-18,22.55,22.55,22.55,22.55,1100
2012-01-19,22.01,22.01,22.0,22.0,200
2012-01-20,22.01,22.96,22.0,22.1,13100
2012-01-23,21.9,21.9,21.9,21.9,3000
2012-01-24,22.1,22.1,22.07,22.07,3300
2012-01-25,21.89,21.89,21.6,21.6,300
2012-01-26,21.55,21.76,21.55,21.76,5100
2012-01-27,21.88,21.88,21.88,21.88,2500
2012-01-30,22.51,22.51,21.6,21.6,200
2012-01-31,21.7,21.84,21.7,21.84,2600
2012-02-01,21.7,21.7,21.4,21.4,200
2012-02-02,21.7,21.7,21.48,21.48,200
2012-02-03,21.14,21.14,21.1,21.1,4100
2012-02-06,21.0,21.09,21.0,21.09,400
2012-02-07,21.14,21.14,21.1,21.1,200
2012-02-08,20.93,20.98,20.93,20.98,200
2012-02-09,20.95,20.95,20.93,20.94,1400
2012-02-10,21.15,21.15,21.05,21.05,200
2012-02-13,21.12,21.12,21.07,21.07,300
2012-02-14,21.05,21.05,21.05,21.05,200
2012-02-15,20.9,20.91,20.9,20.91,300
2012-02-16,20.75,20.95,20.75,20.95,200
2012-02-17,21.5,21.5,20.73,20.73,700
2012-02-21,20.76,20.78,20.76,20.78,200
2012-02-22,20.62,20.87,20.62,20.87,200
2012-02-23,20.76,20.9,20.76,20.9,200
2012-02-24,20.85,20.85,20.85,20.85,200
2012-02-27,20.66,20.75,20.66,20.75,350
2012-02-28,20.53,20.58,20.53,20.58,200
2012-02-29,20.73,21.5,20.73,21.5,200
2012-03-01,20.88,20.88,20.88,20.88,200
2012-03-02,20.6,20.81,20.6,20.81,200
2012-03-05,21.08,21.1,21.08,21.1,300
2012-03-06,21.55,21.55,21.55,21.55,300
2012-03-07,21.46,21.46,21.45,21.45,200
2012-03-08,21.39,21.39,21.38,21.38,300
2012-03-09,21.2,21.2,21.2,21.2,200
2012-03-12,21.26,21.26,21.26,21.26,200
2012-03-13,21.29,21.29,21.27,21.27,2900
2012-03-14,21.01,21.0443,21.01,21.0443,1316
2012-03-15,21.04,21.89,20.97,21.0,6000
2012-03-16,20.8,20.8,20.78,20.78,400
2012-03-19,20.81,21.17,20.7999,21.17,4464
2012-03-20,20.9,20.99,20.9,20.93,500
2012-03-21,20.86,20.93,20.86,20.93,5900
2012-03-22,21.06,21.06,21.06,21.06,200
2012-03-23,21.21,21.21,21.18,21.18,2700
2012-03-26,21.1,21.1,21.03,21.03,300
2012-03-27,20.97,21.05,20.97,21.05,10000
2012-03-28,21.06,21.3,21.06,21.3,10400
2012-03-29,21.27,21.36,21.2,21.2,96050
2012-03-30,21.27,21.38,21.27,21.38,2000
2012-04-02,21.17,21.17,21.17,21.17,100
2012-04-03,21.19,21.19,21.19,21.19,200
2012-04-04,22.94,22.94,21.301,21.51,4300
2012-04-05,21.4,21.4,21.4,21.4,100
2012-04-09,21.72,21.7299,21.72,21.7299,900
2012-04-10,21.74,21.74,21.74,21.74,200
2012-04-11,21.87,21.87,21.87,21.87,200
2012-04-12,21.87,21.87,21.87,21.87,0
2012-04-13,21.74,21.75,21.74,21.75,700
2012-04-16,21.7,21.88,21.7,21.88,3100
2012-04-17,21.7,21.7,21.69,21.69,900
2012-04-18,21.78,21.86,21.78,21.86,300
2012-04-19,21.76,21.77,21.76,21.77,700
2012-04-20,21.81,21.81,21.81,21.81,500
2012-04-23,22.2,22.2,22.17,22.18,2973
2012-04-24,22.13,22.17,22.05,22.14,31199
2012-04-25,21.91,21.91,21.89,21.89,3000
2012-04-26,21.89,21.89,21.89,21.89,500
2012-04-27,21.89,21.91,21.8,21.8,53797
2012-04-30,22.41,22.41,21.9,21.98,34900
2012-05-01,21.95,21.95,21.7,21.8,17997
2012-05-02,21.99,22.01,21.81,21.81,46887
2012-05-03,22.0,22.37,22.0,22.37,73887
2012-05-04,22.85,23.1,22.39,22.55,16199
2012-05-07,22.86,22.86,22.46,22.56,40426
2012-05-08,22.77,22.958,22.72,22.95,17700
2012-05-09,22.95,22.97,22.78,22.8,37310
2012-05-10,22.712,22.91,22.7,22.85,24389
2012-05-11,22.95,22.95,22.76,22.83,109800
2012-05-14,22.92,23.04,22.91,23.0,45400
2012-05-15,23.11,23.27,23.04,23.27,48000
2012-05-16,23.27,23.5,23.1,23.5,9300
2012-05-17,23.55,23.72,23.55,23.72,15000
2012-05-18,23.69,23.82,23.68,23.77,3470
2012-05-21,23.75,23.75,23.482,23.482,7604
2012-05-22,23.4,23.47,23.3127,23.47,4500
2012-05-23,23.66,23.71,23.45,23.49,50400
2012-05-24,23.37,23.61,23.37,23.57,6927
2012-05-25,23.48,23.5,23.44,23.5,5200
2012-05-29,23.25,23.37,23.2,23.21,22500
2012-05-30,23.4455,23.92,23.4455,23.6,58647
2012-05-31,23.6,23.74,23.6,23.63,45406
2012-06-01,23.94,24.13,23.94,24.1083,15074
2012-06-04,24.16,24.53,24.16,24.34,71760
2012-06-05,24.35,24.35,24.0845,24.0845,17299
2012-06-06,24.025,24.025,23.73,23.96,10250
2012-06-07,23.58,23.97,23.58,23.88,8191
2012-06-08,24.04,24.07,23.83,23.8715,96360
2012-06-11,23.82,24.34,23.82,24.34,12212
2012-06-12,24.57,24.57,24.14,24.16,52825
2012-06-13,24.35,24.4299,24.08,24.4299,26500
2012-06-14,24.4,24.45,24.28,24.399,36762
2012-06-15,24.48,24.48,24.04,24.04,45750
2012-06-18,24.291,24.364,24.12,24.229,36331
2012-06-19,24.0,24.16,23.751,23.8801,30000
2012-06-20,24.2,24.2,23.57,23.84,39896
2012-06-21,23.835,24.25,23.76,23.99,100000
2012-06-22,24.07,24.26,23.98,24.09,77472
2012-06-25,24.3944,24.59,24.29,24.52,38209
2012-06-26,24.65,24.66,24.41,24.54,31405
2012-06-27,24.8,24.8,24.3,24.39,7410
2012-06-28,24.31,24.321,24.17,24.23,24000
2012-06-29,24.29,24.29,23.68,23.717,128913
2012-07-02,23.31,24.0,23.31,24.0,2700
2012-07-03,23.76,23.76,23.76,23.76,115
2012-07-05,23.499,23.759900000000002,23.499,23.7299,16257
2012-07-06,23.8446,24.11,23.8446,24.11,7650
2012-07-09,24.47,24.47,24.03,24.16,12600
2012-07-10,24.02,24.52,23.9843,24.52,11695
2012-07-11,24.38,24.5422,24.38,24.5422,6500
2012-07-12,24.759900000000002,24.759900000000002,24.66,24.67,1300
2012-07-13,24.65,24.65,24.46,24.46,2100
2012-07-16,24.5,24.576,24.5,24.5399,3750
2012-07-17,24.6832,24.6832,24.5,24.5382,2050
2012-07-18,24.29,24.92,24.11,24.18,19900
2012-07-19,23.9601,24.03,23.9601,24.03,1195
2012-07-20,24.11,24.2699,24.11,24.2699,6178
2012-07-23,24.49,24.49,24.329,24.34,2400
2012-07-24,24.28,24.52,24.28,24.52,96925
2012-07-25,24.45,24.6044,24.4,24.5219,9395
2012-07-26,24.49,24.49,24.29,24.29,4548
2012-07-27,24.221,24.221,23.919,23.94,6100
2012-07-30,23.94,24.171,22.74,24.05,9708
2012-07-31,24.29,24.29,23.93,23.94,17870
2012-08-01,24.13,24.13,24.13,24.13,1000
2012-08-02,24.33,24.44,24.25,24.25,9077
2012-08-03,24.25,24.29,24.09,24.09,31920
2012-08-06,23.976,23.976,23.976,23.976,611
2012-08-07,23.36,23.36,23.28,23.28,4733
2012-08-08,23.3948,23.3948,23.33,23.34,5658
2012-08-09,22.82,23.265,22.82,23.0068,31395
2012-08-10,23.08,23.1,23.07,23.07,500
2012-08-13,23.09,23.09,23.09,23.09,200600
2012-08-14,23.08,23.2267,23.08,23.2267,18000
2012-08-15,23.1536,23.1999,23.1536,23.1699,1791
2012-08-16,23.0799,23.0799,22.8301,22.86,6960
2012-08-17,22.77,22.77,22.77,22.77,2000
2012-08-20,22.7911,22.7911,22.7911,22.7911,200
2012-08-21,22.62,22.68,22.62,22.68,1200
2012-08-22,22.7101,22.7101,22.7101,22.7101,600
2012-08-23,22.8101,22.88,22.8101,22.88,1250
2012-08-24,23.0101,23.0101,22.93,22.93,25154
2012-08-27,23.07,23.07,23.07,23.07,1000
2012-08-28,23.34,23.34,23.072,23.072,4734
2012-08-29,23.03,23.03,23.03,23.03,115
2012-08-30,23.08,23.22,23.08,23.19,3489
2012-08-31,23.14,23.14,23.09,23.0901,625
2012-09-04,23.29,23.3,23.23,23.23,1800
2012-09-05,23.2299,23.23,23.2299,23.2299,1800
2012-09-06,22.9608,22.9608,22.7801,22.8599,5213
2012-09-07,22.43,22.45,22.43,22.45,684
2012-09-10,22.44,22.44,22.44,22.44,1000
2012-09-11,22.42,22.42,22.36,22.39,1415
2012-09-12,22.358,22.358,22.358,22.358,152
2012-09-13,22.46,22.46,21.2689,22.04,32695
2012-09-14,21.53,21.75,21.53,21.67,2568
2012-09-17,21.7901,21.8801,21.79,21.88,2405
2012-09-18,21.68,22.2,21.68,22.2,4394
2012-09-19,21.9901,22.02,21.9901,22.02,52890
2012-09-20,22.25,22.35,22.25,22.25,3517
2012-09-21,22.36,22.36,22.36,22.36,147
2012-09-24,22.45,22.45,22.45,22.45,1000
2012-09-25,22.64,22.97,22.63,22.97,25067
2012-09-26,23.2,23.2,23.12,23.18,1650
2012-09-27,23.25,23.25,22.86,22.9,4894
2012-09-28,23.06,23.06,23.044,23.044,387
2012-10-01,23.044,23.044,23.044,23.044,0
2012-10-02,23.15,23.15,23.11,23.11,941
2012-10-03,23.12,23.16,23.12,23.133,4440
2012-10-04,23.01,23.01,22.96,22.96,2100
2012-10-05,22.79,22.989,22.79,22.986,2258
2012-10-08,22.88,22.88,22.88,22.88,2000
2012-10-09,22.92,23.0,22.92,22.9832,7938
2012-10-10,23.04,23.15,23.0228,23.15,3186
2012-10-11,22.93,22.93,22.83,22.88,4676
2012-10-12,22.99,23.0453,22.97,22.97,2551
2012-10-15,22.96,22.96,22.95,22.95,2000
2012-10-16,22.8199,22.8499,22.76,22.8399,4029
2012-10-17,22.67,22.67,22.6262,22.6456,2455
2012-10-18,22.61,22.7099,22.54,22.7099,3395
2012-10-19,22.7001,22.8899,22.7001,22.8799,3617
2012-10-22,22.74,22.8362,22.74,22.8362,2300
2012-10-23,22.9699,22.9699,22.96,22.96,934
2012-10-24,23.0001,23.01,23.0001,23.01,2334
2012-10-25,22.91,23.04,22.91,23.02,5889
2012-10-26,23.01,23.01,23.01,23.01,2000
2012-10-31,22.84,22.89,22.84,22.89,2200
2012-11-01,22.91,22.91,22.86,22.9,3000
2012-11-02,22.81,22.86,22.04,22.86,24590
2012-11-05,22.77,22.79,22.74,22.75,47364
2012-11-06,22.63,22.63,22.6,22.622,5150
2012-11-07,22.87,22.9299,22.87,22.9,9997
2012-11-08,23.06,23.1201,23.02,23.1201,1142
2012-11-09,23.33,23.36,23.0801,23.17,3699
2012-11-12,23.13,23.13,23.12,23.12,500
2012-11-13,23.1001,23.1295,23.1001,23.1001,700
2012-11-14,23.1001,23.1001,23.1001,23.1001,638
2012-11-15,23.2901,23.31,23.2,23.2,5310
2012-11-16,23.2,23.4,23.2,23.3,1900
2012-11-19,23.16,23.16,23.1,23.15,735
2012-11-20,23.15,23.15,23.15,23.15,600
2012-11-21,23.15,23.15,23.15,23.15,0
2012-11-23,22.9799,22.98,22.9799,22.98,400
2012-11-26,23.062,23.062,22.97,22.97,1500
2012-11-27,22.9499,22.97,22.92,22.95,4445
2012-11-28,23.1645,23.1645,23.06,23.06,1400
2012-11-29,23.06,23.06,23.06,23.06,0
2012-11-30,22.8699,22.8699,22.8699,22.8699,200
2012-12-03,22.84,22.84,22.84,22.84,3920
2012-12-04,22.8299,22.8299,22.8299,22.8299,200
2012-12-05,22.7199,22.7199,22.7199,22.7199,265
2012-12-06,22.77,22.77,22.77,22.77,250
2012-12-07,22.57,22.68,22.57,22.65,1433
2012-12-10,22.61,22.61,22.61,22.61,100
2012-12-11,22.61,22.61,22.61,22.61,0
2012-12-12,22.2701,22.2801,22.25,22.25,5490
2012-12-13,22.3575,22.3799,22.3501,22.3501,1265
2012-12-14,22.36,22.36,22.36,22.36,500
2012-12-17,22.18,22.1854,22.17,22.1854,1500
2012-12-18,21.84,21.89,21.82,21.86,17703
2012-12-19,21.759900000000002,21.89,21.759900000000002,21.86,6400
2012-12-20,21.85,21.8535,21.7699,21.8,11300
2012-12-21,21.8,21.8,21.8,21.8,0
2012-12-24,21.8,21.8,21.8,21.8,0
2012-12-26,21.78,21.9501,21.78,21.91,3700
2012-12-27,22.09,22.32,21.22,21.79,5400
2012-12-28,21.99,22.04,21.99,22.04,664
2012-12-31,22.04,22.04,22.04,22.04,0
2013-01-02,21.29,21.56,21.29,21.37,5201
2013-01-03,21.31,21.31,21.31,21.31,234
2013-01-04,21.3499,21.4501,21.3499,21.45,700
2013-01-07,21.5,21.5,21.26,21.26,5800
2013-01-08,21.35,21.3775,21.3414,21.3414,800
2013-01-09,21.3414,21.3414,21.3414,21.3414,0
2013-01-10,21.3414,21.3414,21.3414,21.3414,0
2013-01-11,21.3414,21.3414,21.3414,21.3414,0
2013-01-14,21.45,21.45,21.45,21.45,999
2013-01-15,21.45,21.45,21.45,21.45,0
2013-01-16,21.45,21.45,21.45,21.45,0
2013-01-17,21.27,21.3,21.27,21.3,10497
2013-01-18,21.276,21.276,21.276,21.276,483
2013-01-22,21.16,21.16,21.15,21.15,749
2013-01-23,21.15,21.15,21.15,21.15,0
2013-01-24,21.0736,21.0736,21.0736,21.0736,200
2013-01-25,20.91,21.07,20.91,21.07,1800
2013-01-28,21.1,21.1,20.9301,20.9301,450
2013-01-29,21.03,21.03,20.97,21.0097,3844
2013-01-30,21.0097,21.0097,21.0097,21.0097,0
2013-01-31,21.0097,21.0097,21.0097,21.0097,0
2013-02-01,20.9899,20.9999,20.9899,20.9999,802
2013-02-04,20.9999,20.9999,20.9999,20.9999,0
2013-02-05,20.9999,20.9999,20.9999,20.9999,0
2013-02-06,21.019,21.019,21.019,21.019,240
2013-02-07,21.019,21.019,21.019,21.019,0
2013-02-08,21.07,21.11,21.07,21.11,1379
2013-02-11,21.11,21.11,21.11,21.11,0
2013-02-12,21.0,21.0,20.9,20.9895,8105
2013-02-13,20.9895,20.9895,20.9895,20.9895,0
2013-02-14,20.9895,20.9895,20.9895,20.9895,0
2013-02-15,20.89,20.9,20.88,20.88,36775
2013-02-19,20.88,20.88,20.88,20.88,0
2013-02-20,21.1079,21.1079,21.1079,21.1079,276
2013-02-21,21.32,21.52,21.28,21.5199,52274
2013-02-22,21.52,21.52,21.52,21.52,541
2013-02-25,21.3,21.74,21.3,21.4401,17024
2013-02-26,21.75,21.93,21.75,21.84,6380
2013-02-27,21.7699,21.7699,21.74,21.74,1947
2013-02-28,21.72,21.72,21.72,21.72,500
2013-03-01,21.72,21.72,21.72,21.72,507
2013-03-04,21.72,21.72,21.72,21.72,0
2013-03-05,21.5101,21.5101,21.5101,21.5101,663
2013-03-06,21.5,21.5,21.37,21.37,1477
2013-03-07,21.17,21.17,21.17,21.17,229
2013-03-08,21.17,21.17,21.17,21.17,0
2013-03-11,21.23,21.23,21.23,21.23,1100
2013-03-12,21.15,21.15,21.15,21.15,235
2013-03-13,21.2299,21.24,21.1,21.24,2381
2013-03-14,21.19,21.2,21.0,21.11,13744
2013-03-15,21.05,21.16,21.04,21.16,6066
2013-03-18,21.49,21.49,21.21,21.25,3600
2013-03-19,21.47,21.6,21.4699,21.6,1237
2013-03-20,21.3999,21.4,21.39,21.39,3400
2013-03-21,21.39,21.5644,21.37,21.5644,800
2013-03-22,21.5,21.52,21.46,21.52,10826
2013-03-25,21.67,21.67,21.5,21.58,1338
2013-03-26,21.675,21.69,21.56,21.56,1980
2013-03-27,21.56,21.56,21.56,21.56,0
2013-03-28,21.56,21.56,21.56,21.56,0
2013-04-01,21.799,21.92,21.799,21.9199,1100
2013-04-02,21.91,22.05,21.91,22.05,1324
2013-04-03,22.05,22.05,22.05,22.05,0
2013-04-04,22.05,22.05,22.05,22.05,0
2013-04-05,22.55,22.55,22.2899,22.29,5325
2013-04-08,22.1799,22.22,22.05,22.12,3499
2013-04-09,22.12,22.12,22.12,22.12,0
2013-04-10,21.72,21.72,21.72,21.72,312
2013-04-11,21.92,21.96,21.651,21.651,5236
2013-04-12,21.651,21.651,21.651,21.651,0
2013-04-15,22.041,22.39,22.041,22.33,787
2013-04-16,22.33,22.33,22.33,22.33,0
2013-04-17,22.33,22.33,22.33,22.33,0
2013-04-18,22.64,22.64,22.42,22.482,1990
2013-04-19,22.482,22.482,22.482,22.482,0
2013-04-22,22.49,22.62,22.49,22.62,547
2013-04-23,22.4001,22.4001,22.4001,22.4001,941
2013-04-24,22.415,22.415,22.415,22.415,133
2013-04-25,22.22,22.228,22.22,22.22,1660
2013-04-26,22.27,22.32,22.01,22.01,7972
2013-04-29,22.01,22.01,22.01,22.01,0
2013-04-30,21.9201,21.9201,21.9201,21.9201,200
2013-05-01,22.3879,22.3879,22.3879,22.3879,400
2013-05-02,22.39,22.39,22.05,22.05,400
2013-05-03,21.85,21.85,21.85,21.85,450
2013-05-06,21.85,21.85,21.85,21.85,0
2013-05-07,21.51,21.52,21.51,21.52,420
2013-05-08,21.64,21.69,21.5999,21.5999,1772
2013-05-09,21.61,21.61,21.54,21.54,1349
2013-05-10,21.55,21.6,21.386,21.386,997
2013-05-13,21.8,21.8,21.43,21.43,2490
2013-05-14,21.4501,21.4501,21.3,21.3,1400
2013-05-15,21.4599,21.51,21.2801,21.51,780
2013-05-16,21.51,21.51,21.51,21.51,0
2013-05-17,21.34,21.34,21.27,21.27,700
2013-05-20,21.27,21.27,21.27,21.27,0
2013-05-21,21.1,21.1,20.98,20.9801,1699
2013-05-22,20.9,21.21,20.9,21.076,19667
2013-05-23,21.1,21.3,21.1,21.3,513
2013-05-24,21.208,21.234,21.17,21.2,3628
2013-05-28,21.2,21.2,21.2,21.2,0
2013-05-29,21.19,21.19,20.82,20.83,16586
2013-05-30,20.8,21.52,20.64,21.52,4803
2013-05-31,20.6,20.852,20.52,20.8,10727
2013-06-03,20.53,21.05,20.53,20.87,19100
2013-06-04,20.81,21.0,20.6641,20.76,16061
2013-06-05,21.08,21.08,20.9,21.01,6200
2013-06-06,21.15,21.16,20.84,20.98,59200
2013-06-07,21.05,21.05,20.82,21.0,28492
2013-06-10,21.0,21.0,20.95,20.9699,36872
2013-06-11,21.3,21.3,21.0,21.0499,616
2013-06-12,20.871,21.08,20.871,21.035,1365
2013-06-13,21.042,21.0799,21.042,21.0799,400
2013-06-14,20.92,21.05,20.92,21.05,590
2013-06-17,21.35,21.35,21.0,21.0,2548
2013-06-18,21.0,21.0,21.0,21.0,0
2013-06-19,20.6901,20.6901,20.6901,20.6901,110
2013-06-20,20.9,20.97,20.9,20.97,576
2013-06-21,20.9801,21.04,20.9501,20.9501,1051
2013-06-24,21.1701,21.3,21.1701,21.3,11890
2013-06-25,21.3,21.3,21.3,21.3,0
2013-06-26,21.3,21.3,21.3,21.3,0
2013-06-27,20.97,20.9724,20.94,20.94,2600
2013-06-28,20.94,20.94,20.94,20.94,0
2013-07-01,20.94,20.94,20.94,20.94,0
2013-07-02,20.94,20.94,20.94,20.94,0
2013-07-03,21.0,21.07,21.0,21.04,500
2013-07-05,21.04,21.04,21.04,21.04,0
2013-07-08,20.95,20.95,20.85,20.85,940
2013-07-09,20.85,20.85,20.85,20.85,100
2013-07-10,20.65,20.74,20.65,20.6901,32799
2013-07-11,20.71,20.71,20.62,20.62,33100
2013-07-12,20.5801,20.5801,20.57,20.57,15132
2013-07-15,20.57,20.57,20.57,20.57,0
2013-07-16,20.55,20.86,20.55,20.65,4713
2013-07-17,20.6401,20.6401,20.63,20.63,623
2013-07-18,20.63,20.63,20.63,20.63,0
2013-07-19,20.45,20.45,20.45,20.45,2075
2013-07-22,20.6599,20.6599,20.42,20.42,808
2013-07-23,20.42,20.42,20.42,20.42,0
2013-07-24,20.42,20.42,20.42,20.42,0
2013-07-25,20.48,20.5,20.45,20.45,1160
2013-07-26,20.47,20.49,20.47,20.49,2559
2013-07-29,20.55,20.55,20.55,20.55,4100
2013-07-30,20.386,20.394,20.35,20.386,1643
2013-07-31,20.386,20.386,20.386,20.386,0
2013-08-01,20.03,20.03,20.03,20.03,985
2013-08-02,20.39,20.39,20.22,20.23,10978
2013-08-05,20.23,20.23,20.23,20.23,0
2013-08-06,20.1539,20.1539,20.1539,20.1539,150
2013-08-07,20.29,20.29,20.29,20.29,123
2013-08-08,20.29,20.29,20.29,20.29,0
2013-08-09,20.18,20.18,20.16,20.16,2613
2013-08-12,20.16,20.16,20.16,20.16,0
2013-08-13,20.16,20.16,20.16,20.16,0
2013-08-14,20.16,20.16,20.16,20.16,0
2013-08-15,20.16,20.16,20.16,20.16,0
2013-08-16,20.086,20.1,20.04,20.1,1540
2013-08-19,20.1,20.1,20.1,20.1,0
2013-08-20,20.1,20.1,20.1,20.1,0
2013-08-21,20.1,20.1,20.1,20.1,0
2013-08-22,19.803,19.803,19.803,19.803,200
2013-08-23,19.803,19.803,19.803,19.803,0
2013-08-26,20.04,20.12,19.97,20.02,31200
2013-08-27,20.3099,20.3099,20.3099,20.3099,735
2013-08-28,20.3099,20.3099,20.3099,20.3099,0
2013-08-29,20.16,20.16,20.08,20.08,400
2013-08-30,20.08,20.08,20.08,20.08,0
2013-09-03,20.08,20.08,20.08,20.08,0
2013-09-04,20.08,20.08,20.08,20.08,0
2013-09-05,19.96,19.96,19.82,19.82,4684
2013-09-06,19.82,19.82,19.82,19.82,0
2013-09-09,19.79,19.79,19.64,19.64,13600
2013-09-10,19.58,19.58,19.47,19.47,21900
2013-09-11,19.5413,19.5413,19.5413,19.5413,1130
2013-09-12,19.6,19.6,19.52,19.52,1200
2013-09-13,19.6,19.6,19.6,19.6,3000
2013-09-16,19.47,19.47,19.47,19.47,175
2013-09-17,19.47,19.47,19.47,19.47,0
2013-09-18,19.5001,19.5001,19.5,19.5,500
2013-09-19,19.42,19.51,19.42,19.47,22438
2013-09-20,19.52,19.63,19.46,19.63,2400
2013-09-23,19.6271,19.7528,19.6271,19.7,4800
2013-09-24,19.73,19.73,19.63,19.63,4975
2013-09-25,20.38,20.38,19.6799,19.6799,28469
2013-09-26,19.6799,19.6799,19.6799,19.6799,0
2013-09-27,19.53,19.56,19.53,19.56,240
2013-09-30,19.72,19.73,19.51,19.52,4200
2013-10-01,19.52,19.52,19.52,19.52,0
2013-10-02,19.52,19.52,19.52,19.52,0
2013-10-03,19.52,19.52,19.52,19.52,0
2013-10-04,19.52,19.52,19.52,19.52,0
2013-10-07,19.06,19.35,19.06,19.35,33666
2013-10-08,19.581,19.8,19.581,19.73,20000
2013-10-09,19.75,20.0,19.75,19.91,30700
2013-10-10,19.83,19.83,19.59,19.59,55299
2013-10-11,19.68,19.8,19.571,19.6,76083
2013-10-14,19.72,19.82,19.52,19.52,48956
2013-10-15,19.7,19.83,19.59,19.66,107040
2013-10-16,19.9,19.9,19.64,19.66,55148
2013-10-17,19.68,19.77,19.54,19.65,110100
2013-10-18,19.6,19.75,19.49,19.54,90446
2013-10-21,19.7,19.7,19.5,19.58,53700
2013-10-22,19.57,19.69,19.5,19.58,15610
2013-10-23,19.65,19.72,19.56,19.67,3200
2013-10-24,19.67,19.67,19.67,19.67,0
2013-10-25,19.48,19.58,19.39,19.51,2200
2013-10-28,19.7199,19.7199,19.57,19.65,1092
2013-10-29,19.58,19.65,19.58,19.65,400
2013-10-30,19.65,19.65,19.65,19.65,200
2013-10-31,19.64,19.65,19.63,19.64,610
2013-11-01,19.58,19.66,19.55,19.57,8249
2013-11-04,19.57,19.57,19.57,19.57,0
2013-11-05,19.5504,19.5504,19.5504,19.5504,200
2013-11-06,19.37,19.55,19.37,19.55,1875
2013-11-07,19.55,19.55,19.55,19.55,0
2013-11-08,19.561,19.561,19.561,19.561,100
2013-11-11,19.68,19.68,19.68,19.68,1000
2013-11-12,19.68,19.68,19.68,19.68,0
2013-11-13,19.68,19.68,19.68,19.68,0
2013-11-14,19.68,19.68,19.68,19.68,0
2013-11-15,19.68,19.68,19.68,19.68,0
2013-11-18,19.211,19.26,19.21,19.26,300
2013-11-19,19.62,19.62,19.62,19.62,100
2013-11-20,19.62,19.62,19.62,19.62,0
2013-11-21,19.49,19.49,19.47,19.47,1000
2013-11-22,19.65,19.65,19.64,19.64,749
2013-11-25,19.64,19.64,19.64,19.64,0
2013-11-26,19.4711,19.4711,19.4711,19.4711,100
2013-11-27,19.9,19.9,19.54,19.54,642
2013-11-29,19.54,19.54,19.54,19.54,0
2013-12-02,19.2901,19.2901,19.2901,19.2901,573
2013-12-03,19.53,19.53,19.5,19.51,10000
2013-12-04,19.0,19.3999,19.0,19.3999,3000
2013-12-05,19.38,19.49,19.35,19.35,7600
2013-12-06,19.35,19.35,19.35,19.35,0
2013-12-09,19.4399,19.4399,19.4399,19.4399,641
2013-12-10,19.4399,19.4399,19.4399,19.4399,0
2013-12-11,19.4399,19.4399,19.4399,19.4399,13
2013-12-12,19.4399,19.4399,19.4399,19.4399,16
2013-12-13,19.52,19.57,19.46,19.46,23522
2013-12-16,19.6,19.6,19.21,19.21,7121
2013-12-17,19.16,19.49,19.16,19.48,18330
2013-12-18,19.2,19.63,18.99,19.04,50551
2013-12-19,19.2,19.33,19.14,19.21,18798
2013-12-20,19.15,19.32,19.15,19.26,35159
2013-12-23,19.3,19.3,19.3,19.3,303
2013-12-24,19.25,19.25,19.25,19.25,100
2013-12-26,19.18,19.22,19.18,19.2,513
2013-12-27,19.22,19.24,19.17,19.17,770
2013-12-30,19.33,19.33,19.0008,19.0008,7843
2013-12-31,19.0008,19.0008,19.0008,19.0008,0
2014-01-02,19.0,19.16,19.0,19.11,1534
2014-01-03,19.15,19.22,19.07,19.16,19850
2014-01-06,19.16,19.16,19.16,19.16,71
2014-01-07,19.16,19.16,19.16,19.16,18
2014-01-08,19.06,19.26,18.88,19.07,15128
2014-01-09,18.73,18.93,18.73,18.91,3745
2014-01-10,18.91,18.99,18.91,18.94,1200
2014-01-13,19.02,19.02,19.02,19.02,300
2014-01-14,19.04,19.04,19.02,19.02,606
2014-01-15,19.01,19.01,19.01,19.01,100
2014-01-16,19.0,19.0,18.88,18.91,12035
2014-01-17,19.0,19.0,18.86,18.898,8562
2014-01-21,19.05,19.05,18.92,18.97,6500
2014-01-22,18.99,19.03,18.86,18.95,10672
2014-01-23,19.03,19.03,18.88,18.95,11982
2014-01-24,19.08,19.08,19.05,19.08,500
2014-01-27,19.45,19.46,19.24,19.35,3102
2014-01-28,20.43,20.43,19.2,19.2,9732
2014-01-29,19.2,19.2,19.2,19.2,0
2014-01-30,19.2,19.2,19.2,19.2,13
2014-01-31,18.94,19.02,18.85,18.85,1091
2014-02-03,19.2188,19.2188,19.08,19.08,1106
2014-02-04,19.08,19.08,19.08,19.08,28
2014-02-05,19.08,19.08,19.08,19.08,37
2014-02-06,19.08,19.08,19.08,19.08,2
2014-02-07,19.08,19.08,19.08,19.08,0
2014-02-10,19.15,19.16,19.15,19.16,375
2014-02-11,19.15,19.15,19.15,19.15,340
2014-02-12,19.15,19.15,19.15,19.15,0
2014-02-13,18.932,18.932,18.932,18.932,100
2014-02-14,18.932,18.932,18.932,18.932,1
2014-02-18,19.02,19.02,18.79,18.79,32000
2014-02-19,18.88,18.97,18.88,18.97,301
2014-02-20,18.78,18.84,18.78,18.84,666
2014-02-21,18.84,18.84,18.84,18.84,0
2014-02-24,18.75,18.76,18.66,18.66,977
2014-02-25,18.66,18.66,18.66,18.66,0
2014-02-26,18.64,18.671,18.64,18.671,6026
2014-02-27,18.78,18.79,18.63,18.6454,1460
2014-02-28,18.6454,18.6454,18.6454,18.6454,0
2014-03-03,18.6454,18.6454,18.6454,18.6454,6
2014-03-04,18.7,18.7,18.7,18.7,135
2014-03-05,18.7,18.7,18.7,18.7,0
2014-03-06,18.7199,18.72,18.7199,18.72,550
2014-03-07,18.72,18.72,18.72,18.72,14
2014-03-10,18.72,18.72,18.72,18.72,0
2014-03-11,18.72,18.72,18.72,18.72,0
2014-03-12,18.72,18.72,18.72,18.72,0
2014-03-13,19.18,19.18,19.0,19.17,35905
2014-03-14,19.08,19.1401,19.04,19.04,23827
2014-03-17,19.05,19.18,18.9999,19.01,24500
2014-03-18,19.04,19.1301,18.94,19.02,16782
2014-03-19,18.88,18.89,18.88,18.89,426
2014-03-20,18.86,19.09,18.86,19.01,11112
2014-03-21,18.88,19.15,18.81,18.92,39617
2014-03-24,19.0399,19.18,18.99,19.0799,18731
2014-03-25,19.0199,19.15,19.0199,19.1001,6373
2014-03-26,19.2,19.33,19.03,19.26,52501
2014-03-27,19.25,19.36,19.18,19.24,16500
2014-03-28,19.18,19.33,19.1799,19.26,13381
2014-03-31,19.18,19.18,19.18,19.18,360
2014-04-01,19.18,19.18,19.18,19.18,22
2014-04-02,19.01,19.1,18.9599,19.09,16385
2014-04-03,19.09,19.09,19.09,19.09,0
2014-04-04,19.09,19.09,19.09,19.09,0
2014-04-07,19.5915,19.5915,19.3839,19.3839,792
2014-04-08,19.3839,19.3839,19.3839,19.3839,0
2014-04-09,19.4799,19.48,19.2199,19.26,21412
2014-04-10,19.26,19.26,19.26,19.26,6
2014-04-11,19.43,19.53,19.43,19.53,800
2014-04-14,19.53,19.53,19.53,19.53,0
2014-04-15,19.53,19.53,19.53,19.53,0
2014-04-16,19.62,19.62,19.62,19.62,528
2014-04-17,19.62,19.62,19.62,19.62,0
2014-04-21,19.4,19.47,19.39,19.4401,4011
2014-04-22,19.3,19.41,19.29,19.34,211026
2014-04-23,19.24,19.43,19.24,19.37,3301
2014-04-24,19.48,19.55,19.28,19.37,7501
2014-04-25,19.53,19.6,19.52,19.6,4148
2014-04-28,19.632,19.632,19.632,19.632,517
2014-04-29,19.632,19.632,19.632,19.632,0
2014-04-30,19.632,19.632,19.632,19.632,10
2014-05-01,19.5,19.6,19.5,19.556,2367
2014-05-02,19.55,19.56,19.53,19.56,4460
2014-05-05,19.471,19.5599,19.471,19.5438,2000
2014-05-06,19.64,19.64,19.64,19.64,6644
2014-05-07,19.86,19.93,19.86,19.91,7056
2014-05-08,19.8699,19.87,19.85,19.87,1022
2014-05-09,19.87,19.87,19.87,19.87,0
2014-05-12,19.93,19.93,19.52,19.52,202902
2014-05-13,19.54,19.54,19.54,19.54,236
2014-05-14,19.54,19.54,19.54,19.54,75
2014-05-15,19.9,19.9,19.72,19.72,700
2014-05-16,19.72,19.72,19.72,19.72,0
2014-05-19,19.83,19.83,19.76,19.78,1089
2014-05-20,20.17,20.17,19.77,19.79,1701
2014-05-21,19.78,19.78,19.6801,19.6801,1105
2014-05-22,19.6,19.601,19.6,19.6,4019
2014-05-23,19.53,19.53,19.53,19.53,3540
2014-05-27,19.4501,19.4501,19.01,19.42,800
2014-05-28,19.4001,19.4001,19.4001,19.4001,300
2014-05-29,19.29,19.42,19.29,19.42,23500
2014-05-30,19.421,19.5199,19.42,19.5199,4900
2014-06-02,19.37,19.618,19.37,19.49,13703
2014-06-03,19.6799,19.6799,19.6799,19.6799,977
2014-06-04,19.6,19.62,19.6,19.62,3226
2014-06-05,19.62,19.62,19.62,19.62,0
2014-06-06,19.4,19.4,19.4,19.4,2480
2014-06-09,19.35,19.4099,19.35,19.4099,604
2014-06-10,19.4099,19.4099,19.4099,19.4099,177
2014-06-11,19.21,19.3484,19.18,19.18,2001
2014-06-12,19.41,19.41,19.39,19.39,1247
2014-06-13,19.309,19.309,19.3,19.3,733
2014-06-16,19.4099,19.4099,19.4099,19.4099,842
2014-06-17,19.4099,19.4099,19.4099,19.4099,84
2014-06-18,19.3499,19.3499,19.3499,19.3499,145
2014-06-19,19.31,19.31,19.31,19.31,296
2014-06-20,19.19,19.2501,19.13,19.24,26287
2014-06-23,18.84,19.2999,18.84,19.24,6187
2014-06-24,19.259900000000002,19.259900000000002,19.15,19.15,600
2014-06-25,19.2699,19.2801,19.2699,19.28,629
2014-06-26,19.28,19.28,19.28,19.28,200150
2014-06-27,19.133,19.133,19.11,19.11,1420
2014-06-30,19.2,19.2,19.2,19.2,1007
2014-07-01,19.15,19.2,19.15,19.2,6189
2014-07-02,19.0728,19.0728,19.0728,19.0728,1602
2014-07-03,19.2,19.2,19.2,19.2,608
2014-07-07,19.0901,19.2,19.09,19.2,1322
2014-07-08,19.48,19.64,19.42,19.48,46200
2014-07-09,19.44,19.56,19.42,19.5001,18661
2014-07-10,19.58,19.7,19.38,19.51,14862
2014-07-11,19.42,19.49,19.42,19.49,603
2014-07-14,19.5,19.62,19.5,19.62,961
2014-07-15,19.63,19.63,19.63,19.63,19651
2014-07-16,19.64,19.64,19.5301,19.5301,4866
2014-07-17,19.05,19.7199,19.05,19.62,30574
2014-07-18,19.61,19.62,19.59,19.5901,201788
2014-07-21,19.63,19.6499,19.63,19.63,1457
2014-07-22,19.63,19.63,19.63,19.63,0
2014-07-23,19.5,19.5035,19.48,19.48,901
2014-07-24,19.48,19.48,19.48,19.48,0
2014-07-25,19.6101,19.6101,19.6101,19.6101,413
2014-07-28,19.65,19.68,19.65,19.68,6000
2014-07-29,19.68,19.68,19.68,19.68,0
2014-07-30,19.68,19.68,19.68,19.68,0
2014-07-31,19.68,19.68,19.68,19.68,50
2014-08-01,19.7,19.7893,19.7,19.75,2329
2014-08-04,19.66,19.7,19.66,19.7,925
2014-08-05,19.7,19.7,19.7,19.7,0
2014-08-06,19.7,19.7,19.7,19.7,200007
2014-08-07,19.7,19.7,19.7,19.7,0
2014-08-08,19.6499,19.6499,19.646,19.646,853
2014-08-11,19.5,19.5899,19.5,19.5899,2132
2014-08-12,19.5899,19.5899,19.5899,19.5899,0
2014-08-13,19.56,19.56,19.56,19.56,287
2014-08-14,19.48,19.48,19.48,19.48,1000
2014-08-15,19.5101,19.5101,19.5101,19.5101,151
2014-08-18,19.5101,19.5101,19.5101,19.5101,0
2014-08-19,19.39,19.39,19.39,19.39,300
2014-08-20,19.39,19.39,19.39,19.39,200000
2014-08-21,19.39,19.39,19.39,19.39,17
2014-08-22,19.39,19.39,19.39,19.39,0
2014-08-25,19.23,19.23,19.1956,19.1956,2404
2014-08-26,19.1956,19.1956,19.1956,19.1956,0
2014-08-27,19.17,19.17,19.17,19.17,351
2014-08-28,19.17,19.17,19.17,19.17,0
2014-08-29,19.17,19.17,19.17,19.17,26
2014-09-02,19.1601,19.173,19.1601,19.173,865
2014-09-03,19.173,19.173,19.173,19.173,0
2014-09-04,19.201,19.224,19.2,19.224,902
2014-09-05,19.224,19.224,19.224,19.224,0
2014-09-08,19.224,19.224,19.224,19.224,0
2014-09-09,19.2801,19.32,19.2801,19.32,2409
2014-09-10,19.28,19.28,19.28,19.28,326
2014-09-11,19.28,19.28,19.28,19.28,0
2014-09-12,19.28,19.28,19.28,19.28,6
2014-09-15,19.28,19.28,19.28,19.28,0
2014-09-16,19.28,19.28,19.28,19.28,1
2014-09-17,19.2,19.25,19.2,19.25,27200
2014-09-18,19.1,19.1,19.1,19.1,1600
2014-09-19,19.16,19.16,19.16,19.16,100
2014-09-22,19.32,19.32,19.32,19.32,100
2014-09-23,19.29,19.3201,19.29,19.31,3100
2014-09-24,19.31,19.31,19.31,19.31,0
2014-09-25,19.32,19.35,19.32,19.35,21049
2014-09-26,19.41,19.41,19.41,19.41,284
2014-09-29,19.3899,19.3899,19.35,19.35,463
2014-09-30,19.4,19.4601,19.4,19.453,10400
2014-10-01,19.5,19.701,19.5,19.6,16373
2014-10-02,19.74,19.74,19.68,19.68,405
2014-10-03,19.46,19.5311,19.46,19.5311,278
2014-10-06,19.6,19.6,19.6,19.6,100
2014-10-07,19.69,19.7,19.35,19.35,205488
2014-10-08,19.75,19.94,19.75,19.79,8101
2014-10-09,19.9599,19.9599,19.9599,19.9599,757
2014-10-10,19.99,20.19,19.99,20.19,401
2014-10-13,20.2964,20.5195,20.2964,20.518,9206
2014-10-14,20.52,20.52,20.38,20.38,690
2014-10-15,20.54,20.54,20.4701,20.4701,755
2014-10-16,20.4701,20.4701,20.4701,20.4701,0
2014-10-17,20.18,20.18,20.12,20.12,300
2014-10-20,20.0801,20.0801,20.0801,20.0801,147
2014-10-21,19.93,19.986,19.92,19.958,52801
2014-10-22,19.96,19.96,19.94,19.96,9400
2014-10-23,19.9899,19.9899,19.9899,19.9899,102
2014-10-24,19.9899,19.9899,19.9899,19.9899,0
2014-10-27,19.9844,19.9844,19.95,19.95,209
2014-10-28,19.85,19.85,19.85,19.85,605
2014-10-29,19.77,19.8436,19.76,19.76,5172
2014-10-30,19.79,19.79,19.79,19.79,177
2014-10-31,19.63,19.63,19.6,19.6,350
2014-11-03,19.6,19.6,19.6,19.6,150243
2014-11-04,19.8339,19.8339,19.8,19.8,800
2014-11-05,19.8399,19.85,19.8312,19.85,4504
2014-11-06,19.86,19.86,19.86,19.86,147
2014-11-07,19.86,19.87,19.835,19.856,2404
2014-11-10,20.0,20.0,19.86,19.86,970
2014-11-11,19.86,19.86,19.86,19.86,0
2014-11-12,19.84,19.84,19.805,19.805,822
2014-11-13,19.89,19.99,19.87,19.97,1666
2014-11-14,20.03,20.08,19.94,19.9601,109136
2014-11-17,19.9601,19.9601,19.9601,19.9601,4
2014-11-18,20.37,20.37,19.78,19.78,8717
2014-11-19,19.94,19.94,19.94,19.94,246
2014-11-20,20.29,20.29,19.9,19.9,1089
2014-11-21,19.9,19.9,19.9,19.9,10
2014-11-24,19.75,19.76,19.75,19.76,5208
2014-11-25,19.77,19.82,19.77,19.8199,905
2014-11-26,19.84,19.91,19.82,19.9,1416
2014-11-28,20.0,20.35,20.0,20.06,1596
2014-12-01,20.06,20.06,20.06,20.06,0
2014-12-02,19.99,20.33,19.99,20.03,19351
2014-12-03,19.8899,20.25,19.8899,20.04,6438
2014-12-04,19.9,20.47,19.761,19.761,7500
2014-12-05,19.78,19.8,19.66,19.66,770
2014-12-08,20.1,20.1,20.04,20.04,919
2014-12-09,20.1,20.1,20.1,20.1,549
2014-12-10,19.981,19.99,19.755,19.87,7515
2014-12-11,19.77,19.84,19.77,19.83,932
2014-12-12,20.3499,20.53,20.32,20.53,7288
2014-12-15,20.16,20.5,20.11,20.11,4137
2014-12-16,20.11,20.11,20.11,20.11,0
2014-12-17,20.1,20.5,20.1,20.38,900
2014-12-18,20.38,20.38,20.38,20.38,41
2014-12-19,20.38,20.38,20.38,20.38,0
2014-12-22,20.2005,20.27,20.2005,20.27,320
2014-12-23,20.27,20.27,20.27,20.27,0
2014-12-24,20.27,20.27,20.27,20.27,5
2014-12-26,20.65,20.65,20.65,20.65,201
2014-12-29,20.65,20.65,20.65,20.65,0
2014-12-30,20.65,20.65,20.65,20.65,0
2014-12-31,20.65,20.65,20.65,20.65,58
2015-01-02,19.821,19.821,19.821,19.821,243
2015-01-05,19.8301,19.8501,19.8301,19.8301,520
2015-01-06,20.0101,21.1399,20.0101,20.04,1456
2015-01-07,20.04,20.04,20.04,20.04,15
2015-01-08,20.86,20.86,20.3401,20.68,1670
2015-01-09,20.68,20.68,20.68,20.68,0
2015-01-12,20.1101,21.1699,20.1101,21.1699,332
2015-01-13,20.12,20.12,20.12,20.12,400
2015-01-14,20.12,20.12,20.12,20.12,0
2015-01-15,20.9,20.9001,20.9,20.9,1650
2015-01-16,20.9,20.9,20.9,20.9,1
2015-01-20,20.9,20.9,20.9,20.9,0
2015-01-21,20.75,21.0,20.311,20.311,1850
2015-01-22,20.311,20.311,20.311,20.311,0
2015-01-23,20.45,21.14,20.43,20.72,28899
2015-01-26,20.88,21.1999,20.8,21.1999,4239
2015-01-27,20.64,20.64,20.61,20.64,1208
2015-01-28,21.31,21.31,21.31,21.31,134
2015-01-29,21.31,21.31,21.31,21.31,10
2015-01-30,21.31,21.31,21.31,21.31,0
2015-02-02,20.95,21.06,20.95,21.04,2890
2015-02-03,21.04,21.04,21.04,21.04,0
2015-02-04,20.28,20.5,20.28,20.5,520
2015-02-05,20.5,20.5,20.5,20.5,1
2015-02-06,20.5,20.55,20.33,20.33,3100
2015-02-09,20.67,20.71,20.35,20.5,1495
2015-02-10,20.5,20.5,20.5,20.5,2
2015-02-11,20.5,20.5,20.5,20.5,1
2015-02-12,20.5,20.5,20.5,20.5,0
2015-02-13,20.5,20.5,20.5,20.5,0
2015-02-17,20.57,20.57,20.57,20.57,351
2015-02-18,20.57,20.57,20.57,20.57,74
2015-02-19,20.57,20.57,20.57,20.57,83
2015-02-20,20.4399,20.4399,20.4399,20.4399,153
2015-02-23,19.8201,19.9,19.8201,19.85,4147
2015-02-24,19.88,19.95,19.76,19.76,29239
2015-02-25,19.8,19.8,19.8,19.8,1517
2015-02-26,19.77,19.77,19.77,19.77,20050
2015-02-27,20.1,20.1,20.1,20.1,700
2015-03-02,20.1,20.1,20.1,20.1,3
2015-03-03,20.1,20.1,20.1,20.1,26
2015-03-04,20.1,20.1,20.1,20.1,5
2015-03-05,19.87,20.25,19.87,20.25,821
2015-03-06,20.25,20.25,20.25,20.25,1
2015-03-09,20.25,20.25,20.25,20.25,0
2015-03-10,20.25,20.25,20.25,20.25,1
2015-03-11,20.25,20.25,20.25,20.25,5
2015-03-12,20.25,20.25,20.25,20.25,1
2015-03-13,20.25,20.25,20.25,20.25,38
2015-03-16,20.25,20.25,20.25,20.25,0
2015-03-17,20.25,20.25,20.25,20.25,0
2015-03-18,20.25,20.25,20.25,20.25,0
2015-03-19,20.25,20.25,20.25,20.25,36
2015-03-20,20.25,20.25,20.25,20.25,0
2015-03-23,20.25,20.25,20.25,20.25,0
2015-03-24,20.25,20.25,20.25,20.25,0
2015-03-25,20.45,20.7,20.45,20.55,2000
2015-03-26,20.5,20.59,20.5,20.59,600
2015-03-27,20.59,20.59,20.0501,20.0501,502
2015-03-30,20.0501,20.0501,20.0501,20.0501,0
2015-03-31,20.1,20.1,20.1,20.1,501
2015-04-01,20.1,20.1,20.1,20.1,0
2015-04-02,20.1,20.1,20.1,20.1,2
2015-04-06,20.1,20.1,20.1,20.1,0
2015-04-07,20.1,20.1,20.1,20.1,0
2015-04-08,19.91,19.91,19.91,19.91,507
2015-04-09,19.9,19.9,19.77,19.77,92100
2015-04-10,19.78,19.78,19.606,19.606,2889
2015-04-13,19.606,19.606,19.606,19.606,50
2015-04-14,19.606,19.606,19.606,19.606,2
2015-04-15,19.61,19.61,19.61,19.61,3808
2015-04-16,19.7,19.7,19.7,19.7,195
2015-04-17,19.7,19.7,19.7,19.7,0
2015-04-20,19.34,19.34,19.3,19.3,19500
2015-04-21,19.47,19.47,19.33,19.33,1166
2015-04-22,19.33,19.33,19.33,19.33,2
2015-04-23,19.33,19.33,19.33,19.33,39
2015-04-24,19.1801,19.62,19.1801,19.62,20175
2015-04-27,19.25,19.4,19.19,19.4,5150
2015-04-28,19.2892,19.2892,19.2892,19.2892,259
2015-04-29,19.2892,19.2892,19.2892,19.2892,108968
2015-04-30,19.2892,19.2892,19.2892,19.2892,0
2015-05-01,18.93,18.94,18.93,18.94,1000
2015-05-04,18.94,18.94,18.94,18.94,3
2015-05-05,18.82,18.82,18.8101,18.8101,222
2015-05-06,18.94,18.94,18.94,18.94,248
2015-05-07,19.25,19.28,19.2041,19.2041,25217
2015-05-08,19.28,19.28,19.28,19.28,400
2015-05-11,19.87,19.87,19.87,19.87,123
2015-05-12,19.87,19.87,19.87,19.87,0
2015-05-13,19.87,19.87,19.87,19.87,70
2015-05-14,19.68,19.68,19.24,19.24,498
2015-05-15,19.24,19.24,19.24,19.24,0
2015-05-18,19.0659,19.15,19.0659,19.1101,1961
2015-05-19,19.1101,19.1101,19.1101,19.1101,0
2015-05-20,19.1101,19.1101,19.1101,19.1101,11
2015-05-21,19.17,19.4999,19.14,19.45,23594
2015-05-22,19.41,19.41,19.2,19.2,10798
2015-05-26,19.2,19.2,19.2,19.2,0
2015-05-27,19.2,19.2,19.2,19.2,0
2015-05-28,19.2,19.2,19.2,19.2,0
2015-05-29,19.2,19.2,19.2,19.2,0
2015-06-01,19.26,19.26,19.26,19.26,183
2015-06-02,19.26,19.26,19.26,19.26,1
2015-06-03,19.26,19.26,19.26,19.26,0
2015-06-04,19.26,19.26,19.26,19.26,57
2015-06-05,19.26,19.26,19.26,19.26,1
2015-06-08,19.26,19.26,19.26,19.26,0
2015-06-09,19.26,19.26,19.26,19.26,1
2015-06-10,19.23,19.23,19.16,19.16,9183
2015-06-11,19.16,19.16,19.16,19.16,0
2015-06-12,19.16,19.16,19.16,19.16,0
2015-06-15,19.21,19.21,19.21,19.21,173
2015-06-16,19.21,19.21,19.21,19.21,0
2015-06-17,19.21,19.21,19.21,19.21,0
2015-06-18,19.21,19.21,19.21,19.21,0
2015-06-19,19.35,19.35,19.35,19.35,1183
2015-06-22,19.35,19.35,19.35,19.35,0
2015-06-23,19.35,19.35,19.35,19.35,0
2015-06-24,19.35,19.35,19.35,19.35,0
2015-06-25,18.861,18.97,18.861,18.9101,530
2015-06-26,18.9101,18.9101,18.9101,18.9101,1
2015-06-29,18.9101,18.9101,18.9101,18.9101,67
2015-06-30,18.9101,18.9101,18.9101,18.9101,0
2015-07-01,19.47,19.47,19.47,19.47,359
2015-07-02,19.45,19.45,19.34,19.34,20483
2015-07-06,19.49,19.66,19.49,19.57,1830
2015-07-07,19.52,19.52,19.52,19.52,5001
2015-07-08,19.52,19.52,19.52,19.52,0
2015-07-09,19.7499,20.04,19.68,19.85,16802
2015-07-10,19.85,19.85,19.85,19.85,1001
2015-07-13,19.85,19.85,19.85,19.85,2
2015-07-14,19.6099,19.86,19.54,19.54,12732
2015-07-15,19.54,19.54,19.54,19.54,0
2015-07-16,19.5,19.5,19.5,19.5,200
2015-07-17,19.5,19.5,19.5,19.5,0
2015-07-20,19.6,19.6,19.6,19.6,1435
2015-07-21,19.6,19.6,19.6,19.6,0
2015-07-22,19.6,19.6,19.6,19.6,0
2015-07-23,19.9399,19.96,19.6899,19.94,46467
2015-07-24,19.94,20.08,19.94,20.08,200
2015-07-27,20.09,20.09,19.88,20.08,40250
2015-07-28,20.08,20.08,20.08,20.08,0
2015-07-29,20.08,20.08,20.08,20.08,0
2015-07-30,19.87,20.08,19.87,20.05,2061
2015-07-31,19.79,19.93,19.71,19.93,2700
2015-08-03,20.04,20.04,19.772,19.81,2120
2015-08-04,19.76,19.76,19.75,19.75,1531
2015-08-05,19.77,19.94,19.76,19.76,2975
2015-08-06,19.76,19.76,19.76,19.76,0
2015-08-07,20.26,20.26,19.87,19.8705,4416
2015-08-10,19.8705,19.8705,19.8705,19.8705,0
2015-08-11,19.89,19.9,19.89,19.9,200
2015-08-12,20.0,20.0,20.0,20.0,300
2015-08-13,20.0,20.0,20.0,20.0,0
2015-08-14,20.0,20.0,20.0,20.0,0
2015-08-17,20.0,20.0,20.0,20.0,800
2015-08-18,20.1899,20.2,20.06,20.19,3400
2015-08-19,20.51,20.51,20.212,20.38,15454
2015-08-20,20.45,20.75,20.38,20.5,11351
2015-08-21,20.5201,20.79,20.5201,20.79,1067
2015-08-24,17.76,20.96,17.76,20.9201,19986
2015-08-25,20.7701,20.81,20.75,20.81,2376239
2015-08-26,20.83,20.83,20.83,20.83,50333
2015-08-27,20.55,20.72,20.55,20.72,9428
2015-08-28,20.53,20.54,20.4,20.4,6858
2015-08-31,20.87,20.87,20.4,20.43,33913
2015-09-01,20.429,20.58,20.427,20.568,11095
2015-09-02,20.6,20.6,20.48,20.51,789025
2015-09-03,21.5,21.5,20.362,20.89,30296
2015-09-04,21.5,21.5,20.51,20.55,14725
2015-09-08,20.5,20.5,20.2,20.26,923561
2015-09-09,20.12,20.37,20.04,20.3699,18493
2015-09-10,20.3699,20.3699,20.3699,20.3699,49
2015-09-11,20.3699,20.3699,20.3699,20.3699,0
2015-09-14,20.41,20.415,20.3,20.3758,23666
2015-09-15,20.38,20.38,20.22,20.35,1145247
2015-09-16,20.225,20.29,20.1501,20.2201,11815
2015-09-17,20.225,20.28,20.192,20.26,1326
2015-09-18,20.64,20.64,20.56,20.64,3330
2015-09-21,20.67,20.7,20.523,20.673000000000002,18978
2015-09-22,20.92,20.96,20.8101,20.8995,201937
2015-09-23,20.87,21.12,20.87,21.12,1157663
2015-09-24,21.5172,21.5172,21.07,21.07,22541
2015-09-25,21.16,21.16,21.05,21.102,2871
2015-09-28,21.37,21.39,20.9801,21.3499,4177
2015-09-29,21.43,21.43,21.36,21.4,2016
2015-09-30,21.37,21.41,21.192,21.25,2725
2015-10-01,21.164,21.2499,21.09,21.2199,50730
2015-10-02,21.11,21.12,21.08,21.08,418
2015-10-05,20.7001,20.72,20.64,20.64,5332
2015-10-06,20.74,20.832,20.66,20.7276,11539
2015-10-07,20.78,20.78,20.78,20.78,360
2015-10-08,20.6257,20.6401,20.6257,20.64,870
2015-10-09,20.4001,20.67,20.4,20.52,1130056
2015-10-12,20.69,20.75,20.62,20.64,16450
2015-10-13,20.68,20.81,20.63,20.81,8502
2015-10-14,20.76,20.76,20.66,20.73,4400
2015-10-15,20.73,20.73,20.52,20.56,8160
2015-10-16,20.784,20.8,20.75,20.77,1239
2015-10-19,20.8301,20.87,20.72,20.83,11940
2015-10-20,20.82,20.92,20.81,20.9,1074893
2015-10-21,20.9101,21.03,20.91,20.96,11133
2015-10-22,20.84,20.92,20.81,20.82,9593
2015-10-23,20.6065,20.62,20.1813,20.1813,916816
2015-10-26,20.5899,20.6,20.53,20.5799,72824
2015-10-27,20.72,20.72,20.6,20.61,18425
2015-10-28,20.6,20.6,20.321,20.33,698446
2015-10-29,20.3,20.33,20.27,20.32,14016
2015-10-30,20.46,20.46,20.11,20.15,31384
2015-11-02,19.9701,20.1099,19.9701,19.984,3521
2015-11-03,19.96,20.0299,19.47,19.91,2385414
2015-11-04,19.938,19.99,19.92,19.99,9263
2015-11-05,19.831,19.834,19.831,19.8335,301
2015-11-06,19.67,19.68,19.52,19.62,13934
2015-11-09,19.41,19.6699,19.41,19.64,5222
2015-11-10,19.64,19.64,19.64,19.64,0
2015-11-11,19.64,19.64,19.64,19.64,0
2015-11-12,19.67,20.04,19.67,19.97,2746
2015-11-13,19.97,19.97,19.97,19.97,0
2015-11-16,20.08,20.115,20.05,20.062,7558
2015-11-17,19.97,19.97,19.97,19.97,10387
2015-11-18,19.9632,19.9632,19.9632,19.9632,300
2015-11-19,20.0299,20.0299,19.97,19.97,7350
2015-11-20,19.97,20.03,19.97,20.03,1018
2015-11-23,20.05,20.14,20.02,20.14,15927
2015-11-24,20.07,20.08,20.05,20.05,406
2015-11-25,20.01,20.01,20.01,20.01,1800
2015-11-27,20.01,20.01,20.01,20.01,0
2015-11-30,20.0,20.02,20.0,20.01,331
2015-12-01,19.98,20.0499,19.98,20.0499,1092
2015-12-02,20.0699,20.0699,20.0,20.0,501
2015-12-03,20.0563,20.0563,20.0563,20.0563,318
2015-12-04,20.1501,20.21,20.15,20.16,1923
2015-12-07,20.16,20.16,20.16,20.16,0
2015-12-08,20.31,20.6,20.3,20.59,26516
2015-12-09,20.5839,20.5839,20.5501,20.5501,1050
2015-12-10,20.4166,20.4229,20.41,20.4229,2057
2015-12-11,20.6999,20.746,20.6999,20.746,285
2015-12-14,20.85,20.93,20.85,20.85,3777
2015-12-15,20.7699,20.7699,20.7699,20.7699,297
2015-12-16,20.71,20.74,20.66,20.66,304
2015-12-17,20.8,20.89,20.8,20.87,13079
2015-12-18,20.78,20.9595,20.78,20.95,1700
2015-12-21,20.87,20.87,20.87,20.87,108
2015-12-22,20.87,20.87,20.87,20.87,0
2015-12-23,20.5906,20.5906,20.58,20.58,300
2015-12-24,20.58,20.58,20.58,20.58,0
2015-12-28,20.67,20.67,20.67,20.67,147
2015-12-29,20.64,20.64,20.64,20.64,106
2015-12-30,20.7026,20.7026,20.68,20.68,393
2015-12-31,20.8,20.8,20.68,20.68,1600
2016-01-04,20.804,20.8899,20.75,20.75,2118
2016-01-05,20.86,20.96,20.831,20.9448,3508
2016-01-06,21.18,21.29,21.171,21.26,13604
2016-01-07,21.5684,21.64,21.47,21.63,22334
2016-01-08,21.72,21.72,21.72,21.72,224
2016-01-11,21.85,22.0899,21.85,22.0899,2211
2016-01-12,21.78,22.1,21.78,22.03,1608349
2016-01-13,22.1463,22.27,22.1463,22.224,11665
2016-01-14,22.3501,22.37,22.06,22.07,12635
2016-01-15,22.196,22.37,22.19,22.3087,25764
2016-01-19,22.48,22.57,22.345,22.48,15786
2016-01-20,22.89,22.89,22.357,22.3875,12333
2016-01-21,22.53,23.2499,22.1,22.4884,409746
2016-01-22,22.65,22.65,22.195,22.38,23830
2016-01-25,22.54,22.58,22.45,22.57,17063
2016-01-26,22.5901,22.6,22.53,22.54,10579
2016-01-27,22.64,22.64,22.37,22.5326,19669
2016-01-28,22.31,22.7199,22.31,22.6699,20859
2016-01-29,22.64,22.699,22.5,22.64,9703
2016-02-01,22.89,22.89,22.6554,22.6554,6328
2016-02-02,22.75,23.24,22.75,23.219,59353
2016-02-03,23.3,24.3699,22.67,23.06,38522
2016-02-04,23.17,23.17,22.54,22.63,32191
2016-02-05,22.7701,22.984,22.7701,22.961,28133
2016-02-08,23.35,23.54,22.4001,23.4599,46050
2016-02-09,23.68,24.58,23.35,23.4362,47625
2016-02-10,23.4275,23.486,23.2711,23.486,10799
2016-02-11,23.89,24.85,23.297,23.66,64734
2016-02-12,23.74,24.145,23.228,23.29,17386
2016-02-16,23.32,23.32,22.8,22.8,29430
2016-02-17,22.6,22.62,21.67,22.46,51252
2016-02-18,22.27,22.76,22.0614,22.67,108071
2016-02-19,22.84,23.06,22.78,22.83,28006
2016-02-22,22.78,22.78,22.52,22.5499,38513
2016-02-23,22.52,22.87,22.52,22.85,24325
2016-02-24,23.2,23.3301,22.86,22.87,53718
2016-02-25,22.96,23.11,22.95,22.95,21099
2016-02-26,22.95,22.95,22.584,22.655,34299
2016-02-29,22.74,22.74,22.54,22.6001,23021
2016-03-01,22.59,22.6888,22.37,22.37,618061
2016-03-02,22.46,22.74,22.1,22.13,74932
2016-03-03,21.98,22.05,21.81,21.8985,69457
2016-03-04,22.0,22.0,21.57,21.7633,43473
2016-03-07,21.56,21.835,21.38,21.6599,33643
2016-03-08,21.94,22.61,21.7976,22.25,34837
2016-03-09,22.29,22.38,22.18,22.24,14561
2016-03-10,22.33,22.4399,22.19,22.28,40258
2016-03-11,22.1,22.1234,21.79,21.79,36010
2016-03-14,21.67,21.92,21.67,21.81,25752
2016-03-15,21.95,22.2899,21.95,22.195,24044
2016-03-16,22.0534,22.3,22.0,22.06,54293
2016-03-17,22.08,22.1696,21.9064,21.95,21866
2016-03-18,22.0,22.0,21.6701,21.86,30215
2016-03-21,22.0,22.0,21.6201,21.7752,288755
2016-03-22,21.99,22.0,21.64,21.71,358077
2016-03-23,21.8501,22.11,21.8501,22.09,31512
2016-03-24,22.35,22.49,22.1633,22.17,46402
2016-03-28,22.24,22.49,22.17,22.31,25351
2016-03-29,22.57,22.58,22.1601,22.21,46408
2016-03-30,22.2,22.258,21.971,22.18,23123
2016-03-31,22.17,22.19,22.08,22.1,23661
2016-04-01,22.01,22.34,22.01,22.188,1314815
2016-04-04,22.34,22.34,22.09,22.3,37401
2016-04-05,22.512,23.38,22.3,22.36,16705
2016-04-06,22.3,22.379,22.18,22.18,25020
2016-04-07,22.2718,22.51,22.231,22.39,18396
2016-04-08,22.3072,22.45,22.2101,22.45,13239
2016-04-11,22.43,22.433,22.156,22.3,15171
2016-04-12,22.35,22.38,22.15,22.17,15715
2016-04-13,22.23,22.23,21.68,21.71,54882
2016-04-14,21.53,21.75,21.53,21.67,12763
2016-04-15,21.53,21.8099,21.52,21.74,14869
2016-04-18,21.78,21.8716,21.65,21.7299,27118
2016-04-19,21.58,21.865,21.5001,21.64,12863
2016-04-20,21.77,21.78,21.39,21.39,27032
2016-04-21,21.22,21.4052,21.17,21.17,44205
2016-04-22,21.09,21.17,21.02,21.1,31203
2016-04-25,20.99,21.3999,20.54,21.39,18865
2016-04-26,21.38,21.38,21.16,21.16,5141
2016-04-27,21.14,21.2101,21.0618,21.09,10962
2016-04-28,20.931,21.34,20.931,21.34,27480
2016-04-29,21.17,21.49,21.1,21.41,53926
2016-05-02,21.51,21.64,21.45,21.45,34920
2016-05-03,21.75,21.83,21.7234,21.788,19783
2016-05-04,21.89,22.1,21.802,22.1,20081
2016-05-05,22.0132,22.21,22.0,22.19,30616
2016-05-06,22.3,22.3,22.093,22.15,14891
2016-05-09,22.06,22.39,21.776,22.35,39282
2016-05-10,22.47,22.47,22.17,22.2436,15722
2016-05-11,22.24,22.26,22.0146,22.1915,4885
2016-05-12,22.31,22.52,22.31,22.5,7299
2016-05-13,22.53,22.61,22.42,22.52,10954
2016-05-16,22.44,22.488,22.4,22.45,7091
2016-05-17,22.44,22.44,22.13,22.2,17202
2016-05-18,22.14,22.2001,21.87,21.96,30209
2016-05-19,21.67,22.1,21.66,22.03,20743
2016-05-20,21.75,21.97,21.75,21.89,7589
2016-05-23,21.8401,21.95,21.78,21.89,6106
2016-05-24,21.741,21.8594,21.69,21.7,10406
2016-05-25,21.66,21.66,21.45,21.47,27870
2016-05-26,21.38,21.6799,21.25,21.59,3975
2016-05-27,21.6201,21.6301,21.53,21.53,5924
2016-05-31,21.5012,21.5012,21.32,21.44,61417
2016-06-01,21.53,21.72,21.46,21.48,27485
2016-06-02,21.5399,21.59,21.42,21.42,8175
2016-06-03,21.4,21.7734,21.4,21.64,15225
2016-06-06,21.49,21.6501,21.29,21.3,209067
2016-06-07,21.16,21.32,20.6,21.26,66730
2016-06-08,21.1,21.333,21.1,21.33,19006
2016-06-09,21.36,21.63,21.36,21.6,25561
2016-06-10,21.65,22.03,21.65,21.97,19190
2016-06-13,22.11,22.11,21.9701,22.07,5090
2016-06-14,21.94,22.3406,21.93,22.23,19911
2016-06-15,22.3,22.3,21.96,22.15,16979
2016-06-16,22.3701,22.52,22.32,22.32,83962
2016-06-17,22.13,22.28,22.1101,22.22,5691
2016-06-20,22.23,22.23,21.94,22.02,7596
2016-06-21,22.13,22.245,22.09,22.09,15983
2016-06-22,22.1199,22.19,22.0,22.19,16062
2016-06-23,21.98,21.9999,21.88,21.91,22440
2016-06-24,22.09,22.86,22.09,22.85,40073
2016-06-27,22.85,23.69,22.85,23.59,69636
2016-06-28,23.28,23.6347,22.4844,23.39,38631
2016-06-29,23.45,23.52,23.15,23.1801,23417
2016-06-30,23.15,23.68,23.0035,23.25,8785
2016-07-01,23.18,23.2299,23.0,23.12,43607
2016-07-05,23.44,23.85,23.44,23.71,30134
2016-07-06,24.04,24.47,23.2,23.73,10026
2016-07-07,23.58,23.657,23.35,23.47,200211
2016-07-08,23.16,23.3538,23.0,23.2332,74091
2016-07-11,23.22,23.22,22.8601,23.03,34596
2016-07-12,22.78,22.78,22.49,22.53,180793
2016-07-13,22.79,22.79,22.1501,22.66,29473
2016-07-14,22.38,22.57,22.325,22.49,16455
2016-07-15,22.29,22.5,22.01,22.49,20953
2016-07-18,22.25,22.5,21.9001,22.23,16212
2016-07-19,22.17,22.4893,22.17,22.45,15777
2016-07-20,22.51,22.5651,22.26,22.3,5420
2016-07-21,22.1,22.349,22.07,22.349,20684
2016-07-22,22.3499,22.45,22.34,22.3615,4150
2016-07-25,22.06,22.3899,21.94,22.31,9086
2016-07-26,22.3178,22.3178,22.02,22.04,15293
2016-07-27,22.0,22.0499,21.76,21.91,97614
2016-07-28,21.95,22.021,21.89,21.95,4596
2016-07-29,21.93,22.1299,21.88,21.88,7506
2016-08-01,22.25,22.25,21.91,22.0674,16737
2016-08-02,21.79,22.3,21.79,22.17,54806
2016-08-03,22.11,22.14,22.0,22.0041,41642
2016-08-04,21.9343,22.0,21.8501,21.92,7537
2016-08-05,21.9,21.9,21.6501,21.67,11396
2016-08-08,21.63,21.6688,21.5701,21.63,10331
2016-08-09,21.545,21.724,21.545,21.7,5618
2016-08-10,21.8192,21.88,21.8101,21.88,2197
2016-08-11,21.821,21.821,21.6601,21.695,3873
2016-08-12,21.7848,21.8072,21.7805,21.8004,1556
2016-08-15,21.5712,21.5712,21.47,21.48,15949
2016-08-16,21.48,21.4879,21.4387,21.46,5091
2016-08-17,21.4923,21.5299,21.4401,21.51,5098
2016-08-18,21.42,21.4552,21.42,21.43,2299
2016-08-19,21.4999,21.4999,21.42,21.42,9914
2016-08-22,21.52,21.5695,21.48,21.5354,7653
2016-08-23,21.45,21.45,21.319,21.354,7070
2016-08-24,21.37,21.540399999999998,21.2701,21.525,11584
2016-08-25,21.54,21.552,21.5,21.552,26564
2016-08-26,21.6499,21.6499,21.42,21.43,2671
2016-08-29,21.42,21.42,21.3414,21.3501,3735
2016-08-30,21.2709,21.399,21.201,21.3464,3334
2016-08-31,21.31,21.472,21.31,21.3827,2654
2016-09-01,21.44,21.45,21.44,21.4494,2127
2016-09-02,21.48,21.48,21.36,21.44,2421
2016-09-06,21.48,21.48,21.12,21.47,10130
2016-09-07,21.36,21.4087,21.34,21.39,3523
2016-09-08,21.41,21.41,21.19,21.24,20900
2016-09-09,21.1901,21.33,21.1901,21.29,16917
2016-09-12,21.42,21.48,21.19,21.2,18647
2016-09-13,21.35,21.47,21.32,21.3599,9834
2016-09-14,21.43,21.43,21.3416,21.3428,1033
2016-09-15,21.271,21.3167,21.2,21.2004,5574
2016-09-16,21.3189,21.3189,21.1829,21.1829,698
2016-09-19,21.19,21.19,21.0401,21.06,5577
2016-09-20,21.171,21.3045,21.171,21.2301,1825
2016-09-21,21.16,21.2823,21.15,21.2655,27796
2016-09-22,21.221,21.221,21.221,21.221,501
2016-09-23,21.39,21.39,21.1,21.35,7533
2016-09-26,21.42,21.53,21.3848,21.53,6748
2016-09-27,21.5,21.5,21.4,21.41,2454
2016-09-28,21.31,21.462,21.18,21.18,117801
2016-09-29,21.3,21.3,21.1328,21.2201,2178
2016-09-30,21.06,21.0999,21.03,21.03,1512
2016-10-03,21.003,21.003,20.85,20.97,3797
2016-10-04,20.83,20.9612,20.83,20.9115,8773
2016-10-05,19.86,21.0,19.86,20.5898,28040
2016-10-06,20.58,20.7699,20.58,20.68,2831
2016-10-07,20.7001,20.859,20.7,20.78,1653
2016-10-10,20.66,20.8199,20.62,20.7764,6084
2016-10-11,20.85,20.956,20.85,20.92,16829
2016-10-12,21.0424,21.1289,20.96,21.1289,2155
2016-10-13,21.28,21.35,21.27,21.3306,1883
2016-10-14,21.322,21.322,21.3101,21.3101,202
2016-10-17,21.4123,21.4123,21.3501,21.356,930
2016-10-18,21.31,21.3522,21.31,21.35,1887
2016-10-19,21.2001,21.2001,21.13,21.19,19840
2016-10-20,21.178,21.178,21.1236,21.153,969
2016-10-21,21.08,21.103,21.08,21.103,471
2016-10-24,21.1,21.16,21.1,21.14,5255
2016-10-25,21.3,21.3,21.28,21.28,1070
2016-10-26,21.3034,21.304,21.3034,21.304,1209
2016-10-27,21.1417,21.156,21.11,21.15,9733
2016-10-28,21.29,21.29,20.3525,21.25,5272
2016-10-31,21.2867,21.3601,21.2867,21.3601,2220
2016-11-01,21.39,21.46,21.32,21.3618,7746
2016-11-02,21.46,21.62,21.455,21.534,9434
2016-11-03,21.58,21.58,21.45,21.5365,6949
2016-11-04,21.382,21.4628,21.37,21.4,8957
2016-11-07,21.36,21.36,21.13,21.15,6151
2016-11-08,20.98,21.3,20.98,21.19,15717
2016-11-09,21.25,21.25,20.0346,20.5629,31497
2016-11-10,20.32,20.32,19.78,19.96,27930
2016-11-11,20.03,20.1787,19.86,19.86,30171
2016-11-14,19.7,19.768,19.52,19.768,10218
2016-11-15,19.77,19.77,19.5495,19.5495,12784
2016-11-16,19.5501,19.5977,19.5501,19.5696,1645
2016-11-17,19.5696,19.5696,19.5696,19.5696,187
2016-11-18,19.55,19.55,19.4679,19.5,10025
2016-11-21,19.4626,19.4626,19.39,19.39,5743
2016-11-22,19.41,19.5,19.41,19.45,8403
2016-11-23,19.48,19.48,19.43,19.43,1099
2016-11-25,19.4362,19.4362,19.4362,19.4362,303
2016-11-28,19.57,19.64,19.57,19.62,1106
2016-11-29,19.69,19.8862,19.68,19.84,9418
2016-11-30,19.53,19.56,19.42,19.42,1801
2016-12-01,19.2,19.3,19.1769,19.29,4755
2016-12-02,19.34,19.39,19.34,19.39,663
2016-12-05,19.28,19.373,19.28,19.373,4091
2016-12-06,19.21,19.2256,19.13,19.13,900
2016-12-07,19.15,19.2484,19.07,19.07,26858
2016-12-08,19.051,19.1,18.97,18.97,18193
2016-12-09,18.06,18.98,18.06,18.975,27872
2016-12-12,19.1,19.4,19.1,19.4,2051
2016-12-13,19.32,19.321,19.31,19.31,3153
2016-12-14,19.37,19.4275,19.37,19.4275,1143
2016-12-15,19.23,19.3497,19.21,19.21,9071
2016-12-16,19.32,19.38,19.291,19.38,6032
2016-12-19,19.51,19.532,19.48,19.532,787
2016-12-20,19.3213,19.3213,19.3213,19.3213,201
2016-12-21,19.35,19.35,19.331,19.331,60454
2016-12-22,19.35,19.4502,19.35,19.4502,3353
2016-12-23,19.4601,19.4601,19.41,19.41,1192
2016-12-27,19.3621,19.3621,19.3621,19.3621,137
2016-12-28,19.95,19.95,19.35,19.47,11321
2016-12-29,19.561,19.68,19.561,19.6755,1250
2016-12-30,19.61,19.7,19.61,19.7,13575
2017-01-03,19.4,19.59,19.39,19.5,10744
2017-01-04,19.3701,19.38,19.22,19.22,3462
2017-01-05,19.16,19.49,19.16,19.35,23993
2017-01-06,19.33,19.3601,19.33,19.33,6013
2017-01-09,19.32,19.46,19.035,19.34,162420
2017-01-10,19.27,19.3001,19.21,19.21,9311
2017-01-11,19.23,19.23,19.23,19.23,101
2017-01-12,19.32,19.43,19.32,19.43,2917
2017-01-13,19.2872,19.2872,19.17,19.2,1940
2017-01-17,19.18,19.55,19.18,19.54,4100
2017-01-18,19.5496,19.5673,19.5496,19.5673,1272
2017-01-19,19.484,19.5,19.46,19.46,2579
2017-01-20,19.5,19.5156,19.45,19.45,950
2017-01-23,19.57,19.57,19.57,19.57,385
2017-01-24,19.57,19.57,19.57,19.57,3
2017-01-25,19.1487,19.1487,19.1487,19.1487,145
2017-01-26,19.0601,19.13,19.05,19.08,2236
2017-01-27,18.96,18.96,18.78,18.78,1300
2017-01-30,19.17,19.47,19.17,19.3702,989
2017-01-31,19.43,19.43,19.25,19.2932,10995
2017-02-01,19.26,19.26,19.13,19.13,8259
2017-02-02,19.32,19.32,19.31,19.32,6500
2017-02-03,19.19,19.2,19.14,19.14,835
2017-02-06,19.16,19.22,19.16,19.22,200
2017-02-07,19.19,19.28,19.19,19.28,1050
2017-02-08,19.28,19.28,19.28,19.28,0
2017-02-09,19.34,19.34,19.2,19.21,1360
2017-02-10,19.16,19.16,19.16,19.16,100
2017-02-13,19.08,19.13,19.08,19.09,5882
2017-02-14,19.03,19.07,18.95,18.95,3585
2017-02-15,18.85,18.85,18.82,18.82,1027
2017-02-16,18.94,19.04,18.94,19.0,1171
2017-02-17,18.99,19.01,18.99,19.01,320
2017-02-21,19.01,19.01,19.01,19.01,1
2017-02-22,19.01,19.01,19.01,19.01,52
2017-02-23,19.13,19.24,19.13,19.24,1341
2017-02-24,19.34,19.4,19.29,19.35,2117
2017-02-27,19.27,19.27,19.15,19.15,1170
2017-02-28,19.35,19.35,19.35,19.35,893
2017-03-01,19.03,19.15,19.03,19.09,9841
2017-03-02,19.2,19.24,19.16,19.24,2602
2017-03-03,19.25,19.25,19.23,19.23,300
2017-03-06,19.38,19.4,19.38,19.4,287
2017-03-07,19.4,19.4,19.4,19.4,201
2017-03-08,19.39,19.39,19.37,19.39,601
2017-03-09,19.31,19.45,19.31,19.45,1225
2017-03-10,19.44,19.44,19.37,19.37,2457
2017-03-13,19.41,19.41,19.41,19.41,128
2017-03-14,19.54,19.54,19.43,19.43,8215
2017-03-15,19.45,19.45,19.38,19.38,250
2017-03-16,19.41,19.41,19.37,19.39,1835
2017-03-17,19.5,19.56,19.5,19.54,700
2017-03-20,19.59,19.62,19.59,19.62,1083
2017-03-21,19.66,20.03,19.66,20.03,5792
2017-03-22,20.15,20.15,20.14,20.14,1159
2017-03-23,20.03,20.09,20.03,20.04,757
2017-03-24,20.07,20.07,20.07,20.07,711
2017-03-27,20.21,20.21,20.13,20.13,5145
2017-03-28,20.48,20.48,19.9,19.9,1010
2017-03-29,19.85,19.93,19.79,19.82,48812
2017-03-30,19.83,19.85,19.73,19.73,24723
2017-03-31,19.75,19.75,19.75,19.75,615
2017-04-03,19.98,19.99,19.88,19.88,2928
2017-04-04,19.98,19.98,19.98,19.98,500
2017-04-05,20.12,20.12,20.12,20.12,124
2017-04-06,20.04,20.04,19.98,19.98,874
2017-04-07,19.84,19.84,19.8,19.8,780
2017-04-10,19.95,19.95,19.95,19.95,200
2017-04-11,20.08,20.09,20.01,20.01,962
2017-04-12,20.14,20.17,20.12,20.17,4047
2017-04-13,20.2,20.31,20.2,20.31,3059
2017-04-17,20.32,20.32,20.27,20.29,4110
2017-04-18,20.35,20.38,20.34,20.34,1349
2017-04-19,20.27,20.27,20.19,20.19,712
2017-04-20,20.17,20.17,20.08,20.08,3884
2017-04-21,20.08,20.08,20.08,20.08,1
2017-04-24,20.08,20.08,20.08,20.08,20
2017-04-25,19.83,19.92,19.83,19.9,5838
2017-04-26,19.85,19.85,19.73,19.73,5066
2017-04-27,19.75,19.94,19.75,19.88,927
2017-04-28,19.94,19.99,19.94,19.99,2223
2017-05-01,20.02,20.03,19.98,20.03,2730
2017-05-02,20.03,20.03,20.02,20.02,1900
2017-05-03,20.03,20.03,20.03,20.03,311
2017-05-04,19.98,19.98,19.98,19.98,194
2017-05-05,19.83,19.98,19.83,19.91,1043
2017-05-08,19.91,19.91,19.91,19.91,124
2017-05-09,19.85,19.85,19.82,19.84,3800
2017-05-10,19.83,19.84,19.82,19.82,464
2017-05-11,19.86,19.86,19.86,19.86,100
2017-05-12,19.85,20.03,19.85,20.02,550
2017-05-15,20.08,20.08,19.89,19.89,704
2017-05-16,19.83,19.93,19.83,19.85,4318
2017-05-17,20.08,20.35,20.08,20.27,4069
2017-05-18,20.33,20.35,20.33,20.35,623
2017-05-19,20.17,20.18,20.17,20.17,616
2017-05-22,20.24,20.24,20.24,20.24,151
2017-05-23,20.24,20.24,20.24,20.24,12
2017-05-24,20.24,20.37,20.24,20.37,1124
2017-05-25,20.37,20.37,20.37,20.37,0
2017-05-26,20.41,20.46,20.4,20.46,5184
2017-05-30,20.4,20.55,20.4,20.55,5101
2017-05-31,20.66,20.77,20.66,20.77,359
2017-06-01,20.51,20.54,20.43,20.45,6599
2017-06-02,20.45,20.45,20.45,20.45,0
2017-06-05,20.49,20.54,20.49,20.53,2462
2017-06-06,20.53,20.53,20.53,20.53,38
2017-06-07,20.54,20.54,20.54,20.54,226
2017-06-08,20.28,20.3,20.28,20.3,1035
2017-06-09,20.22,20.22,20.05,20.05,429
2017-06-12,19.95,20.06,19.95,20.06,2267
2017-06-13,20.02,20.02,20.02,20.02,435
2017-06-14,20.26,20.26,20.17,20.2,888
2017-06-15,20.2,20.2,20.2,20.2,28
2017-06-16,20.31,20.36,20.31,20.36,698
2017-06-19,20.26,20.28,20.26,20.27,2865
2017-06-20,20.28,20.34,20.27,20.34,5911
2017-06-21,20.3,20.38,20.3,20.38,300
2017-06-22,20.38,20.4,20.35,20.4,5028
2017-06-23,20.35,20.35,20.32,20.32,1700
2017-06-26,20.32,20.32,20.32,20.32,46
2017-06-27,20.15,20.3,20.15,20.3,1099
2017-06-28,20.39,20.39,20.06,20.06,3243
2017-06-29,19.94,20.07,19.93,20.01,2146
2017-06-30,20.01,20.01,20.01,20.01,100
2017-07-03,20.01,20.01,20.01,20.01,0
2017-07-05,19.84,19.84,19.83,19.83,2100
2017-07-06,19.9,19.91,19.9,19.91,300
2017-07-07,19.92,19.92,19.92,19.92,451
2017-07-10,19.89,19.89,19.86,19.89,1109
2017-07-11,19.89,19.89,19.86,19.86,641
2017-07-12,19.86,19.86,19.86,19.86,0
2017-07-13,19.81,19.83,19.81,19.8137,958
2017-07-14,19.84,19.84,19.59,19.74,11103
2017-07-17,19.79,19.82,19.79,19.81,741
2017-07-18,19.81,19.81,19.81,19.81,30
2017-07-19,19.78,19.78,19.77,19.78,1376
2017-07-20,19.78,19.78,19.78,19.78,0
2017-07-21,19.84,19.86,19.82,19.86,516
2017-07-24,19.86,19.86,19.84,19.84,533
2017-07-25,19.65,19.66,19.65,19.66,569
2017-07-26,19.6,19.77,19.6,19.77,650
2017-07-27,19.57,19.93,19.57,19.93,5578
2017-07-28,19.94,19.94,19.94,19.94,100
2017-07-31,20.01,20.01,19.92,19.97,6676
2017-08-01,20.02,20.05,19.99,19.99,606
2017-08-02,19.99,19.99,19.99,19.99,0
2017-08-03,20.01,20.05,20.01,20.05,404
2017-08-04,20.13,20.13,20.13,20.13,1050
2017-08-07,20.13,20.13,20.13,20.13,2
2017-08-08,19.91,19.91,19.89,19.89,2100
2017-08-09,19.89,19.89,19.89,19.89,120
2017-08-10,20.2167,20.44,20.2167,20.44,2510
2017-08-11,20.4488,20.46,20.35,20.35,3502
2017-08-14,20.3777,20.3777,20.3395,20.34,301
2017-08-15,20.33,20.38,20.33,20.38,1361
2017-08-16,20.4281,20.4281,20.4281,20.4281,100
2017-08-17,20.43,20.56,20.43,20.56,3819
2017-08-18,20.56,20.56,20.56,20.56,1
2017-08-21,20.67,20.69,20.64,20.64,12701
2017-08-22,20.55,20.55,20.55,20.55,471
2017-08-23,20.53,20.53,20.42,20.48,2700
2017-08-24,20.36,20.39,20.36,20.39,901
2017-08-25,20.35,20.35,20.32,20.32,1400
2017-08-28,20.29,20.29,20.29,20.29,200
2017-08-29,20.42,20.42,20.19,20.2275,2933
2017-08-30,20.15,20.15,20.08,20.11,2642
2017-08-31,20.02,20.0501,20.0,20.05,4079
2017-09-01,20.12,20.12,20.0,20.0147,3036
2017-09-05,20.159,20.159,20.15,20.15,826
2017-09-06,20.06,20.16,20.06,20.11,3014
2017-09-07,20.27,20.27,20.27,20.27,100
2017-09-08,20.27,20.27,20.27,20.27,0
2017-09-11,20.3,20.3,20.22,20.24,5769
2017-09-12,20.04,20.06,20.04,20.06,370
2017-09-13,19.96,19.96,19.93,19.93,5116
2017-09-14,19.93,20.0,19.93,19.95,1800
2017-09-15,20.1085,20.1085,20.07,20.07,803
2017-09-18,19.93,19.95,19.91,19.91,1438
2017-09-19,19.81,19.86,19.81,19.86,525
2017-09-20,19.86,19.86,19.86,19.86,0
2017-09-21,19.75,19.75,19.67,19.67,918
2017-09-22,19.72,19.72,19.72,19.72,501
2017-09-25,19.6,19.66,19.6,19.66,1761
2017-09-26,19.57,19.58,19.56,19.58,6862
2017-09-27,19.38,19.4,19.35,19.35,1100
2017-09-28,19.36,19.36,19.28,19.28,500
2017-09-29,19.23,19.23,19.23,19.23,641
