2012-03-28,49.64,49.64,49.64,49.64,300
2012-03-29,49.0,49.0,49.0,49.0,100
2012-03-30,51.05,51.05,49.9294,50.66,6350
2012-04-02,50.99,51.0,50.99,51.0,200
2012-04-03,50.66,50.66,50.66,50.66,100
2012-04-04,50.28,50.28,50.28,50.28,100
2012-04-05,50.64,50.64,50.5,50.5,200
2012-04-09,50.5,50.5,50.5,50.5,0
2012-04-10,50.5,50.5,50.5,50.5,0
2012-04-11,50.5,50.5,50.5,50.5,0
2012-04-12,50.5,50.5,50.5,50.5,0
2012-04-13,49.1,49.1,49.1,49.1,200
2012-04-16,48.4098,48.42,48.4098,48.42,270
2012-04-17,48.67,48.67,48.67,48.67,100
2012-04-18,48.67,48.67,48.67,48.67,0
2012-04-19,48.67,48.67,48.67,48.67,0
2012-04-20,48.0,48.0,48.0,48.0,100
2012-04-23,48.0,48.0,48.0,48.0,0
2012-04-24,48.0,48.0,48.0,48.0,0
2012-04-25,48.0,48.0,48.0,48.0,0
2012-04-26,48.2201,48.2202,48.2201,48.2202,200
2012-04-27,48.59,48.59,48.59,48.59,200
2012-04-30,48.8,48.8,48.8,48.8,100
2012-05-01,48.4,48.4,48.4,48.4,200
2012-05-02,48.17,48.17,47.5,47.6,2000
2012-05-03,47.6,47.6,47.6,47.6,0
2012-05-04,47.26,47.31,46.98,47.31,2700
2012-05-07,47.31,47.31,47.31,47.31,0
2012-05-08,47.41,47.41,47.41,47.41,400
2012-05-09,47.41,47.41,47.41,47.41,0
2012-05-10,46.33,46.33,46.308,46.308,680
2012-05-11,45.72,45.77,45.71,45.71,800
2012-05-14,45.71,45.71,45.71,45.71,0
2012-05-15,45.71,45.71,45.71,45.71,0
2012-05-16,46.33,46.33,46.33,46.33,136
2012-05-17,46.81,46.81,46.81,46.81,100
2012-05-18,47.5,47.5,47.5,47.5,100
2012-05-21,47.5,47.5,47.5,47.5,125
2012-05-22,46.73,46.73,46.73,46.73,100
2012-05-23,46.73,46.73,46.73,46.73,0
2012-05-24,46.73,46.73,46.73,46.73,0
2012-05-25,46.73,46.73,46.73,46.73,0
2012-05-29,46.73,46.73,46.73,46.73,0
2012-05-30,46.73,46.73,46.73,46.73,0
2012-05-31,46.73,46.73,46.73,46.73,0
2012-06-01,46.73,46.73,46.73,46.73,0
2012-06-04,46.73,46.73,46.73,46.73,0
2012-06-05,46.73,46.73,46.73,46.73,0
2012-06-06,46.73,46.73,46.73,46.73,0
2012-06-07,46.73,46.73,46.73,46.73,0
2012-06-08,47.83,47.83,46.11,46.11,300
2012-06-11,46.38,46.38,46.38,46.38,100
2012-06-12,45.41,45.41,45.41,45.41,100
2012-06-13,45.11,45.63,45.11,45.25,53177
2012-06-14,45.25,45.25,45.25,45.25,0
2012-06-15,45.25,45.25,45.25,45.25,0
2012-06-18,45.25,45.25,45.25,45.25,0
2012-06-19,46.9,46.9,46.9,46.9,100
2012-06-20,48.08,48.08,48.08,48.08,200
2012-06-21,48.61,48.61,48.61,48.61,200
2012-06-22,48.61,48.61,48.61,48.61,0
2012-06-25,48.61,48.61,48.61,48.61,0
2012-06-26,48.61,48.61,48.61,48.61,0
2012-06-27,51.94,51.94,51.0,51.0,200
2012-06-28,51.47,53.0,48.01,48.01,1194
2012-06-29,48.01,48.01,48.01,48.01,0
2012-07-02,54.122,54.122,51.0,51.0,400
2012-07-03,51.0,51.0,51.0,51.0,0
2012-07-05,51.0,51.0,51.0,51.0,0
2012-07-06,51.0,51.0,51.0,51.0,0
2012-07-09,51.0,51.0,51.0,51.0,0
2012-07-10,57.149,57.77,56.44,57.57,846
2012-07-11,59.29,59.33,57.999,59.2,1020
2012-07-12,59.2,59.2,59.2,59.2,0
2012-07-13,67.53,67.53,58.99,59.0,1000
2012-07-16,59.0,59.0,59.0,59.0,0
2012-07-17,61.09,61.14,61.09,61.14,600
2012-07-18,61.15,67.67,60.24,66.9782,940
2012-07-19,67.98,73.1799,55.84,59.7,2810
2012-07-20,59.17,59.17,59.17,59.17,100
2012-07-23,59.125,62.7,58.4,58.4,2100
2012-07-24,55.09,55.1401,55.0,55.1401,700
2012-07-25,58.0,58.0,55.39,55.39,1454
2012-07-26,55.49,57.115,54.03,54.03,4006
2012-07-27,55.01,55.01,55.01,55.01,500
2012-07-30,56.0,56.0,55.8,55.8,525
2012-07-31,55.54,55.54,55.54,55.54,100
2012-08-01,55.8,55.8,55.8,55.8,175
2012-08-02,55.0,55.0,54.6,54.6,323
2012-08-03,55.37,55.37,54.57,55.0,700
2012-08-06,55.0,55.0,54.523,54.87,816
2012-08-07,54.87,54.87,54.87,54.87,0
2012-08-08,54.295,54.43,54.178,54.43,1000
2012-08-09,54.79,54.92,54.79,54.92,400
2012-08-10,55.1199,55.1199,55.1199,55.1199,100
2012-08-13,55.1199,55.1199,55.1199,55.1199,0
2012-08-14,53.48,53.82,53.48,53.82,400
2012-08-15,53.8346,54.88,53.8346,54.88,500
2012-08-16,54.31,54.31,53.782,53.782,475
2012-08-17,54.4,54.4,54.4,54.4,100
2012-08-20,54.81,54.82,54.8,54.8,900
2012-08-21,55.13,55.3808,55.07,55.07,2475
2012-08-22,55.08,55.08,55.08,55.08,100
2012-08-23,55.08,55.08,55.08,55.08,0
2012-08-24,55.08,55.08,55.08,55.08,0
2012-08-27,55.08,55.08,55.08,55.08,0
2012-08-28,54.29,54.3701,54.29,54.3701,670
2012-08-29,54.9208,54.9208,54.9208,54.9208,500
2012-08-30,54.9208,54.9208,54.9208,54.9208,0
2012-08-31,54.8,54.8999,54.8,54.8999,350
2012-09-04,54.8999,54.8999,54.8999,54.8999,0
2012-09-05,54.55,54.55,54.32,54.32,300
2012-09-06,54.32,54.32,54.32,54.32,0
2012-09-07,54.93,54.93,54.91,54.91,550
2012-09-10,54.69,54.69,54.62,54.62,2300
2012-09-11,54.62,54.62,54.62,54.62,0
2012-09-12,54.62,54.62,54.62,54.62,0
2012-09-13,54.62,54.62,54.62,54.62,0
2012-09-14,54.62,54.62,54.62,54.62,0
2012-09-17,54.62,54.62,54.62,54.62,0
2012-09-18,53.3,53.4999,52.5192,52.5192,1200
2012-09-19,52.5192,52.5192,52.5192,52.5192,0
2012-09-20,53.19,53.2236,53.154,53.154,1400
2012-09-21,53.154,53.154,53.154,53.154,0
2012-09-24,53.35,53.35,53.02,53.02,1400
2012-09-25,53.7699,53.7699,53.39,53.59,1200
2012-09-26,53.2,53.2,52.8,52.8,275
2012-09-27,51.99,52.0513,51.65,51.65,1200
2012-09-28,52.36,52.36,52.36,52.36,500
2012-10-01,53.2,53.2,53.2,53.2,100
2012-10-02,52.94,52.94,52.94,52.94,100
2012-10-03,52.94,52.94,52.94,52.94,0
2012-10-04,52.94,52.94,52.94,52.94,0
2012-10-05,52.9,52.97,52.9,52.9,2100
2012-10-08,52.64,52.71,52.18,52.47,1846
2012-10-09,52.47,52.47,52.47,52.47,0
2012-10-10,52.47,52.47,52.47,52.47,0
2012-10-11,52.88,53.25,52.88,52.99,5740
2012-10-12,51.83,51.83,51.83,51.83,100
2012-10-15,51.83,51.83,51.83,51.83,0
2012-10-16,51.83,51.83,51.83,51.83,0
2012-10-17,51.83,51.83,51.83,51.83,0
2012-10-18,51.83,51.83,51.83,51.83,0
2012-10-19,51.83,51.83,51.83,51.83,0
2012-10-22,51.83,51.83,51.83,51.83,0
2012-10-23,51.8033,51.8033,51.8033,51.8033,100
2012-10-24,51.8033,51.8033,51.8033,51.8033,0
2012-10-25,51.8033,51.8033,51.8033,51.8033,0
2012-10-26,51.8033,51.8033,51.8033,51.8033,0
2012-10-31,51.8033,51.8033,51.8033,51.8033,0
2012-11-01,51.8033,51.8033,51.8033,51.8033,0
2012-11-02,51.8033,51.8033,51.8033,51.8033,0
2012-11-05,51.8033,51.8033,51.8033,51.8033,0
2012-11-06,51.8033,51.8033,51.8033,51.8033,0
2012-11-07,51.8033,51.8033,51.8033,51.8033,0
2012-11-08,51.8033,51.8033,51.8033,51.8033,0
2012-11-09,51.8033,51.8033,51.8033,51.8033,0
2012-11-12,51.8033,51.8033,51.8033,51.8033,0
2012-11-13,51.8033,51.8033,51.8033,51.8033,0
2012-11-14,50.18,50.18,50.18,50.18,1800
2012-11-15,49.8966,49.8966,49.8966,49.8966,100
2012-11-16,49.8966,49.8966,49.8966,49.8966,0
2012-11-19,49.8966,49.8966,49.8966,49.8966,0
2012-11-20,50.14,50.3499,50.14,50.3499,200
2012-11-21,50.3499,50.3499,50.3499,50.3499,0
2012-11-23,50.3499,50.3499,50.3499,50.3499,0
2012-11-26,50.3499,50.3499,50.3499,50.3499,0
2012-11-27,50.3499,50.3499,50.3499,50.3499,0
2012-11-28,50.3499,50.3499,50.3499,50.3499,0
2012-11-29,50.3499,50.3499,50.3499,50.3499,0
2012-11-30,50.76,50.76,50.76,50.76,600
2012-12-03,51.41,51.46,51.33,51.33,375
2012-12-04,51.33,51.33,51.33,51.33,0
2012-12-05,50.98,51.07,50.98,51.0,800
2012-12-06,51.0,51.0,51.0,51.0,0
2012-12-07,51.0,51.0,51.0,51.0,0
2012-12-10,50.1801,50.1801,50.1801,50.1801,100
2012-12-11,50.1801,50.1801,50.1801,50.1801,0
2012-12-12,50.1801,50.1801,50.1801,50.1801,0
2012-12-13,50.1801,50.1801,50.1801,50.1801,0
2012-12-14,50.0499,50.1701,50.01,50.17,800
2012-12-17,50.17,50.17,50.17,50.17,0
2012-12-18,50.17,50.17,50.17,50.17,0
2012-12-19,50.17,50.17,50.17,50.17,0
2012-12-20,48.7,48.79,48.7,48.7,400
2012-12-21,48.7,48.7,48.7,48.7,0
2012-12-24,48.7,48.7,48.7,48.7,0
2012-12-26,48.7,48.7,48.7,48.7,0
2012-12-27,48.59,48.59,48.59,48.59,4500
2012-12-28,48.59,48.59,48.59,48.59,0
2012-12-31,48.59,48.59,48.59,48.59,0
2013-01-02,48.02,48.45,48.02,48.4442,1950
2013-01-03,48.4442,48.4442,48.4442,48.4442,0
2013-01-04,48.4442,48.4442,48.4442,48.4442,0
2013-01-07,48.4442,48.4442,48.4442,48.4442,0
2013-01-08,47.54,47.69,47.5,47.55,1700
2013-01-09,47.76,47.76,47.44,47.44,410
2013-01-10,47.44,47.44,47.44,47.44,0
2013-01-11,47.44,47.44,47.44,47.44,0
2013-01-14,47.44,47.44,47.44,47.44,0
2013-01-15,48.4,48.638,48.4,48.59,1200
2013-01-16,48.59,48.59,48.59,48.59,0
2013-01-17,48.4499,48.4499,48.4499,48.4499,100
2013-01-18,48.4499,48.4499,48.4499,48.4499,0
2013-01-22,48.7,48.7,48.4,48.4,1105
2013-01-23,48.24,48.3,48.24,48.3,1000
2013-01-24,47.68,47.68,47.65,47.65,300
2013-01-25,47.98,47.98,47.98,47.98,900
2013-01-28,47.98,47.98,47.98,47.98,0
2013-01-29,47.98,47.98,47.98,47.98,0
2013-01-30,48.7525,48.85,48.7525,48.85,900
2013-01-31,48.85,48.85,48.85,48.85,0
2013-02-01,48.85,48.85,48.85,48.85,0
2013-02-04,48.71,48.949,48.42,48.45,1495
2013-02-05,48.45,48.45,48.45,48.45,0
2013-02-06,48.45,48.45,48.45,48.45,0
2013-02-07,48.45,48.45,48.45,48.45,0
2013-02-08,48.45,48.45,48.45,48.45,0
2013-02-11,46.45,46.45,46.45,46.45,100
2013-02-12,46.45,46.45,46.45,46.45,0
2013-02-13,46.31,46.31,46.31,46.31,100
2013-02-14,46.31,46.31,46.31,46.31,0
2013-02-15,46.31,46.31,46.31,46.31,0
2013-02-19,46.31,46.31,46.31,46.31,0
2013-02-20,46.31,46.31,46.31,46.31,0
2013-02-21,46.31,46.31,46.31,46.31,0
2013-02-22,46.31,46.31,46.31,46.31,0
2013-02-25,45.5901,45.5901,45.5901,45.5901,100
2013-02-26,45.42,45.53,45.42,45.53,555
2013-02-27,45.53,45.53,45.53,45.53,0
2013-02-28,45.53,45.53,45.53,45.53,0
2013-03-01,45.53,45.53,45.53,45.53,0
2013-03-04,45.53,45.53,45.53,45.53,0
2013-03-05,45.53,45.53,45.53,45.53,0
2013-03-06,45.53,45.53,45.53,45.53,0
2013-03-07,45.53,45.53,45.53,45.53,0
2013-03-08,45.6801,45.6801,45.6801,45.6801,105
2013-03-11,45.6801,45.6801,45.6801,45.6801,0
2013-03-12,45.6801,45.6801,45.6801,45.6801,0
2013-03-13,46.0,46.0,46.0,46.0,100
2013-03-14,46.0,46.0,46.0,46.0,0
2013-03-15,46.0,46.0,46.0,46.0,0
2013-03-18,46.0,46.0,46.0,46.0,0
2013-03-19,45.74,45.74,45.74,45.74,900
2013-03-20,45.74,45.74,45.74,45.74,0
2013-03-21,45.74,45.74,45.74,45.74,0
2013-03-22,45.74,45.74,45.74,45.74,0
2013-03-25,45.74,45.74,45.74,45.74,0
2013-03-26,45.74,45.74,45.74,45.74,0
2013-03-27,45.93,45.93,45.93,45.93,900
2013-03-28,45.73,45.73,44.5,44.5,500
2013-04-01,46.0,46.0,44.35,44.35,600
2013-04-02,44.35,44.35,44.35,44.35,0
2013-04-03,43.23,43.57,43.23,43.48,400
2013-04-04,44.0,44.0,43.75,43.75,200
2013-04-05,43.75,43.75,43.75,43.75,0
2013-04-08,43.75,43.75,43.75,43.75,0
2013-04-09,43.75,43.75,43.75,43.75,0
2013-04-10,43.92,44.02,43.92,44.02,600
2013-04-11,44.02,44.02,44.02,44.02,0
2013-04-12,44.02,44.02,44.02,44.02,0
2013-04-15,44.02,44.02,44.02,44.02,0
2013-04-16,44.02,44.02,44.02,44.02,0
2013-04-17,44.02,44.02,44.02,44.02,0
2013-04-18,44.02,44.02,44.02,44.02,0
2013-04-19,44.02,44.02,44.02,44.02,0
2013-04-22,44.02,44.02,44.02,44.02,0
2013-04-23,43.05,43.05,42.44,42.7,1200
2013-04-24,42.38,43.12,42.23,42.25,4298
2013-04-25,42.25,42.25,42.25,42.25,0
2013-04-26,42.25,42.25,42.25,42.25,0
2013-04-29,43.82,43.82,42.9,42.9,3800
2013-04-30,43.58,43.9,43.58,43.89,901
2013-05-01,43.89,43.89,43.89,43.89,0
2013-05-02,43.51,43.51,43.51,43.51,100
2013-05-03,43.51,43.51,43.51,43.51,0
2013-05-06,42.88,43.68,42.88,43.68,798
2013-05-07,43.32,43.6,43.32,43.37,1399
2013-05-08,43.6,43.6,43.6,43.6,402
2013-05-09,43.75,43.75,43.08,43.08,300
2013-05-10,43.08,43.08,43.08,43.08,0
2013-05-13,43.08,43.08,43.08,43.08,0
2013-05-14,43.9,43.9,42.9,42.9,1400
2013-05-15,42.9,42.9,42.9,42.9,0
2013-05-16,42.9,42.9,42.9,42.9,0
2013-05-17,43.4,43.4,42.3,42.3,1000
2013-05-20,43.25,43.25,43.25,43.25,100
2013-05-21,43.25,43.25,43.25,43.25,0
2013-05-22,42.0,42.0,42.0,42.0,100
2013-05-23,42.0,42.0,42.0,42.0,0
2013-05-24,42.0,42.0,42.0,42.0,0
2013-05-28,42.0,42.0,42.0,42.0,0
2013-05-29,43.7,43.7,42.4,42.4,600
2013-05-30,44.2099,44.2099,42.11,42.11,1900
2013-05-31,44.41,44.41,42.11,42.11,1800
2013-06-03,44.55,44.55,42.2,42.2,400
2013-06-04,44.3,44.3,44.3,44.3,100
2013-06-05,43.96,43.97,42.1,43.97,1000
2013-06-06,43.97,43.97,43.97,43.97,100
2013-06-07,44.85,44.85,43.65,43.65,1900
2013-06-10,43.4,43.4,42.4,42.4,400
2013-06-11,43.7,43.7,42.66,43.6,2400
2013-06-12,43.5,43.58,42.15,43.58,2394
2013-06-13,43.6,43.6,42.1,42.64,2800
2013-06-14,43.299,43.609,42.4,43.29,3200
2013-06-17,43.7,43.7,42.15,42.15,400
2013-06-18,44.1,44.1,42.2,42.2,400
2013-06-19,43.42,44.95,42.84,42.84,800
2013-06-20,42.84,42.84,42.84,42.84,0
2013-06-21,44.3,44.3,44.3,44.3,182
2013-06-24,43.76,43.76,42.26,42.26,2000
2013-06-25,43.96,43.96,41.88,41.88,800
2013-06-26,43.5,43.83,42.7,42.8,2100
2013-06-27,42.38,42.38,41.35,41.35,504
2013-06-28,41.35,41.35,41.35,41.35,0
2013-07-01,41.0,41.0,41.0,41.0,122
2013-07-02,42.0,42.0,40.2,41.0,700
2013-07-03,40.88,40.98,40.76,40.98,300
2013-07-05,41.4,41.4,40.2,40.2,400
2013-07-08,40.2,40.2,40.2,40.2,0
2013-07-09,40.2,40.2,40.2,40.2,0
2013-07-10,40.2,40.2,40.2,40.2,0
2013-07-11,42.9,42.9,40.54,40.54,600
2013-07-12,40.2,40.2,40.2,40.2,100
2013-07-15,39.3,39.3,39.3,39.3,100
2013-07-16,40.19,40.19,40.19,40.19,250
2013-07-17,40.19,40.19,40.19,40.19,0
2013-07-18,40.19,40.19,40.19,40.19,0
2013-07-19,40.75,40.75,40.75,40.75,300
2013-07-22,39.636,39.636,39.636,39.636,250
2013-07-23,39.636,39.636,39.636,39.636,0
2013-07-24,39.636,39.636,39.636,39.636,0
2013-07-25,39.636,39.636,39.636,39.636,0
2013-07-26,39.636,39.636,39.636,39.636,0
2013-07-29,39.636,39.636,39.636,39.636,0
2013-07-30,39.636,39.636,39.636,39.636,0
2013-07-31,39.636,39.636,39.636,39.636,0
2013-08-01,40.0,40.0,40.0,40.0,100
2013-08-02,38.07,38.07,38.07,38.07,200
2013-08-05,38.07,38.07,38.07,38.07,0
2013-08-06,38.362,38.362,38.362,38.362,250
2013-08-07,37.774,37.774,37.774,37.774,250
2013-08-08,37.774,37.774,37.774,37.774,0
2013-08-09,37.774,37.774,37.774,37.774,0
2013-08-12,37.774,37.774,37.774,37.774,0
2013-08-13,37.774,37.774,37.774,37.774,0
2013-08-14,37.774,37.774,37.774,37.774,0
2013-08-15,37.774,37.774,37.774,37.774,0
2013-08-16,37.774,37.774,37.774,37.774,0
2013-08-19,37.774,37.774,37.774,37.774,0
2013-08-20,37.774,37.774,37.774,37.774,0
2013-08-21,37.774,37.774,37.774,37.774,0
2013-08-22,37.73,38.73,37.34,38.1,3900
2013-08-23,38.1,38.1,38.1,38.1,0
2013-08-26,39.26,39.26,39.26,39.26,200
2013-08-27,39.26,39.26,39.26,39.26,0
2013-08-28,39.26,39.26,39.26,39.26,0
2013-08-29,39.26,39.26,39.26,39.26,0
2013-08-30,39.0,39.0,39.0,39.0,200
2013-09-03,39.0,39.0,39.0,39.0,0
2013-09-04,39.0,39.0,39.0,39.0,0
2013-09-05,39.0,39.3,38.28,38.7,1200
2013-09-06,39.0,39.0,39.0,39.0,100
2013-09-09,39.0,39.0,39.0,39.0,0
2013-09-10,40.8999,40.8999,40.8999,40.8999,100
2013-09-11,40.8,40.8,39.59,39.59,1400
2013-09-12,39.62,40.66,39.62,40.66,200
2013-09-13,40.42,40.42,40.4199,40.4199,200
2013-09-16,40.2,40.2,40.2,40.2,100
2013-09-17,40.2,40.2,40.2,40.2,0
2013-09-18,40.2,40.2,40.2,40.2,0
2013-09-19,39.45,40.5,39.45,40.5,200
2013-09-20,40.5,40.5,40.5,40.5,0
2013-09-23,40.5,40.5,40.5,40.5,0
2013-09-24,40.5,40.5,40.5,40.5,0
2013-09-25,40.5,40.5,40.5,40.5,0
2013-09-26,38.77,38.77,38.77,38.77,100
2013-09-27,39.612,39.612,39.612,39.612,200
2013-09-30,39.612,39.612,39.612,39.612,0
2013-10-01,39.612,39.612,39.612,39.612,0
2013-10-02,39.612,39.612,39.612,39.612,0
2013-10-03,39.612,39.612,39.612,39.612,0
2013-10-04,39.6,39.6,39.6,39.6,500
2013-10-07,39.6,39.6,39.6,39.6,0
2013-10-08,39.6,39.6,39.6,39.6,0
2013-10-09,39.6,39.6,39.6,39.6,0
2013-10-10,38.2,39.4,38.11,38.5,5500
2013-10-11,38.5,39.5,38.32,38.4,8000
2013-10-14,38.4,40.0,38.4,38.8,17522
2013-10-15,38.9,39.0,37.71,37.71,2700
2013-10-16,38.5,39.2,38.21,38.45,9300
2013-10-17,38.6,38.96,37.96,38.27,6290
2013-10-18,38.5,38.5,38.13,38.26,2200
2013-10-21,38.2,38.5,38.1,38.1,1800
2013-10-22,38.25,38.25,38.06,38.06,400
2013-10-23,38.06,38.06,38.06,38.06,0
2013-10-24,37.88,37.88,37.88,37.88,200
2013-10-25,37.88,37.88,37.88,37.88,0
2013-10-28,37.88,37.88,37.88,37.88,0
2013-10-29,37.88,37.88,37.88,37.88,0
2013-10-30,37.88,37.88,37.88,37.88,0
2013-10-31,37.88,37.88,37.88,37.88,0
2013-11-01,37.88,37.88,37.88,37.88,0
2013-11-04,37.88,37.88,37.88,37.88,0
2013-11-05,37.57,37.57,36.81,36.81,600
2013-11-06,36.81,36.81,36.81,36.81,0
2013-11-07,36.81,36.81,36.81,36.81,0
2013-11-08,36.81,36.81,36.81,36.81,0
2013-11-11,37.01,37.01,36.81,36.81,1200
2013-11-12,37.0,37.0,36.25,36.4,300
2013-11-13,36.4,36.4,36.4,36.4,0
2013-11-14,37.0,37.0,35.11,35.11,1300
2013-11-15,35.11,35.11,35.11,35.11,100
2013-11-18,35.11,35.11,35.11,35.11,0
2013-11-19,34.53,34.53,34.53,34.53,100
2013-11-20,34.55,34.55,34.55,34.55,122
2013-11-21,34.8,37.2,34.51,37.2,1466
2013-11-22,34.6,34.6,34.4,34.5,1000
2013-11-25,34.5,34.5,34.5,34.5,0
2013-11-26,34.01,34.25,33.6,34.15,1900
2013-11-27,33.76,33.76,33.2,33.2,1000
2013-11-29,33.2,33.2,33.2,33.2,0
2013-12-02,33.2,33.2,33.2,33.2,0
2013-12-03,33.2,33.2,33.2,33.2,0
2013-12-04,33.2,33.2,33.2,33.2,0
2013-12-05,35.14,35.32,35.14,35.27,900
2013-12-06,35.06,35.06,35.06,35.06,134
2013-12-09,35.06,35.06,35.06,35.06,1
2013-12-10,36.25,36.25,36.25,36.25,100
2013-12-11,36.6,37.55,36.6,37.55,1300
2013-12-12,37.76,37.76,37.33,37.33,300
2013-12-13,37.33,37.33,37.33,37.33,0
2013-12-16,37.33,37.33,37.33,37.33,27
2013-12-17,37.33,37.33,37.33,37.33,0
2013-12-18,37.33,37.33,37.33,37.33,0
2013-12-19,37.29,37.29,37.29,37.29,1000
2013-12-20,37.56,37.6,37.12,37.12,2899
2013-12-23,37.25,37.5,35.8,36.12,15378
2013-12-24,35.7,35.7,35.7,35.7,210
2013-12-26,35.7,35.7,35.7,35.7,0
2013-12-27,35.7,35.7,35.7,35.7,0
2013-12-30,35.7,35.7,35.7,35.7,0
2013-12-31,34.0,34.0,34.0,34.0,100
2014-01-02,34.2,34.5,34.2,34.5,324
2014-01-03,34.5,34.5,34.5,34.5,0
2014-01-06,34.5,34.5,34.5,34.5,0
2014-01-07,34.5,34.5,34.5,34.5,20
2014-01-08,37.4,37.4,34.5,34.5,1114
2014-01-09,34.5,34.5,34.5,34.5,50
2014-01-10,34.5,34.5,34.5,34.5,0
2014-01-13,34.5,34.5,34.5,34.5,12
2014-01-14,34.5,34.5,34.5,34.5,0
2014-01-15,34.7,35.15,34.4,34.75,1300
2014-01-16,34.7,35.1,34.7,34.7,2200
2014-01-17,34.7,34.7,34.7,34.7,312
2014-01-21,34.7,34.7,34.7,34.7,0
2014-01-22,34.7,34.7,34.7,34.7,0
2014-01-23,35.2,35.29,34.8,35.29,901
2014-01-24,35.0,35.0,35.0,35.0,201
2014-01-27,34.5,34.5,34.5,34.5,301
2014-01-28,34.95,34.96,34.95,34.96,1135
2014-01-29,34.96,34.96,34.96,34.96,0
2014-01-30,34.96,34.96,34.96,34.96,0
2014-01-31,34.96,34.96,34.96,34.96,0
2014-02-03,34.96,34.96,34.96,34.96,1
2014-02-04,34.96,34.96,34.96,34.96,0
2014-02-05,34.87,34.87,34.65,34.78,1320
2014-02-06,34.69,34.69,34.59,34.65,400
2014-02-07,34.74,34.74,34.6,34.68,1268
2014-02-10,34.68,34.68,34.68,34.68,0
2014-02-11,34.68,34.68,34.68,34.68,1
2014-02-12,35.45,35.45,34.75,34.75,600
2014-02-13,34.5,34.5,34.4,34.44,600
2014-02-14,34.9,34.9,34.44,34.61,6744
2014-02-18,34.81,34.81,34.81,34.81,218
2014-02-19,34.81,34.81,34.81,34.81,0
2014-02-20,36.19,36.25,36.19,36.25,1100
2014-02-21,36.25,36.25,36.25,36.25,296
2014-02-24,36.25,36.25,36.25,36.25,0
2014-02-25,36.25,36.8,36.25,36.8,1100
2014-02-26,36.8,36.8,36.8,36.8,0
2014-02-27,38.98,38.98,38.98,38.98,100
2014-02-28,36.8,38.45,36.79,37.91,6216
2014-03-03,39.41,39.41,39.2,39.2,13702
2014-03-04,38.3,38.98,38.3,38.98,670
2014-03-05,38.98,38.98,38.98,38.98,0
2014-03-06,38.9999,38.9999,38.9999,38.9999,265
2014-03-07,39.0,39.0,39.0,39.0,486
2014-03-10,39.0,39.0,39.0,39.0,0
2014-03-11,39.0,39.0,39.0,39.0,0
2014-03-12,39.0,39.0,39.0,39.0,0
2014-03-13,39.0,39.0,39.0,39.0,0
2014-03-14,39.0,39.0,39.0,39.0,0
2014-03-17,36.48,38.16,36.48,38.1,13050
2014-03-18,36.61,36.61,34.5,36.61,899
2014-03-19,37.0199,38.7,37.0199,37.2999,3100
2014-03-20,38.22,40.9899,38.1501,40.045,1335
2014-03-21,37.9,38.7601,37.9,38.7601,740
2014-03-24,37.97,38.0,37.97,38.0,200
2014-03-25,38.0,38.0,38.0,38.0,191
2014-03-26,37.55,39.21,37.25,38.7399,10821
2014-03-27,38.94,38.94,37.7,37.7,525
2014-03-28,38.28,40.98,38.28,39.75,5598
2014-03-31,38.9499,39.8,37.67,37.82,24743
2014-04-01,38.0001,38.0001,37.6,37.686,3726
2014-04-02,37.71,37.83,37.7,37.83,2115
2014-04-03,37.7,37.7,37.7,37.7,253
2014-04-04,37.7,37.705,37.7,37.705,3000
2014-04-07,37.705,37.705,37.705,37.705,227
2014-04-08,37.705,37.705,37.705,37.705,0
2014-04-09,37.4,37.48,37.4,37.48,260
2014-04-10,37.151,37.151,37.151,37.151,110
2014-04-11,37.151,37.151,37.151,37.151,0
2014-04-14,39.1905,39.1963,39.06,39.1963,851
2014-04-15,40.1699,40.17,40.1699,40.17,512
2014-04-16,37.26,37.26,37.26,37.26,251
2014-04-17,37.26,37.26,37.26,37.26,0
2014-04-21,37.26,37.26,37.26,37.26,0
2014-04-22,37.26,37.26,37.26,37.26,0
2014-04-23,37.42,37.42,37.42,37.42,1000
2014-04-24,40.99,40.99,40.78,40.85,527
2014-04-25,38.99,38.99,38.99,38.99,105
2014-04-28,38.25,38.25,38.25,38.25,167
2014-04-29,38.25,42.4243,38.25,38.99,1068
2014-04-30,39.0,40.2,39.0,40.2,2900
2014-05-01,40.17,40.5,37.72,40.0,2075
2014-05-02,40.0,40.0,40.0,40.0,0
2014-05-05,41.02,41.07,41.02,41.07,980
2014-05-06,40.5999,40.5999,38.8001,38.8001,1004
2014-05-07,40.28,40.28,40.27,40.28,381
2014-05-08,40.28,40.28,40.28,40.28,0
2014-05-09,40.28,40.28,40.28,40.28,0
2014-05-12,40.28,40.28,40.28,40.28,0
2014-05-13,38.157,38.157,38.157,38.157,100
2014-05-14,38.157,38.157,38.157,38.157,0
2014-05-15,38.157,38.157,38.157,38.157,0
2014-05-16,38.157,38.157,38.157,38.157,0
2014-05-19,38.157,38.157,38.157,38.157,45
2014-05-20,38.157,38.157,38.157,38.157,0
2014-05-21,38.157,38.157,38.157,38.157,0
2014-05-22,38.157,38.157,38.157,38.157,0
2014-05-23,38.8,38.8,37.56,38.25,669
2014-05-27,37.3301,38.7,37.3301,38.7,2192
2014-05-28,38.7,38.7,38.7,38.7,30
2014-05-29,37.6042,37.6042,37.6042,37.6042,202
2014-05-30,39.85,39.85,39.85,39.85,331
2014-06-02,39.85,39.85,39.85,39.85,15
2014-06-03,36.35,36.35,36.35,36.35,370
2014-06-04,36.35,36.35,36.35,36.35,0
2014-06-05,36.35,36.35,36.35,36.35,0
2014-06-06,36.35,36.35,36.35,36.35,0
2014-06-09,36.35,36.35,36.35,36.35,0
2014-06-10,36.35,36.35,36.35,36.35,9
2014-06-11,36.35,36.35,36.35,36.35,0
2014-06-12,36.35,36.35,36.35,36.35,26
2014-06-13,36.35,36.35,36.35,36.35,55
2014-06-16,36.35,36.35,36.35,36.35,0
2014-06-17,36.35,36.35,36.35,36.35,14
2014-06-18,36.35,36.35,36.35,36.35,11
2014-06-19,36.35,36.35,36.35,36.35,0
2014-06-20,36.35,36.35,36.35,36.35,0
2014-06-23,36.35,36.35,36.35,36.35,0
2014-06-24,36.35,36.35,36.35,36.35,0
2014-06-25,36.6524,36.6524,36.35,36.35,264
2014-06-26,36.35,36.35,36.35,36.35,0
2014-06-27,36.35,36.35,36.35,36.35,1
2014-06-30,36.35,36.35,36.35,36.35,0
2014-07-01,36.35,36.35,36.35,36.35,0
2014-07-02,36.35,36.35,36.35,36.35,0
2014-07-03,36.48,36.48,36.48,36.48,450
2014-07-07,36.48,36.48,36.48,36.48,0
2014-07-08,36.48,36.48,36.48,36.48,0
2014-07-09,36.48,36.48,36.48,36.48,0
2014-07-10,36.48,36.48,36.48,36.48,14
2014-07-11,36.48,36.48,36.48,36.48,0
2014-07-14,36.48,36.48,36.48,36.48,0
2014-07-15,36.48,36.48,36.48,36.48,0
2014-07-16,36.48,36.48,36.48,36.48,0
2014-07-17,34.05,35.001,34.05,35.001,681
2014-07-18,35.001,35.001,35.001,35.001,0
2014-07-21,35.001,35.001,35.001,35.001,75
2014-07-22,35.001,35.001,35.001,35.001,0
2014-07-23,32.6,34.91,32.6,33.4271,2900
2014-07-24,33.4271,33.4271,33.4271,33.4271,0
2014-07-25,33.5,33.5,33.39,33.39,1300
2014-07-28,33.39,33.39,33.39,33.39,0
2014-07-29,33.39,33.39,33.39,33.39,0
2014-07-30,31.58,35.01,31.58,35.01,981
2014-07-31,35.01,35.01,35.01,35.01,0
2014-08-01,35.01,35.01,35.01,35.01,25
2014-08-04,35.01,35.01,35.01,35.01,0
2014-08-05,34.8999,34.8999,34.8999,34.8999,200
2014-08-06,34.8999,34.8999,34.8999,34.8999,30
2014-08-07,34.8999,34.8999,34.8999,34.8999,0
2014-08-08,34.8999,34.8999,34.8999,34.8999,0
2014-08-11,34.8999,34.8999,34.8999,34.8999,0
2014-08-12,34.8999,34.8999,34.8999,34.8999,0
2014-08-13,34.8999,34.8999,34.8999,34.8999,0
2014-08-14,34.8999,34.8999,34.8999,34.8999,0
2014-08-15,34.8999,34.8999,34.8999,34.8999,0
2014-08-18,34.8999,34.8999,34.8999,34.8999,0
2014-08-19,34.8999,34.8999,34.8999,34.8999,0
2014-08-20,34.35,34.35,34.35,34.35,669
2014-08-21,34.35,34.35,34.35,34.35,0
2014-08-22,34.35,34.35,34.35,34.35,0
2014-08-25,34.4,34.41,34.399,34.41,2000
2014-08-26,34.41,34.41,34.41,34.41,0
2014-08-27,34.41,34.41,34.41,34.41,5
2014-08-28,34.41,34.41,34.41,34.41,0
2014-08-29,34.41,34.41,34.41,34.41,0
2014-09-02,34.81,34.81,34.81,34.81,500
2014-09-03,34.81,34.81,34.81,34.81,0
2014-09-04,34.81,34.81,34.81,34.81,0
2014-09-05,34.81,34.81,34.81,34.81,0
2014-09-08,34.81,34.81,34.81,34.81,0
2014-09-09,32.559,32.559,32.536,32.536,1600
2014-09-10,32.536,32.536,32.536,32.536,77
2014-09-11,31.61,31.61,31.61,31.61,340
2014-09-12,31.61,31.61,31.61,31.61,0
2014-09-15,31.61,31.61,31.61,31.61,0
2014-09-16,31.61,31.61,31.61,31.61,0
2014-09-17,31.61,31.61,31.61,31.61,0
2014-09-18,31.62,31.6562,30.01,31.6562,440
2014-09-19,31.6562,31.6562,31.6562,31.6562,40
2014-09-22,31.6562,31.6562,31.6562,31.6562,30
2014-09-23,31.6562,31.6562,31.6562,31.6562,0
2014-09-24,31.6562,31.6562,31.6562,31.6562,0
2014-09-25,30.2,30.77,30.02,30.02,1794
2014-09-26,30.28,30.28,30.0,30.28,798
2014-09-29,30.28,30.28,30.28,30.28,92
2014-09-30,30.28,30.28,30.28,30.28,0
2014-10-01,30.0,30.064,29.0,29.05,900
2014-10-02,29.05,29.05,29.05,29.05,0
2014-10-03,29.05,29.05,29.05,29.05,0
2014-10-06,29.05,29.05,29.05,29.05,0
2014-10-07,29.05,29.05,29.05,29.05,0
2014-10-08,29.05,29.05,29.05,29.05,0
2014-10-09,29.05,29.05,29.05,29.05,0
2014-10-10,29.05,29.05,29.05,29.05,0
2014-10-13,29.05,29.05,29.05,29.05,14
2014-10-14,29.05,29.05,29.05,29.05,0
2014-10-15,29.05,29.05,29.05,29.05,0
2014-10-16,29.05,29.05,29.05,29.05,0
2014-10-17,29.05,29.05,29.05,29.05,0
2014-10-20,29.05,29.05,29.05,29.05,0
2014-10-21,32.46,32.46,32.46,32.46,100
2014-10-22,30.05,30.05,30.05,30.05,100
2014-10-23,30.05,30.05,30.05,30.05,0
2014-10-24,31.99,32.0,31.2,31.2,4902
2014-10-27,31.2,31.2,31.2,31.2,0
2014-10-28,30.35,30.35,28.8,30.0,1200
2014-10-29,32.0,32.0,32.0,32.0,100
2014-10-30,32.0,32.0,32.0,32.0,0
2014-10-31,32.46,33.59,32.46,33.59,501
2014-11-03,33.59,33.59,33.59,33.59,0
2014-11-04,33.59,33.59,33.59,33.59,0
2014-11-05,32.5,32.5,32.5,32.5,150
2014-11-06,32.5,32.5,32.5,32.5,70
2014-11-07,32.5,32.5,32.5,32.5,0
2014-11-10,32.5,32.5,32.5,32.5,4
2014-11-11,32.5,32.5,32.5,32.5,0
2014-11-12,32.5,32.5,32.5,32.5,0
2014-11-13,32.5,32.5,32.5,32.5,0
2014-11-14,32.5,32.5,32.5,32.5,7
2014-11-17,32.5,32.5,32.5,32.5,4
2014-11-18,32.5,32.5,32.5,32.5,0
2014-11-19,32.5,32.5,32.5,32.5,0
2014-11-20,32.5,32.5,32.5,32.5,0
2014-11-21,32.5,32.5,32.5,32.5,0
2014-11-24,32.5,32.5,32.5,32.5,0
2014-11-25,32.5,32.5,32.5,32.5,0
2014-11-26,32.5,32.5,32.5,32.5,0
2014-11-28,32.5,32.5,32.5,32.5,0
2014-12-01,32.5,32.5,32.5,32.5,0
2014-12-02,32.5,32.5,32.5,32.5,0
2014-12-03,32.5,32.5,32.5,32.5,0
2014-12-04,32.5,32.5,32.5,32.5,0
2014-12-05,32.5,32.5,32.5,32.5,0
2014-12-08,32.5,32.5,32.5,32.5,8
2014-12-09,29.95,30.755,29.95,30.755,1040
2014-12-10,30.755,30.755,30.755,30.755,0
2014-12-11,30.755,30.755,30.755,30.755,0
2014-12-12,30.755,30.755,30.755,30.755,0
2014-12-15,30.755,30.755,30.755,30.755,0
2014-12-16,30.755,30.755,30.755,30.755,0
2014-12-17,30.755,30.755,30.755,30.755,0
2014-12-18,30.755,30.755,30.755,30.755,0
2014-12-19,30.755,30.755,30.755,30.755,0
2014-12-22,30.755,30.755,30.755,30.755,0
2014-12-23,30.755,30.755,30.755,30.755,0
2014-12-24,30.12,30.12,30.12,30.12,275
2014-12-26,30.12,30.12,30.12,30.12,0
2014-12-29,30.52,30.52,30.52,30.52,5547
2014-12-30,30.52,30.52,30.52,30.52,0
2014-12-31,33.05,33.05,33.05,33.05,190
2015-01-02,33.05,33.05,33.05,33.05,6
2015-01-05,33.05,33.05,33.05,33.05,0
2015-01-06,33.05,33.05,33.05,33.05,65
2015-01-07,33.05,33.05,33.05,33.05,65
2015-01-08,33.05,33.05,33.05,33.05,0
2015-01-09,33.05,33.05,33.05,33.05,0
2015-01-12,33.05,33.05,33.05,33.05,0
2015-01-13,31.19,31.7,31.19,31.7,800
2015-01-14,31.7,31.7,31.7,31.7,0
2015-01-15,31.7,31.7,31.7,31.7,0
2015-01-16,31.7,31.7,31.7,31.7,200
2015-01-20,31.7,31.7,31.7,31.7,0
2015-01-21,30.2,30.2,30.2,30.2,200
2015-01-22,30.2,30.2,30.2,30.2,0
2015-01-23,30.2,30.2,30.2,30.2,12
2015-01-26,30.0,30.0,30.0,30.0,250
2015-01-27,30.0,30.0,30.0,30.0,0
2015-01-28,30.0,30.0,30.0,30.0,0
2015-01-29,30.0,30.0,30.0,30.0,0
2015-01-30,30.0,30.0,30.0,30.0,100
2015-02-02,30.0,30.0,30.0,30.0,0
2015-02-03,30.0,30.0,30.0,30.0,65
2015-02-04,30.0,30.0,30.0,30.0,65
2015-02-05,30.0,30.0,30.0,30.0,0
2015-02-06,29.7499,30.6501,29.7499,29.95,1824
2015-02-09,31.0,31.0,31.0,31.0,124
2015-02-10,31.0,31.0,31.0,31.0,0
2015-02-11,31.0,31.0,31.0,31.0,0
2015-02-12,29.5,30.14,29.5,29.85,18012
2015-02-13,30.3301,30.5501,30.3,30.3001,1807
2015-02-17,30.3001,30.3001,30.3001,30.3001,0
2015-02-18,30.5,30.5,30.5,30.5,199
2015-02-19,30.5,30.5,30.5,30.5,0
2015-02-20,30.5,30.5,30.5,30.5,0
2015-02-23,30.5,30.5,30.5,30.5,0
2015-02-24,30.5,30.5,30.5,30.5,46
2015-02-25,30.5,30.5,30.5,30.5,0
2015-02-26,30.0,30.4,29.5799,30.3001,5440
2015-02-27,29.7999,30.38,29.65,30.2,5800
2015-03-02,29.55,30.3501,29.4,30.3501,4310
2015-03-03,30.3501,30.3501,30.3501,30.3501,0
2015-03-04,29.0,29.6,29.0,29.5,6034
2015-03-05,29.52,30.4,29.075,29.075,4482
2015-03-06,28.8,29.75,28.8,28.8005,1216
2015-03-09,29.0,29.05,29.0,29.05,206
2015-03-10,29.05,29.05,29.05,29.05,52
2015-03-11,28.31,28.31,28.3005,28.3005,400
2015-03-12,28.3005,28.3005,28.3005,28.3005,0
2015-03-13,28.3005,28.3005,28.3005,28.3005,0
2015-03-16,28.3,30.08,28.3,29.3,1431
2015-03-17,29.3,29.3,29.3,29.3,0
2015-03-18,28.53,28.53,28.53,28.53,250
2015-03-19,28.53,28.53,28.53,28.53,0
2015-03-20,28.51,28.51,28.51,28.51,400
2015-03-23,29.0,29.0,29.0,29.0,100
2015-03-24,29.0,29.0,29.0,29.0,100
2015-03-25,29.0,29.0,29.0,29.0,0
2015-03-26,29.0,29.0,29.0,29.0,0
2015-03-27,28.67,28.67,28.67,28.67,163
2015-03-30,28.21,28.21,28.21,28.21,330
2015-03-31,28.21,28.21,28.21,28.21,15
2015-04-01,28.21,28.21,28.21,28.21,0
2015-04-02,28.21,28.21,28.21,28.21,0
2015-04-06,30.4,30.4,28.8,29.89,603
2015-04-07,29.89,29.89,29.89,29.89,0
2015-04-08,29.89,29.89,29.89,29.89,11
2015-04-09,28.52,28.6,28.5,28.6,3101
2015-04-10,28.6,28.6,28.6,28.6,10
2015-04-13,28.6,28.6,28.6,28.6,67
2015-04-14,28.6,28.8001,28.6,28.8001,300
2015-04-15,28.8001,28.8001,28.8001,28.8001,11
2015-04-16,28.8999,28.8999,28.8999,28.8999,100
2015-04-17,28.9,28.9,28.9,28.9,300
2015-04-20,28.5799,28.64,28.49,28.64,1850
2015-04-21,28.64,28.64,28.64,28.64,0
2015-04-22,28.88,28.88,28.7,28.7,300
2015-04-23,28.8999,28.9,28.8999,28.9,399
2015-04-24,29.3001,29.3001,29.0,29.0,899
2015-04-27,29.01,29.5,28.4999,28.5,3823
2015-04-28,28.55,28.79,28.52,28.72,11679
2015-04-29,28.3999,29.5,27.82,29.1,25266
2015-04-30,29.18,29.63,28.18,28.5,50371
2015-05-01,28.65,28.68,28.1,28.45,12200
2015-05-04,28.98,29.46,27.1,27.3501,49293
2015-05-05,27.3,27.8,27.24,27.55,16949
2015-05-06,27.8,29.41,27.8,28.65,12706
2015-05-07,29.21,29.29,28.7,28.7,4788
2015-05-08,29.11,29.13,28.23,28.58,39626
2015-05-11,28.65,29.018,28.65,28.83,2000
2015-05-12,29.1,29.1,28.61,28.61,13104
2015-05-13,29.05,29.05,28.37,28.6,4992
2015-05-14,28.95,29.05,28.186,28.77,22630
2015-05-15,28.65,28.84,28.2705,28.65,22396
2015-05-18,29.0,29.36,28.8,28.83,18119
2015-05-19,29.15,29.15,28.75,28.87,10441
2015-05-20,29.05,29.19,28.79,28.86,8700
2015-05-21,29.05,29.05,28.28,28.65,20900
2015-05-22,29.0,29.16,28.71,28.7305,24373
2015-05-26,28.79,28.8,28.61,28.8,1000
2015-05-27,28.92,28.93,27.79,28.0399,15830
2015-05-28,27.98,27.99,27.0,27.5505,16768
2015-05-29,27.99,28.03,27.55,27.55,14904
2015-06-01,27.0001,27.9,27.0001,27.6799,38000
2015-06-02,28.05,28.2401,27.7,28.0,47183
2015-06-03,28.17,28.2,27.85,28.09,18400
2015-06-04,28.06,28.67,28.02,28.6,15023
2015-06-05,28.75,28.75,28.3,28.35,14000
2015-06-08,28.35,28.35,28.35,28.35,71
2015-06-09,28.69,28.69,28.55,28.6,915
2015-06-10,28.38,28.46,28.38,28.46,4201
2015-06-11,28.55,28.56,28.15,28.2,12062
2015-06-12,28.1,28.21,28.07,28.1,3500
2015-06-15,28.1101,28.3,27.28,27.49,19069
2015-06-16,27.63,27.8,27.46,27.6,22500
2015-06-17,28.02,28.03,27.77,27.8005,21102
2015-06-18,27.9,28.41,27.84,27.92,16283
2015-06-19,28.3,28.58,27.89,28.08,22065
2015-06-22,28.23,28.42,28.1499,28.38,11399
2015-06-23,28.4001,28.9,28.25,28.52,33670
2015-06-24,28.5,28.74,28.46,28.46,1488
2015-06-25,28.4999,28.82,28.4999,28.75,18011
2015-06-26,29.36,29.51,28.74,28.8,34532
2015-06-29,29.1001,29.35,28.65,29.13,15841
2015-06-30,29.55,30.88,29.4301,30.88,46939
2015-07-01,30.6401,30.7001,30.08,30.31,19208
2015-07-02,30.43,30.9,30.43,30.69,12587
2015-07-06,30.8,30.8601,30.4,30.58,10471
2015-07-07,31.0701,31.0701,29.64,30.07,37880
2015-07-08,30.34,30.59,30.21,30.57,13640
2015-07-09,30.7301,30.7301,29.94,30.44,30844
2015-07-10,30.7,30.91,30.69,30.91,19801
2015-07-13,31.1801,31.19,30.13,30.68,33499
2015-07-14,30.8001,30.8001,30.1899,30.47,27605
2015-07-15,30.34,30.7,30.3,30.4,9203
2015-07-16,30.66,30.88,30.48,30.54,16401
2015-07-17,30.3401,30.3401,29.7,29.7799,13750
2015-07-20,30.01,30.0901,28.8,29.1,20550
2015-07-21,29.5,29.5,28.74,29.0,13933
2015-07-22,29.1701,29.2,28.5899,29.14,7364
2015-07-23,28.8801,28.89,28.29,28.45,4745
2015-07-24,28.45,28.45,28.45,28.45,0
2015-07-27,28.5,28.6,27.3499,27.42,9641
2015-07-28,27.45,27.48,27.45,27.45,1350
2015-07-29,27.45,27.45,26.89,27.1,3250
2015-07-30,27.71,27.71,27.14,27.3,3500
2015-07-31,27.3,27.3,26.99,26.99,450
2015-08-03,27.11,27.35,26.92,26.93,2600
2015-08-04,26.9999,27.28,26.9999,27.2,3900
2015-08-05,27.31,27.41,27.25,27.25,4174
2015-08-06,27.25,27.25,27.2,27.2499,870
2015-08-07,27.2499,27.2499,27.2499,27.2499,73
2015-08-10,27.15,27.51,27.15,27.46,8400
2015-08-11,27.65,27.66,27.04,27.5,7280
2015-08-12,26.38,26.84,26.1,26.1,5200
2015-08-13,26.62,26.74,25.8,26.41,13438
2015-08-14,26.63,26.88,26.6,26.6,10980
2015-08-17,26.65,26.67,26.18,26.18,5069
2015-08-18,26.42,26.5,26.3,26.5,800
2015-08-19,26.2,26.35,25.91,25.98,6638
2015-08-20,26.2,26.57,25.86,25.86,1427
2015-08-21,25.86,25.86,25.86,25.86,0
2015-08-24,25.85,25.85,25.576,25.576,425
2015-08-25,25.9,26.17,25.9,25.97,4028
2015-08-26,26.0,26.0,26.0,26.0,400
2015-08-27,26.0,26.0,26.0,26.0,585
2015-08-28,26.0,26.0,26.0,26.0,0
2015-08-31,25.7799,25.9,25.74,25.8,1547
2015-09-01,25.7001,25.7001,25.69,25.69,494
2015-09-02,25.69,25.69,25.69,25.69,0
2015-09-03,25.69,25.69,25.69,25.69,40
2015-09-04,25.67,26.3399,25.67,26.3399,446
2015-09-08,25.5,26.0001,25.5,25.59,1843
2015-09-09,25.91,26.0,25.6,25.6,1200
2015-09-10,25.6,25.9,25.59,25.9,1903
2015-09-11,25.55,26.0,25.155,25.9,13106
2015-09-14,26.02,26.02,26.02,26.02,100
2015-09-15,26.01,26.01,26.01,26.01,100
2015-09-16,25.96,26.19,25.96,26.19,3200
2015-09-17,26.44,26.519,25.48,25.9,8400
2015-09-18,25.55,25.75,25.29,25.59,1100
2015-09-21,25.89,25.89,25.79,25.79,1800
2015-09-22,25.79,25.79,25.79,25.79,0
2015-09-23,25.79,25.79,25.79,25.79,0
2015-09-24,25.79,25.79,25.79,25.79,150
2015-09-25,25.9,26.04,25.9,26.03,1100
2015-09-28,26.03,26.03,26.03,26.03,0
2015-09-29,26.03,26.03,26.03,26.03,7
2015-09-30,26.18,26.62,26.17,26.2101,6800
2015-10-01,26.53,27.3,26.53,27.2499,8737
2015-10-02,26.9,26.9,26.39,26.7,3003
2015-10-05,26.71,26.8,26.7,26.8,1000
2015-10-06,27.49,27.49,27.1,27.16,533
2015-10-07,27.1,27.1,27.09,27.09,300
2015-10-08,27.01,27.01,27.01,27.01,200
2015-10-09,27.24,27.45,27.24,27.35,3192
2015-10-12,27.35,27.35,27.35,27.35,14
2015-10-13,27.45,27.45,27.317,27.317,200
2015-10-14,27.25,27.5001,27.25,27.5,3300
2015-10-15,27.2,27.42,27.19,27.42,2626
2015-10-16,26.8699,27.0501,26.8699,26.96,1000
2015-10-19,26.9,27.02,26.9,27.02,1000
2015-10-20,27.02,27.02,27.02,27.02,0
2015-10-21,26.91,27.47,26.9,27.07,2545
2015-10-22,27.67,27.67,27.47,27.47,208
2015-10-23,28.84,28.84,27.26,27.26,319
2015-10-26,27.26,27.26,27.26,27.26,8
2015-10-27,27.26,27.26,27.26,27.26,0
2015-10-28,27.26,27.26,27.26,27.26,0
2015-10-29,27.26,27.26,27.26,27.26,0
2015-10-30,26.9605,26.97,26.9605,26.97,431
2015-11-02,26.97,26.97,26.97,26.97,0
2015-11-03,26.97,26.97,26.97,26.97,0
2015-11-04,26.97,26.97,26.97,26.97,0
2015-11-05,26.97,26.97,26.97,26.97,2
2015-11-06,26.79,26.85,26.79,26.85,1001
2015-11-09,26.85,26.85,26.85,26.85,0
2015-11-10,26.85,26.85,26.85,26.85,0
2015-11-11,26.85,26.85,26.85,26.85,0
2015-11-12,26.5488,26.5488,26.5488,26.5488,110
2015-11-13,26.5488,26.5488,26.5488,26.5488,0
2015-11-16,26.5488,26.5488,26.5488,26.5488,28
2015-11-17,26.5488,26.5488,26.5488,26.5488,0
2015-11-18,26.5488,26.5488,26.5488,26.5488,0
2015-11-19,26.5488,26.5488,26.5488,26.5488,0
2015-11-20,26.0101,26.0656,26.0101,26.0656,430
2015-11-23,26.0656,26.0656,26.0656,26.0656,43
2015-11-24,26.0656,26.0656,26.0656,26.0656,0
2015-11-25,26.0656,26.0656,26.0656,26.0656,0
2015-11-27,26.0656,26.0656,26.0656,26.0656,0
2015-11-30,26.0656,26.0656,26.0656,26.0656,0
2015-12-01,26.0656,26.0656,26.0656,26.0656,4
2015-12-02,26.11,26.335,26.11,26.3,1800
2015-12-03,26.3,26.3,26.3,26.3,0
2015-12-04,26.6,26.7,26.6,26.7,200
2015-12-07,26.7,26.7,26.7,26.7,0
2015-12-08,26.5,26.76,26.3,26.3,730
2015-12-09,26.3,26.3,26.3,26.3,1
2015-12-10,26.3,26.3,26.3,26.3,0
2015-12-11,26.3,26.3,26.3,26.3,0
2015-12-14,26.96,26.97,26.96,26.97,200
2015-12-15,26.97,26.97,26.97,26.97,0
2015-12-16,26.0,26.0,26.0,26.0,300
2015-12-17,26.0,26.0,26.0,26.0,0
2015-12-18,26.0,26.0,26.0,26.0,0
2015-12-21,26.0,26.0,26.0,26.0,0
2015-12-22,26.0,26.0,26.0,26.0,0
2015-12-23,26.0,26.0,26.0,26.0,1
2015-12-24,26.0,26.0,26.0,26.0,0
2015-12-28,26.0,26.0,26.0,26.0,353
2015-12-29,26.18,26.18,26.18,26.18,100
2015-12-30,26.18,26.18,26.18,26.18,0
2015-12-31,26.47,26.47,26.47,26.47,100
2016-01-04,26.47,26.47,26.47,26.47,0
2016-01-05,26.47,26.47,26.47,26.47,0
2016-01-06,25.65,25.65,24.72,25.3,2530
2016-01-07,25.58,25.58,25.58,25.58,200
2016-01-08,25.58,25.58,25.58,25.58,0
2016-01-11,25.58,25.58,25.58,25.58,0
2016-01-12,25.58,25.58,25.58,25.58,0
2016-01-13,26.24,26.24,26.24,26.24,785
2016-01-14,26.24,26.24,26.24,26.24,0
2016-01-15,26.24,26.24,26.24,26.24,0
2016-01-19,26.24,26.24,26.24,26.24,0
2016-01-20,25.75,25.75,25.75,25.75,275
2016-01-21,25.75,25.75,25.75,25.75,90
2016-01-22,25.74,25.75,25.74,25.75,200
2016-01-25,25.75,25.75,25.75,25.75,20
2016-01-26,25.75,25.75,25.75,25.75,0
2016-01-27,25.3,25.7,25.2999,25.55,3400
2016-01-28,25.55,25.55,25.55,25.55,0
2016-01-29,25.2,25.3701,25.2,25.3701,1530
2016-02-01,25.19,25.5215,25.19,25.4,5800
2016-02-02,25.0,25.52,25.0,25.4,6400
2016-02-03,25.4,25.4,25.4,25.4,0
2016-02-04,25.4,25.4,25.4,25.4,50
2016-02-05,25.4,25.4,25.4,25.4,0
2016-02-08,25.4,25.4,25.4,25.4,50
2016-02-09,25.89,25.9,25.89,25.9,270
2016-02-10,25.9,25.9,25.9,25.9,0
2016-02-11,25.9,25.9,25.9,25.9,60
2016-02-12,24.52,24.52,24.52,24.52,123
2016-02-16,24.52,24.52,24.52,24.52,75
2016-02-17,24.52,24.52,24.52,24.52,0
2016-02-18,24.52,24.52,24.52,24.52,142
2016-02-19,24.52,24.52,24.52,24.52,0
2016-02-22,24.83,25.0,24.83,25.0,808
2016-02-23,25.0,25.0,25.0,25.0,135
2016-02-24,25.0,25.0,25.0,25.0,1
2016-02-25,25.0,25.0,25.0,25.0,40
2016-02-26,25.0,25.0,25.0,25.0,0
2016-02-29,25.0,25.0,25.0,25.0,41
2016-03-01,25.0,25.0,25.0,25.0,0
2016-03-02,25.0,25.0,25.0,25.0,0
2016-03-03,25.0,25.0,25.0,25.0,10
2016-03-04,25.0,25.0,25.0,25.0,0
2016-03-07,25.0,25.0,25.0,25.0,0
2016-03-08,25.0,25.0,25.0,25.0,96
2016-03-09,25.0,25.0,25.0,25.0,2
2016-03-10,25.0,25.0,25.0,25.0,150
2016-03-11,25.0,25.0,25.0,25.0,36
2016-03-14,25.0,25.0,25.0,25.0,0
2016-03-15,25.0,25.0,25.0,25.0,0
2016-03-16,25.0,25.0,25.0,25.0,0
2016-03-17,25.0,25.0,25.0,25.0,0
2016-03-18,25.0,25.0,25.0,25.0,0
2016-03-21,25.0,25.0,25.0,25.0,0
2016-03-22,25.0,25.0,25.0,25.0,0
2016-03-23,25.0,25.0,25.0,25.0,0
2016-03-24,26.54,27.08,26.54,27.08,615
2016-03-28,27.08,27.08,27.08,27.08,40
2016-03-29,27.08,27.08,27.08,27.08,0
2016-03-30,27.08,27.08,27.08,27.08,0
2016-03-31,26.4999,26.4999,26.4999,26.4999,174
2016-04-01,26.4999,26.4999,26.4999,26.4999,0
2016-04-04,26.4999,26.4999,26.4999,26.4999,0
2016-04-05,26.4999,26.4999,26.4999,26.4999,0
2016-04-06,26.4999,26.4999,26.4999,26.4999,0
2016-04-07,26.4999,26.4999,26.4999,26.4999,80
2016-04-08,26.4999,26.4999,26.4999,26.4999,0
2016-04-11,26.98,26.98,26.98,26.98,572
2016-04-12,25.23,25.3501,25.23,25.3501,500
2016-04-13,25.3501,25.3501,25.3501,25.3501,40
2016-04-14,25.3501,25.3501,25.3501,25.3501,40
2016-04-15,25.3501,25.3501,25.3501,25.3501,27
2016-04-18,25.3501,25.3501,25.3501,25.3501,0
2016-04-19,25.3501,25.3501,25.3501,25.3501,0
2016-04-20,27.0,27.62,27.0,27.45,3710
2016-04-21,27.5,27.5,27.5,27.5,500
2016-04-22,27.5,27.5,27.46,27.46,753
2016-04-25,27.75,27.75,27.5186,27.5186,418
2016-04-26,27.5186,27.5186,27.5186,27.5186,7
2016-04-27,27.5186,27.5186,27.5186,27.5186,0
2016-04-28,27.4711,27.4711,27.4711,27.4711,100
2016-04-29,28.0,28.34,28.0,28.34,520
2016-05-02,28.71,28.71,28.1,28.1,1050
2016-05-03,28.1,28.1,28.1,28.1,50
2016-05-04,27.96,27.96,27.96,27.96,305
2016-05-05,27.96,27.96,27.96,27.96,0
2016-05-06,27.96,27.96,27.96,27.96,6
2016-05-09,26.7057,26.7057,26.7057,26.7057,751
2016-05-10,26.7749,27.33,26.4,26.4,1766
2016-05-11,27.33,27.33,27.33,27.33,238
2016-05-12,27.59,27.68,27.59,27.68,300
2016-05-13,27.68,27.68,27.68,27.68,28
2016-05-16,27.68,27.68,27.68,27.68,0
2016-05-17,27.91,27.96,27.91,27.96,300
2016-05-18,27.96,27.96,27.96,27.96,0
2016-05-19,27.96,27.96,27.96,27.96,0
2016-05-20,28.3899,28.3899,28.0,28.0,1085
2016-05-23,28.0,28.0,28.0,28.0,1
2016-05-24,28.0,28.0,28.0,28.0,0
2016-05-25,28.0,28.0,28.0,28.0,0
2016-05-26,28.0,28.0,28.0,28.0,0
2016-05-27,28.0,28.0,28.0,28.0,0
2016-05-31,28.5,28.5,28.5,28.5,300
2016-06-01,28.5,28.5,28.5,28.5,1
2016-06-02,28.5,28.9,28.5,28.9,350
2016-06-03,29.0,29.0,28.3,29.0,2815
2016-06-06,29.0,29.0,29.0,29.0,16
2016-06-07,29.0,29.0,29.0,29.0,0
2016-06-08,28.81,28.8201,28.81,28.8201,400
2016-06-09,28.8201,28.8201,28.8201,28.8201,0
2016-06-10,28.8201,28.8201,28.8201,28.8201,35
2016-06-13,29.5,29.5,29.5,29.5,222
2016-06-14,29.5,29.5,29.5,29.5,0
2016-06-15,29.5,29.5,29.5,29.5,0
2016-06-16,30.95,30.95,29.8899,29.8899,1225
2016-06-17,29.8899,29.8899,29.8899,29.8899,0
2016-06-20,30.0,30.0,30.0,30.0,149
2016-06-21,29.25,29.25,28.65,28.8514,1990
2016-06-22,28.8514,28.8514,28.8514,28.8514,0
2016-06-23,28.8514,28.8514,28.8514,28.8514,0
2016-06-24,28.5999,28.5999,28.5999,28.5999,400
2016-06-27,28.5,28.5,28.5,28.5,154
2016-06-28,28.5,28.5,28.5,28.5,0
2016-06-29,28.29,28.29,28.29,28.29,200
2016-06-30,29.19,29.19,28.17,28.5501,2325
2016-07-01,28.75,28.75,27.75,27.8,644
2016-07-05,27.2065,27.7,27.2065,27.7,4000
2016-07-06,27.0,27.5,26.95,27.36,4300
2016-07-07,26.7,27.63,26.65,27.27,11200
2016-07-08,27.5,28.08,27.2,27.7,12300
2016-07-11,27.4,27.73,27.4,27.5,4523
2016-07-12,27.3,27.6,27.3,27.55,700
2016-07-13,27.767,27.9,27.767,27.9,500
2016-07-14,27.83,28.8001,27.83,28.15,9402
2016-07-15,28.02,28.15,28.0001,28.15,400
2016-07-18,26.41,28.0,26.41,27.8,1500
2016-07-19,26.6501,27.26,26.6501,26.831,3200
2016-07-20,27.2001,27.2001,27.2001,27.2001,206
2016-07-21,26.4315,27.0,26.4315,26.96,3498
2016-07-22,26.4282,27.34,26.4282,27.0,1984
2016-07-25,27.4,27.4,26.9296,26.9296,324
2016-07-26,26.108,26.99,26.108,26.99,1297
2016-07-27,26.5535,27.2922,26.5535,26.9,4947
2016-07-28,26.13,26.648,26.13,26.1551,934
2016-07-29,26.95,26.95,26.31,26.31,673
2016-08-01,26.62,26.8,26.3,26.3,706
2016-08-02,25.31,26.72,25.31,25.88,2002
2016-08-03,25.88,25.88,25.88,25.88,0
2016-08-04,25.88,25.88,25.88,25.88,50
2016-08-05,26.07,26.34,26.04,26.34,796
2016-08-08,26.34,26.34,26.34,26.34,0
2016-08-09,26.34,26.34,26.34,26.34,0
2016-08-10,26.34,26.34,26.34,26.34,50
2016-08-11,26.34,26.34,26.34,26.34,2
2016-08-12,26.34,26.34,26.34,26.34,30
2016-08-15,26.34,26.34,26.34,26.34,40
2016-08-16,26.34,26.34,26.34,26.34,0
2016-08-17,27.1882,27.1882,27.1882,27.1882,275
2016-08-18,27.1882,27.1882,27.1882,27.1882,0
2016-08-19,27.1882,27.1882,27.1882,27.1882,0
2016-08-22,27.1,27.1,27.1,27.1,500
2016-08-23,27.1,27.1,27.1,27.1,0
2016-08-24,27.1,27.1,27.1,27.1,0
2016-08-25,27.1,27.1,27.1,27.1,0
2016-08-26,27.1,27.1,27.1,27.1,15
2016-08-29,27.1,27.1,27.1,27.1,0
2016-08-30,25.91,26.25,25.91,26.25,800
2016-08-31,26.25,26.25,26.25,26.25,0
2016-09-01,26.25,26.25,26.25,26.25,0
2016-09-02,26.25,26.25,26.25,26.25,0
2016-09-06,26.25,26.25,26.25,26.25,0
2016-09-07,26.25,26.25,26.25,26.25,0
2016-09-08,26.25,26.25,26.25,26.25,0
2016-09-09,26.25,26.25,26.25,26.25,0
2016-09-12,26.7,26.7,26.7,26.7,225
2016-09-13,26.7,26.7,26.7,26.7,0
2016-09-14,26.7,26.7,26.7,26.7,10
2016-09-15,26.7,26.7,26.7,26.7,0
2016-09-16,26.7,26.7,26.7,26.7,0
2016-09-19,26.7,26.7,26.7,26.7,5
2016-09-20,27.25,27.25,27.25,27.25,121
2016-09-21,27.25,27.25,27.25,27.25,0
2016-09-22,27.25,27.25,27.25,27.25,0
2016-09-23,27.25,27.25,27.25,27.25,0
2016-09-26,27.25,27.25,27.25,27.25,0
2016-09-27,27.25,27.25,27.25,27.25,0
2016-09-28,27.1,27.1,27.1,27.1,150
2016-09-29,27.1,27.1,27.1,27.1,0
2016-09-30,26.31,26.8,26.31,26.7245,979
2016-10-03,26.7245,26.7245,26.7245,26.7245,0
2016-10-04,26.7245,26.7245,26.7245,26.7245,0
2016-10-05,26.7245,26.7245,26.7245,26.7245,0
2016-10-06,26.7245,26.7245,26.7245,26.7245,0
2016-10-07,26.7245,26.7245,26.7245,26.7245,83
2016-10-10,26.7245,26.7245,26.7245,26.7245,0
2016-10-11,26.7245,26.7245,26.7245,26.7245,0
2016-10-12,26.7245,26.7245,26.7245,26.7245,0
2016-10-13,26.09,26.5655,26.09,26.5655,2421
2016-10-14,26.98,27.0,26.98,26.98,439
2016-10-17,26.98,26.98,26.98,26.98,0
2016-10-18,26.98,26.98,26.98,26.98,0
2016-10-19,27.259900000000002,27.4694,27.259900000000002,27.4694,390
2016-10-20,27.5,27.5,27.5,27.5,100
2016-10-21,27.3885,27.3885,27.3885,27.3885,150
2016-10-24,27.3885,27.3885,27.3885,27.3885,0
2016-10-25,27.3885,27.3885,27.3885,27.3885,0
2016-10-26,27.3885,27.3885,27.3885,27.3885,0
2016-10-27,27.387,27.3892,27.387,27.3892,500
2016-10-28,27.5,27.5,27.05,27.05,269
2016-10-31,27.088,27.088,26.34,26.37,1242
2016-11-01,26.8355,26.8355,26.4724,26.4724,200
2016-11-02,26.4724,26.4724,26.4724,26.4724,50
2016-11-03,26.4724,26.4724,26.4724,26.4724,0
2016-11-04,26.48,26.48,26.48,26.48,100
2016-11-07,26.48,26.48,26.48,26.48,0
2016-11-08,26.48,26.48,26.48,26.48,0
2016-11-09,26.48,26.48,26.48,26.48,0
2016-11-10,26.48,26.48,26.48,26.48,21
2016-11-11,26.48,26.48,26.48,26.48,0
2016-11-14,26.3166,26.3166,26.3166,26.3166,150
2016-11-15,26.3166,26.3166,26.3166,26.3166,0
2016-11-16,26.3166,26.3166,26.3166,26.3166,0
2016-11-17,26.3166,26.3166,26.3166,26.3166,0
2016-11-18,26.3166,26.3166,26.3166,26.3166,0
2016-11-21,26.3166,26.3166,26.3166,26.3166,0
2016-11-22,26.3166,26.3166,26.3166,26.3166,0
2016-11-23,26.3166,26.3166,26.3166,26.3166,0
2016-11-25,26.3166,26.3166,26.3166,26.3166,0
2016-11-28,26.3166,26.3166,26.3166,26.3166,0
2016-11-29,25.62,25.62,25.62,25.62,140
2016-11-30,25.62,25.62,25.62,25.62,0
2016-12-01,25.62,25.62,25.62,25.62,0
2016-12-02,25.62,25.62,25.62,25.62,3
2016-12-05,25.62,25.62,25.62,25.62,0
2016-12-06,25.62,25.62,25.62,25.62,0
2016-12-07,25.62,25.62,25.62,25.62,0
2016-12-08,25.62,25.62,25.62,25.62,0
2016-12-09,25.62,25.62,25.62,25.62,0
2016-12-12,25.62,25.62,25.62,25.62,0
2016-12-13,25.62,25.62,25.62,25.62,0
2016-12-14,25.62,25.62,25.62,25.62,0
2016-12-15,25.62,25.62,25.62,25.62,0
2016-12-16,25.62,25.62,25.62,25.62,0
2016-12-19,25.62,25.62,25.62,25.62,50
2016-12-20,25.62,25.62,25.62,25.62,0
2016-12-21,25.62,25.62,25.62,25.62,0
2016-12-22,24.6,24.6,24.6,24.6,1130
2016-12-23,24.5,24.5,24.29,24.29,583
2016-12-27,24.29,24.29,24.29,24.29,4
2016-12-28,24.29,24.29,24.29,24.29,14
2016-12-29,24.29,24.29,24.29,24.29,12
2016-12-30,25.6812,25.6812,25.6812,25.6812,100
2017-01-03,25.6812,25.6812,25.6812,25.6812,40
2017-01-04,25.6812,25.6812,25.6812,25.6812,0
2017-01-05,26.55,26.55,26.55,26.55,100
2017-01-06,26.55,26.55,26.55,26.55,0
2017-01-09,25.57,25.57,25.57,25.57,100
2017-01-10,25.8416,25.8416,25.8416,25.8416,200
2017-01-11,25.8416,25.8416,25.8416,25.8416,0
2017-01-12,25.8416,25.8416,25.8416,25.8416,10
2017-01-13,25.8416,25.8416,25.8416,25.8416,0
2017-01-17,25.8416,25.8416,25.8416,25.8416,95
2017-01-18,25.8416,25.8416,25.8416,25.8416,70
2017-01-19,25.8416,25.8416,25.8416,25.8416,0
2017-01-20,25.8416,25.8416,25.8416,25.8416,0
2017-01-23,25.8416,25.8416,25.8416,25.8416,0
2017-01-24,25.8416,25.8416,25.8416,25.8416,0
2017-01-25,26.27,26.27,26.25,26.25,383
2017-01-26,26.25,26.25,26.25,26.25,0
2017-01-27,26.25,26.25,26.25,26.25,0
2017-01-30,26.25,26.25,26.25,26.25,0
2017-01-31,26.647,26.647,26.647,26.647,190
2017-02-01,26.65,26.65,26.65,26.65,0
2017-02-02,26.65,26.65,26.65,26.65,1
2017-02-03,26.65,26.65,26.65,26.65,0
2017-02-06,27.15,27.15,27.15,27.15,250
2017-02-07,27.15,27.15,27.15,27.15,0
2017-02-08,27.15,27.15,27.15,27.15,185
2017-02-09,27.15,27.15,27.15,27.15,0
2017-02-10,27.15,27.15,27.15,27.15,50
2017-02-13,27.15,27.15,27.15,27.15,5
2017-02-14,27.15,27.15,27.15,27.15,0
2017-02-15,27.15,27.15,27.15,27.15,0
2017-02-16,27.45,27.55,27.45,27.45,650
2017-02-17,27.45,27.45,27.45,27.45,0
2017-02-21,27.45,27.45,27.45,27.45,2
2017-02-22,27.45,27.45,27.45,27.45,48
2017-02-23,27.45,27.45,27.45,27.45,45
2017-02-24,26.26,26.45,26.26,26.35,895
2017-02-27,26.35,26.35,26.35,26.35,0
2017-02-28,26.35,26.35,26.35,26.35,28
2017-03-01,26.35,26.35,26.35,26.35,18
2017-03-02,26.35,26.35,26.35,26.35,0
2017-03-03,26.68,26.68,26.68,26.68,131
2017-03-06,26.18,26.18,26.18,26.18,110
2017-03-07,26.18,26.18,26.18,26.18,0
2017-03-08,26.18,26.18,26.18,26.18,0
2017-03-09,26.11,26.11,26.11,26.11,150
2017-03-10,26.11,26.11,26.11,26.11,0
2017-03-13,26.11,26.11,26.11,26.11,0
2017-03-14,25.62,25.62,25.34,25.34,600
2017-03-15,25.34,25.34,25.34,25.34,0
2017-03-16,25.58,25.58,25.58,25.58,100
2017-03-17,25.58,25.58,25.58,25.58,157
2017-03-20,25.58,25.58,25.58,25.58,0
2017-03-21,25.58,25.58,25.11,25.11,350
2017-03-22,25.11,25.11,25.11,25.11,8
2017-03-23,24.85,24.85,24.67,24.77,800
2017-03-24,24.77,24.77,24.77,24.77,1
2017-03-27,24.77,24.77,24.77,24.77,1
2017-03-28,24.77,24.77,24.77,24.77,0
2017-03-29,24.77,24.77,24.77,24.77,0
2017-03-30,24.77,24.77,24.77,24.77,0
2017-03-31,24.71,24.71,24.71,24.71,100
2017-04-03,24.71,24.71,24.71,24.71,0
2017-04-04,24.71,24.71,24.71,24.71,0
2017-04-05,24.71,24.71,24.71,24.71,0
2017-04-06,24.71,24.71,24.71,24.71,1
2017-04-07,24.71,24.71,24.71,24.71,0
2017-04-10,24.71,24.71,24.71,24.71,1
2017-04-11,24.71,24.71,24.71,24.71,3
2017-04-12,24.71,24.71,24.71,24.71,0
2017-04-13,24.71,24.71,24.71,24.71,0
2017-04-17,24.71,24.71,24.71,24.71,0
2017-04-18,24.71,24.71,24.71,24.71,0
2017-04-19,24.71,24.71,24.71,24.71,0
2017-04-20,24.71,24.71,24.71,24.71,0
2017-04-21,24.71,24.71,24.71,24.71,0
2017-04-24,24.05,24.05,24.05,24.05,101
2017-04-25,24.05,24.05,24.05,24.05,0
2017-04-26,24.05,24.05,24.05,24.05,0
2017-04-27,24.05,24.05,24.05,24.05,0
2017-04-28,24.05,24.05,24.05,24.05,0
2017-05-01,24.05,24.05,24.05,24.05,39
2017-05-02,24.5,24.5,24.5,24.5,165
2017-05-03,24.5,24.5,24.5,24.5,0
2017-05-04,24.5,24.5,24.5,24.5,0
2017-05-05,24.5,24.5,24.5,24.5,0
2017-05-08,24.04,24.04,24.04,24.04,150
2017-05-09,24.15,24.15,24.15,24.15,298
2017-05-10,24.15,24.15,24.15,24.15,0
2017-05-11,24.15,24.15,24.15,24.15,0
2017-05-12,24.15,24.15,24.15,24.15,0
2017-05-15,24.23,24.23,24.23,24.23,106
2017-05-16,26.56,26.56,23.55,23.62,548
2017-05-17,23.62,23.62,23.62,23.62,0
2017-05-18,23.62,23.62,23.62,23.62,0
2017-05-19,23.62,23.62,23.62,23.62,0
2017-05-22,23.62,23.62,23.62,23.62,0
2017-05-23,23.62,23.62,23.62,23.62,0
2017-05-24,23.62,23.62,23.62,23.62,0
2017-05-25,23.62,23.62,23.62,23.62,0
2017-05-26,23.65,23.65,23.65,23.65,100
2017-05-30,23.65,23.65,23.65,23.65,0
2017-05-31,23.65,23.65,23.65,23.65,0
2017-06-01,23.65,23.65,23.65,23.65,0
2017-06-02,22.95,22.95,22.95,22.95,400
2017-06-05,22.95,22.95,22.95,22.95,0
2017-06-06,22.92,22.92,22.92,22.92,200
2017-06-07,22.92,22.92,22.92,22.92,2
2017-06-08,22.92,22.92,22.92,22.92,0
2017-06-09,22.92,22.92,22.92,22.92,0
2017-06-12,22.92,22.92,22.92,22.92,0
2017-06-13,22.92,22.92,22.92,22.92,0
2017-06-14,22.92,22.92,22.92,22.92,0
2017-06-15,22.92,22.92,22.92,22.92,0
2017-06-16,22.92,22.92,22.92,22.92,0
2017-06-19,22.92,22.92,22.92,22.92,2
2017-06-20,22.92,22.92,22.92,22.92,0
2017-06-21,22.92,22.92,22.92,22.92,0
2017-06-22,22.92,22.92,22.92,22.92,0
2017-06-23,22.92,22.92,22.92,22.92,0
2017-06-26,22.92,22.92,22.92,22.92,0
2017-06-27,22.92,22.92,22.92,22.92,6
2017-06-28,22.92,22.92,22.92,22.92,0
2017-06-29,22.92,22.92,22.92,22.92,0
2017-06-30,24.8,24.8,24.8,24.8,100
2017-07-03,24.8,24.8,24.8,24.8,0
2017-07-05,25.53,25.53,25.53,25.53,100
2017-07-06,25.53,25.53,25.53,25.53,0
2017-07-07,25.53,25.53,25.53,25.53,0
2017-07-10,25.5,25.5,25.5,25.5,200
2017-07-11,25.5,25.5,25.5,25.5,150
2017-07-12,25.5,25.5,25.5,25.5,100
2017-07-13,25.5,25.5,25.5,25.5,0
2017-07-14,24.8,24.8,24.8,24.8,150
2017-07-17,24.8,24.8,24.8,24.8,0
2017-07-18,24.8,24.8,24.8,24.8,150
2017-07-19,24.8,24.8,24.8,24.8,0
2017-07-20,25.5,25.5,24.99,24.99,300
2017-07-21,24.99,24.99,24.99,24.99,0
2017-07-24,24.99,24.99,24.99,24.99,50
2017-07-25,24.99,24.99,24.99,24.99,0
2017-07-26,24.99,24.99,24.99,24.99,30
2017-07-27,24.99,24.99,24.99,24.99,3
2017-07-28,24.99,24.99,24.99,24.99,0
2017-07-31,24.99,24.99,24.99,24.99,0
2017-08-01,24.99,24.99,24.29,24.29,1952
2017-08-02,25.3,25.3,25.01,25.01,465
2017-08-03,24.1852,24.1852,24.1852,24.1852,279
2017-08-04,24.1852,24.1852,24.1852,24.1852,0
2017-08-07,24.1852,24.1852,24.1852,24.1852,0
2017-08-08,24.1852,24.1852,24.1852,24.1852,0
2017-08-09,24.1852,24.1852,24.1852,24.1852,0
2017-08-10,23.43,23.4649,23.2749,23.2749,355
2017-08-11,23.2749,23.2749,23.2749,23.2749,0
2017-08-14,23.2749,23.2749,23.2749,23.2749,0
2017-08-15,22.84,22.84,22.84,22.84,100
2017-08-16,22.84,22.84,22.84,22.84,0
2017-08-17,22.84,22.84,22.84,22.84,0
2017-08-18,22.84,22.84,22.84,22.84,0
2017-08-21,22.84,22.84,22.84,22.84,1
2017-08-22,22.84,22.84,22.84,22.84,0
2017-08-23,22.84,22.84,22.84,22.84,0
2017-08-24,22.84,22.84,22.84,22.84,0
2017-08-25,22.84,22.84,22.84,22.84,0
2017-08-28,22.84,22.84,22.84,22.84,0
2017-08-29,22.83,22.83,22.83,22.83,169
2017-08-30,22.15,22.15,22.14,22.14,225
2017-08-31,23.0379,23.0379,23.0379,23.0379,100
2017-09-05,23.04,23.04,23.04,23.04,0
2017-09-06,23.04,23.04,23.04,23.04,0
2017-09-07,23.04,23.04,23.04,23.04,0
2017-09-08,23.04,23.04,23.04,23.04,0
2017-09-11,23.04,23.04,23.04,23.04,0
2017-09-12,23.04,23.04,23.04,23.04,0
2017-09-13,23.04,23.04,23.04,23.04,0
2017-09-14,23.04,23.04,23.04,23.04,0
2017-09-15,23.04,23.04,23.04,23.04,0
2017-09-18,23.04,23.04,23.04,23.04,0
2017-09-19,23.04,23.04,23.04,23.04,0
2017-09-20,23.04,23.04,23.04,23.04,0
2017-09-21,23.04,23.04,23.04,23.04,0
2017-09-22,23.04,23.04,23.04,23.04,0
2017-09-25,23.04,23.04,23.04,23.04,0
2017-09-26,22.56,22.63,22.56,22.56,1100
2017-09-27,22.56,22.56,22.56,22.56,0
2017-09-28,22.56,22.56,22.56,22.56,0
2017-09-29,22.8978,22.8978,22.8978,22.8978,100
