2009-06-25,81.09,87.15,81.09,86.8,35770
2009-06-26,86.06,87.34,84.77,86.35,182014
2009-06-29,87.0,89.0,85.78,88.8,120022
2009-06-30,88.8,89.52,84.7,86.68,237794
2009-07-01,87.73,90.21,87.38,87.61,167216
2009-07-02,84.19,84.23,80.35,80.38,406413
2009-07-06,78.16,80.69,77.354,80.6,313440
2009-07-07,80.21,80.41,75.58,75.58,402887
2009-07-08,77.05,77.51,73.0,75.67,691675
2009-07-09,77.0,77.88,75.33,76.14,637289
2009-07-10,74.78,76.73,73.9,75.41,711020
2009-07-13,76.32,81.05,74.522,80.92,606014
2009-07-14,81.74,82.58,79.94,82.58,537403
2009-07-15,85.61,90.17,85.28,89.64,511380
2009-07-16,88.74,93.06,88.29,92.04,644304
2009-07-17,91.77,92.5,90.29,91.88,380157
2009-07-20,93.74,95.41,92.25,94.67,516524
2009-07-21,97.12,97.29,92.82,96.24,628016
2009-07-22,94.38,97.89,94.22,96.06,522661
2009-07-23,96.35,103.8,96.27,102.44,763870
2009-07-24,100.8,103.97,99.47,103.78,834937
2009-07-27,103.46,104.88,101.57,104.66,621245
2009-07-28,102.53,104.7601,100.63,103.77,644972
2009-07-29,101.78,103.36,100.38,102.39,776265
2009-07-30,106.31,109.27,105.47,105.59,775674
2009-07-31,105.7,108.26,104.75,105.9,762025
2009-08-03,109.65,111.6295,107.78,111.23,549917
2009-08-04,109.87,112.7,109.2219,112.3,484192
2009-08-05,112.57,112.74,108.49,111.5,868926
2009-08-06,112.89,113.23,108.0,109.41,961587
2009-08-07,113.05,116.53,111.19,113.75,611640
2009-08-10,112.28,113.86,110.75,112.96,645331
2009-08-11,111.65,111.78,108.0,108.66,676752
2009-08-12,108.21,114.83,108.21,112.44,996041
2009-08-13,114.0,115.0899,110.69,114.9794,1398701
2009-08-14,115.07,115.07,108.59,112.23,1001513
2009-08-17,105.81,106.03,103.38,103.89,1167125
2009-08-18,104.81,107.5199,104.14,106.74,741979
2009-08-19,103.89,110.29,103.73,109.19,856659
2009-08-20,109.46,113.35,109.0,112.76,716236
2009-08-21,115.39,119.8058,114.7699,119.06,853487
2009-08-24,120.65,122.64,117.96,119.04,837518
2009-08-25,120.68,123.34,119.17,119.83,1187538
2009-08-26,118.79,121.59,117.68,119.8,1165589
2009-08-27,119.57,121.86,115.73,120.91,1545803
2009-08-28,123.67,124.06,118.19,120.48,1178358
2009-08-31,117.05,117.75,115.25,117.52,1432801
2009-09-01,115.78,120.0,108.96,109.49,1909718
2009-09-02,108.26,110.39,107.55,108.45,935010
2009-09-03,110.22,111.44,107.68,110.85,737494
2009-09-04,111.71,115.8,110.77,115.7,878616
2009-09-08,119.07,119.12,116.88,118.74,885140
2009-09-09,119.41,122.69,118.3,121.53,755730
2009-09-10,121.63,125.42,119.75,125.23,898440
2009-09-11,125.88,127.02,123.4,125.05,915498
2009-09-14,121.91,127.57,121.91,127.16,779872
2009-09-15,127.66,129.99,125.12,128.61,1066044
2009-09-16,129.87,134.43,128.621,134.32,993227
2009-09-17,133.97,137.16,131.6185,133.68,1337821
2009-09-18,135.6,135.63,132.85,134.07,1220402
2009-09-21,130.91,133.9757,130.12,132.94,806638
2009-09-22,135.42,136.415,133.6,135.44,783911
2009-09-23,136.36,138.9,131.26,131.81,1512139
2009-09-24,132.81,133.5299,125.85,127.49,1372240
2009-09-25,126.63,128.6695,124.16,125.5299,1281860
2009-09-28,126.85,133.0,126.85,132.07,861148
2009-09-29,132.95,134.76,130.17,131.32,1047068
2009-09-30,132.49,132.62,125.9,129.59,1943613
2009-10-01,128.64,128.64,119.76,119.79,1360617
2009-10-02,116.41,120.21,116.37,118.46,1248553
2009-10-05,119.55,124.41,118.47,123.41,687547
2009-10-06,126.1,130.8,125.97,128.84,1024781
2009-10-07,127.79,130.19,127.181,129.826,766836
2009-10-08,132.69,134.77,131.07,132.97,1030015
2009-10-09,132.91,135.13,131.9,135.1,460469
2009-10-12,137.17,138.25,135.24,136.84,407146
2009-10-13,135.61,136.61,133.23,136.11,946115
2009-10-14,140.66,143.35,138.92,143.03,1083221
2009-10-15,140.92,144.41,140.64,144.32,1261815
2009-10-16,140.93,142.66,138.59,141.23,1269158
2009-10-19,141.9,146.0,140.67,144.72,1071315
2009-10-20,145.42,145.42,140.31,142.57,1210669
2009-10-21,141.56,146.62,138.27,138.67,1048131
2009-10-22,138.4,144.0,135.7,142.63,1050975
2009-10-23,144.21,144.31,136.08,137.89,1599893
2009-10-26,138.23,142.4693,132.17,133.03,1227253
2009-10-27,133.85,135.09,130.57,131.41,1349070
2009-10-28,130.46,131.53,123.75,124.04,1353211
2009-10-29,126.65,132.68,125.96,131.91,1556498
2009-10-30,130.97,131.8,120.03,120.65,3030941
2009-11-02,122.42,126.94,118.77,123.1,2784041
2009-11-03,121.0,124.81,120.43,124.31,2101841
2009-11-04,127.4,130.26,124.34,124.97,2157804
2009-11-05,127.82,132.21,127.16,132.06,1082196
2009-11-06,129.73,134.2099,129.19,133.35,1741088
2009-11-09,136.42,142.34,136.0,142.3,1088036
2009-11-10,141.32,143.7,139.99,142.18,1782724
2009-11-11,145.14,147.16,142.5,144.55,2161706
2009-11-12,143.94,146.23,139.03,139.95,2297290
2009-11-13,141.25,144.2088,139.11,142.5,973941
2009-11-16,145.39,150.47,145.13,148.59,1346732
2009-11-17,147.51,149.25,145.82,149.13,1035864
2009-11-18,148.84,149.48,146.09,148.93,1041832
2009-11-19,145.82,145.97,140.3,143.08,1054957
2009-11-20,140.8,142.73,139.82,141.81,813433
2009-11-23,146.56,150.0199,146.02,147.07,1084163
2009-11-24,147.48,148.09,143.93,147.45,1233456
2009-11-25,148.16,149.55,146.8,148.97,2605623
2009-11-27,136.93,144.73,136.57,141.7705,956388
2009-11-30,141.32,143.95,139.6,143.32,1606082
2009-12-01,147.14,149.94,146.28,148.03,1164116
2009-12-02,148.45,151.35,146.98,148.45,1392180
2009-12-03,149.51,152.0,144.44,144.91,1428023
2009-12-04,150.61,152.64,143.43,147.2,2299073
2009-12-07,146.88,149.29,145.2401,146.52,1050510
2009-12-08,143.65,144.2,140.42,141.9,1117733
2009-12-09,141.56,143.87,139.42,143.12,1273837
2009-12-10,145.9,147.5,144.971,145.61,995930
2009-12-11,147.77,148.53,145.557,147.76,1743017
2009-12-14,150.6,151.05,148.58,150.53,1020493
2009-12-15,148.88,150.76,147.07,148.33,1179737
2009-12-16,150.39,151.61,148.17,149.0,1432207
2009-12-17,145.98,146.76,143.335,143.8,1715751
2009-12-18,146.03,146.51,142.5,146.07,1364321
2009-12-21,148.38,152.029,148.38,150.33,1338794
2009-12-22,150.33,150.33,150.33,150.33,622600
2009-12-23,153.35,153.59,151.18,153.07,580193
2009-12-24,154.04,155.6,153.98,155.47,295167
2009-12-28,157.4,157.4,154.5,156.5,542474
2009-12-29,157.5,157.5,155.37,155.47,546890
2009-12-30,154.06,155.7,153.8,154.99,422596
2009-12-31,156.27,156.3,150.65,150.67,375879
2010-01-04,154.59,158.61,154.51,158.25,1423037
2010-01-05,158.17,159.87,156.55,159.61,1513464
2010-01-06,159.13,161.05,158.78,160.07,1498725
2010-01-07,159.11,162.5,157.76,162.02,1068550
2010-01-08,160.62,163.76,159.73,163.6,1241446
2010-01-11,165.79,165.98,162.19,164.18,1459398
2010-01-12,161.04,162.04,157.82,159.72,1224366
2010-01-13,160.9,165.05,158.47,163.79,1649216
2010-01-14,163.07,165.8999,162.88,165.01,1303077
2010-01-15,164.27,164.52,157.6201,159.54,2552662
2010-01-19,159.24,166.51,159.21,165.52,1407039
2010-01-20,162.07,162.15,156.49,160.51,2087708
2010-01-21,160.42,161.94,150.55,151.11,3291520
2010-01-22,149.21,150.79,140.66,141.31,3523347
2010-01-25,144.96,145.59,141.8801,143.05,1259498
2010-01-26,141.48,145.84,140.31,141.25,1388968
2010-01-27,140.91,144.2,137.55,143.3601,1834659
2010-01-28,144.8,144.9,135.86,138.34,1622811
2010-01-29,140.17,143.0,133.1701,133.81,1454465
2010-02-01,136.77,140.13,136.43,140.07,1273266
2010-02-02,140.95,146.07,139.46,145.26,1234645
2010-02-03,143.3,145.39,141.79,143.1,986762
2010-02-04,139.7,139.87,129.6901,129.97,3094424
2010-02-05,130.21,131.38,122.95,130.72,3515273
2010-02-08,130.84,133.0,127.4,127.91,1835233
2010-02-09,132.22,135.86,129.0601,132.53,2689148
2010-02-10,132.0,133.98,128.3901,131.8,1743180
2010-02-11,131.19,136.3,128.96,135.75,1538453
2010-02-12,131.54,135.61,129.78,135.378,1860784
2010-02-16,138.66,142.36,136.91,141.85,1420244
2010-02-17,143.97,144.5099,141.98,143.83,1404016
2010-02-18,143.22,147.33,143.0801,146.55,1372331
2010-02-19,145.4,149.0499,144.26,147.508,1147944
2010-02-22,149.0,149.07,146.18,147.271,1564776
2010-02-23,146.16,147.57,140.94,141.97,1253324
2010-02-24,143.22,146.56,142.24,145.96,1375680
2010-02-25,139.64,145.6,138.48,145.47,1229460
2010-02-26,145.7,147.06,143.16,145.77,1048268
2010-03-01,147.39,150.64,147.35,150.16,1008972
2010-03-02,152.12,153.59,150.655,151.2,1297448
2010-03-03,152.705,154.5,150.75,151.8,1311860
2010-03-04,152.45,153.84,150.73,153.14,1028409
2010-03-05,156.33,160.13,155.08,159.8,1051030
2010-03-08,159.89,160.94,159.11,159.78,791944
2010-03-09,158.17,162.87,158.17,160.579,1133267
2010-03-10,160.85,164.01,160.5,162.76,1243684
2010-03-11,161.67,164.91,160.12,164.86,1287309
2010-03-12,166.97,166.98,163.6,164.74,994730
2010-03-15,164.01,165.39,161.2,165.01,997469
2010-03-16,166.33,169.39,165.06,168.95,1352264
2010-03-17,170.37,173.58,170.25,171.85,757276
2010-03-18,171.87,172.7099,169.66,171.71,978735
2010-03-19,173.22,173.41,167.06,168.92,1432433
2010-03-22,166.2,172.66,165.88,171.67,931114
2010-03-23,171.67,171.67,171.67,171.67,1019400
2010-03-24,173.3,174.92,171.62,172.86,1183247
2010-03-25,176.34,178.36,171.26,171.84,1076983
2010-03-26,172.88,175.38,169.61,171.93,1303951
2010-03-29,174.28,175.79,173.31,174.88,758268
2010-03-30,175.45,177.06,173.0,175.19,1057263
2010-03-31,173.07,175.68,171.63,173.26,1357344
2010-04-01,177.11,178.76,173.86,176.94,803912
2010-04-05,179.03,181.58,177.5,181.11,1156952
2010-04-06,179.8,183.48,179.22,182.43,720963
2010-04-07,181.49,182.7,176.92,179.54,2041132
2010-04-08,177.19,182.11,175.93,181.11,1689645
2010-04-09,182.42,185.02,181.44,184.69,1497661
2010-04-12,185.53,187.04,184.83,185.73,1607754
2010-04-13,185.0,187.0,182.28,186.31,1270896
2010-04-14,188.21,192.4199,187.25,192.28,1455692
2010-04-15,191.35,194.05,191.32,193.02,1395001
2010-04-16,190.96,191.89,180.85,183.8,2740900
2010-04-19,182.0,186.18,179.51,185.52,2237293
2010-04-20,189.27,191.1,187.46,190.566,1071864
2010-04-21,191.07,192.3,186.56,189.51,1544914
2010-04-22,185.59,192.0,182.38,191.26,1459252
2010-04-23,190.94,195.21,189.46,195.03,1333426
2010-04-26,195.35,196.6299,192.36,192.75,1089318
2010-04-27,189.54,192.48,178.1706,179.1,2149404
2010-04-28,181.85,184.659,178.35,182.96,2446252
2010-04-29,186.64,191.21,186.42,189.97,1098184
2010-04-30,190.21,190.86,180.2619,180.33,1332141
2010-05-03,183.08,188.9,182.17,187.57,1238550
2010-05-04,181.05,181.13,171.47,174.0301,1915708
2010-05-05,169.61,175.3799,167.41,171.13,1718578
2010-05-06,168.91,171.72,107.45,154.082,2755509
2010-05-07,152.81,157.326,140.24,147.29,2065771
2010-05-10,165.2,168.47,161.5794,166.39,2566209
2010-05-11,161.7,171.69,161.25,164.95,1503034
2010-05-12,167.19,172.6,166.26,171.95,1273174
2010-05-13,170.89,173.0,165.14,165.55,990556
2010-05-14,161.96,162.7,152.15,156.61,1776741
2010-05-17,157.91,159.13,147.83,156.78,1727450
2010-05-18,160.59,162.0299,148.77,150.53,1622393
2010-05-19,147.81,151.87,142.21,147.85,1931131
2010-05-20,138.37,140.24,130.79,130.9,2947496
2010-05-21,124.99,137.72,124.1,135.66,2441591
2010-05-24,134.31,137.72,131.08,131.46,1861728
2010-05-25,121.86,131.97,119.27,131.9,2412374
2010-05-26,134.34,137.89,128.25,129.17,2495989
2010-05-27,136.88,142.56,135.26,142.41,2124738
2010-05-28,141.86,142.08,135.1,136.78,2143174
2010-06-01,133.04,139.192,129.564,130.19,2376638
2010-06-02,132.21,140.31,130.46,140.15,2042032
2010-06-03,141.68,143.04,137.4902,141.6,1898669
2010-06-04,133.78,136.3822,125.43,127.37,2906086
2010-06-07,128.16,129.55,121.75,122.1,2343222
2010-06-08,122.34,126.66,119.14,125.64,2404974
2010-06-09,128.35,131.8,122.53,123.74,2892080
2010-06-10,130.13,135.2,129.62,134.89,1869965
2010-06-11,131.24,136.99,130.94,136.66,2202024
2010-06-14,139.94,142.11,135.67,136.22,3280623
2010-06-15,139.01,145.74,138.27,145.28,1990076
2010-06-16,143.32,146.99,142.28,145.15,2607712
2010-06-17,146.47,146.69,141.7,145.84,3446435
2010-06-18,146.76,147.97,144.98,146.29,1812367
2010-06-21,151.82,152.147,142.698,144.86,1967702
2010-06-22,145.04,146.82,137.19,137.7,2750712
2010-06-23,138.0,139.44,133.6,136.4,2355747
2010-06-24,134.39,134.93,128.63,129.68,3365928
2010-06-25,130.79,133.22,127.28,132.16,2585337
2010-06-28,131.83,132.87,128.6,129.86,1830867
2010-06-29,124.58,124.654,115.6636,118.04,3463984
2010-06-30,116.96,120.21,113.4,113.96,2203524
2010-07-01,114.31,115.42,107.59,113.23,4032013
2010-07-02,114.26,115.16,109.23,111.26,1976346
2010-07-06,115.82,118.21,110.11,113.33,2323417
2010-07-07,114.14,124.41,113.8,124.03,2220658
2010-07-08,126.98,128.13,123.32,127.67,1901671
2010-07-09,127.73,130.53,126.86,130.43,1005466
2010-07-12,129.17,131.52,127.6,130.81,918832
2010-07-13,134.91,138.26,134.14,136.74,1710776
2010-07-14,135.5,138.23,133.81,136.69,1006754
2010-07-15,136.63,138.12,131.14,136.79,1361273
2010-07-16,134.39,134.77,124.66,125.48,2077257
2010-07-19,126.9,128.83,123.87,127.81,1735090
2010-07-20,122.58,132.18,122.4,131.88,1826306
2010-07-21,133.96,134.05,125.13,126.92,2175185
2010-07-22,131.36,136.92,131.26,135.28,1769169
2010-07-23,134.6,139.3428,133.28,138.7601,1691048
2010-07-26,139.3,143.53,138.32,143.28,1404505
2010-07-27,145.57,145.9,141.3,143.0,1396780
2010-07-28,142.1,143.4,138.88,140.31,1123525
2010-07-29,142.75,143.92,134.92,138.23,1678430
2010-07-30,134.0,140.29,133.29,138.09,1630937
2010-08-02,144.65,148.14,142.912,147.42,1028888
2010-08-03,146.4,147.52,143.92,145.37,1104969
2010-08-04,146.58,148.88,145.08,148.23,1138593
2010-08-05,145.59,148.01,144.8001,147.7,1122114
2010-08-06,143.42,146.69,140.23,145.87,1403171
2010-08-09,148.01,149.06,145.75,148.19,672399
2010-08-10,144.53,148.25,141.98,146.05,1561591
2010-08-11,139.0,139.25,133.24,134.0,1592419
2010-08-12,127.79,132.83,127.65,131.57,1076097
2010-08-13,130.2,132.61,129.8,130.12,1057112
2010-08-16,127.71,131.28,126.2,130.08,1240489
2010-08-17,133.31,137.68,132.27,134.56,1349056
2010-08-18,134.63,137.7,132.33,135.5,1128775
2010-08-19,133.51,134.41,126.84,128.54,2100288
2010-08-20,127.25,127.82,124.42,127.35,1441981
2010-08-23,129.07,130.89,125.52,125.65,1162308
2010-08-24,121.49,123.159,118.21,120.28,1761091
2010-08-25,118.09,122.8,115.86,121.27,1447043
2010-08-26,122.93,123.67,117.816,118.9,1358899
2010-08-27,121.27,124.834,115.9,124.5,1660217
2010-08-30,123.58,124.6599,119.08,119.16,1321767
2010-08-31,117.71,121.32,116.3601,119.5,1833806
2010-09-01,124.05,130.27,123.76,129.83,1455231
2010-09-02,130.82,133.46,129.98,133.46,1034721
2010-09-03,137.45,138.9789,135.2168,138.53,1389394
2010-09-07,136.63,137.13,133.64,134.12,1160213
2010-09-08,134.7,138.31,134.53,136.73,1166930
2010-09-09,141.3,141.52,137.6,138.65,932137
2010-09-10,139.46,141.22,138.5,140.81,817150
2010-09-13,144.94,146.31,143.25,145.402,1055286
2010-09-14,144.61,147.6,142.94,145.0801,1041411
2010-09-15,143.91,147.32,142.58,146.97,886793
2010-09-16,145.39,146.98,143.95,146.7,1069127
2010-09-17,148.88,149.35,145.68,146.81,945263
2010-09-20,148.56,154.59,147.4,153.79,1120639
2010-09-21,153.83,156.0,150.64,152.41,2165595
2010-09-22,152.0,154.33,149.04,150.48,1291626
2010-09-23,146.54,151.27,145.41,146.66,1505639
2010-09-24,151.58,155.92,151.16,155.45,1088826
2010-09-27,155.81,156.36,153.0,153.5,995827
2010-09-28,154.11,156.49,149.08,155.12,1732768
2010-09-29,153.88,155.97,152.4,153.98,1427001
2010-09-30,156.45,159.37,150.67,152.76,2103154
2010-10-01,156.21,156.73,151.96,154.7,1034245
2010-10-04,153.62,155.67,148.95,151.32,1385427
2010-10-05,155.49,161.45,154.87,160.289,975315
2010-10-06,160.31,161.47,158.42,160.4,1044485
2010-10-07,162.4,162.4,156.85,159.76,974340
2010-10-08,160.51,163.75,158.58,162.28,968038
2010-10-11,163.26,164.13,161.15,162.82,608957
2010-10-12,161.23,165.8,158.59,164.43,1403446
2010-10-13,167.21,170.82,165.9001,168.0,1040707
2010-10-14,167.71,168.5,163.15,166.89,1351646
2010-10-15,169.79,169.95,163.27,167.33,1275628
2010-10-18,167.53,171.32,164.99,164.99,739487
2010-10-19,164.91,167.78,159.9319,162.69,1490776
2010-10-20,164.06,170.09,163.62,167.77,1209066
2010-10-21,170.16,172.86,164.8791,168.67,1411080
2010-10-22,169.59,170.47,168.25,169.95,719824
2010-10-25,173.0,175.77,170.87,170.99,1248391
2010-10-26,168.54,171.8,167.65,171.2,699993
2010-10-27,167.72,170.41,165.14,169.88,1220717
2010-10-28,172.55,172.98,167.46,170.13,940347
2010-10-29,169.33,171.24,168.55,170.24,561331
2010-11-01,173.04,175.68,167.61,170.39,1053535
2010-11-02,174.24,175.64,172.88,174.26,596023
2010-11-03,175.47,176.82,169.92,176.52,1091672
2010-11-04,182.33,186.99,181.75,186.66,922727
2010-11-05,187.05,189.77,186.49,189.12,970661
2010-11-08,187.17,188.6,185.3,187.98,902453
2010-11-09,189.39,189.84,181.45,183.74,1088703
2010-11-10,183.62,186.15,179.47,185.84,1342909
2010-11-11,181.02,184.6073,179.5,183.57,842329
2010-11-12,180.05,182.47,174.93,177.16,1783308
2010-11-15,179.01,180.99,176.3,176.52,880895
2010-11-16,173.28,174.1,165.8,168.22,2005968
2010-11-17,168.53,170.5,166.97,168.48,908110
2010-11-18,173.37,177.66,173.36,175.86,790962
2010-11-19,175.29,177.5,172.75,177.2,666392
2010-11-22,174.77,177.02,170.69,176.93,1155021
2010-11-23,170.75,171.66,167.34,169.0,1653754
2010-11-24,172.5,176.73,172.39,176.35,744712
2010-11-26,172.09,174.9,171.0,171.74,434301
2010-11-29,169.64,173.44,165.94,172.08,1315119
2010-11-30,166.9,172.11,166.17,168.84,1230171
2010-12-01,176.55,180.87,176.52,179.78,980608
2010-12-02,180.75,187.21,180.51,186.78,788447
2010-12-03,185.0,188.92,184.73,188.23,753066
2010-12-06,187.26,188.97,186.5,187.62,566630
2010-12-07,193.04,193.48,187.78,187.92,1149041
2010-12-08,188.7,190.5,186.21,189.98,769787
2010-12-09,193.18,193.46,189.57,192.44,587227
2010-12-10,194.07,196.2199,192.21,195.74,622549
2010-12-13,198.7,199.14,195.94,196.13,727349
2010-12-14,197.05,199.2,194.81,196.57,726030
2010-12-15,195.54,197.85,193.02,193.821,919929
2010-12-16,194.99,197.6381,192.16,197.2,951293
2010-12-17,196.75,198.59,195.6,198.05,544862
2010-12-20,199.6,200.75,196.4,199.03,772545
2010-12-21,201.29,203.4,200.5901,202.88,550703
2010-12-22,203.52,205.18,203.2,204.93,522147
2010-12-23,204.29,204.99,202.61,204.0,371385
2010-12-27,201.79,204.8,201.31,204.0,253374
2010-12-28,205.49,205.64,203.59,205.13,298219
2010-12-29,205.78,206.95,205.56,205.6199,273065
2010-12-30,204.95,206.37,203.73,204.81,427924
2010-12-31,203.66,205.3485,202.69,204.91,366685
2011-01-03,209.29,213.71,209.15,210.87,692517
2011-01-04,212.52,212.59,206.87,210.21,917156
2011-01-05,208.52,214.3,208.13,213.77,588879
2011-01-06,214.07,214.8481,210.88,212.51,711384
2011-01-07,213.64,214.55,206.55,211.35,683381
2011-01-10,208.9,211.469,206.8,210.68,873854
2011-01-11,213.21,214.31,210.45,212.67,886881
2011-01-12,216.74,219.2299,215.56,218.65,948158
2011-01-13,218.69,219.11,215.88,217.94,939956
2011-01-14,216.57,222.314,216.16,221.73,931510
2011-01-18,221.63,223.94,220.827,223.45,524151
2011-01-19,222.95,223.2534,215.0252,223.19,929139
2011-01-20,215.25,217.47,211.184,215.98,1249639
2011-01-21,219.89,221.33,216.64,217.65,791922
2011-01-24,216.92,221.78,216.77,221.03,642615
2011-01-25,218.99,221.5,215.96,221.32,926858
2011-01-26,222.8,225.79,221.67,223.99,827799
2011-01-27,223.96,226.6,222.87,225.54,730982
2011-01-28,226.49,227.36,212.721,213.627,1358936
2011-01-31,215.56,218.9729,213.881,218.36,697186
2011-02-01,222.33,230.089,222.1206,228.78,655486
2011-02-02,227.57,229.44,226.8309,227.517,575705
2011-02-03,226.57,230.15,222.893,228.96,523360
2011-02-04,229.39,231.42,226.27,231.27,531262
2011-02-07,232.69,237.72,232.65,235.43,457209
2011-02-08,236.24,238.98,234.24,238.64,432782
2011-02-09,236.75,238.91,233.64,237.0,699812
2011-02-10,233.31,238.0,231.85,237.34,479978
2011-02-11,234.33,242.44,234.33,241.57,585797
2011-02-14,241.35,243.73,240.32,242.89,412413
2011-02-15,240.89,242.14,239.01,241.01,504695
2011-02-16,243.27,246.3,241.867,245.12,693112
2011-02-17,243.26,248.5,242.68,247.71,397592
2011-02-18,248.19,250.07,246.56,249.24,508451
2011-02-22,241.23,245.46,232.23,234.39,945277
2011-02-23,233.61,235.42,225.49,230.51,808247
2011-02-24,229.05,231.97,222.84,229.67,963971
2011-02-25,77.49,79.01,77.25,78.78,1125205
2011-02-28,79.7,80.63,78.97,80.35,1270009
2011-03-01,81.14,81.32,76.32,76.32,2440230
2011-03-02,76.0,77.86,75.74,76.72,1660099
2011-03-03,78.93,81.0199,78.85,80.68,1192406
2011-03-04,80.68,80.7473,77.4,78.98,1689000
2011-03-07,79.61,80.1799,75.85,76.97,1160909
2011-03-08,77.39,79.82,76.43,79.01,949374
2011-03-09,78.56,79.48,77.34,78.75,954678
2011-03-10,76.36,76.36,74.16,74.34,1528388
2011-03-11,73.5,76.68,73.5,75.9,1225294
2011-03-14,74.33,75.28,72.79,74.56,1203905
2011-03-15,68.46,73.25,68.4,72.06,1889019
2011-03-16,71.35,71.98,66.47,67.98,2955491
2011-03-17,70.84,71.44,69.4,70.49,1257072
2011-03-18,73.18,73.25,71.0,71.45,1272863
2011-03-21,74.15,75.15,73.83,74.68,884392
2011-03-22,74.73,74.9581,73.7201,73.96,987347
2011-03-23,73.29,75.1186,72.3,74.55,1029530
2011-03-24,75.9,77.0,74.55,76.65,1233049
2011-03-25,77.22,78.3888,76.8,77.3,1092870
2011-03-28,77.97,78.48,76.78,76.83,1144542
2011-03-29,76.66,78.38,75.89,78.34,936709
2011-03-30,79.63,80.65,79.26,79.95,909243
2011-03-31,79.76,80.4,79.3901,79.71,603173
2011-04-01,81.25,81.79,80.09,80.61,1008902
2011-04-04,81.21,81.59,80.17,80.85,752279
2011-04-05,80.37,81.909,80.27,80.86,922670
2011-04-06,82.0,82.18,80.62,81.46,887884
2011-04-07,81.13,82.08,79.79,80.95,1304514
2011-04-08,81.96,82.12,79.11,80.22,883332
2011-04-11,80.33,81.16,78.81,79.45,655946
2011-04-12,78.02,78.46,76.7,77.69,1294754
2011-04-13,78.67,78.84,76.65,77.56,898864
2011-04-14,76.19,78.0704,75.44,77.744,952262
2011-04-15,78.11,79.12,77.48,78.39,1113204
2011-04-18,75.9,76.39,74.05,76.03,1515402
2011-04-19,76.29,77.2705,75.7,77.13,634998
2011-04-20,79.98,80.87,79.81,80.42,1241586
2011-04-21,81.56,81.6694,80.46,81.6,673986
2011-04-25,81.46,81.67,80.53,81.3,571482
2011-04-26,82.03,83.89,81.8905,83.44,866129
2011-04-27,83.99,85.42,82.9,85.0,939228
2011-04-28,84.45,86.17,84.45,85.84,796185
2011-04-29,86.0,86.72,85.66,86.67,703976
2011-05-02,88.0,88.0,85.57,86.02,1027505
2011-05-03,85.65,86.0493,83.88,85.16,969269
2011-05-04,85.09,85.129,82.31,83.49,1086429
2011-05-05,82.04,83.66,80.066,81.32,1437879
2011-05-06,83.62,84.84,81.31,82.18,1301069
2011-05-09,82.38,83.87,81.86,83.33,640154
2011-05-10,84.07,85.79,83.73,85.42,779322
2011-05-11,84.99,84.99,81.5,82.61,1308393
2011-05-12,81.97,84.3,80.73,83.81,1027121
2011-05-13,83.99,84.2794,81.03,81.78,1033715
2011-05-16,80.83,82.9,79.9,80.32,832592
2011-05-17,79.34,80.56,78.3509,80.32,1003244
2011-05-18,80.33,82.62,79.8609,82.49,728681
2011-05-19,83.17,83.6,81.6699,83.03,826852
2011-05-20,82.32,82.65,80.58,81.01,1016284
2011-05-23,78.0,78.89,77.3274,78.16,1087000
2011-05-24,78.89,79.36,77.53,78.05,830797
2011-05-25,77.06,79.7225,76.97,78.75,834203
2011-05-26,78.14,80.25,77.67,79.71,1235450
2011-05-27,80.45,81.39,80.19,80.73,822736
2011-05-31,82.99,83.27,81.34,83.26,960184
2011-06-01,82.47,82.67,77.44,77.79,1880195
2011-06-02,77.8,78.284,76.029,77.36,1121629
2011-06-03,74.55,76.83,74.49,75.14,1389027
2011-06-06,74.56,74.97,72.411,72.66,1093947
2011-06-07,73.89,74.42,72.41,72.49,976078
2011-06-08,72.24,72.92,71.22,71.63,1373216
2011-06-09,72.2,74.12,71.71,73.14,805998
2011-06-10,72.21,72.4599,69.6033,70.2,2041606
2011-06-13,70.63,71.19,69.3,70.32,1027063
2011-06-14,72.24,73.7348,72.2,73.0,1166630
2011-06-15,71.15,71.81,68.57,69.11,2308203
2011-06-16,69.22,70.65,67.9776,69.47,1776871
2011-06-17,71.66,71.66,69.5,70.16,1476042
2011-06-20,69.49,71.69,69.41,71.32,1338255
2011-06-21,72.39,74.5948,72.08,74.15,1453280
2011-06-22,73.5,74.78,72.7,72.88,1187824
2011-06-23,70.24,72.29,68.6252,72.21,2981822
2011-06-24,72.21,72.3,69.39,69.7,2019041
2011-06-27,69.79,72.33,69.45,71.52,1064930
2011-06-28,72.35,74.3252,72.1173,74.31,962754
2011-06-29,75.35,76.58,74.514,76.24,1415878
2011-06-30,76.98,78.7665,76.74,78.37,1085794
2011-07-01,78.46,82.182,78.07,81.89,1178844
2011-07-05,81.63,82.18,80.91,81.56,1338092
2011-07-06,81.02,82.23,80.4,81.87,1438481
2011-07-07,84.17,85.16,83.66,84.67,1646519
2011-07-08,81.7,82.8,80.81,82.8,2007459
2011-07-11,79.64,80.46,77.69,78.43,2450911
2011-07-12,77.71,79.67,77.141,77.26,2207335
2011-07-13,78.41,80.41,77.45,78.11,1552810
2011-07-14,78.64,79.65,75.94,76.46,3123771
2011-07-15,77.61,78.0,76.12,77.59,1842458
2011-07-18,76.6,76.94,74.08,75.78,2121264
2011-07-19,77.05,79.72,76.99,79.42,1717187
2011-07-20,80.06,80.2099,78.9,79.28,1274997
2011-07-21,80.55,83.18,80.16,82.55,2056613
2011-07-22,82.64,83.02,81.259,82.75,1309054
2011-07-25,80.4,82.58,80.16,81.37,1216462
2011-07-26,81.18,81.6,79.89,80.47,1271504
2011-07-27,79.17,79.17,75.25,75.63,2502701
2011-07-28,75.53,77.51,74.5115,74.97,1883300
2011-07-29,72.64,75.41,71.65,73.36,3125972
2011-08-01,75.95,76.108,70.26,72.34,3852578
2011-08-02,70.79,71.88,66.83,66.98,4361271
2011-08-03,67.12,68.1,63.73,67.93,4739058
2011-08-04,65.04,65.4,58.03,58.32,5913661
2011-08-05,60.49,60.96,53.41,58.07,6883981
2011-08-08,53.39,55.53,46.42,46.6,7604951
2011-08-09,48.95,53.34,44.2,53.08,7385887
2011-08-10,50.09,51.5,45.71,46.11,6914056
2011-08-11,47.32,54.26,46.9,52.26,4444367
2011-08-12,53.78,54.8,52.26,53.41,6187459
2011-08-15,54.8,56.87,54.54,56.6,3910590
2011-08-16,55.09,56.822,53.4507,55.22,4971631
2011-08-17,56.16,57.49,54.08,55.37,3989224
2011-08-18,50.98,51.14,46.68,48.15,6672065
2011-08-19,46.23,49.9,45.66,45.92,5169197
2011-08-22,48.91,48.97,45.53,45.98,4528939
2011-08-23,46.46,50.5324,45.741,50.39,5057183
2011-08-24,50.12,52.753,49.75,52.56,4720739
2011-08-25,53.49,54.37,49.65,50.16,5100333
2011-08-26,49.4,53.07,47.07,52.36,5894154
2011-08-29,54.48,56.95,54.36,56.88,3358128
2011-08-30,56.14,58.3894,54.8801,57.18,4846869
2011-08-31,58.43,59.92,56.81,57.89,5452487
2011-09-01,58.21,59.75,56.06,56.28,4661304
2011-09-02,52.79,53.66,51.37,51.95,4526788
2011-09-06,47.39,51.02,47.39,50.8,5461452
2011-09-07,53.17,55.16,52.6,55.06,4007502
2011-09-08,54.07,55.98,53.0,53.33,5082309
2011-09-09,51.53,52.09,48.33,49.2,6733807
2011-09-12,47.84,50.22,46.8,50.13,5685241
2011-09-13,50.55,52.04,49.52,51.38,5422801
2011-09-14,52.24,55.45,50.16,53.58,5699229
2011-09-15,55.31,56.43,53.9,56.39,5542074
2011-09-16,57.06,58.0,55.74,57.35,4533224
2011-09-19,54.57,56.56,53.46,55.65,5985733
2011-09-20,56.4,58.01,55.29,55.49,5066812
2011-09-21,55.57,56.06,50.35,50.43,6262703
2011-09-22,46.22,47.43,43.67,45.65,9221770
2011-09-23,44.74,47.2,44.621,46.34,5153106
2011-09-26,47.77,49.96,45.79,49.68,7131338
2011-09-27,52.71,54.03,50.54,51.25,5846423
2011-09-28,51.78,52.68,48.064,48.16,5121592
2011-09-29,50.68,51.43,46.8,49.4,5909591
2011-09-30,47.39,48.66,45.7,45.88,5919877
2011-10-03,44.98,46.68,41.75,41.81,10240823
2011-10-04,40.01,44.8,38.97,44.3,10854782
2011-10-05,44.86,47.3698,43.64,47.0,7462853
2011-10-06,46.98,49.76,45.94,49.54,5200970
2011-10-07,50.4456,50.53,47.75,48.52,7506793
2011-10-10,51.03,53.48,51.01,53.48,3529292
2011-10-11,52.53,54.06,52.35,53.52,3655837
2011-10-12,54.86,56.8602,54.46,55.04,4829501
2011-10-13,54.0,55.14,52.8,54.63,4618452
2011-10-14,56.59,57.56,55.69,57.44,4060333
2011-10-17,56.63,56.79,53.79,54.16,3571625
2011-10-18,54.08,58.64,52.83,57.356,5774519
2011-10-19,57.11,58.079,54.76,55.34,4976577
2011-10-20,55.76,56.64,53.55,56.01,4515372
2011-10-21,58.03,59.42,57.5107,59.18,3406749
2011-10-24,59.51,61.84,59.35,61.5,2781197
2011-10-25,60.58,60.62,57.44,57.85,2952971
2011-10-26,59.69,60.23,56.67,59.59,4356564
2011-10-27,64.45,66.95,62.95,65.68,4428218
2011-10-28,64.88,66.15,64.58,65.93,2622166
2011-10-31,63.56,63.71,60.81,60.84,3258235
2011-11-01,55.92,58.1,55.23,55.95,6664711
2011-11-02,58.43,59.2,57.0,58.64,3832167
2011-11-03,60.71,62.1688,58.0848,61.79,4724289
2011-11-04,60.33,61.0,58.55,60.69,3260388
2011-11-07,60.65,61.99,58.85,61.79,3329607
2011-11-08,62.8,64.39,61.0,64.18,3203610
2011-11-09,59.74,60.56,56.668,57.11,6665272
2011-11-10,59.39,59.55,56.918,58.67,4153326
2011-11-11,60.8001,62.47,60.78,62.07,4437561
2011-11-14,61.35,61.57,59.47,60.21,3075727
2011-11-15,59.89,62.1097,59.19,61.2,4015881
2011-11-16,59.33,61.5,57.99,58.2,5524354
2011-11-17,57.91,58.319,54.18,55.43,6718160
2011-11-18,55.9,56.26,54.53,55.18,4119026
2011-11-21,52.75,53.0,50.72,52.0,5950102
2011-11-22,51.76,52.64,50.56,51.44,4582610
2011-11-23,50.04,50.15,48.04,48.11,5043574
2011-11-25,47.77,49.43,47.61,47.61,2523718
2011-11-28,51.6397,52.46,50.809,51.891,4236210
2011-11-29,52.32,53.39,51.77,52.3,4432614
2011-11-30,56.79,59.06,56.4838,58.8,5756153
2011-12-01,58.57,59.7,57.98,58.71,3684694
2011-12-02,60.36,60.93,58.47,58.62,3399806
2011-12-05,61.35,61.86,59.44,60.52,3226913
2011-12-06,60.53,61.8,59.882,60.57,2429291
2011-12-07,60.0,62.0,58.73,61.28,2996660
2011-12-08,60.01,60.45,56.803,57.25,5085666
2011-12-09,58.03,60.6,57.86,60.11,3672929
2011-12-12,58.57,58.57,56.02,57.52,3226085
2011-12-13,58.42,59.38,55.08,55.83,5227254
2011-12-14,55.23,55.83,53.72,54.0,3785343
2011-12-15,55.8,56.0199,54.4012,54.58,3458422
2011-12-16,55.72,56.69,54.5,54.89,3718377
2011-12-19,55.49,55.87,52.78,53.1,2448558
2011-12-20,55.61,58.2,55.61,57.969,3306099
2011-12-21,57.88,58.54,56.29,58.29,3540804
2011-12-22,58.89,59.98,58.54,59.98,2569816
2011-12-23,60.42,61.41,60.01,61.39,1997723
2011-12-27,61.11,62.0,60.9102,61.43,1750679
2011-12-28,61.6,61.62,58.99,59.268,2412466
2011-12-29,59.74,61.1,59.65,60.95,2396454
2011-12-30,60.84,61.24,60.15,60.15,1494897
2012-01-03,63.28,64.152,62.8157,63.06,2545719
2012-01-04,62.45,63.359,61.75,63.16,2394474
2012-01-05,62.2,63.99,61.3101,63.8,2576911
2012-01-06,63.92,63.94,62.62,63.33,2893790
2012-01-09,63.66,63.92,62.8,63.64,2857115
2012-01-10,65.72,66.0905,65.082,65.3,3195395
2012-01-11,64.7,65.68,64.4,65.48,2149329
2012-01-12,65.97,66.15,64.44,65.9,1967803
2012-01-13,64.58,65.2,63.17,65.2,2962822
2012-01-17,66.73,67.1,65.21,65.58,2883217
2012-01-18,65.63,67.88,65.24,67.77,2565153
2012-01-19,68.45,69.0201,67.87,68.83,2311126
2012-01-20,68.59,68.99,68.02,68.9799,1927623
2012-01-23,68.92,70.1,68.08,69.04,2340819
2012-01-24,67.82,68.92,67.51,68.84,2128307
2012-01-25,68.53,71.06,67.76,70.53,3115460
2012-01-26,71.56,71.9,68.66,69.52,3883866
2012-01-27,68.5,69.75,68.35,69.38,2599161
2012-01-30,67.35,68.79,66.62,68.67,2355226
2012-01-31,69.74,69.93,67.6,68.51,3375845
2012-02-01,70.09,71.41,69.85,70.34,2486438
2012-02-02,70.81,71.25,70.0,70.72,2541473
2012-02-03,72.87,73.84,72.5,73.73,2635179
2012-02-06,72.8,73.63,72.53,73.56,2145279
2012-02-07,73.07,74.45,72.25,74.12,3616009
2012-02-08,74.25,74.81,73.3,74.66,2941885
2012-02-09,75.13,75.39,73.73,74.97,2922645
2012-02-10,72.98,73.55,72.51,73.5,3344755
2012-02-13,74.94,75.25,74.0,75.0,1910570
2012-02-14,74.39,74.84,73.17,74.71,3520074
2012-02-15,75.5,75.78,73.21,73.64,4399203
2012-02-16,73.67,76.3,73.31,76.02,2733823
2012-02-17,76.89,77.0,75.98,76.74,1669722
2012-02-21,77.22,77.8,76.11,76.86,2174446
2012-02-22,76.44,76.9372,75.67,75.99,2388796
2012-02-23,75.94,77.21,75.17,77.14,2132915
2012-02-24,77.57,78.03,77.072,77.53,1642831
2012-02-27,76.05,78.58,75.64,77.88,2230410
2012-02-28,78.08,78.81,77.571,78.62,2635887
2012-02-29,78.995,79.71,76.96,77.58,3981396
2012-03-01,78.17,79.36,77.89,78.96,3216198
2012-03-02,78.77,79.05,77.68,78.24,1712770
2012-03-05,77.81,77.98,76.44,77.22,2883680
2012-03-06,74.84,74.96,73.16,73.78,3412839
2012-03-07,74.35,75.71,74.1,75.36,1997420
2012-03-08,76.74,78.05,76.27,77.62,1515746
2012-03-09,78.01,79.1,77.7501,78.49,1578205
2012-03-12,78.44,78.81,77.6701,78.52,1276649
2012-03-13,79.8,82.86,79.4,82.83,2230376
2012-03-14,82.91,83.45,81.75,82.49,1796102
2012-03-15,82.9,84.02,82.24,83.84,1776134
2012-03-16,84.41,84.61,83.76,84.39,2264905
2012-03-19,84.15,86.05,83.96,85.3,2020724
2012-03-20,83.85,84.83,83.096,84.49,1774787
2012-03-21,84.65,84.9,83.605,84.13,2248149
2012-03-22,82.24,82.9,81.47,82.25,2546531
2012-03-23,82.55,83.35,81.15,83.06,2182895
2012-03-26,84.84,87.17,84.78,86.52,2783132
2012-03-27,86.83,87.0,85.61,85.75,2365928
2012-03-28,85.69,86.04,83.0,84.49,3235736
2012-03-29,82.97,84.39,81.9906,84.03,3603711
2012-03-30,85.33,85.5,83.75,84.79,2668039
2012-04-02,84.75,87.61,84.29,86.89,2563938
2012-04-03,86.53,87.03,84.36,85.87,3054393
2012-04-04,83.91,84.2,82.4,83.3832,3137859
2012-04-05,82.51,83.939,82.2426,83.19,2192418
2012-04-09,79.99,81.37,79.71,80.46,2807145
2012-04-10,79.9,80.59,76.1,76.33,5921523
2012-04-11,78.71,79.08,77.76,77.94,3844936
2012-04-12,78.37,81.4,78.24,81.33,4321419
2012-04-13,80.65,80.7,78.12,78.23,3367265
2012-04-16,79.53,79.85,77.3501,78.01,4112999
2012-04-17,79.54,82.1,79.27,81.53,3105935
2012-04-18,80.56,81.604,80.38,80.76,2622785
2012-04-19,80.87,81.72,78.13,79.26,3646116
2012-04-20,80.25,81.16,79.53,79.59,2050610
2012-04-23,77.16,77.82,76.15,77.65,2599425
2012-04-24,77.8,79.102,77.65,78.55,2296740
2012-04-25,80.81,81.81,80.5704,81.8,2718164
2012-04-26,81.19,83.7,81.04,83.42,1850728
2012-04-27,84.19,84.53,82.81,83.8,1760204
2012-04-30,83.27,83.51,82.2,82.77,1762561
2012-05-01,82.73,86.07,82.47,84.33,1638175
2012-05-02,82.97,83.92,82.14,83.67,1676303
2012-05-03,83.74,83.88,81.3,81.83,1932830
2012-05-04,80.48,80.7,77.65,77.8,2236300
2012-05-07,76.95,78.73,76.85,77.91,1764890
2012-05-08,76.59,77.38,74.25,76.98,2610376
2012-05-09,74.59,77.08,73.51,75.55,3032828
2012-05-10,77.23,77.46,75.5802,76.04,1847069
2012-05-11,74.63,77.5,74.57,75.34,2107023
2012-05-14,73.23,74.4,72.54,72.87,2450528
2012-05-15,72.72,74.0,71.29,71.64,2716540
2012-05-16,72.6,73.54,70.76,70.81,2315711
2012-05-17,70.83,71.069,67.52,67.52,3495668
2012-05-18,68.41,68.75,65.58,65.85,3015722
2012-05-21,66.49,69.35,66.2,69.3,2508812
2012-05-22,69.81,71.28,68.29,69.38,2844806
2012-05-23,68.17,70.059,66.15,69.67,3489740
2012-05-24,70.31,70.65,68.39,70.15,3303303
2012-05-25,70.06,70.65,68.97,69.521,2268923
2012-05-29,71.19,72.34,70.47,71.97,2587926
2012-05-30,70.14,70.22,68.4,68.8,2923593
2012-05-31,68.79,69.93,66.6,68.41,4193519
2012-06-01,65.18,65.85,63.22,63.22,5492587
2012-06-04,63.57,64.05,61.69,63.2,3351324
2012-06-05,62.73,64.8241,62.65,64.42,3048737
2012-06-06,65.89,68.99,65.85,68.98,3984034
2012-06-07,71.23,71.34,68.594,68.95,3446161
2012-06-08,68.52,70.69,67.823,70.63,2128465
2012-06-11,72.39,72.5,67.77,68.01,3014517
2012-06-12,68.53,70.42,67.59,70.42,3124045
2012-06-13,69.65,70.99,68.2349,68.9627,2271863
2012-06-14,69.37,71.96,68.8,71.18,2847642
2012-06-15,72.05,73.48,71.51,73.22,2008889
2012-06-18,72.4,74.289,71.92,73.67,2957876
2012-06-19,74.89,76.77,74.6274,75.861,2097715
2012-06-20,75.89,76.5,73.76,75.44,2843362
2012-06-21,75.76,75.97,70.21,70.39,3333846
2012-06-22,71.52,72.42,70.7,72.0,1866800
2012-06-25,69.78,69.82,67.79,68.48,1952880
2012-06-26,69.08,70.23,67.98,69.59,1881644
2012-06-27,70.27,71.86,70.151,71.51,1806951
2012-06-28,70.03,71.17,68.42,70.84,2773154
2012-06-29,74.7,76.36,74.17,76.23,2955926
2012-07-02,76.77,77.0498,75.2,76.78,1511640
2012-07-03,76.8,78.5,76.53,78.33,984463
2012-07-05,77.53,78.33,76.44,77.23,1528558
2012-07-06,75.07,75.53,73.99,75.04,2151752
2012-07-09,74.93,75.18,73.74,74.81,1790430
2012-07-10,75.93,76.28,72.0518,72.83,2678735
2012-07-11,72.94,73.56,71.5901,72.8,2859788
2012-07-12,71.54,72.72,70.31,71.86,2416354
2012-07-13,72.36,75.62,72.3,75.4,2085060
2012-07-16,74.83,75.53,73.96,74.77,1624493
2012-07-17,75.78,76.86,73.4,76.38,2844581
2012-07-18,75.87,78.52,75.73,78.12,2246909
2012-07-19,78.58,79.47,77.82,78.65,2256455
2012-07-20,77.37,77.71,76.27,76.52,1719467
2012-07-23,73.15,74.83,72.11,74.18,2963307
2012-07-24,74.36,74.45,70.8,72.36,2725933
2012-07-25,72.78,73.3056,71.17,72.3,3330253
2012-07-26,75.46,76.36,74.45,75.85,2619165
2012-07-27,77.07,80.74,76.73,80.19,3047704
2012-07-30,79.86,81.23,79.36,80.01,1836765
2012-07-31,79.78,80.42,78.65,78.911,1977154
2012-08-01,80.06,80.11,77.86,78.31,1667529
2012-08-02,76.47,78.14,74.76,76.57,2185425
2012-08-03,79.85,81.61,79.7,81.11,3120923
2012-08-06,81.78,82.548,81.49,81.51,1190833
2012-08-07,82.58,83.86,82.56,82.74,1908596
2012-08-08,81.99,83.39,81.91,83.1,1183163
2012-08-09,82.73,83.82,82.51,83.33,1559210
2012-08-10,82.4,83.82,81.92,83.7,1316883
2012-08-13,83.33,83.73,82.31,83.59,1389587
2012-08-14,84.57,84.68,82.92,83.65,1678723
2012-08-15,83.4,84.33,83.23,83.87,1572239
2012-08-16,84.18,86.07,83.65,85.68,1758074
2012-08-17,86.26,86.32,85.54,86.102,1143874
2012-08-20,85.76,86.18,85.04,86.13,1012893
2012-08-21,86.78,87.75,84.8,85.34,1858140
2012-08-22,84.7,85.87,84.13,85.34,1449782
2012-08-23,84.83,84.83,82.94,83.35,1610442
2012-08-24,82.73,85.37,82.54,84.88,1642739
2012-08-27,85.52,85.87,84.542,84.88,1167494
2012-08-28,84.23,85.43,83.8315,84.62,1390299
2012-08-29,84.89,85.52,84.14,84.79,1184269
2012-08-30,83.68,83.79,82.45,82.96,1605610
2012-08-31,84.43,85.33,82.77,84.06,2550605
2012-09-04,83.94,84.7,82.34,83.66,1806079
2012-09-05,84.05,84.7,83.21,83.69,1337504
2012-09-06,85.24,88.81,85.22,88.72,2559318
2012-09-07,89.27,89.96,89.039,89.9,1312418
2012-09-10,89.56,90.07,88.23,88.34,1304638
2012-09-11,88.54,89.919,88.43,89.02,1198172
2012-09-12,89.92,90.24,89.0317,89.87,1495576
2012-09-13,89.87,94.92,89.5,94.19,3815900
2012-09-14,94.59,97.02,94.41,95.35,4758484
2012-09-17,94.76,95.27,93.66,94.5,1544444
2012-09-18,94.0,94.51,93.41,94.16,1436688
2012-09-19,94.45,95.2,93.76,94.31,1645725
2012-09-20,92.93,94.467,92.2,94.3,1351975
2012-09-21,95.65,95.74,94.08,94.1,1201370
2012-09-24,92.8,94.36,92.56,93.69,1567139
2012-09-25,94.36,94.85,90.67,90.805,2201837
2012-09-26,90.74,90.74,88.56,89.19,1748413
2012-09-27,90.34,92.32,89.6217,91.81,1217716
2012-09-28,90.61,91.548,89.4752,90.38,1811075
2012-10-01,91.51,93.67,90.54,90.98,2158064
2012-10-02,92.2,92.68,90.17,91.38,3547833
2012-10-03,92.08,93.19,90.7,92.49,1953155
2012-10-04,93.6,94.906,93.21,94.574,1735347
2012-10-05,96.1,96.5,93.7,94.46,1514888
2012-10-08,93.45,94.03,92.93,93.45,590958
2012-10-09,93.25,93.58,90.69,90.76,1394654
2012-10-10,90.78,90.96,88.67,89.14,2259511
2012-10-11,90.88,91.29,89.2,89.23,1562045
2012-10-12,89.37,90.27,87.72,88.14,1350396
2012-10-15,88.95,90.75,88.14,90.53,1050565
2012-10-16,91.75,93.45,91.6,93.22,1854364
2012-10-17,93.5,94.74,93.0,94.46,2149070
2012-10-18,93.8,95.11,92.81,93.77,2361785
2012-10-19,93.2,93.2,88.42,88.87,2333225
2012-10-22,88.66,89.5892,86.98,89.06,2211659
2012-10-23,86.19,86.578,84.31,85.416,3210225
2012-10-24,86.31,86.6,84.25,84.68,1914617
2012-10-25,86.5,86.89,83.86,85.39,2352584
2012-10-26,85.18,86.1,83.5,85.22,2359690
2012-10-31,86.22,86.4572,84.0,84.99,830589
2012-11-01,85.78,88.21,85.54,87.9,1491821
2012-11-02,89.47,89.5,85.24,85.41,1384794
2012-11-05,85.16,86.6255,84.37,86.04,1249115
2012-11-06,86.82,89.05,86.55,87.94,1378907
2012-11-07,85.69,85.69,80.85,82.069,3126835
2012-11-08,82.08,83.27,78.99,78.99,2331032
2012-11-09,78.39,81.5,78.26,79.15,2225584
2012-11-12,80.08,80.41,78.97,79.45,878395
2012-11-13,78.2,81.1699,77.8901,78.72,2121548
2012-11-14,79.41,79.74,74.9256,75.51,2646985
2012-11-15,75.5,76.39,74.18,75.07,2237056
2012-11-16,75.36,76.62,73.41,76.15,3361472
2012-11-19,78.76,80.77,78.63,80.66,2264942
2012-11-20,80.44,81.3,79.0002,81.03,1727757
2012-11-21,81.13,81.55,80.64,81.46,1014671
2012-11-23,82.59,84.76,82.3974,84.654,1505747
2012-11-26,83.41,84.2,82.57,84.16,1143960
2012-11-27,83.88,84.7,82.65,82.98,1613194
2012-11-28,81.78,84.97,80.49,84.82,2010661
2012-11-29,85.81,86.73,84.71,86.12,2868947
2012-11-30,86.01,86.55,85.2,85.85,1597082
2012-12-03,87.27,87.47,84.6,84.73,1860952
2012-12-04,84.75,85.51,83.71,84.31,3475147
2012-12-05,84.68,86.0499,82.84,84.76,1883368
2012-12-06,84.64,85.82,84.27,85.696,1563950
2012-12-07,86.81,87.01,85.16,86.45,1907192
2012-12-10,86.17,87.24,86.01,86.7,1320590
2012-12-11,87.73,89.61,87.57,88.38,1833354
2012-12-12,89.45,90.43,88.17,88.58,2113404
2012-12-13,88.4,89.11,86.23,87.04,1566944
2012-12-14,86.3,86.79,85.5,85.86,1425410
2012-12-17,86.62,89.0901,86.529,88.89,1470435
2012-12-18,89.34,92.19,89.0,92.0,2087498
2012-12-19,92.19,92.35,89.82,90.07,1927578
2012-12-20,90.0,91.46,89.274,91.43,1375231
2012-12-21,87.75,89.54,87.36,89.04,1990003
2012-12-24,88.38,88.53,87.82,87.86,608316
2012-12-26,88.68,88.7394,86.22,86.87,1161505
2012-12-27,87.06,87.58,83.62,86.66,2316830
2012-12-28,84.95,86.31,83.55,83.67,2587291
2012-12-31,83.33,88.28,82.9101,88.25,4055189
2013-01-02,93.04,94.85,92.34,94.81,2882827
2013-01-03,94.62,95.36,93.341,94.04,1750142
2013-01-04,94.56,95.83,94.0,95.45,2045693
2013-01-07,94.38,94.86,93.53,94.75,1358710
2013-01-08,94.09,94.48,92.7,93.71,2009738
2013-01-09,94.4,95.254,93.95,94.55,1748083
2013-01-10,96.05,96.734,94.5619,96.6,1882744
2013-01-11,96.73,96.85,95.8,96.81,1271750
2013-01-14,96.35,96.68,95.43,96.38,1309717
2013-01-15,95.17,96.93,94.98,96.6,1370970
2013-01-16,96.14,97.07,95.77,96.59,1222265
2013-01-17,97.91,99.3279,97.29,98.36,1460089
2013-01-18,98.47,99.44,97.39,99.22,1605271
2013-01-22,99.16,100.7,98.46,100.62,1392913
2013-01-23,100.78,101.47,100.2,101.08,1764138
2013-01-24,100.71,102.7699,100.48,101.24,1529976
2013-01-25,102.33,102.98,101.41,102.96,1132424
2013-01-28,103.11,103.14,101.49,102.58,814358
2013-01-29,102.06,104.24,101.83,103.78,1088414
2013-01-30,103.84,104.405,102.3211,102.67,1245053
2013-01-31,102.29,103.22,101.651,101.83,963600
2013-02-01,103.82,105.34,103.28,104.94,1418483
2013-02-04,103.1,103.602,101.24,101.44,1495540
2013-02-05,103.14,105.37,103.0,104.49,1679716
2013-02-06,103.42,104.94,103.18,104.7,1553694
2013-02-07,104.87,105.1,102.06,104.39,1636543
2013-02-08,104.92,106.22,104.87,106.05,1254678
2013-02-11,105.94,106.22,105.19,105.9,1276433
2013-02-12,106.0,107.06,105.65,106.42,1167489
2013-02-13,107.16,107.722,105.86,106.79,1021613
2013-02-14,105.82,107.422,105.41,107.12,849267
2013-02-15,107.36,107.6601,105.48,106.78,948108
2013-02-19,107.2,109.12,107.19,108.9,912087
2013-02-20,108.79,108.9,104.86,104.87,2017513
2013-02-21,104.17,104.2,102.05,103.04,1883760
2013-02-22,104.58,106.05,103.76,106.05,995615
2013-02-25,107.55,108.0618,100.04,100.06,2366350
2013-02-26,101.47,102.39,99.48,102.1,1973272
2013-02-27,101.84,106.77,101.5456,105.88,2001664
2013-02-28,105.89,107.919,104.93,105.456,1506797
2013-03-01,104.22,106.77,102.77,106.45,2052358
2013-03-04,105.56,107.99,105.08,107.85,1309170
2013-03-05,109.58,111.794,109.54,110.85,1632450
2013-03-06,112.13,112.2895,110.65,111.42,1207150
2013-03-07,111.83,112.42,111.43,112.04,877446
2013-03-08,113.421,113.852,111.71,113.45,1601734
2013-03-11,113.21,114.71,112.75,114.65,770924
2013-03-12,114.45,114.81,112.8801,113.84,1098126
2013-03-13,114.1,114.85,112.9301,114.29,885360
2013-03-14,115.25,116.32,115.06,116.16,936152
2013-03-15,115.85,116.1999,114.56,115.71,1025994
2013-03-18,112.47,115.29,112.1,113.71,1145453
2013-03-19,114.46,114.97,110.79,112.97,1737219
2013-03-20,114.96,115.88,114.39,115.29,1178708
2013-03-21,113.25,114.47,111.81,112.36,1355285
2013-03-22,113.4,115.0,113.19,114.96,999605
2013-03-25,116.0,116.57,112.31,113.82,1567047
2013-03-26,115.07,116.45,114.68,116.45,951889
2013-03-27,114.25,116.47,113.68,116.3,1398279
2013-03-28,116.14,117.809,115.66,117.08,864130
2013-04-01,117.3,117.94,115.14,115.964,1169162
2013-04-02,117.22,118.59,116.74,117.59,1323546
2013-04-03,117.9,118.17,113.21,113.99,2001758
2013-04-04,114.57,116.17,113.8,115.53,2093424
2013-04-05,111.32,114.35,110.85,113.88,1658372
2013-04-08,114.19,116.27,113.04,116.0,1026413
2013-04-09,116.86,118.7,115.74,117.51,1436718
2013-04-10,118.43,122.16,118.29,121.9,1648387
2013-04-11,121.78,124.13,121.46,123.06,2504502
2013-04-12,121.75,122.627,120.02,122.07,2078988
2013-04-15,120.22,120.51,113.5,113.76,3596928
2013-04-16,116.19,118.74,115.29,118.48,4103639
2013-04-17,116.01,116.09,111.52,113.35,3264042
2013-04-18,113.98,114.0,109.94,111.26,2339132
2013-04-19,111.94,114.27,111.16,114.12,2308289
2013-04-22,114.83,116.43,112.53,115.79,1518284
2013-04-23,117.37,119.52,115.64,119.27,1905635
2013-04-24,119.29,120.32,118.6215,119.5,1134230
2013-04-25,120.47,122.521,119.91,120.99,1465536
2013-04-26,120.41,121.022,119.06,120.22,989095
2013-04-29,121.15,123.42,120.68,122.65,942528
2013-04-30,122.56,123.59,121.02,123.46,1066205
2013-05-01,122.7,122.839,119.82,120.17,1349909
2013-05-02,121.1,123.87,120.82,123.6,1151255
2013-05-03,126.83,128.53,126.5701,127.33,1289457
2013-05-06,127.6,128.85,127.48,128.37,1062025
2013-05-07,129.09,130.37,128.06,130.25,1204198
2013-05-08,129.87,132.14,129.612,132.07,1020950
2013-05-09,131.78,132.87,129.9101,131.03,1402670
2013-05-10,131.15,132.37,130.0101,132.27,959539
2013-05-13,131.66,133.12,130.75,132.49,1065232
2013-05-14,132.89,136.88,132.7848,136.67,1112890
2013-05-15,135.95,139.6,135.801,138.77,1272463
2013-05-16,137.98,139.388,136.22,136.8,1153266
2013-05-17,138.31,141.029,137.82,140.89,1298371
2013-05-20,140.39,142.42,139.93,140.85,1231785
2013-05-21,141.18,142.95,139.67,141.41,1548556
2013-05-22,141.77,146.14,136.27,138.14,3443507
2013-05-23,133.8,138.11,133.2,137.04,2086229
2013-05-24,134.59,136.6858,133.36,136.55,1133265
2013-05-28,141.0,142.75,137.87,139.09,1374372
2013-05-29,136.9,137.79,134.15,137.27,1941717
2013-05-30,136.7,139.74,136.3801,137.899,968617
2013-05-31,136.69,139.03,131.37,131.86,1377341
2013-06-03,132.83,134.29,129.96,133.98,2278044
2013-06-04,134.24,135.88,130.09,132.21,1642217
2013-06-05,131.0,131.758,126.221,126.3,1901903
2013-06-06,126.43,129.97,124.139,129.89,2073271
2013-06-07,132.67,135.26,130.91,134.89,1630333
2013-06-10,68.14,68.21,66.92,67.45,2173274
2013-06-11,65.53,67.17,64.93,65.44,3037680
2013-06-12,66.76,66.91,63.56,63.73,3728992
2013-06-13,63.62,66.98,63.2,66.68,3866176
2013-06-14,66.4,67.19,65.06,65.43,3320506
2013-06-17,66.72,67.83,65.83,66.94,3368445
2013-06-18,67.02,68.77,67.01,68.47,2779003
2013-06-19,68.29,68.62,65.57,65.71,4453266
2013-06-20,63.75,64.02,60.27,60.76,8002099
2013-06-21,61.94,62.14,59.47,61.26,9800567
2013-06-24,59.42,60.59,57.48,58.96,6202701
2013-06-25,60.59,61.3601,59.43,60.7285,4695620
2013-06-26,62.21,62.87,61.44,62.42,4934576
2013-06-27,63.59,64.41,63.4,63.61,4218157
2013-06-28,63.02,63.95,62.11,62.46,5733982
2013-07-01,63.78,65.17,63.52,63.88,3597523
2013-07-02,63.57,64.97,62.83,63.63,4467987
2013-07-03,62.8,64.33,62.48,63.83,1795692
2013-07-05,65.2,65.88,63.7731,65.82,3723035
2013-07-08,66.88,67.466,66.49,66.93,3353325
2013-07-09,68.18,68.65,67.35,68.28,3715244
2013-07-10,68.18,69.15,67.7671,68.42,4412712
2013-07-11,70.82,71.45,70.13,71.31,3973041
2013-07-12,71.21,71.78,70.87,71.33,2465492
2013-07-15,71.94,72.469,71.57,72.26,2065441
2013-07-16,72.3,72.4,70.79,71.38,3969836
2013-07-17,72.2,72.53,71.6,71.87,2788384
2013-07-18,72.32,73.57,72.211,73.04,3725262
2013-07-19,72.57,73.52,72.35,73.52,2077466
2013-07-22,73.75,74.1998,73.26,73.9,2227648
2013-07-23,74.29,74.34,73.298,73.46,1870854
2013-07-24,74.27,74.347,72.16,72.65,3591127
2013-07-25,72.18,73.3,71.84,73.1,3122921
2013-07-26,72.2,73.4,71.27,73.34,2867313
2013-07-29,72.8,73.271,72.04,72.61,2290292
2013-07-30,73.35,73.54,72.1501,72.7,3308327
2013-07-31,73.13,74.26,72.51,72.71,4490638
2013-08-01,74.46,75.5,74.32,75.2941,2157734
2013-08-02,74.82,75.7,74.51,75.68,1932116
2013-08-05,75.23,75.72,74.92,75.39,1802399
2013-08-06,74.9,75.13,73.6,74.16,2908522
2013-08-07,73.37,73.648,72.52,73.36,2700074
2013-08-08,74.42,74.63,73.01,74.16,1755338
2013-08-09,73.82,74.52,72.72,73.52,1823521
2013-08-12,72.42,73.48,72.28,73.19,1432937
2013-08-13,73.63,74.23,72.32,73.97,1889039
2013-08-14,73.73,74.092,72.7001,72.78,1654179
2013-08-15,70.99,70.99,69.31,69.61,2938526
2013-08-16,69.29,70.0,68.58,69.03,2159738
2013-08-19,68.8,69.46,67.65,67.73,3605347
2013-08-20,68.02,69.39,67.78,68.68,3884822
2013-08-21,68.07,69.2,66.9262,67.41,3534650
2013-08-22,67.8,69.5,67.8,69.15,2039062
2013-08-23,69.83,70.14,68.86,69.89,1865792
2013-08-26,70.13,70.76,69.0,69.23,2540883
2013-08-27,67.04,67.836,65.611,65.73,4083292
2013-08-28,65.68,67.16,65.43,66.43,2851794
2013-08-29,65.99,67.82,65.8699,66.82,2217697
2013-08-30,67.19,67.19,65.55,66.01,3252450
2013-09-03,68.03,68.46,66.2,67.01,2329990
2013-09-04,67.12,69.0136,66.7101,68.7,2056227
2013-09-05,68.78,69.48,68.66,68.81,1539951
2013-09-06,69.62,70.19,67.09,68.99,2143998
2013-09-09,69.56,71.13,69.56,71.06,1706538
2013-09-10,72.31,72.62,71.82,72.6,2155223
2013-09-11,72.29,73.28,71.91,73.28,1692231
2013-09-12,73.23,73.48,72.39,72.79,2235036
2013-09-13,72.93,73.349,72.4301,73.17,1616486
2013-09-16,75.54,75.6374,74.09,74.51,1990158
2013-09-17,74.64,75.45,74.63,75.4,1178139
2013-09-18,75.33,78.65,74.77,78.065,2386276
2013-09-19,78.7,78.76,77.41,77.79,1560319
2013-09-20,78.18,78.2,75.84,75.99,1810571
2013-09-23,75.69,75.91,74.24,74.99,2250988
2013-09-24,74.94,75.76,74.02,74.5,2652410
2013-09-25,74.51,74.9,73.57,73.78,2730460
2013-09-26,74.11,75.21,73.76,74.61,1506976
2013-09-27,73.45,73.84,72.99,73.61,1878406
2013-09-30,71.68,73.0699,71.25,72.31,2742869
2013-10-01,72.54,74.27,72.38,74.14,1879819
2013-10-02,72.77,73.9,72.09,73.84,1191216
2013-10-03,73.33,73.54,70.81,71.9,2282170
2013-10-04,71.99,73.666,71.7,73.44,1661459
2013-10-07,71.49,72.86,71.3,71.61,1768214
2013-10-08,71.52,71.77,68.9,69.04,3406894
2013-10-09,69.44,69.9286,67.83,69.09,3858053
2013-10-10,71.26,73.72,71.21,73.58,3028754
2013-10-11,73.29,75.14,73.11,75.07,1873006
2013-10-14,73.69,76.12,73.47,76.05,2838453
2013-10-15,75.33,76.2,73.99,74.295,3059993
2013-10-16,75.61,77.49,75.5,77.42,3040219
2013-10-17,76.45,79.05,76.41,79.0,2804104
2013-10-18,79.84,80.68,79.32,80.4,2447586
2013-10-21,80.61,81.02,80.0,80.6,1889399
2013-10-22,81.25,82.65,80.9,81.92,2733702
2013-10-23,81.1,81.19,79.9,80.84,2474422
2013-10-24,81.21,81.83,80.67,81.58,1596539
2013-10-25,82.07,82.66,81.57,82.64,1791043
2013-10-28,82.62,83.37,82.3,82.99,2073288
2013-10-29,83.56,84.49,83.26,84.49,1714621
2013-10-30,84.7,84.84,82.2,83.13,2100825
2013-10-31,82.92,83.92,82.0,82.26,2200876
2013-11-01,82.73,83.51,81.58,82.93,2230392
2013-11-04,83.72,83.936,82.87,83.85,1396907
2013-11-05,82.82,83.71,82.06,83.05,1908594
2013-11-06,84.13,84.75,83.4,84.23,1546775
2013-11-07,84.8,84.964,80.84,81.05,3145346
2013-11-08,81.01,84.31,80.99,84.29,2314433
2013-11-11,84.15,84.68,83.83,84.3,1010689
2013-11-12,83.88,84.45,83.05,83.95,1394390
2013-11-13,82.67,85.92,82.66,85.8,1623917
2013-11-14,86.09,87.4,85.71,87.18,2354495
2013-11-15,87.6,88.33,87.3,88.32,1698397
2013-11-18,88.76,88.95,86.8001,87.51,2333966
2013-11-19,87.23,88.02,86.36,86.85,1861637
2013-11-20,87.37,88.08,85.26,86.08,2641270
2013-11-21,86.74,88.232,86.54,88.05,1903120
2013-11-22,88.16,89.37,87.83,89.3,1642729
2013-11-25,89.81,89.87,88.701,89.26,1451002
2013-11-26,89.22,89.9397,88.7529,89.12,1315881
2013-11-27,89.44,89.979,89.11,89.76,1274159
2013-11-29,90.08,90.71,89.31,89.56,897163
2013-12-02,89.79,90.25,88.5,88.92,1714178
2013-12-03,88.06,88.694,86.9,87.91,2578070
2013-12-04,86.75,88.76,85.67,87.6201,3278731
2013-12-05,87.22,87.7,86.33,86.63,1495528
2013-12-06,89.03,89.68,88.3,89.39,2428198
2013-12-09,90.2,90.49,89.76,90.06,2103325
2013-12-10,89.49,90.039,88.99,89.19,2344440
2013-12-11,89.23,89.27,85.82,86.08,2998148
2013-12-12,86.01,86.31,84.73,85.34,4444995
2013-12-13,85.77,86.025,84.73,85.13,2307026
2013-12-16,86.45,87.65,86.38,86.75,2427660
2013-12-17,87.07,87.08,85.41,85.89,2007436
2013-12-18,86.41,90.43,84.0601,90.35,4520587
2013-12-19,89.61,90.37,88.92,90.14,2912983
2013-12-20,90.35,92.26,90.3,91.64,2789157
2013-12-23,92.94,93.25,92.39,93.03,1865551
2013-12-24,93.08,93.81,93.0715,93.73,1199230
2013-12-26,94.39,95.26,94.301,95.14,1534616
2013-12-27,95.55,95.61,94.781,95.08,1638842
2013-12-30,95.13,95.29,94.6501,94.99,1130244
2013-12-31,95.45,96.33,95.2,96.31,2270159
2014-01-02,95.21,95.372,92.92,93.56,3233506
2014-01-03,94.02,94.6,93.13,93.4,2825717
2014-01-06,94.41,94.52,92.261,92.78,2094122
2014-01-07,93.79,94.86,93.6075,94.39,2365370
2014-01-08,94.35,94.93,93.5,94.49,2357691
2014-01-09,95.33,95.39,93.35,94.56,1750518
2014-01-10,95.14,95.5,93.66,95.37,1939923
2014-01-13,94.66,95.4393,91.031,91.66,2948770
2014-01-14,92.51,94.7,91.97,94.52,2672858
2014-01-15,95.18,96.5,95.088,96.09,2012705
2014-01-16,95.52,95.8,94.8,95.69,1129111
2014-01-17,95.24,95.73,93.9997,94.45,1502285
2014-01-21,96.09,96.2,93.54,95.28,1841712
2014-01-22,95.82,95.85,94.85,95.49,1023628
2014-01-23,94.05,94.0725,91.65,93.2,2429061
2014-01-24,91.31,91.4,87.09,87.09,3647290
2014-01-27,87.45,88.05,84.55,85.85,3457523
2014-01-28,86.17,87.719,86.0,87.36,2015310
2014-01-29,85.2,86.59,84.172,84.75,3109556
2014-01-30,86.98,88.37,86.16,87.62,1690579
2014-01-31,84.3,87.6,84.17,85.99,2592413
2014-02-03,85.64,86.2461,79.68,80.17,4436074
2014-02-04,81.27,82.45,80.41,81.79,3567688
2014-02-05,80.96,82.07,79.47,81.51,2334488
2014-02-06,82.13,84.74,82.13,84.66,2157901
2014-02-07,85.98,88.17,85.13,88.0,2757110
2014-02-10,87.93,88.47,87.23,88.4,1827468
2014-02-11,88.68,91.95,88.45,91.25,2570820
2014-02-12,91.69,92.54,90.86,91.5,2098847
2014-02-13,89.57,93.11,89.55,92.89,2557680
2014-02-14,92.59,94.86,92.31,94.3,2458539
2014-02-18,94.58,95.08,93.78,94.72,1800010
2014-02-19,93.98,95.77,92.5401,92.77,3430347
2014-02-20,93.17,95.06,92.18,94.31,2457130
2014-02-21,95.02,95.64,93.96,94.18,1717088
2014-02-24,94.72,97.5403,94.56,95.58,2018697
2014-02-25,95.84,96.69,94.606,95.52,2471889
2014-02-26,95.93,96.69,94.76,95.53,1962155
2014-02-27,95.11,97.11,94.83,97.11,1841149
2014-02-28,97.01,99.12,95.86,97.73,2668736
2014-03-03,95.23,96.42,93.7801,95.7,3724664
2014-03-04,98.48,100.39,98.45,99.76,3617323
2014-03-05,99.93,100.52,99.55,99.83,2298853
2014-03-06,100.8,101.4099,100.26,100.75,1799754
2014-03-07,101.83,101.95,99.5299,100.74,2981936
2014-03-10,100.36,100.77,98.92,100.66,1194753
2014-03-11,101.15,101.539,98.46,99.16,1919480
2014-03-12,97.69,99.32,97.02,99.23,2099917
2014-03-13,100.09,100.34,95.09,95.93,2882813
2014-03-14,95.24,96.81,94.71,95.05,2214229
2014-03-17,96.45,98.3,96.3801,97.55,1990329
2014-03-18,98.17,100.09,97.92,99.72,1683782
2014-03-19,99.83,100.17,96.21,98.23,2198457
2014-03-20,97.41,100.0,96.95,99.78,2119300
2014-03-21,101.02,101.7671,98.35,98.67,1819246
2014-03-24,99.67,100.0099,96.15,97.39,2313394
2014-03-25,98.88,99.79,97.15,98.83,2395712
2014-03-26,99.99,100.41,96.62,96.62,2016748
2014-03-27,96.34,97.2,94.99,96.05,2446373
2014-03-28,96.82,98.88,96.67,97.4,1790794
2014-03-31,99.28,100.28,98.96,99.825,2073246
2014-04-01,100.8,101.98,100.55,101.83,1835807
2014-04-02,102.24,103.22,101.6401,102.88,1517860
2014-04-03,103.34,103.38,101.5,102.38,1470367
2014-04-04,104.05,104.18,98.3001,98.82,3332770
2014-04-07,98.03,98.54,94.92,95.43,3713460
2014-04-08,95.3,97.14,94.3645,96.7,2225457
2014-04-09,97.42,99.8654,96.6301,99.81,1858059
2014-04-10,99.74,99.92,93.16,93.48,3071408
2014-04-11,91.93,93.86,90.68,90.94,2755022
2014-04-14,93.08,93.7399,90.8401,93.06,1575254
2014-04-15,93.69,95.19,90.881,94.98,2572967
2014-04-16,96.89,98.0,95.69,97.97,1336279
2014-04-17,97.6,99.18,97.0999,98.35,1359304
2014-04-21,98.46,99.47,98.101,99.47,858075
2014-04-22,99.7,101.564,99.57,100.71,1498062
2014-04-23,100.59,100.79,99.8,100.09,848612
2014-04-24,101.54,101.54,99.22,100.69,1240825
2014-04-25,99.62,99.8129,97.42,98.17,1537087
2014-04-28,99.35,100.37,96.07,99.09,2197462
2014-04-29,100.02,100.9,99.4,100.48,1360773
2014-04-30,99.97,101.64,99.541,101.48,1378303
2014-05-01,101.19,102.21,100.44,101.43,1419922
2014-05-02,101.38,102.68,100.49,101.02,1480856
2014-05-05,99.49,101.729,98.6452,101.55,1111877
2014-05-06,100.87,101.04,98.81,98.9,1220163
2014-05-07,99.85,100.72,97.65,100.65,1589014
2014-05-08,100.28,102.44,99.3001,100.31,1295973
2014-05-09,100.29,100.83,98.91,100.79,1001680
2014-05-12,102.07,103.8,101.97,103.63,1823729
2014-05-13,104.0,104.7099,103.63,103.93,893780
2014-05-14,103.68,103.78,102.02,102.44,860860
2014-05-15,101.8,101.899,98.25,99.64,2357502
2014-05-16,99.87,100.87,98.662,100.79,1087697
2014-05-19,100.17,102.1,99.8905,101.89,704668
2014-05-20,101.69,101.73,99.15,99.91,1285117
2014-05-21,100.73,102.58,100.72,102.4,980833
2014-05-22,102.49,103.83,102.01,103.22,824888
2014-05-23,103.56,104.64,103.35,104.43,1198994
2014-05-27,105.64,106.422,105.46,106.4,719717
2014-05-28,106.37,106.84,105.62,106.1,846675
2014-05-29,106.83,107.774,106.08,107.75,727476
2014-05-30,107.5,108.48,107.18,108.2,985761
2014-06-02,108.71,108.8,107.07,108.68,734133
2014-06-03,107.86,108.64,107.5799,108.51,715030
2014-06-04,107.82,109.3,107.56,109.04,1052117
2014-06-05,109.5,111.59,108.32,111.3,1106013
2014-06-06,112.0,112.93,111.82,112.88,686887
2014-06-09,112.77,114.01,112.5,113.19,872361
2014-06-10,112.78,113.28,112.06,113.27,561377
2014-06-11,112.07,112.4,111.28,112.13,1167233
2014-06-12,111.59,111.8,108.92,109.68,1301159
2014-06-13,110.31,110.94,109.224,110.68,896455
2014-06-16,110.18,111.58,109.8,110.87,1279104
2014-06-17,110.4,112.04,110.1,111.76,823627
2014-06-18,111.79,114.47,111.18,114.31,1210710
2014-06-19,114.57,114.87,113.4772,114.69,872296
2014-06-20,115.51,115.55,114.961,115.39,700028
2014-06-23,115.4,115.53,114.63,115.25,601384
2014-06-24,114.59,116.301,112.76,113.08,1303276
2014-06-25,112.32,114.93,112.32,114.57,867130
2014-06-26,114.63,114.64,112.0568,114.4,1007024
2014-06-27,113.52,115.1097,113.4,115.04,731573
2014-06-30,114.81,115.6,114.5,114.86,910388
2014-07-01,115.66,118.14,115.55,117.1,1141196
2014-07-02,117.1,117.86,116.97,117.41,562883
2014-07-03,118.42,119.309,118.24,119.18,460256
2014-07-07,118.51,118.79,117.41,118.0,810629
2014-07-08,117.23,117.3601,114.79,115.75,1312452
2014-07-09,116.46,117.49,115.79,117.2,738354
2014-07-10,113.83,116.72,113.51,115.79,1112179
2014-07-11,115.66,116.5,114.83,116.34,853871
2014-07-14,118.0,118.49,117.6,117.97,639803
2014-07-15,118.26,118.93,115.86,117.36,1065754
2014-07-16,118.86,119.17,117.72,118.64,923714
2014-07-17,117.51,118.9,114.1,114.57,1698118
2014-07-18,115.77,118.42,115.5,118.06,852730
2014-07-21,116.96,117.7,115.78,117.34,831622
2014-07-22,118.63,119.55,118.36,118.92,866553
2014-07-23,119.45,120.1,118.78,119.72,702979
2014-07-24,120.16,120.47,119.4301,119.745,668581
2014-07-25,118.75,119.04,117.37,118.11,735732
2014-07-28,118.07,118.7,116.09,118.18,815639
2014-07-29,118.81,119.3,116.6401,116.68,879736
2014-07-30,117.91,118.34,115.28,116.68,1452562
2014-07-31,114.31,114.55,109.65,109.76,2959103
2014-08-01,108.82,110.8762,107.2,108.7,2070011
2014-08-04,109.4,111.7699,107.98,111.04,971425
2014-08-05,109.68,110.57,106.66,107.75,1616113
2014-08-06,106.34,109.3,106.26,107.86,1203891
2014-08-07,109.35,109.7,105.3701,106.09,1442958
2014-08-08,106.82,110.046,106.05,109.79,1244838
2014-08-11,111.04,112.28,110.66,110.84,1354814
2014-08-12,110.46,111.35,109.36,110.31,1044236
2014-08-13,111.67,112.92,111.1,112.7,1622146
2014-08-14,113.1,114.13,112.7809,114.12,611785
2014-08-15,115.37,115.74,111.63,114.07,2157321
2014-08-18,116.0,117.11,115.78,116.88,1037085
2014-08-19,117.75,119.04,117.4664,118.72,1023969
2014-08-20,118.26,120.12,118.25,119.72,921304
2014-08-21,120.05,121.2101,119.75,120.78,612632
2014-08-22,120.48,121.109,119.3661,120.15,1153660
2014-08-25,121.95,122.588,121.4,121.95,827494
2014-08-26,122.1,123.147,122.1,122.28,733459
2014-08-27,122.39,122.67,121.56,122.15,482246
2014-08-28,120.86,122.08,120.5,121.89,971688
2014-08-29,122.5,122.94,121.281,122.88,660297
2014-09-02,123.34,123.42,121.34,122.63,819533
2014-09-03,124.06,124.15,122.0,122.56,687793
2014-09-04,123.04,124.4599,120.95,121.87,1347782
2014-09-05,121.82,123.69,120.5,123.6,883726
2014-09-08,123.2,123.74,121.541,122.65,937296
2014-09-09,122.24,122.52,119.574,120.34,968708
2014-09-10,120.49,121.85,119.24,121.7,1195863
2014-09-11,120.18,122.1,119.9,121.974,715761
2014-09-12,121.69,121.7,118.87,119.9,1231486
2014-09-15,119.93,120.205,118.53,119.61,783601
2014-09-16,118.94,122.9,118.7,122.33,932197
2014-09-17,122.88,124.46,121.0,122.78,1690053
2014-09-18,123.89,124.78,123.46,124.7,673975
2014-09-19,125.97,126.25,123.6364,124.5,981706
2014-09-22,123.67,123.754,120.75,121.46,1123383
2014-09-23,120.14,121.68,119.27,119.4,1126184
2014-09-24,119.4,122.322,118.46,122.16,1195605
2014-09-25,121.11,121.14,116.12,116.23,1756032
2014-09-26,116.74,119.8168,116.36,119.07,1234851
2014-09-29,115.87,118.91,115.59,118.33,1136827
2014-09-30,118.56,119.63,116.6501,117.36,1289665
2014-10-01,116.72,116.844,111.8,112.64,2967941
2014-10-02,112.32,113.78,109.136,112.57,2190034
2014-10-03,114.87,117.01,113.84,116.3,2110216
2014-10-06,117.73,118.23,114.66,115.87,1891353
2014-10-07,114.12,114.8699,110.52,110.58,2069281
2014-10-08,110.66,116.757,108.9504,116.39,2859403
2014-10-09,115.72,116.1978,109.13,109.33,3003398
2014-10-10,109.29,110.8899,105.56,105.61,3442907
2014-10-13,105.36,106.62,100.2,100.4,2623931
2014-10-14,102.0,104.21,99.7601,100.92,3063009
2014-10-15,96.78,99.49,91.48,98.46,5279343
2014-10-16,93.42,100.54,93.15,98.4,4680412
2014-10-17,102.0,104.03,100.6501,102.1,3240652
2014-10-20,101.44,105.16,101.3,104.99,1561719
2014-10-21,107.25,111.3701,106.91,111.19,2674829
2014-10-22,111.85,112.59,108.69,108.87,2069988
2014-10-23,112.09,114.6486,111.45,112.69,1900996
2014-10-24,113.07,115.24,111.87,115.07,1300662
2014-10-27,113.95,115.2,112.7,114.67,1697089
2014-10-28,115.86,118.64,115.7,118.49,1458552
2014-10-29,118.84,119.8829,115.69,118.18,1954197
2014-10-30,117.05,121.35,116.8601,120.47,2551054
2014-10-31,124.7,124.74,122.87,124.44,1807132
2014-11-03,124.86,125.89,123.8001,124.64,1245617
2014-11-04,123.59,124.31,121.5,123.44,1530087
2014-11-05,126.0,126.14,124.0348,125.68,1350009
2014-11-06,125.77,127.366,124.33,127.26,1440094
2014-11-07,127.16,128.0,126.2032,127.6,1111287
2014-11-10,127.66,128.829,127.12,128.67,884212
2014-11-11,128.89,129.33,128.16,129.05,556945
2014-11-12,127.54,129.15,127.44,128.68,908313
2014-11-13,129.02,130.3,127.25,129.06,1247151
2014-11-14,128.88,129.61,128.21,129.2,779467
2014-11-17,128.37,129.79,128.06,129.45,936024
2014-11-18,129.51,132.325,129.51,131.66,981786
2014-11-19,131.13,131.64,129.26,130.99,1298590
2014-11-20,129.14,131.92,129.02,131.67,921537
2014-11-21,135.66,135.8,132.48,133.89,1718179
2014-11-24,134.8,135.208,134.284,134.93,718777
2014-11-25,135.46,135.94,134.07,134.81,1217833
2014-11-26,134.97,135.88,134.47,135.71,706942
2014-11-28,135.36,136.06,134.24,134.82,882935
2014-12-01,133.18,133.4699,131.2,132.07,1482293
2014-12-02,131.96,134.95,131.96,134.42,1210470
2014-12-03,134.82,136.51,134.4896,136.14,1001677
2014-12-04,135.36,136.75,133.7,135.61,1145103
2014-12-05,136.02,137.15,135.4,136.21,977935
2014-12-08,135.33,136.484,132.2,133.56,1311880
2014-12-09,129.18,133.468,128.214,133.16,1977621
2014-12-10,132.14,132.23,126.36,126.86,1896911
2014-12-11,128.13,132.44,127.8,128.61,1603764
2014-12-12,125.83,128.0,122.42,122.5,1762920
2014-12-15,124.53,125.45,118.55,119.76,2317887
2014-12-16,118.16,125.09,116.901,117.09,2987355
2014-12-17,117.95,124.81,117.65,124.18,2653817
2014-12-18,129.36,133.11,127.831,133.03,2850355
2014-12-19,134.57,136.38,133.07,134.75,2150578
2014-12-22,135.14,136.55,134.54,136.4,975728
2014-12-23,137.98,138.0,136.61,137.15,1051141
2014-12-24,137.65,138.1801,137.0,137.14,397234
2014-12-26,138.07,139.1715,138.0401,138.36,816358
2014-12-29,137.89,139.39,137.72,138.86,564698
2014-12-30,137.79,138.193,136.47,136.73,1124589
2014-12-31,137.45,137.795,132.35,132.61,1440155
2015-01-02,134.25,135.19,129.93,132.25,1636121
2015-01-05,129.87,130.3,124.46,125.13,2574988
2015-01-06,125.85,127.0,119.8801,121.74,2920505
2015-01-07,124.62,126.9,123.54,126.23,1768963
2015-01-08,129.38,133.35,129.3281,132.89,2293974
2015-01-09,133.82,133.88,128.25,129.63,2654921
2015-01-12,130.08,130.31,125.24,126.5,1848695
2015-01-13,129.41,131.85,122.58,125.46,2814576
2015-01-14,121.01,123.63,118.93,123.26,3214231
2015-01-15,124.62,125.34,119.6383,119.89,2368871
2015-01-16,119.46,124.88,119.03,124.36,2375432
2015-01-20,125.93,126.53,121.89,125.35,1681534
2015-01-21,124.28,128.28,123.3,127.19,1737140
2015-01-22,128.96,133.18,125.846,132.93,2596326
2015-01-23,132.18,132.89,130.38,130.61,1686215
2015-01-26,130.22,131.8105,128.56,131.7,1324722
2015-01-27,126.89,129.0399,124.46,126.45,2137062
2015-01-28,129.05,129.27,121.11,121.3,2093381
2015-01-29,121.94,125.44,118.86,124.9,2523908
2015-01-30,122.14,125.17,119.56,120.05,2481315
2015-02-02,121.27,124.7666,117.2801,124.44,2315571
2015-02-03,126.59,129.97,125.7601,129.8794,2302198
2015-02-04,128.2,130.98,127.42,128.41,1749032
2015-02-05,130.0,132.68,129.81,132.41,1376422
2015-02-06,133.23,134.5,130.06,131.24,1489930
2015-02-09,129.74,131.39,128.53,129.45,964567
2015-02-10,131.87,134.1456,129.83,133.62,1308800
2015-02-11,133.15,134.78,131.68,133.84,1668591
2015-02-12,135.64,137.75,135.25,137.66,1741612
2015-02-13,137.99,139.46,137.34,139.44,1216087
2015-02-17,138.62,140.41,138.0301,140.16,906882
2015-02-18,139.04,140.21,138.4601,140.02,767580
2015-02-19,138.56,140.6,138.24,139.75,1039758
2015-02-20,138.73,142.4,137.25,142.29,1338948
2015-02-23,141.58,142.19,140.7,142.19,959249
2015-02-24,142.05,143.84,141.3,143.39,1044167
2015-02-25,143.08,144.24,142.15,142.92,800688
2015-02-26,142.76,143.14,141.01,142.45,960074
2015-02-27,142.22,142.89,140.94,141.04,642015
2015-03-02,141.25,143.81,141.25,143.68,854005
2015-03-03,142.59,142.83,139.8217,141.9,1314254
2015-03-04,140.43,140.6199,137.76,140.03,1288790
2015-03-05,140.88,141.2,139.35,140.52,679122
2015-03-06,138.29,139.52,133.8101,134.49,2108965
2015-03-09,135.02,137.08,134.83,136.26,1089782
2015-03-10,133.0,133.24,129.6,129.6,2135522
2015-03-11,130.12,130.6,128.5,128.65,1155680
2015-03-12,130.08,133.7161,130.08,133.56,1384947
2015-03-13,132.95,133.28,128.71,131.1,2398314
2015-03-16,132.74,136.5698,132.74,136.45,1255426
2015-03-17,134.58,136.0147,133.25,135.14,1310475
2015-03-18,134.0,141.54,132.52,139.89,2705711
2015-03-19,139.04,139.6401,137.17,138.02,1564180
2015-03-20,140.4,142.91,140.19,141.67,1514525
2015-03-23,141.75,143.11,140.91,140.91,762303
2015-03-24,140.55,141.66,138.34,138.43,998972
2015-03-25,138.89,139.39,132.201,132.21,1684507
2015-03-26,130.7,133.43,129.1401,131.34,2231641
2015-03-27,131.06,132.6668,130.62,132.14,967579
2015-03-30,134.68,137.72,134.66,137.02,1655720
2015-03-31,135.0,136.7,133.34,133.46,1615687
2015-04-01,133.33,133.33,129.71,132.06,1702048
2015-04-02,131.89,134.43,131.45,133.25,1094688
2015-04-06,131.35,137.29,131.04,136.09,1726264
2015-04-07,136.18,137.92,134.95,134.95,1172423
2015-04-08,135.57,137.362,134.6,136.38,2325243
2015-04-09,136.01,138.72,134.8601,138.23,1412267
2015-04-10,138.74,140.52,138.32,140.39,867484
2015-04-13,140.05,141.6,138.42,138.56,650160
2015-04-14,138.1,139.74,136.56,139.3,1258574
2015-04-15,140.49,142.36,140.28,141.14,1022006
2015-04-16,140.39,142.231,139.9,141.01,778509
2015-04-17,138.15,138.6946,134.31,136.14,1956067
2015-04-20,138.37,140.63,138.16,139.84,1167879
2015-04-21,141.53,141.87,138.69,139.37,906124
2015-04-22,140.18,141.85,137.9907,141.4,888218
2015-04-23,140.44,144.03,140.26,142.47,1218043
2015-04-24,143.53,144.0938,142.4036,143.49,632439
2015-04-27,144.84,145.12,141.21,141.6,1097817
2015-04-28,141.66,143.16,138.75,142.9,1514938
2015-04-29,140.86,142.7,139.29,141.16,1807772
2015-04-30,139.86,140.76,135.3139,136.92,2293660
2015-05-01,138.84,141.5,138.59,141.3,1294782
2015-05-04,142.43,144.0,142.1501,142.67,824031
2015-05-05,142.02,142.86,137.37,137.59,2021256
2015-05-06,139.03,139.7,133.47,135.94,2119972
2015-05-07,135.7,138.58,134.98,137.59,1400341
2015-05-08,141.5,143.49,141.3869,142.94,1471842
2015-05-11,142.86,143.58,140.79,140.97,1101560
2015-05-12,138.97,141.0,136.966,139.62,1678170
2015-05-13,140.69,142.15,139.21,139.78,1144160
2015-05-14,142.23,144.32,141.55,144.16,1215822
2015-05-15,144.61,144.94,143.44,144.59,789297
2015-05-18,144.11,146.55,144.07,145.93,702365
2015-05-19,146.26,146.89,145.1,145.73,687092
2015-05-20,73.02,73.6595,72.35,72.73,1790695
2015-05-21,72.57,73.62,72.35,73.35,1169788
2015-05-22,72.9,73.41,72.74,72.84,1391259
2015-05-26,72.21,72.32,69.99,70.534,2465932
2015-05-27,71.02,72.75,70.63,72.42,1514157
2015-05-28,72.05,72.36,71.38,72.23,1413434
2015-05-29,72.13,72.18,70.56,70.81,2252459
2015-06-01,71.63,72.07,70.35,71.27,1950897
2015-06-02,70.73,71.92,70.0,71.07,1927446
2015-06-03,71.7,72.41,71.07,71.62,2523690
2015-06-04,70.78,71.49,69.45,69.96,3148619
2015-06-05,69.66,70.2643,68.68,69.51,2293726
2015-06-08,69.32,69.493,68.09,68.21,2071457
2015-06-09,68.19,68.75,67.4,68.1,2040598
2015-06-10,69.07,71.03,68.99,70.61,3144749
2015-06-11,71.14,71.72,70.84,71.25,1842196
2015-06-12,70.21,70.43,69.3,69.57,2514350
2015-06-15,68.24,69.04,67.41,68.65,3218714
2015-06-16,68.52,69.93,68.33,69.86,1664525
2015-06-17,70.23,70.88,68.95,70.2,2686814
2015-06-18,70.8,72.91,70.775,72.27,2480585
2015-06-19,72.08,72.14,71.0,71.02,1815376
2015-06-22,72.5,73.18,72.24,72.47,2083407
2015-06-23,72.7,73.02,72.15,72.63,1261076
2015-06-24,72.32,72.73,71.02,71.02,1647540
2015-06-25,71.68,71.7898,70.3,70.32,1492419
2015-06-26,70.81,71.09,69.69,70.33,1648415
2015-06-29,68.56,69.339,65.8302,65.94,5345486
2015-06-30,67.67,67.73,65.77,66.4,8264758
2015-07-01,68.21,68.4,67.02,67.88,3933406
2015-07-02,68.46,68.65,67.22,67.67,2273709
2015-07-06,66.16,68.02,65.94,67.12,2897225
2015-07-07,67.37,68.5,64.6,68.32,5124070
2015-07-08,66.81,67.15,64.6743,64.94,5222484
2015-07-09,67.35,67.6022,65.21,65.26,3368570
2015-07-10,67.52,68.2,66.79,67.74,3498743
2015-07-13,69.21,70.1,69.16,69.95,2728967
2015-07-14,69.89,71.24,69.89,70.93,2208374
2015-07-15,70.94,71.47,70.24,70.8,2002561
2015-07-16,72.07,72.49,71.7854,72.41,2648824
2015-07-17,72.5,72.74,72.0,72.64,1680398
2015-07-20,72.98,73.35,72.38,72.79,2044138
2015-07-21,72.56,72.918,71.53,71.87,2043197
2015-07-22,71.04,71.9,71.022,71.44,1556912
2015-07-23,71.69,71.77,69.86,70.26,1865818
2015-07-24,70.37,70.467,67.72,68.13,3251841
2015-07-27,67.1,67.6504,66.41,66.91,3002400
2015-07-28,67.92,69.53,66.9209,69.35,2894268
2015-07-29,69.5,71.05,69.34,70.78,2488026
2015-07-30,70.2,71.03,69.43,70.79,1982440
2015-07-31,71.45,71.47,70.17,70.5,1795963
2015-08-03,70.44,70.5137,68.651,69.73,2073537
2015-08-04,69.68,70.23,68.81,69.35,1488829
2015-08-05,70.46,71.28,69.7205,70.03,1983042
2015-08-06,70.23,70.3995,67.63,68.5,2448525
2015-08-07,68.17,68.32,66.88,67.91,3165141
2015-08-10,69.23,70.58,69.23,70.45,2221371
2015-08-11,68.85,69.374,67.67,68.56,3850007
2015-08-12,67.03,69.03,65.33,68.75,5092646
2015-08-13,68.69,69.43,67.92,68.55,3288330
2015-08-14,68.33,69.37,68.16,69.27,1813677
2015-08-17,68.57,70.44,68.04,70.44,2582469
2015-08-18,70.11,70.53,69.56,69.83,1847873
2015-08-19,68.91,69.85,67.22,68.21,6315560
2015-08-20,66.42,67.02,63.84,63.9,5711686
2015-08-21,61.8,62.88,57.84,57.91,8341774
2015-08-24,48.71,56.35,43.0,51.24,8521675
2015-08-25,56.01,56.01,48.76,48.84,6697697
2015-08-26,52.66,54.81,49.8,54.6,7728159
2015-08-27,56.77,58.76,55.22,58.68,8138777
2015-08-28,57.97,59.13,57.44,58.69,6174585
2015-08-31,57.6,58.5,56.632,57.2,3304506
2015-09-01,53.32,54.6597,51.2,52.12,7279143
2015-09-02,54.4,55.06,52.6001,55.02,3693904
2015-09-03,55.77,57.26,54.65,55.11,4436049
2015-09-04,52.82,53.7064,51.81,52.66,4959286
2015-09-08,55.41,56.76,54.78,56.63,4665358
2015-09-09,58.22,58.38,53.95,54.33,4818926
2015-09-10,54.11,56.36,53.89,55.21,3855074
2015-09-11,54.76,55.99,54.11,55.99,3361710
2015-09-14,56.11,56.19,54.86,55.3,2679307
2015-09-15,55.85,57.86,55.42,57.48,4026585
2015-09-16,57.72,59.11,57.4,58.88,3744817
2015-09-17,58.76,61.26,58.1284,58.58,6380366
2015-09-18,55.95,57.52,55.23,55.65,5525524
2015-09-21,56.5,57.54,55.44,56.51,3378580
2015-09-22,54.35,54.7801,53.18,54.34,4914424
2015-09-23,54.5,54.95,53.47,53.99,4566012
2015-09-24,52.8,53.91,51.51,53.52,7498167
2015-09-25,54.93,55.2,52.55,53.38,6889480
2015-09-28,52.53,52.62,49.091,49.34,7695094
2015-09-29,49.6,50.7399,48.54,49.45,6658988
2015-09-30,51.2,52.37,50.5,52.26,7672959
2015-10-01,52.61,52.92,50.75,52.68,5627863
2015-10-02,50.69,55.0,50.18,54.88,7569959
2015-10-05,56.21,58.14,56.13,57.9,5424804
2015-10-06,57.77,58.37,56.63,57.3,4032604
2015-10-07,58.31,59.1,57.07,58.78,4163388
2015-10-08,58.34,60.6099,58.0,60.3,4513543
2015-10-09,60.49,60.94,59.76,60.41,3281846
2015-10-12,60.49,60.8,60.05,60.67,2014464
2015-10-13,59.79,61.16,59.27,59.46,2950257
2015-10-14,59.32,59.99,58.28,58.55,2180845
2015-10-15,59.26,61.28,58.9,61.22,3453249
2015-10-16,61.77,62.12,60.9,62.05,2611800
2015-10-19,61.4,62.2049,61.07,62.18,1665616
2015-10-20,61.71,62.6398,61.46,61.91,1791361
2015-10-21,62.44,62.58,60.62,60.83,2890789
2015-10-22,61.86,64.1,61.7,63.84,4798701
2015-10-23,65.81,66.39,64.88,65.96,3502034
2015-10-26,65.85,65.86,65.1,65.54,1984302
2015-10-27,64.8,65.51,64.39,65.06,2283483
2015-10-28,65.5,67.36,64.7601,67.31,4363483
2015-10-29,66.71,67.63,66.63,67.3,1735361
2015-10-30,67.47,67.8,66.15,66.26,1836686
2015-11-02,66.69,68.92,66.58,68.63,1949635
2015-11-03,68.31,69.95,68.04,69.22,2435426
2015-11-04,69.63,69.77,68.06,68.72,2484081
2015-11-05,68.71,69.27,67.44,68.44,2243150
2015-11-06,68.0,68.62,66.81,68.3,2409676
2015-11-09,67.65,67.78,65.325,66.42,3159205
2015-11-10,65.88,66.92,65.57,66.77,1629022
2015-11-11,67.2,67.23,66.0,66.05,2257222
2015-11-12,64.9,65.41,63.31,63.32,3116550
2015-11-13,62.87,63.1353,61.07,61.18,4171158
2015-11-16,60.98,63.98,60.85,63.95,3355835
2015-11-17,64.36,65.275,63.2708,63.73,5204317
2015-11-18,64.39,67.0,64.3,66.79,3724562
2015-11-19,66.7,67.16,66.35,66.69,2279264
2015-11-20,67.58,68.18,66.9701,67.42,2121058
2015-11-23,67.49,68.05,66.65,67.13,1482823
2015-11-24,66.02,67.88,65.54,67.45,2960152
2015-11-25,67.59,67.79,67.103,67.37,1063142
2015-11-27,67.46,67.85,66.96,67.56,919495
2015-11-30,67.87,67.947,66.65,66.8,1670145
2015-12-01,67.49,68.82,67.2,68.69,2947144
2015-12-02,68.56,68.99,66.27,66.51,2700101
2015-12-03,66.9,67.15,62.95,63.74,4532548
2015-12-04,64.21,67.82,64.06,67.47,3629639
2015-12-07,67.11,67.11,65.14,66.24,2359450
2015-12-08,64.44,65.94,63.78,64.9,2832288
2015-12-09,64.18,66.53,62.26,63.42,4661179
2015-12-10,63.45,65.29,63.2,63.79,2458641
2015-12-11,61.55,62.25,59.8,60.05,5658300
2015-12-14,60.21,61.13,58.43,61.09,4325083
2015-12-15,62.72,63.94,62.53,62.97,4938873
2015-12-16,64.17,66.0535,62.8,65.72,4328428
2015-12-17,66.17,66.17,62.72,62.8,4650431
2015-12-18,61.82,62.0,59.24,59.24,5884145
2015-12-21,60.66,61.0024,59.44,60.86,2792873
2015-12-22,61.57,62.65,60.57,62.36,3442435
2015-12-23,63.46,64.6899,63.33,64.64,2654110
2015-12-24,64.39,64.92,64.08,64.19,931800
2015-12-28,63.5,63.91,62.69,63.9,2284589
2015-12-29,65.05,66.25,65.05,65.91,2770642
2015-12-30,65.67,65.7,64.35,64.54,1639932
2015-12-31,63.82,64.45,62.56,62.62,2862349
2016-01-04,59.36,59.94,57.7,59.92,6657969
2016-01-05,60.3,60.71,59.06,60.25,3500771
2016-01-06,57.53,59.05,56.86,57.958,5555493
2016-01-07,54.99,56.705,53.38,53.78,7084791
2016-01-08,54.82,55.2574,51.72,51.99,6244306
2016-01-11,52.84,53.19,50.29,52.08,7917668
2016-01-12,53.52,54.13,51.3501,53.42,6532265
2016-01-13,54.08,54.398,49.03,49.39,7606582
2016-01-14,50.0,52.8785,48.48,51.8,7103453
2016-01-15,47.69,49.25,46.65,48.41,9698448
2016-01-19,50.17,50.25,47.2301,48.69,5539309
2016-01-20,46.39,48.22,43.22,46.84,12839430
2016-01-21,47.31,49.22,46.07,47.52,6150698
2016-01-22,49.92,50.666,49.25,50.52,5093263
2016-01-25,50.0,50.19,48.03,48.27,4085237
2016-01-26,48.8,50.4299,48.5,50.19,3735328
2016-01-27,49.72,51.24,47.68,48.55,5969744
2016-01-28,49.87,50.12,47.7701,49.31,4425623
2016-01-29,50.0,52.99,49.9,52.99,5154677
2016-02-01,51.84,53.59,51.36,52.83,3263604
2016-02-02,51.34,51.44,49.47,50.0,5012470
2016-02-03,50.97,51.22,47.55,50.84,6995312
2016-02-04,50.39,51.9802,49.797,51.06,4974777
2016-02-05,50.55,50.67,47.58,48.14,5319859
2016-02-08,46.44,46.75,44.22,46.16,6338583
2016-02-09,44.64,47.3199,44.56,46.15,5705622
2016-02-10,46.99,48.38,45.97,46.1003,4762474
2016-02-11,43.89,45.2,42.98,44.43,7730424
2016-02-12,45.79,47.04,45.0883,47.03,3909312
2016-02-16,48.7,49.42,47.796,49.36,3854944
2016-02-17,50.48,52.18,50.37,51.81,4602009
2016-02-18,52.08,52.15,50.892,51.17,3324685
2016-02-19,50.48,51.25,49.88,51.16,3101566
2016-02-22,52.6,53.47,52.57,53.31,4138701
2016-02-23,52.72,52.96,51.21,51.37,3909160
2016-02-24,49.91,52.26,48.9,52.05,5844688
2016-02-25,52.44,53.9,51.712,53.88,4345905
2016-02-26,54.77,54.84,53.38,53.56,4664636
2016-02-29,53.64,54.46,52.1,52.1,3488561
2016-03-01,53.45,56.0,53.0,55.97,5087192
2016-03-02,55.66,56.758,55.22,56.74,3503460
2016-03-03,56.5,57.38,55.95,57.32,3381856
2016-03-04,57.6,58.71,56.74,57.93,3784753
2016-03-07,57.03,58.48,56.9,58.05,4307973
2016-03-08,56.96,57.48,56.0,56.12,3629691
2016-03-09,57.0,57.32,56.17,56.99,3131832
2016-03-10,57.47,58.43,55.27,57.09,5626026
2016-03-11,58.56,59.93,58.485,59.88,3692337
2016-03-14,59.33,60.13,59.01,59.66,1985815
2016-03-15,58.66,59.39,58.38,59.39,4187807
2016-03-16,58.82,60.8,58.81,60.46,3472444
2016-03-17,60.31,62.07,59.88,61.58,3262457
2016-03-18,62.0,62.6199,61.75,62.3,2473013
2016-03-21,61.96,62.76,61.75,62.53,1960482
2016-03-22,61.68,63.02,61.52,62.47,2649025
2016-03-23,62.0,62.18,60.9811,61.24,2288907
2016-03-24,60.02,61.12,59.84,61.09,2676842
2016-03-28,61.55,61.74,60.73,61.24,1784546
2016-03-29,60.73,62.98,60.43,62.98,2687081
2016-03-30,63.93,64.48,63.33,63.73,2222331
2016-03-31,63.64,64.07,63.051,63.3,1709943
2016-04-01,62.12,64.72,61.83,64.48,2215829
2016-04-04,64.5,64.64,63.5601,63.89,1973412
2016-04-05,62.5,62.95,61.7127,62.02,3144868
2016-04-06,62.1,64.06,61.8,63.95,3001566
2016-04-07,62.78,63.18,60.91,61.72,4233635
2016-04-08,62.95,63.41,61.63,62.21,2708350
2016-04-11,62.93,63.61,61.66,61.73,3719832
2016-04-12,61.96,63.77,61.48,63.51,3436271
2016-04-13,64.41,65.48,64.3286,65.37,2783840
2016-04-14,65.48,65.96,65.02,65.42,1476752
2016-04-15,65.39,65.52,64.8,65.12,1070821
2016-04-18,64.54,66.58,64.439,66.55,1821208
2016-04-19,67.02,67.45,66.26,67.18,1974585
2016-04-20,67.23,68.14,66.69,67.34,1360705
2016-04-21,67.35,67.5,65.97,66.28,2063528
2016-04-22,65.88,66.56,65.26,66.32,1835690
2016-04-25,65.62,65.94,64.92,65.93,2063742
2016-04-26,66.3,66.77,65.68,66.29,1567420
2016-04-27,65.79,67.0595,65.39,66.64,2026224
2016-04-28,65.77,67.0,64.34,64.88,2532978
2016-04-29,64.1,64.5,62.54,63.81,3727345
2016-05-02,64.33,65.46,63.84,65.23,1898391
2016-05-03,63.89,64.14,62.73,63.55,2774189
2016-05-04,62.45,63.26,61.9436,62.43,2799680
2016-05-05,62.98,63.3699,61.9801,62.48,2572762
2016-05-06,61.63,63.16,61.45,63.09,2518604
2016-05-09,62.92,63.73,62.79,63.33,2234718
2016-05-10,64.0,65.64,63.9638,65.62,1758159
2016-05-11,65.1,65.5,63.78,63.82,2528888
2016-05-12,64.56,64.68,62.73,63.81,2728353
2016-05-13,63.52,64.09,61.81,62.12,2421576
2016-05-16,62.33,64.5,62.28,63.96,2321556
2016-05-17,63.7,63.98,61.62,62.22,2627377
2016-05-18,61.81,63.49,61.085,62.3,3025331
2016-05-19,61.47,61.9,60.3,61.64,3186276
2016-05-20,62.29,63.3,62.19,62.76,1946941
2016-05-23,62.76,63.07,62.28,62.45,1497437
2016-05-24,63.38,65.26,63.34,64.92,2561020
2016-05-25,65.66,66.69,65.61,66.22,2075410
2016-05-26,66.42,66.65,65.96,66.29,1124123
2016-05-27,66.47,67.12,66.43,67.1,1063315
2016-05-31,67.47,67.576,66.13,66.78,1625411
2016-06-01,66.06,67.36,65.85,67.15,1188697
2016-06-02,66.71,67.8,66.1704,67.8,1113027
2016-06-03,67.12,67.56,65.79,67.21,2651918
2016-06-06,67.58,68.57,67.4,68.2,1607853
2016-06-07,68.36,69.132,68.34,68.45,1259492
2016-06-08,68.64,69.3066,68.52,69.13,1145812
2016-06-09,68.32,69.03,68.03,68.87,1445218
2016-06-10,67.25,67.67,66.31,66.89,2670549
2016-06-13,66.18,67.19,65.27,65.4,2374373
2016-06-14,64.96,65.62,63.92,65.04,3546844
2016-06-15,65.41,66.07,64.4801,64.69,3300390
2016-06-16,63.68,65.45,62.653,65.28,3113772
2016-06-17,65.19,65.19,63.81,64.54,2812908
2016-06-20,66.7,67.4199,65.68,65.78,2455456
2016-06-21,66.2,66.78,65.7127,66.33,1408341
2016-06-22,66.39,67.23,65.76,65.88,1836092
2016-06-23,67.46,68.5,67.02,68.49,2366218
2016-06-24,61.41,64.68,60.63,61.07,5957367
2016-06-27,59.63,59.63,57.0,57.75,4314898
2016-06-28,59.49,60.93,59.135,60.88,4060570
2016-06-29,62.38,64.26,62.3,64.07,3750490
2016-06-30,64.5,66.7,63.92,66.56,4361275
2016-07-01,66.52,67.608,66.51,67.03,2670509
2016-07-05,66.13,66.24,64.95,65.67,2614979
2016-07-06,65.05,66.928,64.33,66.77,3090244
2016-07-07,67.01,67.73,65.824,66.63,3045452
2016-07-08,68.11,69.9,67.8718,69.58,3086409
2016-07-11,70.18,71.02,69.93,70.33,2631975
2016-07-12,71.49,72.24,71.21,71.87,2275983
2016-07-13,72.39,72.41,71.29,71.88,2139713
2016-07-14,73.35,73.61,72.5901,72.99,2739752
2016-07-15,73.7,73.74,72.2363,72.77,2060426
2016-07-18,72.93,73.5401,72.61,73.36,1270107
2016-07-19,72.82,73.16,72.56,73.1,1933056
2016-07-20,73.68,74.3,73.16,74.04,1402203
2016-07-21,73.86,74.1462,72.65,73.18,1919673
2016-07-22,73.34,74.21,73.012,74.17,1629872
2016-07-25,73.92,73.96,72.85,73.61,2013032
2016-07-26,73.45,74.07,72.66,73.64,1766017
2016-07-27,74.12,74.17,72.51,73.46,2187348
2016-07-28,73.18,74.0,72.6399,73.7,1757002
2016-07-29,73.39,74.43,73.02,73.97,1851370
2016-08-01,74.08,74.54,73.27,73.79,2075032
2016-08-02,73.49,73.7,71.39,72.37,3468825
2016-08-03,72.26,73.08,71.96,73.02,2366836
2016-08-04,73.15,73.61,72.66,73.28,1316865
2016-08-05,74.06,75.08,73.91,75.07,1731841
2016-08-08,75.3,75.4,74.59,74.92,1147375
2016-08-09,75.01,75.62,74.631,75.0,1540985
2016-08-10,75.16,75.24,74.04,74.46,1466842
2016-08-11,75.12,75.8,74.78,75.53,1712706
2016-08-12,75.09,75.56,74.82,75.31,1447100
2016-08-15,75.73,76.36,75.72,76.01,1566184
2016-08-16,75.4,75.49,74.76,74.76,1641640
2016-08-17,74.79,75.33,73.79,75.16,2660519
2016-08-18,75.16,75.73,75.01,75.69,1399517
2016-08-19,75.09,75.56,74.51,75.34,1459833
2016-08-22,75.06,75.59,74.6,75.32,1655789
2016-08-23,76.06,76.4299,75.7,75.75,1840392
2016-08-24,75.58,75.71,74.1,74.68,2695056
2016-08-25,74.13,74.94,73.94,74.37,2627184
2016-08-26,74.66,75.88,72.96,74.02,3683678
2016-08-29,74.16,75.41,74.14,75.08,1307198
2016-08-30,74.99,75.34,74.07,74.68,2241712
2016-08-31,74.33,74.45,73.16,74.05,2687807
2016-09-01,74.11,74.425,72.691,74.11,2218867
2016-09-02,75.06,75.6,74.401,75.06,2509861
2016-09-06,75.4,75.81,74.56,75.78,2661798
2016-09-07,75.56,75.95,75.0,75.76,2455659
2016-09-08,75.33,75.65,74.84,75.19,2002343
2016-09-09,73.7,73.7,69.77,69.83,5210135
2016-09-12,68.89,73.25,68.8,72.74,4400130
2016-09-13,71.26,71.55,68.9,69.59,4921919
2016-09-14,69.65,71.05,68.91,69.49,3429802
2016-09-15,69.34,72.05,69.14,71.6,3000848
2016-09-16,70.89,71.1,69.97,70.79,2673592
2016-09-19,71.53,72.2899,70.45,70.77,2034872
2016-09-20,71.82,71.99,70.7993,70.86,1708245
2016-09-21,71.6,73.39,70.83,73.2,3517807
2016-09-22,74.37,74.91,74.09,74.52,3102098
2016-09-23,74.08,74.25,73.23,73.36,1479122
2016-09-26,72.34,72.55,71.32,71.55,2916119
2016-09-27,71.36,72.98,70.9001,72.9,1774651
2016-09-28,73.12,74.12,72.0,73.95,1818954
2016-09-29,73.7,74.17,71.3,71.95,3124513
2016-09-30,72.93,74.36,72.61,73.64,2102539
2016-10-03,73.02,73.27,72.27,72.94,2317911
2016-10-04,73.19,73.4,71.2118,71.93,3087853
2016-10-05,72.58,73.32,72.54,72.88,2264250
2016-10-06,72.56,73.22,71.92,73.0,1423967
2016-10-07,73.29,73.5,71.35,72.21,2930458
2016-10-10,73.32,73.88,73.16,73.3,1604176
2016-10-11,72.81,72.91,69.71,70.63,4520720
2016-10-12,70.73,71.45,70.14,70.89,2469569
2016-10-13,69.32,70.72,68.34,70.17,3034930
2016-10-14,71.33,71.79,70.16,70.24,3427743
2016-10-17,70.21,70.4985,69.29,69.56,2247726
2016-10-18,71.32,71.35,70.36,70.75,1734222
2016-10-19,71.06,71.7,70.682,71.34,1547030
2016-10-20,70.94,71.59,70.18,70.95,2285099
2016-10-21,70.03,71.14,69.85,70.99,1699330
2016-10-24,72.0,72.36,71.5455,71.89,1717278
2016-10-25,71.75,72.02,71.03,71.28,2385077
2016-10-26,70.28,71.4401,69.98,70.83,2135084
2016-10-27,71.62,71.63,70.13,70.23,2313611
2016-10-28,70.14,70.95,68.79,69.55,3703347
2016-10-31,69.94,70.2,69.39,69.5,1599686
2016-11-01,69.93,69.99,66.6874,68.1,3205335
2016-11-02,67.7,68.13,66.33,66.8,2444723
2016-11-03,67.06,67.28,65.6,65.91,2373161
2016-11-04,66.0,66.94,65.51,65.6,2731198
2016-11-07,68.43,70.04,68.27,69.92,2887844
2016-11-08,69.54,71.6,69.25,70.87,2847668
2016-11-09,69.13,73.9019,69.1,73.28,5986052
2016-11-10,74.18,75.1519,72.02,73.73,4905402
2016-11-11,72.94,73.51,72.11,73.24,3056288
2016-11-14,73.85,74.09,72.53,73.38,2309610
2016-11-15,73.87,75.09,73.6026,75.09,2325042
2016-11-16,74.35,74.95,74.22,74.71,1733343
2016-11-17,74.84,75.89,74.73,75.8,1911082
2016-11-18,75.89,76.1,75.09,75.3,1918949
2016-11-21,76.0,77.04,75.85,76.99,2311404
2016-11-22,77.42,77.68,76.57,77.44,1939912
2016-11-23,76.82,77.64,76.58,77.58,1672647
2016-11-25,78.0,78.47,77.9,78.47,701639
2016-11-28,78.05,78.39,77.2,77.36,1695018
2016-11-29,77.38,78.33,76.99,77.8,1434902
2016-11-30,78.55,78.75,77.13,77.18,2223955
2016-12-01,77.54,77.56,75.9,76.29,2133818
2016-12-02,76.44,77.04,76.02,76.43,1513246
2016-12-05,77.45,78.24,77.23,77.72,2044683
2016-12-06,78.06,78.6,77.47,78.58,1804448
2016-12-07,78.38,81.71,78.21,81.58,3096236
2016-12-08,81.59,82.83,81.27,82.2,2029257
2016-12-09,82.54,83.71,82.48,83.67,2169842
2016-12-12,83.62,84.2218,82.9,83.44,1879102
2016-12-13,84.27,85.73,84.25,85.03,2477323
2016-12-14,84.69,85.645,82.41,83.09,3531377
2016-12-15,83.32,85.1,83.13,83.94,2455009
2016-12-16,84.62,84.6399,83.11,83.58,2370027
2016-12-19,83.8,84.59,83.56,84.04,1655860
2016-12-20,84.72,85.21,84.45,84.93,1924068
2016-12-21,84.86,85.06,84.3,84.3,1191482
2016-12-22,84.09,84.24,83.35,83.9,1665283
2016-12-23,83.84,84.19,83.66,84.15,1039027
2016-12-27,84.54,85.3,84.53,84.79,1038238
2016-12-28,85.08,85.14,82.56,82.77,1841837
2016-12-29,82.8,83.22,82.0801,82.63,1530666
2016-12-30,83.05,83.15,80.86,81.78,2968468
2017-01-03,83.38,84.21,82.1,83.55,2399121
2017-01-04,83.95,85.22,83.95,85.04,2093702
2017-01-05,84.69,85.04,83.81,84.78,2154850
2017-01-06,84.99,86.34,84.27,85.74,1961710
2017-01-09,85.37,85.57,84.83,84.93,1918367
2017-01-10,84.92,85.97,84.36,84.79,1568957
2017-01-11,84.69,85.51,83.87,85.48,3242092
2017-01-12,84.88,85.16,83.1448,84.92,2953131
2017-01-13,85.15,85.88,85.08,85.45,1324330
2017-01-17,84.61,85.18,84.0853,84.66,1864498
2017-01-18,84.9,85.16,84.2,85.1,1343714
2017-01-19,85.2,85.415,83.62,84.21,2046167
2017-01-20,85.07,85.7276,84.34,85.08,2383316
2017-01-23,84.63,85.14,83.4418,84.42,2018548
2017-01-24,84.69,86.58,84.5501,86.03,1717852
2017-01-25,87.28,88.26,87.03,88.12,2463775
2017-01-26,88.06,88.43,87.62,87.92,1789403
2017-01-27,88.09,88.26,87.3176,87.61,1397099
2017-01-30,86.61,86.6552,84.61,86.03,2323038
2017-01-31,85.24,85.98,84.52,85.98,1824701
2017-02-01,86.7,87.07,85.22,86.03,1898723
2017-02-02,85.53,86.5,85.08,86.15,1454159
2017-02-03,87.3,88.12,86.92,87.88,2611120
2017-02-06,87.37,87.86,86.98,87.51,1322578
2017-02-07,87.97,88.23,87.16,87.45,1825369
2017-02-08,87.05,87.92,86.69,87.8,1296044
2017-02-09,88.13,89.71,88.07,89.3,1763243
2017-02-10,89.81,90.66,89.66,90.35,1326226
2017-02-13,91.02,92.18,91.0,91.73,1352254
2017-02-14,91.58,92.94,91.11,92.91,1603684
2017-02-15,92.59,94.61,92.55,94.3,1722335
2017-02-16,94.39,94.63,93.09,94.12,1814660
2017-02-17,93.17,94.51,93.17,94.49,1238352
2017-02-21,95.08,96.45,95.06,96.12,1757244
2017-02-22,95.67,96.28,95.43,95.95,1701698
2017-02-23,96.73,96.73,95.09,96.19,1646311
2017-02-24,94.92,96.55,94.89,96.51,1302436
2017-02-27,96.41,97.17,96.03,96.94,1468739
2017-02-28,96.4,96.74,95.6,96.22,1298441
2017-03-01,98.49,100.82,98.47,100.1,1879558
2017-03-02,99.91,99.93,98.22,98.4,1644537
2017-03-03,98.18,98.68,97.62,98.49,1413898
2017-03-06,97.23,98.06,96.7,97.63,1373787
2017-03-07,97.12,97.63,96.4,96.76,1256827
2017-03-08,97.09,97.43,95.94,96.13,1418064
2017-03-09,96.26,96.93,95.13,96.47,1490661
2017-03-10,97.85,97.9,96.16,97.42,1734050
2017-03-13,97.4,97.66,96.92,97.57,899500
2017-03-14,96.84,96.92,95.62,96.57,1799560
2017-03-15,97.29,99.55,96.95,98.86,1589971
2017-03-16,99.16,99.28,97.93,98.47,1515598
2017-03-17,98.8,99.01,97.82,97.82,1151612
2017-03-20,97.82,98.23,96.96,97.54,1067493
2017-03-21,98.38,98.55,93.6,93.83,3087472
2017-03-22,93.78,94.8,92.92,94.4,1690384
2017-03-23,94.05,95.66,93.58,94.08,1562553
2017-03-24,94.5,95.32,92.82,93.89,1766458
2017-03-27,91.48,93.94,91.15,93.55,1657803
2017-03-28,93.18,96.22,93.0,95.5,1715855
2017-03-29,95.19,96.18,94.88,95.94,1228585
2017-03-30,95.82,97.06,95.53,96.69,1313326
2017-03-31,96.25,97.02,96.01,96.01,1302300
2017-04-03,96.17,96.45,93.84,95.64,2027293
2017-04-04,95.15,95.86,94.64,95.8,1130387
2017-04-05,96.68,98.05,94.6,94.83,2734780
2017-04-06,95.12,96.35,94.47,95.61,1270029
2017-04-07,95.35,96.32,94.67,95.33,1357478
2017-04-10,95.54,96.62,94.8,95.48,1661241
2017-04-11,94.95,95.3,93.07,95.14,2042627
2017-04-12,94.77,95.0,93.56,93.94,1391935
2017-04-13,93.43,94.43,92.1,92.15,2036386
2017-04-17,92.76,94.48,92.49,94.48,1130710
2017-04-18,93.48,94.32,92.68,93.58,1462264
2017-04-19,94.44,94.92,92.79,93.1,1483425
2017-04-20,93.92,95.95,93.5,95.27,1946659
2017-04-21,95.2,95.29,93.87,94.47,1480009
2017-04-24,97.57,97.82,96.86,97.47,1884760
2017-04-25,98.41,99.71,98.3,99.18,1919160
2017-04-26,99.16,100.42,98.96,99.04,1698123
2017-04-27,99.52,99.68,98.48,99.28,1313025
2017-04-28,99.61,99.65,98.41,98.67,1208814
2017-05-01,99.27,99.92,98.74,99.29,1287478
2017-05-02,99.56,99.68,98.86,99.46,1353718
2017-05-03,98.84,99.35,98.09,99.14,1674445
2017-05-04,99.48,99.58,98.18,99.33,1699211
2017-05-05,99.87,100.58,99.29,100.58,1691828
2017-05-08,100.57,100.8,99.88,100.52,1203812
2017-05-09,100.84,101.12,99.7,100.25,1337993
2017-05-10,100.08,100.71,99.81,100.71,992712
2017-05-11,100.04,100.31,98.52,100.16,1786768
2017-05-12,99.72,99.85,99.21,99.66,1090034
2017-05-15,100.15,101.36,100.15,101.14,1600435
2017-05-16,101.64,101.66,100.36,100.92,1397526
2017-05-17,98.41,99.07,95.44,95.61,3385234
2017-05-18,95.36,97.81,95.06,96.6,2103172
2017-05-19,97.37,99.46,97.28,98.48,1854384
2017-05-22,99.2,100.25,99.15,100.06,1089187
2017-05-23,100.55,100.92,100.02,100.69,1083078
2017-05-24,101.02,101.5,100.51,101.26,1341167
2017-05-25,101.99,103.21,101.78,102.69,1611213
2017-05-26,102.47,102.96,102.41,102.74,811841
2017-05-30,102.26,102.8,102.02,102.49,867379
2017-05-31,102.87,102.93,101.32,102.32,1589090
2017-06-01,102.93,104.75,102.59,104.71,1294188
2017-06-02,104.84,106.04,104.41,105.72,1292163
2017-06-05,105.56,105.96,105.28,105.58,959807
2017-06-06,104.7,105.52,104.44,104.63,1150678
2017-06-07,105.07,105.42,104.05,105.1,1191193
2017-06-08,105.2,105.96,104.46,105.23,1633640
2017-06-09,105.68,106.84,102.89,104.79,2723934
2017-06-12,104.35,104.77,103.45,104.65,1989771
2017-06-13,105.49,106.28,104.98,106.16,1310136
2017-06-14,106.61,106.61,104.5,105.79,2215514
2017-06-15,103.77,105.33,103.3,105.12,1512476
2017-06-16,105.39,105.39,103.89,105.12,1251295
2017-06-19,106.43,107.9,106.29,107.78,1413710
2017-06-20,107.25,107.29,105.62,105.72,1475670
2017-06-21,106.1,106.33,104.86,105.5,1531766
2017-06-22,105.53,106.26,105.13,105.38,1152429
2017-06-23,105.54,106.23,104.89,105.83,950999
2017-06-26,106.73,107.35,105.62,105.92,1266106
2017-06-27,105.55,106.02,103.37,103.46,1838276
2017-06-28,104.86,106.39,104.5,106.06,1292495
2017-06-29,106.32,106.38,101.49,103.38,3200873
2017-06-30,104.49,105.02,103.58,103.87,1709569
2017-07-03,105.27,105.88,104.38,104.38,1254202
2017-07-05,104.89,105.37,103.69,105.06,1200890
2017-07-06,103.93,104.0999,101.9114,102.26,1799021
2017-07-07,103.03,104.36,102.77,104.14,1246195
2017-07-10,103.96,105.02,103.71,104.43,789533
2017-07-11,104.19,104.69,102.48,104.19,1168541
2017-07-12,105.63,106.77,105.62,106.54,1308350
2017-07-13,106.57,107.2197,106.21,107.04,1129140
2017-07-14,107.1,109.05,106.9,108.46,1184030
2017-07-17,108.42,109.0,108.23,108.47,1050936
2017-07-18,107.87,108.73,107.34,108.64,1168736
2017-07-19,109.15,110.4,109.09,110.4,1043704
2017-07-20,110.77,110.94,109.72,110.48,1512189
2017-07-21,109.66,110.26,109.29,110.26,1213107
2017-07-24,110.1,110.32,109.43,110.15,1044202
2017-07-25,111.33,111.42,110.57,110.81,1216921
2017-07-26,111.35,111.4,110.47,110.9,857801
2017-07-27,111.65,111.65,108.59,110.64,1733493
2017-07-28,109.81,110.35,109.14,110.12,1071679
2017-07-31,110.78,110.89,109.65,109.97,889423
2017-08-01,110.89,110.92,110.02,110.62,808034
2017-08-02,110.89,111.04,109.4,110.75,1202896
2017-08-03,110.68,110.68,109.76,110.23,932214
2017-08-04,110.89,111.25,110.18,110.7,853980
2017-08-07,110.81,111.34,110.67,111.29,593269
2017-08-08,110.89,112.73,109.95,110.6,1301431
2017-08-09,109.45,110.53,108.87,110.43,1257235
2017-08-10,109.16,109.33,105.72,105.84,1996157
2017-08-11,106.07,107.11,105.75,106.24,1385568
2017-08-14,108.13,109.68,108.09,109.36,1184643
2017-08-15,109.96,109.96,108.87,109.34,945979
2017-08-16,110.0,110.7,109.23,109.83,1252265
2017-08-17,108.89,109.36,104.73,104.75,2219596
2017-08-18,104.46,106.07,103.54,104.16,1896416
2017-08-21,104.13,104.79,103.05,104.48,877022
2017-08-22,105.25,107.91,105.25,107.56,1331068
2017-08-23,106.23,107.13,105.98,106.49,903150
2017-08-24,107.1,107.3,105.43,105.76,1399170
2017-08-25,106.88,107.84,106.26,106.46,976151
2017-08-28,107.17,107.28,105.87,106.48,670127
2017-08-29,104.5,107.19,104.33,106.78,1152618
2017-08-30,106.8,108.72,106.48,108.37,1330798
2017-08-31,109.28,110.61,109.12,110.2,1111193
2017-09-01,110.87,111.36,110.49,110.8,942896
2017-09-05,109.91,110.24,106.79,108.29,2362490
2017-09-06,109.36,109.88,108.5,109.39,1135908
2017-09-07,109.88,109.88,108.66,109.31,972666
2017-09-08,108.86,109.6,108.53,108.85,1026433
2017-09-11,110.81,112.48,110.81,112.28,1387302
2017-09-12,112.9,113.54,112.65,113.51,1112955
2017-09-13,113.0,113.72,112.9,113.72,1037727
2017-09-14,113.15,113.82,112.87,113.56,1137929
2017-09-15,113.27,114.08,113.12,114.06,1031586
2017-09-18,114.5,115.2,114.07,114.67,1246979
2017-09-19,115.02,115.13,114.48,114.94,917873
2017-09-20,115.1,115.27,113.56,115.12,1328452
2017-09-21,114.8,114.96,113.88,114.14,697872
2017-09-22,113.64,114.46,113.63,114.2,662423
2017-09-25,113.78,114.35,112.3,113.49,1566811
2017-09-26,114.1,114.48,113.3,113.69,847723
2017-09-27,114.79,115.55,113.38,114.92,1289011
2017-09-28,114.53,115.46,114.37,115.36,767409
2017-09-29,115.26,116.68,115.04,116.47,1006571
