2011-05-12,25.25,25.37,25.25,25.37,3300
2011-05-13,25.36,25.41,25.33,25.36,9700
2011-05-16,27.8,27.8,25.3,25.32,33000
2011-05-17,25.4,25.4,25.34,25.37,4200
2011-05-18,25.42,25.52,25.42,25.48,3200
2011-05-19,25.43,25.52,25.43,25.52,6200
2011-05-20,25.45,25.49,25.42,25.47,8000
2011-05-23,25.38,25.38,25.31,25.31,4700
2011-05-24,25.31,25.31,25.31,25.31,100
2011-05-25,25.22,25.3,25.19,25.3,4200
2011-05-26,25.27,25.31,25.27,25.31,3600
2011-05-27,25.37,25.45,25.37,25.45,5600
2011-05-31,25.49,25.52,25.47,25.49,2600
2011-06-01,25.55,25.55,25.53,25.53,1000
2011-06-02,25.48,25.53,25.47,25.53,6200
2011-06-03,25.55,25.57,25.55,25.57,300
2011-06-06,25.61,25.61,25.53,25.53,6200
2011-06-07,25.5,25.55,25.49,25.54,3700
2011-06-08,25.54,25.55,25.52,25.53,1500
2011-06-09,25.52,25.55,25.52,25.55,1400
2011-06-10,25.51,25.51,25.31,25.36,13600
2011-06-13,25.35,25.36,25.29,25.36,1500
2011-06-14,25.37,25.37,25.37,25.37,100
2011-06-15,25.39,25.39,25.25,25.29,3600
2011-06-16,25.19,25.26,25.19,25.21,2600
2011-06-17,25.24,25.24,25.24,25.24,300
2011-06-20,25.24,25.24,25.24,25.24,0
2011-06-21,25.25,25.42,25.25,25.42,300
2011-06-22,25.44,25.47,25.44,25.45,600
2011-06-23,25.31,25.32,25.3,25.3,2500
2011-06-24,25.43,25.43,25.37,25.37,300
2011-06-27,25.35,25.35,25.35,25.35,300
2011-06-28,25.52,25.52,25.52,25.52,200
2011-06-29,25.61,25.64,25.59,25.64,1500
2011-06-30,25.56,25.6,25.56,25.6,1800
2011-07-01,25.53,25.57,25.53,25.57,600
2011-07-05,25.47,25.47,25.47,25.47,100
2011-07-06,25.53,25.53,25.53,25.53,300
2011-07-07,25.62,25.62,25.62,25.62,100
2011-07-08,25.57,25.57,25.57,25.57,1000
2011-07-11,25.51,25.52,25.42,25.42,5000
2011-07-12,25.4,25.4,25.4,25.4,600
2011-07-13,25.44,25.44,25.44,25.44,100
2011-07-14,25.56,25.56,25.48,25.48,5300
2011-07-15,25.53,25.53,25.46,25.49,5300
2011-07-18,25.52,25.52,25.45,25.45,40400
2011-07-19,25.48,25.52,25.46,25.5,4500
2011-07-20,25.54,25.54,25.5,25.5,1700
2011-07-21,25.56,25.58,25.56,25.58,600
2011-07-22,25.56,25.63,25.56,25.58,3900
2011-07-25,25.6,25.6,25.47,25.58,13400
2011-07-26,25.64,25.71,25.64,25.71,2100
2011-07-27,25.69,25.69,25.5,25.62,5900
2011-07-28,25.59,25.65,25.59,25.65,1200
2011-07-29,25.6,25.6,25.5,25.59,7100
2011-08-01,25.63,25.63,25.56,25.62,2700
2011-08-02,25.78,25.78,25.66,25.72,11900
2011-08-03,25.8,25.89,25.8,25.88,35000
2011-08-04,25.85,25.85,25.7,25.7,20800
2011-08-05,25.57,25.72,25.56,25.63,3500
2011-08-08,25.44,25.44,25.2,25.29,9400
2011-08-09,25.11,25.11,25.11,25.11,200
2011-08-10,25.55,25.55,25.31,25.37,1400
2011-08-11,25.0,25.24,24.99,25.24,5900
2011-08-12,25.35,25.35,25.34,25.34,500
2011-08-15,25.22,25.5,25.22,25.5,2300
2011-08-16,25.51,25.57,25.36,25.51,6800
2011-08-17,25.56,25.56,25.39,25.47,6600
2011-08-18,25.36,25.38,25.35,25.38,2600
2011-08-19,25.43,25.45,25.33,25.33,11300
2011-08-22,25.31,25.35,25.2,25.35,5000
2011-08-23,25.15,25.36,25.14,25.36,1700
2011-08-24,25.27,25.27,25.02,25.03,4100
2011-08-25,25.11,25.11,25.07,25.08,2600
2011-08-26,25.12,25.14,25.01,25.01,1600
2011-08-29,25.12,25.26,25.12,25.21,2700
2011-08-30,25.13,25.29,25.13,25.29,2000
2011-08-31,25.27,25.4,25.27,25.31,3200
2011-09-01,25.3,25.39,25.09,25.29,27400
2011-09-02,25.22,25.23,25.16,25.17,3000
2011-09-06,25.1,25.1,24.91,25.1,2200
2011-09-07,25.1,25.16,24.96,25.16,2300
2011-09-08,25.13,25.13,25.11,25.11,2400
2011-09-09,25.0,25.03,25.0,25.03,900
2011-09-12,24.89,24.89,24.58,24.67,7900
2011-09-13,24.7,24.7,24.6,24.63,5600
2011-09-14,24.54,24.58,24.5,24.58,2600
2011-09-15,24.5,24.55,24.43,24.43,5300
2011-09-16,24.53,24.63,24.53,24.63,2600
2011-09-19,24.31,24.33,24.28,24.28,5200
2011-09-20,24.28,24.28,24.14,24.19,2200
2011-09-21,23.96,23.96,23.84,23.84,2500
2011-09-22,23.67,23.79,23.57,23.6,13900
2011-09-23,23.45,23.57,23.45,23.57,7500
2011-09-26,23.45,23.45,23.33,23.39,1500
2011-09-27,23.57,23.76,23.54,23.75,1600
2011-09-28,23.75,23.75,23.75,23.75,0
2011-09-29,23.56,23.56,23.54,23.54,800
2011-09-30,23.43,23.44,23.4,23.4,2600
2011-10-03,23.03,23.03,23.01,23.01,1900
2011-10-04,22.96,22.96,22.75,22.75,8900
2011-10-05,22.93,23.16,22.93,23.16,600
2011-10-06,23.32,23.37,23.3,23.37,4400
2011-10-07,23.62,23.62,23.52,23.52,1400
2011-10-10,23.4,23.59,23.4,23.59,700
2011-10-11,23.59,23.59,23.59,23.59,0
2011-10-12,23.88,23.9,23.88,23.9,1100
2011-10-13,23.9,23.9,23.9,23.9,0
2011-10-14,23.85,24.08,23.85,23.9,2600
2011-10-17,23.9,23.9,23.9,23.9,0
2011-10-18,23.78,23.78,23.78,23.78,500
2011-10-19,23.78,23.78,23.78,23.78,0
2011-10-20,23.85,23.85,23.85,23.85,100
2011-10-21,23.85,23.85,23.85,23.85,0
2011-10-24,23.94,24.08,23.94,23.99,3800
2011-10-25,24.16,24.16,24.16,24.16,1200
2011-10-26,24.01,24.21,24.0,24.01,6300
2011-10-27,24.34,24.41,24.34,24.41,500
2011-10-28,24.63,24.74,24.63,24.63,400
2011-10-31,24.59,24.59,24.59,24.59,1800
2011-11-01,23.95,24.07,23.95,24.03,3600
2011-11-02,24.07,24.3,24.07,24.3,4400
2011-11-03,24.1,24.1,24.1,24.1,1100
2011-11-04,24.1,24.1,24.1,24.1,0
2011-11-07,24.1,24.1,24.1,24.1,0
2011-11-08,24.27,24.27,24.27,24.27,100
2011-11-09,24.51,24.51,24.51,24.51,600
2011-11-10,24.17,24.17,24.1,24.1,500
2011-11-11,24.45,24.45,24.45,24.45,100
2011-11-14,24.45,24.45,24.2,24.2,2100
2011-11-15,24.2,24.2,24.2,24.2,100
2011-11-16,24.34,24.38,24.32,24.36,4200
2011-11-17,24.2,24.2,23.92,23.95,2100
2011-11-18,24.19,24.19,24.19,24.19,300
2011-11-21,24.07,24.07,24.07,24.07,1000
2011-11-22,24.03,24.04,23.75,23.98,8500
2011-11-23,23.58,23.87,23.57,23.87,600
2011-11-25,23.87,23.87,23.87,23.87,0
2011-11-28,23.54,23.84,23.28,23.8,34600
2011-11-29,23.55,23.55,23.55,23.55,200
2011-11-30,23.45,23.88,23.45,23.8,9200
2011-12-01,23.8,23.8,23.8,23.8,0
2011-12-02,23.8,23.8,23.8,23.8,0
2011-12-05,23.82,23.92,23.82,23.92,3200
2011-12-06,23.9,23.9,23.9,23.9,800
2011-12-07,23.97,23.97,23.97,23.97,500
2011-12-08,23.96,23.96,23.82,23.82,2100
2011-12-09,23.95,23.95,23.95,23.95,600
2011-12-12,23.92,23.93,23.92,23.92,3500
2011-12-13,23.85,23.87,23.83,23.83,4800
2011-12-14,23.8,23.8,23.75,23.8,1900
2011-12-15,23.86,23.86,23.86,23.86,2800
2011-12-16,23.89,23.89,23.89,23.89,700
2011-12-19,23.85,23.85,23.85,23.85,900
2011-12-20,23.92,23.92,23.81,23.9,800
2011-12-21,23.8,23.81,23.79,23.81,1600
2011-12-22,23.81,23.81,23.81,23.81,0
2011-12-23,23.9,23.9,23.9,23.9,300
2011-12-27,23.77,23.88,23.77,23.88,4200
2011-12-28,23.66,23.73,23.66,23.73,300
2011-12-29,23.65,23.8,23.65,23.72,2300
2011-12-30,23.72,23.72,23.72,23.72,0
2012-01-03,23.84,23.89,23.84,23.88,6300
2012-01-04,23.94,23.94,23.94,23.94,200
2012-01-05,23.93,24.02,23.93,24.02,700
2012-01-06,23.98,23.98,23.51,23.96,1800
2012-01-09,24.01,24.01,23.99,23.99,900
2012-01-10,24.18,24.18,24.04,24.04,1300
2012-01-11,24.02,24.09,24.02,24.09,500
2012-01-12,24.17,24.17,24.07,24.08,4200
2012-01-13,24.08,24.08,24.08,24.08,0
2012-01-17,24.13,24.15,24.13,24.15,2300
2012-01-18,24.14,24.2,24.14,24.2,500
2012-01-19,24.3,24.41,24.3,24.35,3700
2012-01-20,24.37,24.37,24.37,24.37,100
2012-01-23,24.47,24.52,24.47,24.52,400
2012-01-24,24.42,24.42,24.42,24.42,200
2012-01-25,24.42,24.44,24.42,24.44,500
2012-01-26,24.58,24.8,24.56,24.7,10500
2012-01-27,24.63,24.66,24.49,24.66,4800
2012-01-30,24.6,24.65,24.6,24.65,300
2012-01-31,24.79,24.8,24.71,24.76,4500
2012-02-01,24.74,24.74,24.74,24.74,300
2012-02-02,24.85,24.9,24.83,24.9,1500
2012-02-03,24.95,24.95,24.95,24.95,500
2012-02-06,24.85,25.03,24.85,25.0,2700
2012-02-07,25.01,25.01,24.93,24.93,200
2012-02-08,25.05,25.05,25.02,25.02,3500
2012-02-09,25.01,25.01,24.88,25.0,5000
2012-02-10,24.89,24.98,24.89,24.95,1900
2012-02-13,25.08,25.11,25.06,25.11,5600
2012-02-14,25.12,25.13,25.04,25.05,8400
2012-02-15,25.14,25.14,25.03,25.11,6000
2012-02-16,25.04,25.04,24.9,24.93,1100
2012-02-17,25.07,25.21,25.07,25.12,3100
2012-02-21,25.23,25.23,25.18,25.18,700
2012-02-22,25.25,25.25,25.23,25.24,2300
2012-02-23,25.32,25.32,25.15,25.15,500
2012-02-24,25.19,25.3,25.19,25.3,3000
2012-02-27,25.35,25.4,25.21,25.4,1400
2012-02-28,25.44,25.54,25.44,25.52,500
2012-02-29,25.38,25.51,25.38,25.46,2400
2012-03-01,25.31,25.38,25.31,25.38,1200
2012-03-02,25.38,25.38,25.38,25.38,300
2012-03-05,25.35,25.37,25.35,25.37,3500
2012-03-06,25.24,25.24,25.19,25.21,4500
2012-03-07,25.5,25.5,25.41,25.41,1200
2012-03-08,25.39,25.58,25.39,25.58,5800
2012-03-09,25.5,25.5,25.46,25.49,1400
2012-03-12,25.37,25.37,25.35,25.35,1000
2012-03-13,25.4,25.41,25.35,25.41,2600
2012-03-14,25.29,25.3,25.21,25.21,700
2012-03-15,25.28,25.3,25.23,25.3,5200
2012-03-16,25.26,25.39,25.26,25.39,500
2012-03-19,25.37,25.56,25.31,25.56,19500
2012-03-20,25.41,25.41,25.25,25.25,2100
2012-03-21,25.51,25.51,25.28,25.28,300
2012-03-22,25.28,25.33,25.28,25.33,300
2012-03-23,25.51,25.51,25.5,25.5,200
2012-03-26,25.34,25.34,25.34,25.34,100
2012-03-27,25.34,25.34,25.34,25.34,0
2012-03-28,25.34,25.4,25.34,25.4,3400
2012-03-29,25.39,25.4,25.39,25.4,1100
2012-03-30,25.26,25.26,25.26,25.26,100
2012-04-02,25.26,25.26,25.26,25.26,0
2012-04-03,25.14,25.14,25.14,25.14,500
2012-04-04,25.26,25.26,25.13,25.13,300
2012-04-05,25.25,25.25,25.25,25.25,200
2012-04-09,25.09,25.09,25.09,25.09,200
2012-04-10,25.09,25.14,25.09,25.14,1200
2012-04-11,25.09,25.09,25.0,25.02,2900
2012-04-12,25.02,25.02,25.02,25.02,0
2012-04-13,25.02,25.02,25.02,25.02,0
2012-04-16,25.02,25.02,25.02,25.02,0
2012-04-17,25.06,25.06,25.01,25.02,600
2012-04-18,25.06,25.15,25.05,25.05,2500
2012-04-19,25.0,25.0,25.0,25.0,1700
2012-04-20,25.18,25.18,25.18,25.18,100
2012-04-23,25.15,25.15,25.15,25.15,100
2012-04-24,25.18,25.18,25.18,25.18,200
2012-04-25,25.15,25.23,25.15,25.23,800
2012-04-26,25.23,25.23,25.23,25.23,0
2012-04-27,25.34,25.4,25.18,25.4,11900
2012-04-30,25.4,25.4,25.17,25.17,800
2012-05-01,25.2,25.26,25.2,25.26,2800
2012-05-02,25.32,25.32,25.28,25.28,400
2012-05-03,25.16,25.36,25.16,25.36,2700
2012-05-04,25.36,25.4,25.28,25.28,5200
2012-05-07,25.26,25.26,25.15,25.25,1000
2012-05-08,25.28,25.28,25.18,25.18,3800
2012-05-09,25.07,25.07,24.89,24.89,1900
2012-05-10,25.0,25.02,25.0,25.02,1100
2012-05-11,24.8,24.8,24.8,24.8,500
2012-05-14,24.82,24.82,24.6,24.65,2400
2012-05-15,24.61,24.63,24.51,24.51,600
2012-05-16,24.4,24.4,24.1,24.2,10500
2012-05-17,23.93,24.35,23.93,24.35,20600
2012-05-18,24.36,24.36,24.1,24.18,1400
2012-05-21,24.22,24.22,24.22,24.22,500
2012-05-22,24.29,24.29,24.21,24.27,1300
2012-05-23,24.03,24.03,23.71,23.99,13000
2012-05-24,24.13,24.2,24.01,24.16,21600
2012-05-25,24.06,24.14,24.05,24.13,5400
2012-05-29,24.07,24.07,23.96,23.96,1000
2012-05-30,24.07,24.07,23.96,23.96,7100
2012-05-31,23.71,23.9,23.71,23.9,2300
2012-06-01,23.84,24.06,23.83,23.98,5900
2012-06-04,23.9,24.11,23.9,24.06,3000
2012-06-05,23.89,24.27,23.86,24.27,4800
2012-06-06,24.35,24.35,23.91,24.32,4500
2012-06-07,24.36,24.36,24.36,24.36,600
2012-06-08,24.36,24.36,24.36,24.36,0
2012-06-11,24.36,24.36,24.36,24.36,2500
2012-06-12,24.36,24.36,24.28,24.35,3000
2012-06-13,24.4,24.4,24.34,24.4,4500
2012-06-14,24.39,24.39,24.06,24.35,400
2012-06-15,24.4,24.4,24.4,24.4,1600
2012-06-18,24.4,24.4,24.4,24.4,2700
2012-06-19,24.4,24.64,24.35,24.45,24300
2012-06-20,24.8,24.87,24.5,24.5,2400
2012-06-21,24.68,24.68,24.4,24.4,3300
2012-06-22,24.4,24.4,24.4,24.4,0
2012-06-25,24.55,24.55,24.4,24.49,1600
2012-06-26,24.5,24.55,24.39,24.45,21500
2012-06-27,24.54,24.72,24.46,24.72,6100
2012-06-28,24.45,24.52,24.42,24.5,12600
2012-06-29,24.79,25.07,24.7,24.83,22200
2012-07-02,24.83,25.12,24.75,24.96,12000
2012-07-03,25.08,25.13,25.0,25.0,3300
2012-07-05,25.12,25.12,25.04,25.1,6100
2012-07-06,25.09,25.09,25.09,25.09,1000
2012-07-09,24.83,25.03,24.79,24.95,13400
2012-07-10,24.74,25.24,24.74,24.98,8400
2012-07-11,24.92,25.2,24.92,25.03,3300
2012-07-12,24.9,25.2,24.83,24.85,4200
2012-07-13,25.28,25.28,24.99,25.05,800
2012-07-16,25.41,25.41,25.04,25.07,4800
2012-07-17,25.39,25.49,25.2,25.41,4000
2012-07-18,25.21,25.41,25.21,25.41,4800
2012-07-19,25.23,25.31,25.23,25.23,2600
2012-07-20,25.5,25.5,25.24,25.28,4600
2012-07-23,25.3,25.3,25.0,25.0,4400
2012-07-24,25.08,25.08,24.78,24.85,9100
2012-07-25,24.81,24.82,24.79,24.79,2400
2012-07-26,25.34,25.34,25.24,25.24,1300
2012-07-27,25.29,25.29,24.88,24.92,2100
2012-07-30,24.91,25.21,24.89,24.89,33500
2012-07-31,25.04,25.25,24.92,25.03,3500
2012-08-01,25.12,25.12,25.07,25.07,300
2012-08-02,24.82,25.14,24.82,25.14,200
2012-08-03,25.29,25.29,25.21,25.21,500
2012-08-06,25.18,25.39,25.07,25.39,4600
2012-08-07,25.29,25.29,25.1,25.27,3800
2012-08-08,25.18,25.27,25.18,25.25,3000
2012-08-09,25.25,25.25,25.25,25.25,0
2012-08-10,25.28,25.3,25.27,25.27,900
2012-08-13,25.34,25.34,25.04,25.18,6400
2012-08-14,25.03,25.03,25.03,25.03,1000
2012-08-15,25.21,25.21,25.0,25.18,2400
2012-08-16,25.25,25.25,25.25,25.25,200
2012-08-17,25.2,25.2,24.95,25.01,5200
2012-08-20,25.3,25.3,25.3,25.3,300
2012-08-21,25.25,25.3,25.03,25.12,4500
2012-08-22,25.0,25.11,25.0,25.11,300
2012-08-23,25.19,25.19,25.09,25.15,1600
2012-08-24,25.04,25.12,25.03,25.12,3300
2012-08-27,25.3,25.3,25.12,25.12,1300
2012-08-28,25.23,25.23,25.23,25.23,200
2012-08-29,25.1,25.22,25.1,25.22,300
2012-08-30,25.1,25.2,25.0,25.15,5800
2012-08-31,25.09,25.15,25.09,25.15,600
2012-09-04,24.84,25.32,24.8,25.3,1200
2012-09-05,25.3,25.3,25.3,25.3,0
2012-09-06,25.26,25.3,25.26,25.26,2000
2012-09-07,25.26,25.53,25.26,25.53,1400
2012-09-10,25.34,25.35,25.3,25.35,3200
2012-09-11,25.57,25.64,25.3,25.36,2700
2012-09-12,25.36,25.5,25.3,25.5,2300
2012-09-13,25.64,25.64,25.54,25.54,900
2012-09-14,25.57,25.58,25.36,25.42,4500
2012-09-17,25.42,25.42,25.42,25.42,0
2012-09-18,25.5,25.5,25.3,25.43,2900
2012-09-19,25.5,25.5,25.32,25.44,1800
2012-09-20,25.45,25.45,25.36,25.36,2300
2012-09-21,25.37,25.38,25.33,25.38,1100
2012-09-24,25.33,25.36,25.3,25.36,2200
2012-09-25,25.4,25.59,25.4,25.59,4600
2012-09-26,25.52,25.52,25.3,25.34,5700
2012-09-27,25.42,25.56,25.42,25.46,4800
2012-09-28,25.5,25.54,25.5,25.54,500
2012-10-01,25.54,25.54,25.54,25.54,100
2012-10-02,25.59,25.62,25.5,25.6,500
2012-10-03,25.59,25.64,25.59,25.64,1100
2012-10-04,25.52,25.52,25.52,25.52,200
2012-10-05,25.6,25.65,25.6,25.65,1600
2012-10-08,25.61,25.62,25.42,25.42,2300
2012-10-09,25.52,25.56,25.52,25.52,400
2012-10-10,25.4,25.45,25.4,25.45,500
2012-10-11,25.45,25.45,25.45,25.45,0
2012-10-12,25.55,25.55,25.55,25.55,600
2012-10-15,25.65,25.82,25.55,25.82,2400
2012-10-16,25.85,25.87,25.75,25.79,5000
2012-10-17,25.86,25.9,25.8,25.9,4200
2012-10-18,25.91,25.91,25.91,25.91,800
2012-10-19,25.93,25.93,25.93,25.93,500
2012-10-22,25.8,25.8,25.8,25.8,400
2012-10-23,25.8,25.83,25.8,25.83,800
2012-10-24,25.86,25.86,25.75,25.75,4800
2012-10-25,25.79,26.5,25.64,25.97,7600
2012-10-26,25.96,26.49,25.91,26.21,9000
2012-10-31,25.8,26.15,25.8,26.15,2300
2012-11-01,25.69,25.8,25.69,25.8,1300
2012-11-02,25.78,25.81,25.62,25.62,1000
2012-11-05,25.5,26.39,25.5,25.52,2300
2012-11-06,25.82,26.47,25.82,25.95,5600
2012-11-07,26.0,26.0,25.44,25.76,8900
2012-11-08,25.9,25.9,25.76,25.79,10400
2012-11-09,25.81,26.28,25.8,25.9,2300
2012-11-12,26.15,26.15,25.8,25.8,1600
2012-11-13,25.64,26.0,25.45,25.73,10200
2012-11-14,26.2,26.2,25.69,25.69,1200
2012-11-15,25.61,25.99,25.61,25.99,2400
2012-11-16,26.02,26.02,25.95,25.95,1200
2012-11-19,25.74,25.75,25.74,25.75,1000
2012-11-20,26.55,26.55,25.41,25.86,14400
2012-11-21,25.7,26.08,25.7,25.95,2100
2012-11-23,25.95,25.95,25.95,25.95,0
2012-11-26,25.7,25.88,25.7,25.7,20300
2012-11-27,25.82,26.0,25.45,25.59,18300
2012-11-28,25.99,25.99,25.49,25.49,15800
2012-11-29,25.77,25.81,25.63,25.63,2700
2012-11-30,25.5,25.73,25.5,25.65,2300
2012-12-03,25.98,25.98,25.65,25.72,13600
2012-12-04,25.9,25.98,25.57,25.72,7400
2012-12-05,25.89,25.98,25.72,25.93,4600
2012-12-06,25.66,25.93,25.66,25.93,900
2012-12-07,25.98,26.23,25.67,25.96,27000
2012-12-10,26.0,26.2,25.92,26.1,12300
2012-12-11,26.01,26.48,25.81,25.97,22600
2012-12-12,26.18,26.18,25.83,26.03,43600
2012-12-13,26.18,26.32,25.97,26.15,146400
2012-12-14,26.3,26.45,26.06,26.35,92800
2012-12-17,26.35,26.62,26.33,26.4,50700
2012-12-18,26.28,26.62,25.75,26.0,42000
2012-12-19,26.2,26.3,25.77,25.91,26000
2012-12-20,25.76,26.45,25.76,26.03,55200
2012-12-21,25.92,26.15,25.76,26.1,23200
2012-12-24,26.31,26.42,26.2,26.27,11500
2012-12-26,26.1,26.4,25.99,26.4,27300
2012-12-27,25.91,26.56,25.87,26.19,40600
2012-12-28,26.2,26.46,25.98,26.45,26900
2012-12-31,26.29,26.43,26.04,26.15,47600
2013-01-02,26.6,26.69,26.05,26.63,51300
2013-01-03,26.26,26.48,26.11,26.37,33600
2013-01-04,26.43,26.43,26.1,26.26,47500
2013-01-07,26.39,26.43,26.07,26.08,13600
2013-01-08,26.25,26.41,26.1,26.31,58500
2013-01-09,26.4,26.44,26.12,26.32,141500
2013-01-10,26.39,26.39,26.31,26.39,3400
2013-01-11,26.44,26.44,26.31,26.31,24900
2013-01-14,26.28,26.43,26.19,26.39,5000
2013-01-15,26.3,26.48,26.14,26.48,4100
2013-01-16,26.61,26.66,26.3,26.3,17200
2013-01-17,26.19,26.92,26.17,26.35,508000
2013-01-18,26.5,26.68,26.35,26.55,9800
2013-01-22,26.55,26.69,26.32,26.32,4400
2013-01-23,26.32,26.64,26.24,26.25,27000
2013-01-24,26.51,26.52,26.3,26.39,11200
2013-01-25,26.75,26.75,26.21,26.36,10500
2013-01-28,26.28,26.45,26.23,26.45,13300
2013-01-29,26.44,26.44,26.25,26.43,9800
2013-01-30,26.43,26.6,26.25,26.3,3000
2013-01-31,26.15,26.54,26.15,26.15,4500
2013-02-01,26.22,26.66,26.15,26.15,2600
2013-02-04,26.3,26.5,26.05,26.05,24400
2013-02-05,26.19,26.32,26.08,26.08,3000
2013-02-06,26.16,26.18,26.1,26.18,6500
2013-02-07,26.16,26.2,25.98,26.1,16200
2013-02-08,26.1,26.5,25.97,25.97,11500
2013-02-11,25.96,26.2,25.92,25.92,8100
2013-02-12,26.34,26.34,26.0,26.19,11000
2013-02-13,26.15,26.22,26.15,26.21,2800
2013-02-14,25.95,26.36,25.95,26.08,5900
2013-02-15,26.37,26.37,26.01,26.01,800
2013-02-19,26.38,26.38,26.0,26.06,1400
2013-02-20,26.25,26.4,25.97,25.97,14300
2013-02-21,26.0,26.2,26.0,26.13,5900
2013-02-22,26.09,26.11,25.87,25.93,6800
2013-02-25,26.22,26.22,25.98,25.98,10600
2013-02-26,26.01,26.01,25.83,25.89,4700
2013-02-27,25.8,26.35,25.8,25.84,7800
2013-02-28,26.26,26.26,25.86,25.86,2400
2013-03-01,25.88,25.92,25.81,25.84,3700
2013-03-04,25.81,26.11,25.68,25.79,23300
2013-03-05,25.82,25.96,25.82,25.84,8800
2013-03-06,26.03,26.19,25.9,25.92,6600
2013-03-07,26.03,26.15,25.9,26.1,4300
2013-03-08,26.21,26.21,25.82,25.87,19300
2013-03-11,26.05,26.17,25.81,26.04,5600
2013-03-12,26.09,26.09,25.87,25.91,6600
2013-03-13,26.15,26.16,25.93,26.0,27000
2013-03-14,26.16,26.16,25.83,25.83,61100
2013-03-15,25.91,25.95,25.84,25.92,14300
2013-03-18,25.78,25.96,25.78,25.81,10800
2013-03-19,26.04,26.06,25.78,25.8,40000
2013-03-20,26.05,26.05,25.72,25.96,12500
2013-03-21,25.72,26.08,25.72,26.02,90700
2013-03-22,25.93,25.97,25.75,25.94,14700
2013-03-25,25.82,25.95,25.8,25.95,10200
2013-03-26,25.78,25.9,25.75,25.75,17900
2013-03-27,25.76,25.76,25.69,25.75,13300
2013-03-28,25.75,25.77,25.67,25.69,29700
2013-04-01,25.56,25.74,25.56,25.56,2700
2013-04-02,25.71,25.73,25.63,25.71,1800
2013-04-03,25.71,25.71,25.65,25.65,3600
2013-04-04,25.71,25.92,25.71,25.75,11800
2013-04-05,25.84,26.2,25.84,25.97,5200
2013-04-08,25.64,26.33,25.58,26.13,7000
2013-04-09,26.31,26.31,26.18,26.18,3000
2013-04-10,26.35,26.35,26.22,26.27,5700
2013-04-11,26.76,26.76,26.25,26.27,3800
2013-04-12,26.73,26.73,26.23,26.24,18900
2013-04-15,26.65,26.65,26.1,26.1,15100
2013-04-16,26.25,26.26,26.21,26.21,1700
2013-04-17,26.2,26.2,25.9,25.9,16000
2013-04-18,26.05,26.18,25.88,25.88,4700
2013-04-19,25.75,26.57,25.75,26.57,1100
2013-04-22,26.31,26.31,25.97,25.98,5700
2013-04-23,26.26,26.57,26.07,26.4,740800
2013-04-24,26.56,26.61,26.37,26.42,59300
2013-04-25,26.33,26.62,26.28,26.6,8200
2013-04-26,26.52,26.54,26.41,26.41,23200
2013-04-29,26.57,26.61,26.43,26.57,12500
2013-04-30,26.52,26.52,26.46,26.5,19900
2013-05-01,26.5,26.52,26.43,26.51,5500
2013-05-02,26.56,26.59,26.39,26.57,22200
2013-05-03,26.57,26.57,26.24,26.45,5800
2013-05-06,26.37,26.49,26.25,26.37,19200
2013-05-07,26.25,26.44,26.25,26.34,3900
2013-05-08,26.3,26.49,26.3,26.38,8900
2013-05-09,26.38,26.47,26.36,26.41,37600
2013-05-10,26.44,26.45,26.12,26.14,91200
2013-05-13,26.14,26.14,26.05,26.1,8200
2013-05-14,26.13,26.24,26.06,26.14,58300
2013-05-15,26.23,26.23,25.93,26.13,49600
2013-05-16,26.11,26.13,26.02,26.06,5200
2013-05-17,26.09,26.11,25.92,25.92,36600
2013-05-20,26.06,26.11,25.97,26.0,4700
2013-05-21,25.9,26.05,25.81,25.9,30000
2013-05-22,25.85,26.04,25.78,25.78,61000
2013-05-23,25.72,25.85,25.56,25.56,80000
2013-05-24,25.59,25.81,25.52,25.53,37100
2013-05-28,25.58,25.66,25.32,25.33,24200
2013-05-29,25.21,25.28,25.08,25.09,14400
2013-05-30,24.96,25.09,24.96,25.08,22900
2013-05-31,24.85,25.0,24.77,24.83,10700
2013-06-03,24.76,24.78,24.66,24.66,25400
2013-06-04,24.75,24.86,24.74,24.78,22700
2013-06-05,24.79,24.89,24.6,24.69,7800
2013-06-06,24.51,24.66,24.48,24.52,4900
2013-06-07,24.56,24.72,24.56,24.58,10700
2013-06-10,24.45,24.52,24.33,24.33,18600
2013-06-11,24.01,24.26,24.01,24.14,12300
2013-06-12,24.15,24.15,23.79,23.83,47300
2013-06-13,23.86,24.35,23.86,24.35,10100
2013-06-14,24.53,24.69,24.5,24.5,54500
2013-06-17,24.77,24.77,24.26,24.44,12900
2013-06-18,24.28,24.28,24.15,24.23,17700
2013-06-19,24.07,24.81,23.92,23.96,19500
2013-06-20,23.73,23.73,22.4,22.65,226000
2013-06-21,22.71,23.33,22.67,22.84,205400
2013-06-24,22.95,23.04,22.27,22.65,14200
2013-06-25,22.98,23.22,22.72,22.84,33200
2013-06-26,22.95,23.37,22.95,23.25,7900
2013-06-27,23.37,23.57,23.37,23.43,24100
2013-06-28,23.34,23.68,23.05,23.66,61100
2013-07-01,23.54,23.65,23.43,23.47,101100
2013-07-02,23.53,23.75,23.5,23.7,68800
2013-07-03,23.58,23.58,23.52,23.52,600
2013-07-05,23.41,23.5,23.25,23.25,49800
2013-07-08,23.4,23.59,23.36,23.41,102400
2013-07-09,23.4,23.58,23.4,23.57,37400
2013-07-10,23.53,23.59,23.36,23.36,29200
2013-07-11,23.46,23.68,23.45,23.48,53500
2013-07-12,23.5,23.53,23.45,23.47,597700
2013-07-15,23.5,23.79,23.5,23.76,48900
2013-07-16,23.92,24.01,23.84,23.9,22400
2013-07-17,23.99,24.15,23.99,24.05,4600
2013-07-18,24.2,24.28,24.2,24.25,4400
2013-07-19,24.18,24.24,24.18,24.19,2200
2013-07-22,24.27,24.31,24.26,24.31,2300
2013-07-23,24.39,24.41,24.34,24.39,6300
2013-07-24,24.32,24.42,24.21,24.27,7400
2013-07-25,24.14,24.14,24.01,24.02,26900
2013-07-26,23.99,24.07,23.95,23.95,7100
2013-07-29,24.12,24.12,23.91,23.93,2600
2013-07-30,23.84,23.88,23.84,23.88,1400
2013-07-31,23.73,23.86,23.73,23.83,33200
2013-08-01,23.7,23.86,23.61,23.61,27200
2013-08-02,23.66,23.82,23.65,23.77,38300
2013-08-05,23.66,23.81,23.66,23.81,2600
2013-08-06,23.84,23.92,23.84,23.92,400
2013-08-07,23.81,23.87,23.72,23.72,29200
2013-08-08,23.75,24.05,23.75,23.81,12800
2013-08-09,23.82,23.9,23.82,23.88,1300
2013-08-12,23.92,24.02,23.81,23.82,6600
2013-08-13,23.64,23.64,23.64,23.64,3800
2013-08-14,23.7,23.86,23.63,23.63,4500
2013-08-15,23.43,23.51,23.43,23.48,2000
2013-08-16,23.51,23.72,23.4,23.4,2600
2013-08-19,23.13,23.13,23.13,23.13,2000
2013-08-20,23.21,23.31,23.2,23.24,13700
2013-08-21,23.19,23.29,23.12,23.12,800
2013-08-22,22.99,22.99,22.99,22.99,200
2013-08-23,23.24,23.37,23.24,23.37,13200
2013-08-26,23.29,23.31,23.29,23.31,400
2013-08-27,23.15,23.27,23.14,23.14,900
2013-08-28,23.15,23.28,23.15,23.19,51200
2013-08-29,23.16,23.24,23.06,23.16,14200
2013-08-30,23.2,23.2,23.06,23.14,90200
2013-09-03,22.9,22.99,22.84,22.95,76000
2013-09-04,22.9,23.06,22.9,22.92,41300
2013-09-05,22.91,22.91,22.81,22.81,1200
2013-09-06,23.01,23.01,23.01,23.01,1000
2013-09-09,23.15,23.15,23.15,23.15,1400
2013-09-10,23.27,23.27,23.14,23.16,6500
2013-09-11,23.25,23.25,23.16,23.23,1700
2013-09-12,23.45,23.45,23.31,23.31,300
2013-09-13,23.31,23.31,23.31,23.31,100
2013-09-16,23.53,23.6,23.48,23.48,1000
2013-09-17,23.5,23.62,23.5,23.6,9900
2013-09-18,23.6,23.6,23.6,23.6,0
2013-09-19,24.09,24.24,24.09,24.24,700
2013-09-20,24.27,24.27,23.98,23.99,45000
2013-09-23,24.01,24.11,24.01,24.11,400
2013-09-24,24.0,24.02,23.99,23.99,1200
2013-09-25,23.99,23.99,23.99,23.99,0
2013-09-26,23.88,23.88,23.17,23.17,2800
2013-09-27,23.66,23.79,23.66,23.79,300
2013-09-30,23.67,23.69,23.66,23.66,600
2013-10-01,23.66,23.66,23.66,23.66,0
2013-10-02,23.66,23.66,23.63,23.63,1200
2013-10-03,23.66,23.8,23.62,23.8,1900
2013-10-04,23.68,23.73,23.68,23.71,900
2013-10-07,23.71,23.82,23.71,23.82,900
2013-10-08,23.82,23.82,23.82,23.82,0
2013-10-09,23.68,23.68,23.68,23.68,1300
2013-10-10,23.77,23.93,23.77,23.93,500
2013-10-11,23.93,23.93,23.93,23.93,100
2013-10-14,24.22,24.22,24.22,24.22,2500
2013-10-15,23.94,24.0,23.94,24.0,300
2013-10-16,23.99,24.05,23.99,24.05,900
2013-10-17,24.29,24.29,24.12,24.17,53500
2013-10-18,24.26,24.32,24.17,24.23,10700
2013-10-21,24.23,24.23,24.23,24.23,0
2013-10-22,24.23,24.23,24.23,24.23,0
2013-10-23,24.26,24.29,24.26,24.29,4600
2013-10-24,24.27,24.27,24.27,24.27,100
2013-10-25,24.3,24.31,24.28,24.28,2400
2013-10-28,24.27,24.28,24.25,24.25,600
2013-10-29,24.23,24.25,24.23,24.23,3300
2013-10-30,24.26,24.33,24.24,24.24,5700
2013-10-31,24.21,24.21,24.21,24.21,1500
2013-11-01,23.91,23.95,23.9,23.9,25100
2013-11-04,23.94,23.99,23.94,23.99,700
2013-11-05,23.8,23.87,23.63,23.66,67800
2013-11-06,23.66,23.66,23.66,23.66,0
2013-11-07,23.63,23.63,23.63,23.63,200
2013-11-08,23.46,23.62,23.46,23.62,900
2013-11-11,23.62,23.62,23.62,23.62,0
2013-11-12,23.32,23.37,23.32,23.37,400
2013-11-13,23.27,23.31,23.27,23.31,1200
2013-11-14,23.38,23.44,23.38,23.4,7700
2013-11-15,23.5,23.5,23.47,23.47,600
2013-11-18,23.61,23.79,23.61,23.77,9000
2013-11-19,23.76,23.76,23.58,23.61,1700
2013-11-20,23.58,23.69,23.56,23.65,3000
2013-11-21,23.43,23.59,23.43,23.59,900
2013-11-22,23.62,23.62,23.62,23.62,200
2013-11-25,23.84,23.84,23.58,23.58,700
2013-11-26,23.6,23.68,23.58,23.59,10600
2013-11-27,23.59,23.59,23.59,23.59,0
2013-11-29,23.45,23.5,23.45,23.47,1500
2013-12-02,23.43,23.45,23.33,23.33,800
2013-12-03,23.2,23.41,23.2,23.33,13100
2013-12-04,23.33,23.33,23.33,23.33,0
2013-12-05,23.24,23.39,23.24,23.24,800
2013-12-06,23.37,23.38,23.3,23.36,2300
2013-12-09,23.24,23.57,23.24,23.57,7100
2013-12-10,23.5,23.74,23.5,23.74,12401
2013-12-11,23.74,23.74,23.74,23.74,0
2013-12-12,23.6343,23.6343,23.61,23.61,400
2013-12-13,23.52,23.53,23.48,23.52,500
2013-12-16,23.72,23.75,23.6,23.75,5067
2013-12-17,23.6163,23.79,23.57,23.79,1869
2013-12-18,23.2901,24.16,23.2901,24.16,550
2013-12-19,23.58,23.96,23.57,23.96,2700
2013-12-20,23.34,23.41,23.34,23.395,1226
2013-12-23,23.41,23.41,22.601,22.601,7537
2013-12-24,23.33,23.33,23.31,23.31,612
2013-12-26,22.77,23.22,22.77,23.22,950
2013-12-27,23.21,23.21,23.21,23.21,155
2013-12-30,22.71,23.65,22.71,23.39,2001
2013-12-31,23.16,23.6144,23.131,23.6144,2866
2014-01-02,23.27,23.6212,22.491,23.6212,1290
2014-01-03,23.217,23.217,23.217,23.217,406
2014-01-06,22.93,22.93,22.93,22.93,374
2014-01-07,23.22,23.228,23.171,23.171,918
2014-01-08,22.58,23.408,22.58,23.408,1291
2014-01-09,23.1,23.11,23.07,23.08,1281
2014-01-10,23.5484,23.5484,23.5484,23.5484,119
2014-01-13,23.5484,23.5484,23.5484,23.5484,116
2014-01-14,23.01,23.535,23.01,23.22,16031
2014-01-15,23.17,23.17,23.17,23.17,826
2014-01-16,23.35,23.35,23.35,23.35,362
2014-01-17,23.35,23.35,23.35,23.35,209
2014-01-21,23.36,23.41,23.36,23.366,2253
2014-01-22,23.44,23.44,22.95,23.121,3712
2014-01-23,23.2881,23.2881,22.95,22.95,570
2014-01-24,22.87,22.9301,22.87,22.87,5700
2014-01-27,23.13,23.1775,23.06,23.1,1018
2014-01-28,23.28,23.43,22.53,22.84,17411
2014-01-29,22.84,23.005,22.84,23.0049,3505
2014-01-30,22.3425,23.13,22.3425,23.13,2398
2014-01-31,23.13,23.13,23.13,23.13,2
2014-02-03,22.999,23.09,22.906,23.01,12703
2014-02-04,22.9,23.11,22.86,23.049,6302
2014-02-05,23.18,23.67,23.0242,23.506,13614
2014-02-06,23.28,23.3,23.244,23.2965,3104
2014-02-07,23.192,23.41,23.192,23.37,14003
2014-02-10,23.18,23.7,23.1601,23.7,19432
2014-02-11,23.6,23.64,23.58,23.61,11011
2014-02-12,23.68,23.72,23.511,23.72,4432
2014-02-13,23.72,23.72,23.72,23.72,5
2014-02-14,23.59,23.72,23.59,23.6848,42301
2014-02-18,23.4,23.4,23.4,23.4,350
2014-02-19,23.7615,23.7615,23.62,23.62,10775
2014-02-20,23.611,23.76,23.594,23.65,11262
2014-02-21,23.65,23.65,23.65,23.65,85
2014-02-24,23.6,24.23,23.6,24.22,21343
2014-02-25,24.15,24.16,24.104,24.15,2102
2014-02-26,24.31,24.31,24.31,24.31,359
2014-02-27,24.31,24.31,24.31,24.31,69
2014-02-28,24.32,24.32,24.0,24.02,24915
2014-03-03,23.881,23.972,23.87,23.972,5300
2014-03-04,23.999,24.0,23.7001,23.7601,3532
2014-03-05,23.74,24.3,23.7301,24.29,5088
2014-03-06,24.09,24.09,22.87,23.0,95831
2014-03-07,23.0001,23.6125,23.0001,23.51,688
2014-03-10,23.01,23.649,22.95,23.635,13523
2014-03-11,23.55,23.56,23.124,23.124,20201
2014-03-12,22.86,23.377,22.86,23.377,1479
2014-03-13,23.377,23.377,23.377,23.377,0
2014-03-14,23.294,23.294,23.294,23.294,610
2014-03-17,22.93,23.4225,22.93,23.4225,579
2014-03-18,23.47,23.49,22.85,22.974,7490
2014-03-19,23.4817,23.4857,23.256,23.35,1269
2014-03-20,22.904,22.904,22.904,22.904,536
2014-03-21,23.11,23.2235,22.97,22.97,2552
2014-03-24,23.191,23.3268,23.07,23.3268,8097
2014-03-25,23.08,23.31,23.08,23.2445,1711
2014-03-26,23.2199,23.2199,23.2199,23.2199,129
2014-03-27,23.2199,23.2199,23.2199,23.2199,0
2014-03-28,23.241,23.345,23.2401,23.3222,860
2014-03-31,23.395,23.6482,23.395,23.6482,1005
2014-04-01,23.42,23.42,23.42,23.42,250
2014-04-02,23.321,23.428,23.2,23.21,3908
2014-04-03,23.29,23.31,23.2701,23.2701,1435
2014-04-04,23.76,23.77,23.34,23.34,1448
2014-04-07,23.32,23.422,23.17,23.17,2858
2014-04-08,23.32,23.32,23.26,23.3,906
2014-04-09,23.3,23.3,23.3,23.3,1
2014-04-10,23.44,23.5799,23.43,23.5799,4547
2014-04-11,23.5799,23.5799,23.5799,23.5799,0
2014-04-14,23.5799,23.5799,23.5799,23.5799,40
2014-04-15,23.5799,23.5799,23.5799,23.5799,102
2014-04-16,23.1901,23.23,23.19,23.2,1289
2014-04-17,23.2,23.2,23.2,23.2,0
2014-04-21,23.36,23.6175,23.33,23.4,4569
2014-04-22,23.4,23.6063,23.4,23.56,17700
2014-04-23,23.5731,23.5731,23.41,23.44,15846
2014-04-24,23.7,23.74,23.46,23.61,9330
2014-04-25,23.7,23.7,23.6,23.62,653
2014-04-28,23.41,23.6,23.3,23.3,902
2014-04-29,23.2065,23.9286,23.2065,23.83,1897
2014-04-30,23.83,23.83,23.83,23.83,9
2014-05-01,23.55,23.55,23.51,23.51,338
2014-05-02,23.51,23.51,23.51,23.51,2
2014-05-05,23.51,23.51,23.51,23.51,0
2014-05-06,23.5951,23.6,23.43,23.44,1517
2014-05-07,23.86,23.89,23.735,23.81,1800
2014-05-08,24.1999,24.1999,24.1999,24.1999,448
2014-05-09,24.12,24.12,23.87,24.0,3992
2014-05-12,23.85,24.09,23.85,24.01,2200
2014-05-13,24.1499,24.1499,24.1499,24.1499,150
2014-05-14,24.1499,24.1499,24.1499,24.1499,0
2014-05-15,24.28,24.2899,24.145,24.27,5909
2014-05-16,23.98,24.2899,23.98,24.2899,5030
2014-05-19,24.18,24.18,24.18,24.18,204
2014-05-20,24.19,24.19,24.18,24.18,1843
2014-05-21,24.18,24.18,24.18,24.18,0
2014-05-22,24.08,24.3,24.08,24.3,1215
2014-05-23,24.2,24.2,24.07,24.07,2013
2014-05-27,24.07,24.07,24.07,24.07,628
2014-05-28,24.07,24.07,24.07,24.07,0
2014-05-29,24.07,24.07,24.07,24.07,51
2014-05-30,24.23,24.24,24.22,24.22,3700
2014-06-02,24.11,24.11,24.11,24.11,992
2014-06-03,24.11,24.11,24.11,24.11,62
2014-06-04,24.11,24.11,24.11,24.11,0
2014-06-05,24.1599,24.1599,24.1599,24.1599,224
2014-06-06,24.1599,24.1599,24.1599,24.1599,9
2014-06-09,24.3,24.33,24.3,24.33,2133
2014-06-10,24.28,24.315,24.2705,24.315,701
2014-06-11,24.35,24.35,24.34,24.34,1700
2014-06-12,24.34,24.34,24.34,24.34,0
2014-06-13,24.34,24.34,24.26,24.26,300
2014-06-16,24.26,24.26,24.26,24.26,1
2014-06-17,24.097,24.12,24.082,24.12,540
2014-06-18,24.15,24.17,24.15,24.16,1218
2014-06-19,24.2801,24.294,24.2801,24.294,3399
2014-06-20,24.294,24.294,24.294,24.294,0
2014-06-23,24.294,24.294,24.294,24.294,0
2014-06-24,24.24,24.24,24.24,24.24,190
2014-06-25,24.2684,24.37,24.2653,24.37,620
2014-06-26,24.31,24.334,24.31,24.334,517
2014-06-27,24.55,24.58,24.48,24.5695,2600
2014-06-30,24.56,24.57,24.03,24.03,5100
2014-07-01,24.5,24.5,24.5,24.5,1100
2014-07-02,24.5,24.5,24.5,24.5,110
2014-07-03,24.305,24.305,24.305,24.305,1000
2014-07-07,24.1301,24.47,24.1301,24.47,4499
2014-07-08,24.31,24.5999,24.31,24.5,1409
2014-07-09,24.5,24.5,24.5,24.5,19
2014-07-10,24.5185,24.5185,24.42,24.42,1412
2014-07-11,24.24,24.2824,24.24,24.2824,382
2014-07-14,24.2004,24.32,24.18,24.19,6000
2014-07-15,24.19,24.19,24.19,24.19,99
2014-07-16,24.43,24.5999,24.43,24.5999,1314
2014-07-17,24.43,24.43,24.42,24.42,4700
2014-07-18,24.3965,24.3965,24.3965,24.3965,398
2014-07-21,24.46,24.502,24.46,24.502,7701
2014-07-22,24.39,24.44,24.39,24.43,4000
2014-07-23,24.43,24.43,24.43,24.43,0
2014-07-24,24.43,24.43,24.43,24.43,106
2014-07-25,24.43,24.43,24.43,24.43,34
2014-07-28,24.6,24.61,24.55,24.586,7059
2014-07-29,24.59,24.59,24.34,24.365,2777
2014-07-30,24.33,24.49,24.33,24.49,3664
2014-07-31,24.42,24.42,24.22,24.22,5100
2014-08-01,23.85,23.99,23.83,23.83,2922
2014-08-04,24.16,24.16,24.16,24.16,376
2014-08-05,23.97,24.13,23.97,24.0,6316
2014-08-06,24.0,24.0,24.0,24.0,151
2014-08-07,24.0,24.0,24.0,24.0,19
2014-08-08,24.0,24.0,24.0,24.0,20
2014-08-11,23.95,24.01,23.95,23.98,486
2014-08-12,23.98,23.98,23.98,23.98,55
2014-08-13,23.98,23.98,23.98,23.98,1
2014-08-14,24.04,24.1828,24.04,24.0879,2334
2014-08-15,24.0701,24.214,24.0701,24.214,1260
2014-08-18,24.214,24.214,24.214,24.214,57
2014-08-19,24.214,24.214,24.214,24.214,25
2014-08-20,24.038,24.0616,24.0201,24.05,1410
2014-08-21,24.046,24.046,24.046,24.046,103
2014-08-22,24.0708,24.0708,24.07,24.07,249
2014-08-25,23.7501,24.06,23.7501,24.06,992
2014-08-26,24.06,24.06,24.06,24.06,14
2014-08-27,24.06,24.06,24.06,24.06,43
2014-08-28,24.04,24.2399,24.04,24.2399,307
2014-08-29,23.93,23.93,23.87,23.93,1100
2014-09-02,24.0001,24.0001,24.0,24.0,678
2014-09-03,24.0,24.0,24.0,24.0,2
2014-09-04,23.99,24.06,23.95,23.95,2085
2014-09-05,24.119,24.119,23.924,23.924,894
2014-09-08,24.1099,24.1099,23.92,23.94,632
2014-09-09,23.9599,23.9599,23.9599,23.9599,519
2014-09-10,23.73,23.8,23.73,23.75,2388
2014-09-11,23.58,23.645,23.58,23.64,5151
2014-09-12,23.64,23.64,23.64,23.64,73
2014-09-15,23.5,23.67,23.47,23.56,1219
2014-09-16,23.51,23.58,23.5,23.58,1417
2014-09-17,23.58,23.58,23.58,23.58,22
2014-09-18,23.566,23.566,23.566,23.566,739
2014-09-19,23.6301,23.6301,23.6301,23.6301,100
2014-09-22,23.6301,23.6301,23.6301,23.6301,202
2014-09-23,23.6301,23.6301,23.6301,23.6301,0
2014-09-24,23.6301,23.6301,23.6301,23.6301,1
2014-09-25,23.6301,23.6301,23.6301,23.6301,32
2014-09-26,23.4501,23.4501,23.4501,23.4501,130
2014-09-29,23.4501,23.4501,23.4501,23.4501,12656
2014-09-30,23.47,23.4899,23.3,23.3,13618
2014-10-01,23.21,23.21,23.21,23.21,0
2014-10-02,23.21,23.21,23.21,23.21,125
2014-10-03,23.19,23.274,23.182,23.182,2250
2014-10-06,23.182,23.182,23.182,23.182,48
2014-10-07,23.182,23.182,23.182,23.182,8
2014-10-08,23.33,23.33,23.32,23.325,1776
2014-10-09,23.325,23.325,23.325,23.325,32
2014-10-10,23.4969,23.4988,23.4969,23.4988,628
2014-10-13,23.5,23.5,23.5,23.5,1390
2014-10-14,23.36,23.45,23.36,23.45,430
2014-10-15,23.4301,23.4301,23.34,23.412,1080
2014-10-16,23.32,23.42,23.32,23.42,1040
2014-10-17,23.58,23.5999,23.57,23.59,1612
2014-10-20,23.6,23.61,23.59,23.59,11600
2014-10-21,23.54,23.54,23.46,23.46,1391
2014-10-22,23.46,23.46,23.46,23.46,57
2014-10-23,23.46,23.46,23.46,23.46,0
2014-10-24,23.46,23.46,23.46,23.46,90
2014-10-27,23.4799,23.4799,23.4799,23.4799,130
2014-10-28,23.4799,23.4799,23.4799,23.4799,0
2014-10-29,23.57,23.58,23.57,23.58,1400
2014-10-30,23.6499,23.6499,23.6499,23.6499,137
2014-10-31,23.6,23.6,23.59,23.59,3970
2014-11-03,23.45,23.45,23.45,23.45,1491
2014-11-04,23.45,23.45,23.45,23.45,73
2014-11-05,23.2001,23.3,23.2001,23.29,4846
2014-11-06,23.31,23.33,23.29,23.33,10569
2014-11-07,23.33,23.33,23.33,23.33,7
2014-11-10,23.06,23.13,23.06,23.13,773
2014-11-11,23.13,23.13,23.13,23.13,0
2014-11-12,23.3,23.3,23.3,23.3,193
2014-11-13,23.29,23.3,23.29,23.3,1000
2014-11-14,23.1801,23.2272,23.1801,23.2272,650
2014-11-17,23.26,23.36,23.26,23.36,835
2014-11-18,23.23,23.26,23.23,23.235,671
2014-11-19,23.3494,23.3494,23.3494,23.3494,1408
2014-11-20,23.3494,23.3494,23.3494,23.3494,0
2014-11-21,23.509900000000002,23.509900000000002,23.32,23.32,1392
2014-11-24,23.121,23.121,23.121,23.121,240
2014-11-25,23.519,23.63,23.51,23.63,17561
2014-11-26,23.35,23.4,23.35,23.4,424
2014-11-28,23.24,23.24,23.02,23.07,1049
2014-12-01,23.3,23.32,23.1,23.32,35148
2014-12-02,23.179,23.18,23.179,23.18,824
2014-12-03,23.02,23.19,22.9011,22.9011,17162
2014-12-04,23.1902,23.21,22.9911,23.21,3423
2014-12-05,22.99,22.99,22.86,22.86,9012
2014-12-08,22.71,22.71,22.71,22.71,213
2014-12-09,22.8,22.8,22.8,22.8,5718
2014-12-10,22.79,22.79,22.53,22.58,2997
2014-12-11,22.57,22.61,22.55,22.58,1874
2014-12-12,22.49,22.49,22.0,22.02,2977
2014-12-15,22.05,22.05,22.05,22.05,434
2014-12-16,21.99,22.38,21.75,21.75,51338
2014-12-17,21.84,22.24,21.84,22.234,1839
2014-12-18,22.46,22.64,22.46,22.64,663
2014-12-19,22.64,22.64,22.64,22.64,0
2014-12-22,22.55,22.57,22.55,22.57,2905
2014-12-23,22.68,23.1,22.658,22.658,9182
2014-12-24,22.68,23.03,22.66,23.03,2628
2014-12-26,22.4571,22.4571,22.4571,22.4571,156
2014-12-29,22.3,22.7,22.125,22.7,18516
2014-12-30,22.5,22.6,22.45,22.45,2500
2014-12-31,22.46,22.46,22.23,22.23,2665
2015-01-02,22.6,22.6,22.4,22.4,251
2015-01-05,22.14,22.145,22.12,22.12,4460
2015-01-06,22.19,22.3599,22.168,22.168,556
2015-01-07,22.0,22.08,21.94,21.96,2709
2015-01-08,22.27,22.29,22.1,22.1,1623
2015-01-09,22.1,22.1,22.1,22.1,0
2015-01-12,22.15,22.15,22.15,22.15,100
2015-01-13,22.15,22.15,22.15,22.15,72
2015-01-14,22.15,22.15,22.15,22.15,0
2015-01-15,22.35,22.35,22.28,22.28,1070
2015-01-16,22.0321,22.14,22.0301,22.14,1405
2015-01-20,22.14,22.14,22.14,22.14,2201
2015-01-21,22.14,22.14,22.14,22.14,64
2015-01-22,22.4299,22.4299,22.4299,22.4299,192
2015-01-23,22.27,22.27,22.2,22.27,2475
2015-01-26,22.27,22.27,22.27,22.27,18
2015-01-27,22.06,22.11,22.06,22.11,1054
2015-01-28,22.11,22.11,22.11,22.11,0
2015-01-29,22.26,22.44,22.24,22.24,1630
2015-01-30,22.1931,22.1931,22.1931,22.1931,397
2015-02-02,22.17,22.17,22.17,22.17,611
2015-02-03,22.18,22.52,22.18,22.25,17733
2015-02-04,22.25,22.25,22.25,22.25,13
2015-02-05,22.24,22.24,22.24,22.24,30935
2015-02-06,22.13,22.13,22.13,22.13,137
2015-02-09,22.13,22.208,22.12,22.208,7608
2015-02-10,22.2399,22.2399,22.03,22.08,707
2015-02-11,22.0483,22.1299,22.0483,22.1299,413
2015-02-12,22.01,22.18,22.0,22.16,2233
2015-02-13,22.21,22.21,22.2001,22.2001,270
2015-02-17,22.29,22.3,22.09,22.3,2235
2015-02-18,22.3,22.3,22.3,22.3,0
2015-02-19,22.12,22.12,22.1,22.1,3924
2015-02-20,22.0,22.0001,22.0,22.0001,842
2015-02-23,21.99,22.156,21.98,22.156,749
2015-02-24,22.156,22.156,22.156,22.156,0
2015-02-25,22.37,22.37,22.16,22.16,509
2015-02-26,22.16,22.16,22.16,22.16,1
2015-02-27,22.16,22.16,22.16,22.16,1
2015-03-02,22.085,22.085,22.085,22.085,0
2015-03-03,22.08,22.08,22.08,22.08,1
2015-03-04,22.08,22.08,22.08,22.08,0
2015-03-05,22.08,22.08,22.08,22.08,32
2015-03-06,21.7,21.85,21.7,21.85,557
2015-03-09,21.67,21.7224,21.67,21.7224,706
2015-03-10,21.48,21.48,21.48,21.48,7253
2015-03-11,21.48,21.48,21.48,21.48,2
2015-03-12,21.66,21.66,21.62,21.62,1021
2015-03-13,21.62,21.62,21.62,21.62,0
2015-03-16,21.43,21.43,21.33,21.35,24401
2015-03-17,21.41,21.41,21.41,21.41,100
2015-03-18,21.4357,21.58,21.385,21.58,436
2015-03-19,21.78,21.8,21.71,21.75,65030
2015-03-20,21.91,21.91,21.91,21.91,101
2015-03-23,22.0,22.11,22.0,22.1,7617
2015-03-24,22.17,22.17,22.17,22.17,455
2015-03-25,22.27,22.27,22.27,22.27,102
2015-03-26,22.165,22.165,21.93,22.12,4319
2015-03-27,22.08,22.08,22.08,22.08,100
2015-03-30,22.08,22.08,22.08,22.08,1
2015-03-31,21.94,22.09,21.8101,22.09,825
2015-04-01,22.0,22.0,22.0,22.0,100
2015-04-02,21.9724,21.9724,21.9724,21.9724,415
2015-04-06,22.3799,22.3799,22.3799,22.3799,105
2015-04-07,22.1,22.1,22.1,22.1,247
2015-04-08,22.1,22.1,22.1,22.1,102
2015-04-09,22.1,22.1,22.1,22.1,35
2015-04-10,22.1,22.1,22.1,22.1,24
2015-04-13,22.205,22.205,22.205,22.205,270
2015-04-14,22.205,22.205,22.205,22.205,2
2015-04-15,22.48,22.48,22.48,22.48,224
2015-04-16,22.51,22.51,22.2101,22.2101,349
2015-04-17,22.2101,22.2101,22.2101,22.2101,0
2015-04-20,22.245,22.274,22.101,22.274,1940
2015-04-21,22.15,22.2205,22.15,22.2205,775
2015-04-22,22.3071,22.41,22.142,22.4073,1072
2015-04-23,22.4,22.4,22.3105,22.3105,410
2015-04-24,22.3105,22.3105,22.3105,22.3105,1
2015-04-27,22.3105,22.3105,22.3105,22.3105,2
2015-04-28,22.3105,22.3105,22.3105,22.3105,32
2015-04-29,22.44,22.44,22.301,22.34,513
2015-04-30,22.34,22.34,22.34,22.34,11
2015-05-01,22.26,22.26,22.26,22.26,22
2015-05-04,22.22,22.22,22.22,22.22,152
2015-05-05,22.18,22.24,22.18,22.181,1066
2015-05-06,22.64,22.64,22.64,22.64,160
2015-05-07,22.64,22.64,22.64,22.64,8
2015-05-08,22.11,22.45,22.11,22.45,1208
2015-05-11,22.45,22.45,22.45,22.45,122
2015-05-12,22.45,22.45,22.45,22.45,98
2015-05-13,22.45,22.45,22.45,22.45,36
2015-05-14,22.45,22.45,22.45,22.45,9
2015-05-15,22.5,22.5,22.5,22.5,429
2015-05-18,22.5,22.5,22.5,22.5,10
2015-05-19,22.5,22.5,22.5,22.5,55
2015-05-20,22.5,22.5,22.5,22.5,52
2015-05-21,22.5,22.5,22.5,22.5,1
2015-05-22,22.255,22.255,22.1853,22.1853,594
2015-05-26,21.9629,21.9629,21.9629,21.9629,141
2015-05-27,21.93,21.93,21.91,21.92,2844
2015-05-28,22.1799,22.1799,22.1799,22.1799,336
2015-05-29,22.1799,22.1799,22.1799,22.1799,2
2015-06-01,22.0899,22.0899,22.0899,22.0899,51
2015-06-02,21.95,21.95,21.95,21.95,643
2015-06-03,21.95,21.95,21.95,21.95,22
2015-06-04,21.95,21.95,21.95,21.95,55
2015-06-05,21.95,21.95,21.95,21.95,7
2015-06-08,21.52,21.521,21.52,21.521,324
2015-06-09,21.8075,21.8075,21.4701,21.5,1137
2015-06-10,21.59,21.59,21.59,21.59,262
2015-06-11,21.55,21.685,21.52,21.52,920
2015-06-12,21.52,21.52,21.52,21.52,5
2015-06-15,21.52,21.7,21.52,21.7,850
2015-06-16,21.7,21.7,21.7,21.7,0
2015-06-17,21.68,21.68,21.52,21.5201,601
2015-06-18,21.845,21.845,21.692,21.695,352
2015-06-19,21.695,21.695,21.695,21.695,11
2015-06-22,21.865,21.865,21.865,21.865,129
2015-06-23,21.68,21.68,21.68,21.68,214
2015-06-24,21.68,21.68,21.68,21.68,13
2015-06-25,21.68,21.68,21.68,21.68,102
2015-06-26,21.75,21.8928,21.5901,21.8928,782
2015-06-29,21.8928,21.8928,21.8928,21.8928,0
2015-06-30,21.5401,21.7,21.5401,21.5401,416
2015-07-01,21.4561,21.4561,21.4561,21.4561,0
2015-07-02,21.4561,21.4561,21.4561,21.4561,0
2015-07-06,21.4,21.4,21.4,21.4,120
2015-07-07,21.49,21.6951,21.37,21.6951,642
2015-07-08,21.6951,21.6951,21.6951,21.6951,8
2015-07-09,21.6951,21.6951,21.6951,21.6951,19
2015-07-10,21.47,21.59,21.46,21.59,3850
2015-07-13,21.59,21.59,21.59,21.59,0
2015-07-14,21.74,21.74,21.74,21.74,281
2015-07-15,21.46,21.5,21.46,21.5,268
2015-07-16,21.5,21.5,21.5,21.5,1
2015-07-17,21.5,21.5,21.5,21.5,1
2015-07-20,21.5,21.5,21.5,21.5,47
2015-07-21,21.5,21.5,21.5,21.5,235
2015-07-22,21.5,21.5,21.5,21.5,6
2015-07-23,21.5,21.5,21.5,21.5,0
2015-07-24,21.5,21.5,21.5,21.5,0
2015-07-27,21.3215,21.3215,21.27,21.27,208
2015-07-28,21.27,21.27,21.27,21.27,40
2015-07-29,21.27,21.27,21.27,21.27,0
2015-07-30,21.27,21.27,21.27,21.27,20
2015-07-31,21.67,21.67,21.67,21.67,500
2015-08-03,21.58,21.58,21.58,21.58,54
2015-08-04,21.58,21.58,21.58,21.58,5
2015-08-05,21.58,21.58,21.58,21.58,45
2015-08-06,21.1715,21.2295,21.1715,21.2295,651
2015-08-07,21.1701,21.1701,21.1701,21.1701,454
2015-08-10,21.17,21.17,21.105,21.105,538
2015-08-11,21.105,21.105,21.105,21.105,4
2015-08-12,21.105,21.105,21.105,21.105,0
2015-08-13,21.105,21.105,21.105,21.105,19
2015-08-14,21.09,21.09,20.96,21.05,2788
2015-08-17,21.05,21.05,21.05,21.05,304
2015-08-18,20.885,21.01,20.88,20.89,80053
2015-08-19,20.89,20.89,20.89,20.89,1
2015-08-20,20.77,20.87,20.76,20.84,3950
2015-08-21,20.84,20.84,20.84,20.84,0
2015-08-24,20.84,20.84,20.84,20.84,0
2015-08-25,20.84,20.84,20.84,20.84,3
2015-08-26,20.84,20.84,20.84,20.84,1
2015-08-27,20.84,20.84,20.84,20.84,0
2015-08-28,20.84,20.84,20.84,20.84,0
2015-08-31,20.6536,20.7195,20.573,20.665,1179
2015-09-01,20.61,20.61,20.61,20.61,150
2015-09-02,20.54,20.54,20.23,20.23,1026
2015-09-03,20.3,20.3,20.3,20.3,129
2015-09-04,20.24,20.25,20.24,20.245,538
2015-09-08,20.245,20.245,20.245,20.245,10
2015-09-09,20.245,20.245,20.245,20.245,14
2015-09-10,20.5999,20.5999,20.5999,20.5999,101
2015-09-11,20.5999,20.5999,20.5999,20.5999,0
2015-09-14,20.5999,20.5999,20.5999,20.5999,0
2015-09-15,20.5999,20.5999,20.5999,20.5999,0
2015-09-16,20.5999,20.5999,20.5999,20.5999,0
2015-09-17,20.5,20.5,20.3077,20.3077,1381
2015-09-18,20.3077,20.3077,20.3077,20.3077,0
2015-09-21,20.31,20.65,20.31,20.65,287
2015-09-22,20.65,20.65,20.65,20.65,0
2015-09-23,20.65,20.65,20.65,20.65,0
2015-09-24,20.65,20.65,20.65,20.65,16
2015-09-25,20.65,20.65,20.65,20.65,0
2015-09-28,20.2,20.33,20.2,20.33,550
2015-09-29,20.33,20.33,20.33,20.33,67
2015-09-30,20.33,20.33,20.33,20.33,65
2015-10-01,20.25,20.25,20.25,20.25,164
2015-10-02,20.25,20.25,20.25,20.25,0
2015-10-05,20.45,20.51,20.45,20.51,1101
2015-10-06,20.5,20.67,20.5,20.67,1484
2015-10-07,20.67,20.67,20.67,20.67,7
2015-10-08,20.67,20.67,20.67,20.67,14
2015-10-09,20.67,20.67,20.67,20.67,2
2015-10-12,20.67,20.67,20.67,20.67,1
2015-10-13,20.67,20.67,20.67,20.67,0
2015-10-14,20.564,20.8071,20.56,20.8071,400
2015-10-15,20.8071,20.8071,20.8071,20.8071,0
2015-10-16,20.8863,20.8863,20.8863,20.8863,1000
2015-10-19,20.8863,20.8863,20.8863,20.8863,1
2015-10-20,21.02,21.16,21.02,21.16,6279
2015-10-21,20.79,20.79,20.79,20.79,150
2015-10-22,20.79,20.79,20.79,20.79,1
2015-10-23,20.79,20.79,20.79,20.79,1
2015-10-26,20.835,20.835,20.492,20.495,660
2015-10-27,20.495,20.495,20.495,20.495,0
2015-10-28,20.495,20.495,20.495,20.495,0
2015-10-29,20.79,20.94,20.79,20.94,440
2015-10-30,20.85,20.85,20.85,20.85,0
2015-11-02,20.84,20.864,20.84,20.864,287
2015-11-03,20.7546,20.7546,20.7546,20.7546,302
2015-11-04,20.7546,20.7546,20.7546,20.7546,0
2015-11-05,20.7546,20.7546,20.7546,20.7546,90
2015-11-06,20.7546,20.7546,20.7546,20.7546,13
2015-11-09,20.7546,20.7546,20.7546,20.7546,51
2015-11-10,20.7546,20.7546,20.7546,20.7546,1
2015-11-11,20.7546,20.7546,20.7546,20.7546,0
2015-11-12,20.7546,20.7546,20.7546,20.7546,0
2015-11-13,20.7546,20.7546,20.7546,20.7546,0
2015-11-16,20.7546,20.7546,20.7546,20.7546,0
2015-11-17,20.41,20.58,20.391,20.5,3267
2015-11-18,20.5,20.5,20.5,20.5,0
2015-11-19,20.49,20.53,20.49,20.51,500
2015-11-20,20.51,20.51,20.51,20.51,0
2015-11-23,20.51,20.51,20.51,20.51,0
2015-11-24,20.51,20.51,20.51,20.51,0
2015-11-25,20.51,20.51,20.51,20.51,0
2015-11-27,20.45,20.5407,20.44,20.475,2292
2015-11-30,20.395,20.395,20.395,20.395,200
2015-12-01,20.3186,20.3186,20.3186,20.3186,0
2015-12-02,20.315,20.315,20.315,20.315,2
2015-12-03,20.315,20.315,20.315,20.315,24
2015-12-04,20.315,20.315,20.315,20.315,31
2015-12-07,20.315,20.315,20.315,20.315,8
2015-12-08,20.315,20.315,20.315,20.315,13
2015-12-09,20.315,20.315,20.315,20.315,2
2015-12-10,20.315,20.315,20.315,20.315,0
2015-12-11,20.12,20.12,20.02,20.0201,2175
2015-12-14,20.0201,20.0201,20.0201,20.0201,0
2015-12-15,20.0201,20.0201,20.0201,20.0201,0
2015-12-16,20.0201,20.0201,20.0201,20.0201,50
2015-12-17,19.93,19.93,19.9201,19.921,500
2015-12-18,19.921,19.921,19.921,19.921,0
2015-12-21,19.921,19.921,19.921,19.921,13
2015-12-22,19.921,19.921,19.921,19.921,56
2015-12-23,20.08,20.08,20.08,20.08,390
2015-12-24,20.04,20.04,20.04,20.04,1280
2015-12-28,19.95,19.95,19.95,19.95,0
2015-12-29,19.95,19.95,19.95,19.95,0
2015-12-30,19.9,20.0,19.89,20.0,4225
2015-12-31,19.8101,19.8101,19.8101,19.8101,187
2016-01-04,19.82,19.82,19.82,19.82,831
2016-01-05,19.82,19.82,19.82,19.82,9
2016-01-06,20.08,20.08,20.05,20.05,315
2016-01-07,20.05,20.05,20.05,20.05,3
2016-01-08,19.705,19.934,19.705,19.934,520
2016-01-11,19.934,19.934,19.934,19.934,1
2016-01-12,19.934,19.934,19.934,19.934,0
2016-01-13,19.98,19.98,19.98,19.98,199
2016-01-14,19.98,19.98,19.98,19.98,0
2016-01-15,19.98,19.98,19.98,19.98,0
2016-01-19,19.46,19.6362,19.46,19.46,1065
2016-01-20,19.28,19.48,19.27,19.27,2890
2016-01-21,19.45,19.45,19.45,19.45,300
2016-01-22,19.5,19.5,19.5,19.5,800
2016-01-25,19.5,19.5,19.5,19.5,0
2016-01-26,19.62,19.62,19.62,19.62,200
2016-01-27,19.58,19.59,19.58,19.59,200
2016-01-28,19.59,19.59,19.59,19.59,0
2016-01-29,19.51,19.51,19.51,19.51,0
2016-02-01,19.87,19.9273,19.87,19.9273,300
2016-02-02,19.75,19.75,19.75,19.75,169
2016-02-03,19.75,19.75,19.75,19.75,0
2016-02-04,20.0,20.0,20.0,20.0,427
2016-02-05,20.0,20.0,20.0,20.0,9
2016-02-08,20.0,20.0,20.0,20.0,9
2016-02-09,20.0,20.0,20.0,20.0,0
2016-02-10,20.0,20.0,20.0,20.0,0
2016-02-11,20.0,20.0,20.0,20.0,0
2016-02-12,20.0,20.0,20.0,20.0,0
2016-02-16,20.0,20.0,20.0,20.0,0
2016-02-17,20.0,20.0,20.0,20.0,0
2016-02-18,20.0,20.0,20.0,20.0,37
2016-02-19,20.035,20.035,19.9601,19.9601,630
2016-02-22,20.21,20.32,20.2,20.21,11277
2016-02-23,20.21,20.21,20.21,20.21,0
2016-02-24,20.21,20.21,20.21,20.21,0
2016-02-25,20.21,20.21,20.21,20.21,0
2016-02-26,20.21,20.21,20.21,20.21,0
2016-02-29,20.13,20.13,20.13,20.13,0
2016-03-01,20.055,20.055,19.86,19.934,1399
2016-03-02,19.934,19.934,19.934,19.934,0
2016-03-03,20.42,20.42,20.41,20.41,5139
2016-03-04,20.41,20.5,20.41,20.5,15130
2016-03-07,20.5,20.5,20.5,20.5,17
2016-03-08,20.385,20.385,20.385,20.385,111
2016-03-09,20.385,20.385,20.385,20.385,69
2016-03-10,20.5,20.5,20.5,20.5,1065
2016-03-11,20.5,20.5,20.5,20.5,0
2016-03-14,20.444,20.444,20.444,20.444,645
2016-03-15,20.444,20.444,20.444,20.444,0
2016-03-16,20.444,20.444,20.444,20.444,0
2016-03-17,20.8,20.8,20.36,20.78,3200
2016-03-18,20.66,20.66,20.66,20.66,352
2016-03-21,20.66,20.66,20.66,20.66,0
2016-03-22,20.66,20.66,20.66,20.66,0
2016-03-23,20.66,20.66,20.66,20.66,0
2016-03-24,20.66,20.66,20.66,20.66,0
2016-03-28,20.6,20.6,20.6,20.6,128
2016-03-29,20.661,20.661,20.661,20.661,1000
2016-03-30,20.96,20.96,20.93,20.96,1200
2016-03-31,20.87,20.87,20.87,20.87,20
2016-04-01,21.4453,21.4453,21.4453,21.4453,100
2016-04-04,20.98,20.9927,20.97,20.9927,438
2016-04-05,20.9927,20.9927,20.9927,20.9927,0
2016-04-06,20.78,20.78,20.78,20.78,487
2016-04-07,20.78,20.78,20.78,20.78,7
2016-04-08,20.79,20.91,20.79,20.9005,711
2016-04-11,20.9005,20.9005,20.9005,20.9005,5
2016-04-12,20.94,21.06,20.94,20.94,750
2016-04-13,20.94,20.94,20.94,20.94,0
2016-04-14,21.15,21.16,21.15,21.16,400
2016-04-15,21.02,21.16,21.02,21.16,201
2016-04-18,21.2,21.2,21.02,21.15,1511
2016-04-19,21.06,21.25,21.06,21.25,250
2016-04-20,21.44,21.44,21.27,21.27,400
2016-04-21,21.27,21.27,21.27,21.27,0
2016-04-22,21.27,21.27,21.27,21.27,0
2016-04-25,21.27,21.27,21.27,21.27,0
2016-04-26,21.27,21.27,21.27,21.27,0
2016-04-27,21.02,21.21,21.02,21.21,200
2016-04-28,21.21,21.21,21.21,21.21,0
2016-04-29,21.12,21.12,21.12,21.12,0
2016-05-02,21.12,21.12,21.12,21.12,0
2016-05-03,21.35,21.3975,21.17,21.19,4322
2016-05-04,21.19,21.19,21.19,21.19,0
2016-05-05,21.19,21.19,21.19,21.19,29
2016-05-06,21.19,21.19,21.19,21.19,0
2016-05-09,21.19,21.19,21.19,21.19,9
2016-05-10,21.3899,21.3899,21.3899,21.3899,915
2016-05-11,21.3899,21.3899,21.3899,21.3899,0
2016-05-12,21.3899,21.3899,21.3899,21.3899,10
2016-05-13,21.24,21.24,21.24,21.24,100
2016-05-16,21.02,21.21,21.02,21.11,2510
2016-05-17,21.1,21.2,21.0,21.06,32100
2016-05-18,21.03,21.15,20.9,20.9,13400
2016-05-19,20.81,21.01,20.81,20.85,7302
2016-05-20,20.89,21.12,20.72,21.02,29700
2016-05-23,20.8,21.01,20.75,20.95,47817
2016-05-24,20.8,21.0301,20.8,21.02,62202
2016-05-25,20.89,21.07,20.86,20.9,184108
2016-05-26,21.0,21.06,20.85,21.03,67622
2016-05-27,20.91,20.9801,20.9099,20.94,1601
2016-05-31,20.75,20.89,20.705,20.89,7351
2016-06-01,20.8,20.8,20.8,20.8,0
2016-06-02,20.7499,20.8899,20.72,20.72,3900
2016-06-03,20.9,21.11,20.8199,21.0501,6420
2016-06-06,21.0999,21.13,20.94,21.03,5600
2016-06-07,21.12,21.32,21.05,21.2501,3405
2016-06-08,21.2499,21.35,21.18,21.23,2008
2016-06-09,21.2999,21.3499,21.15,21.23,2904
2016-06-10,21.23,21.23,21.23,21.23,0
2016-06-13,21.0199,21.03,21.01,21.03,400
2016-06-14,20.9217,20.9217,20.9217,20.9217,261
2016-06-15,20.9,21.0,20.9,20.9801,1400
2016-06-16,20.84,21.04,20.84,20.84,401
2016-06-17,20.92,20.9599,20.9,20.9,300
2016-06-20,21.0,21.0,21.0,21.0,254
2016-06-21,20.9,21.3,20.9,20.97,6300
2016-06-22,21.0,21.32,21.0,21.16,1136
2016-06-23,21.15,21.4,21.15,21.4,8460
2016-06-24,20.61,20.61,20.61,20.61,575
2016-06-27,20.8,20.93,20.673000000000002,20.673000000000002,1125
2016-06-28,20.673000000000002,20.673000000000002,20.673000000000002,20.673000000000002,0
2016-06-29,21.16,21.2699,21.16,21.2,800
2016-06-30,21.25,21.25,21.25,21.25,200
2016-07-01,21.17,21.17,21.17,21.17,0
2016-07-05,21.54,21.5499,21.54,21.5499,625
2016-07-06,21.5499,21.5499,21.5499,21.5499,0
2016-07-07,21.5499,21.5499,21.5499,21.5499,27
2016-07-08,21.5499,21.5499,21.5499,21.5499,68
2016-07-11,21.5499,21.5499,21.5499,21.5499,57
2016-07-12,21.5499,21.5499,21.5499,21.5499,51
2016-07-13,21.5499,21.5499,21.5499,21.5499,0
2016-07-14,21.5,21.5009,21.5,21.5009,1066
2016-07-15,21.8,21.82,21.7,21.82,1510
2016-07-18,21.82,21.82,21.82,21.82,0
2016-07-19,21.73,21.7499,21.54,21.59,4295
2016-07-20,21.497700000000002,21.59,21.497700000000002,21.59,453
2016-07-21,21.54,21.54,21.54,21.54,200
2016-07-22,21.54,21.54,21.54,21.54,0
2016-07-25,21.355,21.355,21.355,21.355,115
2016-07-26,21.59,21.62,21.5,21.54,1559
2016-07-27,21.54,21.54,21.54,21.54,0
2016-07-28,21.54,21.54,21.54,21.54,2
2016-07-29,21.47,21.47,21.47,21.47,0
2016-08-01,21.47,21.47,21.47,21.47,0
2016-08-02,21.47,21.47,21.47,21.47,0
2016-08-03,21.47,21.47,21.47,21.47,0
2016-08-04,21.47,21.47,21.47,21.47,26
2016-08-05,21.47,21.47,21.47,21.47,3
2016-08-08,21.6888,21.6888,21.6888,21.6888,356
2016-08-09,21.6888,21.6888,21.6888,21.6888,13
2016-08-10,21.6888,21.6888,21.6888,21.6888,0
2016-08-11,21.6888,21.6888,21.6888,21.6888,3
2016-08-12,21.44,21.662,21.44,21.62,11895
2016-08-15,21.62,21.62,21.62,21.62,6
2016-08-16,21.62,21.62,21.62,21.62,0
2016-08-17,21.45,21.45,21.45,21.45,250
2016-08-18,21.4,21.4,21.4,21.4,200
2016-08-19,21.4,21.4,21.4,21.4,56
2016-08-22,21.4,21.4,21.4,21.4,0
2016-08-23,21.4,21.4,21.4,21.4,1
2016-08-24,21.4,21.4,21.4,21.4,0
2016-08-25,21.4,21.4,21.4,21.4,0
2016-08-26,21.4,21.4,21.4,21.4,0
2016-08-29,21.4,21.4,21.4,21.4,0
2016-08-30,21.4,21.4,21.4,21.4,0
2016-08-31,21.35,21.35,21.35,21.35,550
2016-09-01,21.27,21.27,21.27,21.27,0
2016-09-02,21.27,21.27,21.27,21.27,0
2016-09-06,21.27,21.27,21.27,21.27,0
2016-09-07,21.27,21.27,21.27,21.27,29
2016-09-08,21.27,21.27,21.27,21.27,6
2016-09-09,21.27,21.27,21.27,21.27,20
2016-09-12,21.27,21.27,21.27,21.27,2
2016-09-13,21.27,21.27,21.27,21.27,0
2016-09-14,21.14,21.3106,21.1,21.14,2880
2016-09-15,21.35,21.35,21.35,21.35,212
2016-09-16,21.35,21.35,21.35,21.35,15
2016-09-19,21.184,21.184,21.184,21.184,250
2016-09-20,21.12,21.12,21.12,21.12,500
2016-09-21,21.12,21.12,21.12,21.12,14
2016-09-22,21.12,21.12,21.12,21.12,0
2016-09-23,21.7699,21.7699,21.7699,21.7699,220
2016-09-26,21.7699,21.7699,21.7699,21.7699,92
2016-09-27,21.7699,21.7699,21.7699,21.7699,0
2016-09-28,21.7699,21.7699,21.7699,21.7699,2
2016-09-29,21.7699,21.7699,21.7699,21.7699,0
2016-09-30,21.7699,21.7699,21.7699,21.7699,1
2016-10-03,21.7699,21.7699,21.7699,21.7699,0
2016-10-04,21.6899,21.6899,21.6899,21.6899,10
2016-10-05,21.6899,21.6899,21.6899,21.6899,0
2016-10-06,21.6899,21.6899,21.6899,21.6899,28
2016-10-07,21.4956,21.4956,21.4956,21.4956,440
2016-10-10,21.4956,21.4956,21.4956,21.4956,11
2016-10-11,21.4956,21.4956,21.4956,21.4956,86
2016-10-12,21.4956,21.4956,21.4956,21.4956,0
2016-10-13,21.3,21.3,21.3,21.3,1888
2016-10-14,21.33,21.33,21.33,21.33,100
2016-10-17,21.68,21.68,21.68,21.68,165
2016-10-18,21.68,21.68,21.68,21.68,6
2016-10-19,21.68,21.68,21.68,21.68,0
2016-10-20,21.69,21.7,21.69,21.7,500
2016-10-21,21.7,21.7,21.7,21.7,0
2016-10-24,21.7,21.7,21.7,21.7,0
2016-10-25,21.7,21.7,21.7,21.7,1
2016-10-26,21.7,21.7,21.7,21.7,0
2016-10-27,21.7,21.7,21.7,21.7,78
2016-10-28,21.7,21.7,21.7,21.7,0
2016-10-31,21.55,21.55,21.25,21.48,8635
2016-11-01,21.39,21.39,21.39,21.39,1
2016-11-02,21.39,21.39,21.39,21.39,0
2016-11-03,21.06,21.06,21.06,21.06,229
2016-11-04,21.08,21.08,21.08,21.08,254
2016-11-07,21.23,21.37,21.23,21.37,405
2016-11-08,21.37,21.37,21.37,21.37,11
2016-11-09,21.37,21.37,21.37,21.37,51
2016-11-10,21.5527,21.5527,20.9,20.9314,3778
2016-11-11,20.53,21.0258,20.33,20.360500000000002,2102
2016-11-14,20.360500000000002,20.360500000000002,20.360500000000002,20.360500000000002,0
2016-11-15,20.360500000000002,20.360500000000002,20.360500000000002,20.360500000000002,0
2016-11-16,20.360500000000002,20.360500000000002,20.360500000000002,20.360500000000002,0
2016-11-17,20.3,20.4,20.3,20.36,2503
2016-11-18,20.36,20.36,20.36,20.36,61
2016-11-21,20.3,20.7795,20.3,20.45,2900
2016-11-22,20.45,20.45,20.45,20.45,0
2016-11-23,20.67,20.72,20.6143,20.6143,979
2016-11-25,20.6143,20.6143,20.6143,20.6143,0
2016-11-28,20.6143,20.6143,20.6143,20.6143,0
2016-11-29,19.87,20.0389,19.82,20.0389,1025
2016-11-30,19.91,19.9398,19.91,19.9398,216
2016-12-01,19.92,19.92,19.92,19.92,301
2016-12-02,19.92,19.92,19.92,19.92,7
2016-12-05,19.92,19.92,19.92,19.92,1000
2016-12-06,20.0145,20.0145,20.0145,20.0145,139
2016-12-07,20.0145,20.0145,20.0145,20.0145,37
2016-12-08,20.0145,20.0145,20.0145,20.0145,10
2016-12-09,20.0145,20.0145,20.0145,20.0145,0
2016-12-12,20.04,20.04,20.01,20.01,450
2016-12-13,20.01,20.01,20.01,20.01,9
2016-12-14,20.01,20.01,20.01,20.01,0
2016-12-15,20.01,20.01,20.01,20.01,0
2016-12-16,20.01,20.01,20.01,20.01,1
2016-12-19,20.2,20.2,20.2,20.2,1475
2016-12-20,19.8883,19.8883,19.8883,19.8883,301
2016-12-21,20.35,20.55,20.35,20.54,1801
2016-12-22,20.84,20.84,20.84,20.84,208
2016-12-23,20.84,20.84,20.84,20.84,1
2016-12-27,20.84,20.84,20.84,20.84,1
2016-12-28,20.79,20.79,20.79,20.79,100
2016-12-29,20.35,20.35,20.35,20.35,125
2016-12-30,20.35,20.35,20.35,20.35,79
2017-01-03,20.3999,20.3999,20.397,20.3992,731
2017-01-04,20.4,20.4,20.4,20.4,455
2017-01-05,20.4,20.4,20.4,20.4,9
2017-01-06,20.4,20.4,20.4,20.4,1
2017-01-09,20.12,20.12,20.12,20.12,121
2017-01-10,20.12,20.12,20.12,20.12,10
2017-01-11,20.12,20.12,20.12,20.12,0
2017-01-12,20.12,20.12,20.12,20.12,0
2017-01-13,20.1501,20.1501,20.1501,20.1501,125
2017-01-17,20.93,21.1,20.93,21.1,304
2017-01-18,20.17,20.63,20.17,20.5,2700
2017-01-19,20.5,20.5,20.5,20.5,2
2017-01-20,20.5,20.5,20.5,20.5,1
2017-01-23,20.5,20.5,20.5,20.5,0
2017-01-24,21.1697,21.1697,21.1697,21.1697,135
2017-01-25,21.1697,21.1697,21.1697,21.1697,0
2017-01-26,21.1697,21.1697,21.1697,21.1697,1
2017-01-27,21.1697,21.1697,21.1697,21.1697,0
2017-01-30,20.52,20.52,20.52,20.52,460
2017-01-31,20.52,20.52,20.52,20.52,1
2017-02-01,20.52,20.52,20.52,20.52,203
2017-02-02,20.52,20.52,20.52,20.52,0
2017-02-03,20.52,20.52,20.52,20.52,0
2017-02-06,20.52,20.52,20.52,20.52,32
2017-02-07,20.52,20.52,20.52,20.52,6
2017-02-08,20.52,20.52,20.52,20.52,113
2017-02-09,20.84,20.84,20.82,20.82,1261
2017-02-10,20.82,20.82,20.82,20.82,0
2017-02-13,20.82,20.82,20.82,20.82,0
2017-02-14,20.82,20.82,20.82,20.82,3
2017-02-15,20.82,20.82,20.82,20.82,0
2017-02-16,20.82,20.82,20.82,20.82,1
2017-02-17,20.82,20.82,20.82,20.82,0
2017-02-21,21.03,21.34,21.03,21.03,617
2017-02-22,21.03,21.03,21.03,21.03,7
2017-02-23,21.11,21.18,21.11,21.13,1053
2017-02-24,21.13,21.13,21.13,21.13,1
2017-02-27,21.13,21.13,21.13,21.13,96
2017-02-28,21.13,21.13,21.13,21.13,0
2017-03-01,21.13,21.13,21.13,21.13,0
2017-03-02,20.98,20.98,20.93,20.93,1605
2017-03-03,20.93,20.93,20.93,20.93,0
2017-03-06,20.96,21.16,20.96,21.16,2743
2017-03-07,21.2,21.2,20.83,21.06,1028
2017-03-08,21.06,21.06,21.06,21.06,9
2017-03-09,21.17,21.17,20.95,20.95,748
2017-03-10,20.95,20.95,20.95,20.95,4
2017-03-13,20.95,20.95,20.95,20.95,0
2017-03-14,20.95,20.95,20.95,20.95,0
2017-03-15,20.95,20.95,20.95,20.95,0
2017-03-16,20.95,20.95,20.95,20.95,1
2017-03-17,20.95,20.95,20.95,20.95,0
2017-03-20,21.14,21.14,21.14,21.14,375
2017-03-21,21.22,21.23,21.22,21.23,200
2017-03-22,21.23,21.23,21.23,21.23,0
2017-03-23,21.23,21.23,21.23,21.23,0
2017-03-24,21.29,21.34,21.27,21.32,1544
2017-03-27,21.32,21.32,21.32,21.32,18
2017-03-28,21.32,21.32,21.32,21.32,100
2017-03-29,21.32,21.32,21.32,21.32,0
2017-03-30,21.32,21.32,21.32,21.32,0
2017-03-31,21.56,21.56,21.44,21.44,3419
2017-04-03,21.44,21.44,21.44,21.44,85
2017-04-04,20.9,21.33,20.9,21.33,1400
2017-04-05,21.48,21.48,21.28,21.28,1615
2017-04-06,21.28,21.28,21.28,21.28,34
2017-04-07,21.23,21.23,21.23,21.23,206
2017-04-10,21.23,21.23,21.23,21.23,22
2017-04-11,21.09,21.09,21.09,21.09,118
2017-04-12,21.09,21.09,21.09,21.09,1
2017-04-13,21.54,21.54,21.54,21.54,177
2017-04-17,21.54,21.54,21.54,21.54,2
2017-04-18,21.54,21.54,21.54,21.54,1
2017-04-19,21.54,21.54,21.54,21.54,0
2017-04-20,21.54,21.54,21.54,21.54,0
2017-04-21,21.54,21.54,21.54,21.54,21
2017-04-24,21.54,21.54,21.54,21.54,5
2017-04-25,21.32,21.49,21.31,21.31,1021
2017-04-26,21.26,21.26,21.26,21.26,323
2017-04-27,21.38,21.41,21.24,21.41,792
2017-04-28,21.41,21.45,21.29,21.45,4331
2017-05-01,21.45,21.45,21.45,21.45,1
2017-05-02,21.45,21.45,21.45,21.45,44
2017-05-03,21.45,21.45,21.45,21.45,0
2017-05-04,21.26,21.59,21.22,21.59,1580
2017-05-05,21.59,21.59,21.59,21.59,3
2017-05-08,21.59,21.59,21.59,21.59,12
2017-05-09,21.59,21.59,21.59,21.59,2
2017-05-10,21.59,21.59,21.59,21.59,0
2017-05-11,21.49,21.57,21.45,21.53,12300
2017-05-12,21.25,21.7,21.25,21.35,1317
2017-05-15,21.35,21.35,21.35,21.35,36
2017-05-16,21.8,21.8,21.8,21.8,100
2017-05-17,21.8,21.8,21.8,21.8,0
2017-05-18,21.8,21.8,21.8,21.8,30
2017-05-19,21.8,21.8,21.8,21.8,0
2017-05-22,21.75,21.78,21.33,21.33,3940
2017-05-23,21.76,21.78,21.76,21.78,1016
2017-05-24,21.4,21.4,21.4,21.4,210
2017-05-25,21.4,21.4,21.4,21.4,95
2017-05-26,21.81,21.82,21.81,21.82,2165
2017-05-30,21.82,21.82,21.8,21.8,892
2017-05-31,21.8,21.8,21.8,21.8,0
2017-06-01,21.43,21.43,21.43,21.43,355
2017-06-02,21.43,21.43,21.43,21.43,0
2017-06-05,21.43,21.43,21.43,21.43,47
2017-06-06,21.73,21.73,21.72,21.72,247
2017-06-07,21.72,21.72,21.72,21.72,78
2017-06-08,21.46,21.46,21.46,21.46,214
2017-06-09,21.73,21.73,21.73,21.73,102
2017-06-12,21.73,21.73,21.73,21.73,613
2017-06-13,21.73,21.73,21.73,21.73,41
2017-06-14,21.73,21.73,21.73,21.73,11
2017-06-15,21.73,21.73,21.73,21.73,0
2017-06-16,21.73,21.73,21.73,21.73,1
2017-06-19,21.73,21.73,21.73,21.73,2
2017-06-20,21.73,21.73,21.73,21.73,32
2017-06-21,21.73,21.73,21.73,21.73,1
2017-06-22,21.34,21.34,21.34,21.34,1000
2017-06-23,21.34,21.34,21.34,21.34,96
2017-06-26,21.34,21.34,21.34,21.34,1
2017-06-27,21.34,21.34,21.34,21.34,0
2017-06-28,21.34,21.34,21.34,21.34,1
2017-06-29,21.52,21.71,21.52,21.71,375
2017-06-30,21.71,21.71,21.71,21.71,0
2017-07-03,21.71,21.71,21.71,21.71,0
2017-07-05,21.71,21.71,21.71,21.71,154
2017-07-06,21.63,21.65,21.63,21.65,1085
2017-07-07,21.61,21.64,21.21,21.21,1590
2017-07-10,21.21,21.21,21.21,21.21,65
2017-07-11,21.29,21.29,21.29,21.29,135
2017-07-12,21.29,21.29,21.29,21.29,4
2017-07-13,21.2919,21.2919,21.2919,21.2919,0
2017-07-14,21.29,21.29,21.29,21.29,1
2017-07-17,21.29,21.29,21.29,21.29,16
2017-07-18,21.586,21.74,21.586,21.7392,692
2017-07-19,21.75,21.86,21.75,21.86,876
2017-07-20,21.86,21.86,21.86,21.86,51
2017-07-21,21.82,21.82,21.82,21.82,224
2017-07-24,21.59,21.59,21.59,21.59,801
2017-07-25,21.59,21.59,21.59,21.59,32
2017-07-26,21.59,21.59,21.59,21.59,49
2017-07-27,21.79,21.79,21.79,21.79,388
2017-07-28,21.79,21.79,21.79,21.79,78
2017-07-31,21.8,21.96,21.8,21.96,372
2017-08-01,21.8,21.8,21.8,21.8,401
2017-08-02,21.81,21.81,21.81,21.81,194
2017-08-03,21.6,21.6,21.6,21.6,447
2017-08-04,21.6,21.6,21.6,21.6,126
2017-08-07,21.6,21.6,21.6,21.6,12
2017-08-08,21.6,21.6,21.6,21.6,95
2017-08-09,21.92,21.92,21.92,21.92,186
2017-08-10,21.93,21.93,21.93,21.93,100
2017-08-11,21.8,21.8,21.8,21.8,685
2017-08-14,21.8,21.8,21.8,21.8,1
2017-08-15,21.94,21.94,21.89,21.9,1463
2017-08-16,21.9,21.9,21.9,21.9,0
2017-08-17,21.9,21.9,21.9,21.9,21
2017-08-18,21.9,21.9,21.9,21.9,0
2017-08-21,21.8,21.94,21.8,21.94,1178
2017-08-22,21.94,21.94,21.94,21.94,1
2017-08-23,21.8,21.8,21.8,21.8,120
2017-08-24,21.95,21.95,21.95,21.95,122
2017-08-25,21.93,21.93,21.91,21.91,201
2017-08-28,21.91,21.91,21.91,21.91,35
2017-08-29,21.971,21.971,21.971,21.971,198
2017-08-30,21.97,21.97,21.97,21.97,82
2017-08-31,21.86,21.86,21.84,21.84,450
2017-09-01,21.7611,21.7611,21.7611,21.7611,170
2017-09-05,21.7611,21.7611,21.7611,21.7611,1
2017-09-06,21.98,21.98,21.98,21.98,310
2017-09-07,22.05,22.05,22.01,22.01,499
2017-09-08,22.01,22.01,22.01,22.01,8
2017-09-11,22.06,22.06,22.06,22.06,862
2017-09-12,21.99,22.03,21.99,22.03,579
2017-09-13,22.03,22.03,22.03,22.03,5
2017-09-14,22.03,22.03,22.03,22.03,88
2017-09-15,22.0252,22.0252,22.0252,22.0252,1
2017-09-18,22.03,22.03,22.03,22.03,1
2017-09-19,22.03,22.03,22.03,22.03,1
2017-09-20,22.03,22.03,22.03,22.03,10
2017-09-21,22.02,22.2,21.84,21.84,3418
2017-09-22,21.84,21.84,21.84,21.84,1
2017-09-25,21.84,21.84,21.84,21.84,2
2017-09-26,21.84,21.84,21.84,21.84,16
2017-09-27,21.77,22.08,21.77,22.08,2399
2017-09-28,22.05,22.07,22.01,22.07,4607
2017-09-29,22.08,22.08,22.08,22.08,187
