2008-11-25,22.25,22.25,21.64,21.731,8210
2008-11-26,22.62,27.04,21.68,24.9,78195
2008-11-28,23.38,23.6,21.85,22.4,45449
2008-12-01,21.62,21.89,19.88,20.02,133915
2008-12-02,20.66,20.68,18.1,18.5,156754
2008-12-03,18.15,18.79,17.75,18.12,144485
2008-12-04,17.44,18.2,15.38,15.7,246372
2008-12-05,14.83,15.4,13.48,14.49,330910
2008-12-08,15.53,16.04,14.89,15.92,311662
2008-12-09,15.48,15.9,14.26,14.5599,239482
2008-12-10,15.52,16.84,14.24,15.64,674444
2008-12-11,16.98,19.0,16.5101,17.8501,607477
2008-12-12,16.18,18.0599,15.53,17.74,549795
2008-12-15,19.79,19.79,16.07,16.5799,638463
2008-12-16,17.35,17.6,15.31,16.13,916784
2008-12-17,15.87,16.6768,14.55,15.1499,1358685
2008-12-18,14.59,14.59,12.8,13.35,2234570
2008-12-19,13.57,13.81,12.81,13.6,1916125
2008-12-22,13.64,13.72,11.85,11.89,1914334
2008-12-23,12.35,12.35,10.78,11.41,2106458
2008-12-24,10.66,10.86,10.34,10.6899,1178623
2008-12-26,10.09,10.6,9.75,10.45,1693094
2008-12-29,11.39,11.86,10.52,11.81,1918767
2008-12-30,11.32,11.8,10.81,11.73,778385
2008-12-31,11.25,14.89,11.19,13.69,3056221
2009-01-02,14.17,15.85,13.9201,15.66,2100386
2009-01-05,15.77,17.54,15.53,17.16,2160580
2009-01-06,18.35,18.65,17.03,17.5,2227478
2009-01-07,17.0,17.05,13.7,13.75,3219242
2009-01-08,13.5,13.81,12.61,13.71,3408962
2009-01-09,12.82,13.24,12.14,12.95,4271969
2009-01-12,12.0,12.17,11.51,11.7,5168827
2009-01-13,11.86,12.82,11.5801,12.43,6974345
2009-01-14,12.25,12.31,11.1,12.01,6181326
2009-01-15,11.86,11.86,10.26,11.2699,12022782
2009-01-16,11.99,12.03,10.81,11.06,6148481
2009-01-20,10.45,11.7,10.0,10.17,9208420
2009-01-21,10.49,11.82,10.13,11.71,6059625
2009-01-22,10.78,11.66,9.9,11.08,9407545
2009-01-23,10.65,13.31,10.38,12.73,9015819
2009-01-26,12.79,14.19,12.53,12.5999,8067792
2009-01-27,11.8,11.96,10.4,10.6,12106847
2009-01-28,10.5,11.37,10.01,10.7,21940524
2009-01-29,10.05,10.72,9.91,10.32,13904598
2009-01-30,10.88,11.02,10.12,10.36,9113248
2009-02-02,9.8,10.55,9.605,9.79,20964317
2009-02-03,9.6,10.12,9.55,10.04,12441524
2009-02-04,10.42,10.47,9.47,9.69,14401960
2009-02-05,9.69,10.14,9.33,9.96,10828151
2009-02-06,9.06,10.84,9.02,9.65,25388644
2009-02-09,10.33,10.59,9.41,9.56,16203262
2009-02-10,10.13,10.18,8.53,8.7092,29802275
2009-02-11,8.68,8.839,7.98,8.2,16953781
2009-02-12,7.99,8.28,7.711,8.1,16878246
2009-02-13,7.98,8.05,7.41,7.53,18555242
2009-02-17,6.71,6.79,6.19,6.25,14456932
2009-02-18,6.24,6.3,5.79,5.85,15909602
2009-02-19,6.24,6.69,5.77,6.55,17793841
2009-02-20,6.02,6.58,5.921,6.47,15437581
2009-02-23,6.92,6.92,6.08,6.22,12187233
2009-02-24,6.53,6.77,6.23,6.68,10525677
2009-02-25,6.9,7.43,6.59,7.28,18667446
2009-02-26,7.73,8.25,7.68,8.01,23017371
2009-02-27,7.61,8.1101,7.38,7.852,12709901
2009-03-02,7.1,7.21,6.43,6.49,11443480
2009-03-03,6.96,7.02,6.36,6.94,8171706
2009-03-04,7.63,8.1,7.51,7.9,14813788
2009-03-05,7.83,7.92,7.24,7.46,8616819
2009-03-06,8.0,8.23,7.57,8.18,9557569
2009-03-09,8.07,8.8,8.06,8.29,12648732
2009-03-10,8.59,8.7,7.8,7.86,12713035
2009-03-11,7.6,7.92,6.85,7.06,15029640
2009-03-12,7.03,8.23,7.01,8.06,14359991
2009-03-13,8.17,8.47,7.69,7.74,10530944
2009-03-16,7.4,8.25,7.22,8.08,10669783
2009-03-17,8.29,9.02,8.2,8.7,11383273
2009-03-18,8.72,9.03,8.0301,8.85,8062891
2009-03-19,9.5,9.66,9.12,9.3009,10981170
2009-03-20,9.29,9.77,9.22,9.55,6858318
2009-03-23,9.49,10.25,9.4,10.1694,9707976
2009-03-24,9.77,10.26,9.67,10.09,6618928
2009-03-25,9.69,10.31,9.46,9.83,9424804
2009-03-26,10.35,10.38,9.93,10.27,8522741
2009-03-27,9.67,9.73,9.35,9.53,6205587
2009-03-30,8.83,8.93,8.07,8.21,8119613
2009-03-31,8.2,8.67,7.96,8.42,6203301
2009-04-01,7.89,8.19,7.76,8.13,7636377
2009-04-02,9.36,9.64,9.14,9.45,11470967
2009-04-03,9.34,9.56,8.98,9.46,5055053
2009-04-06,8.87,9.33,8.56,9.01,5200544
2009-04-07,8.47,8.65,8.27,8.35,5268865
2009-04-08,8.03,9.0312,7.94,8.55,7880363
2009-04-09,9.23,9.31,8.8,9.19,5465090
2009-04-13,8.32,9.14,8.23,8.651,8036336
2009-04-14,8.67,8.93,8.39,8.4,5212267
2009-04-15,8.34,8.54,8.15,8.4301,5725866
2009-04-16,8.51,8.5401,8.27,8.35,4116009
2009-04-17,8.57,8.6,8.3,8.4,2834985
2009-04-20,7.5,7.6,7.2,7.27,15142424
2009-04-21,6.8,7.42,6.8,7.24,11963741
2009-04-22,7.15,7.28,6.97,7.19,6394203
2009-04-23,7.32,7.35,7.06,7.33,4391960
2009-04-24,7.79,7.89,7.67,7.79,7657082
2009-04-27,6.95,7.71,6.95,7.42,10100557
2009-04-28,7.07,7.36,7.05,7.2,6540523
2009-04-29,7.49,7.6922,7.43,7.59,6223956
2009-04-30,7.49,7.7303,7.44,7.59,3916254
2009-05-01,7.86,8.37,7.83,8.1701,6552922
2009-05-04,8.44,8.8,8.43,8.78,6846785
2009-05-05,8.73,8.84,8.49,8.52,4973941
2009-05-06,8.94,9.24,8.8,9.2,8464302
2009-05-07,9.82,9.8806,8.96,9.23,8195620
2009-05-08,9.67,9.95,9.46,9.81,4708618
2009-05-11,9.65,9.857,9.47,9.72,3576847
2009-05-12,10.02,10.08,9.67,9.88,4215353
2009-05-13,9.82,10.2,9.47,9.61,5221969
2009-05-14,9.5,9.95,9.34,9.75,4172821
2009-05-15,9.51,9.76,8.95,9.08,3540697
2009-05-18,9.54,9.94,9.47,9.892,3868378
2009-05-19,9.94,10.1,9.62,9.95,3561977
2009-05-20,10.38,10.72,10.35,10.57,6808114
2009-05-21,10.14,10.46,9.93,10.31,2992993
2009-05-22,10.36,10.54,10.14,10.51,2573863
2009-05-26,9.9,10.8,9.86,10.71,4248923
2009-05-27,11.02,11.25,10.7209,11.022,5035912
2009-05-28,11.28,11.82,11.21,11.54,6768821
2009-05-29,12.16,12.2,11.74,12.2,5220522
2009-06-01,12.61,13.0095,12.47,12.9,4623433
2009-06-02,12.7,13.15,12.581,13.06,4780100
2009-06-03,12.76,12.8,11.6,12.09,5515989
2009-06-04,12.67,13.3,12.55,13.04,4829793
2009-06-05,13.04,13.26,12.55,12.84,6456113
2009-06-08,12.81,13.07,12.6499,12.95,3345679
2009-06-09,13.3,13.48,13.03,13.37,2928068
2009-06-10,13.79,14.04,13.61,13.9,5027410
2009-06-11,14.2,14.6,14.11,14.37,4044315
2009-06-12,14.05,14.33,13.95,14.19,3239764
2009-06-15,13.94,13.94,13.22,13.6,3992786
2009-06-16,14.19,14.25,13.3,13.57,3820369
2009-06-17,13.37,13.83,13.05,13.71,3842723
2009-06-18,13.56,13.97,13.4,13.77,2654080
2009-06-19,13.93,14.06,12.9,13.2,4569438
2009-06-22,12.6,12.6,11.9,12.0,5828704
2009-06-23,12.28,12.94,11.9701,12.75,4673839
2009-06-24,12.69,13.0,12.49,12.56,3792803
2009-06-25,12.88,13.4,12.75,13.21,4133435
2009-06-26,13.11,13.13,12.641,12.83,2607713
2009-06-29,13.22,13.77,13.21,13.62,4051207
2009-06-30,13.5,13.69,12.67,13.16,5062472
2009-07-01,13.62,13.75,12.56,12.79,6552506
2009-07-02,12.05,12.09,11.86,11.91,4523938
2009-07-06,10.96,11.24,10.85,11.0,5785782
2009-07-07,10.9,10.9399,10.39,10.41,4275836
2009-07-08,10.31,10.34,9.65,9.71,7013988
2009-07-09,9.86,9.91,9.42,9.8,5027001
2009-07-10,9.45,9.68,9.28,9.56,4187775
2009-07-13,9.41,9.61,9.11,9.54,4382586
2009-07-14,9.84,9.92,9.34,9.43,4350206
2009-07-15,9.89,10.27,9.7,10.2001,5598395
2009-07-16,9.88,10.31,9.8489,10.25,3820007
2009-07-17,10.46,10.9,10.42,10.68,4321188
2009-07-20,11.0,11.11,10.67,11.05,3766848
2009-07-21,11.35,11.39,10.78,11.11,3869987
2009-07-22,10.56,11.15,10.49,11.03,3856719
2009-07-23,10.75,11.73,10.73,11.66,4307050
2009-07-24,11.6,11.98,11.45,11.93,3189031
2009-07-27,12.0,12.11,11.78,12.01,3558967
2009-07-28,11.63,11.83,11.39,11.64,3181997
2009-07-29,11.09,11.1302,10.11,10.19,6451973
2009-07-30,10.71,11.57,10.52,11.37,6117656
2009-07-31,11.17,12.41,11.14,12.192,5364367
2009-08-03,12.99,13.3,12.8801,12.94,4339576
2009-08-04,12.82,13.18,12.69,12.98,2790207
2009-08-05,13.01,13.2603,12.4,13.14,3716903
2009-08-06,13.04,13.32,12.57,13.19,3389543
2009-08-07,13.17,13.37,12.69,12.82,4501807
2009-08-10,12.95,13.08,12.62,12.85,2447360
2009-08-11,12.52,12.5774,12.09,12.26,2985053
2009-08-12,12.32,12.78,12.32,12.52,2133134
2009-08-13,12.79,12.97,12.48,12.86,3151987
2009-08-14,12.78,12.78,11.6305,11.8,5498306
2009-08-17,11.27,11.5,11.03,11.42,2688602
2009-08-18,11.24,12.28,11.23,12.111,3260885
2009-08-19,11.82,13.1,11.81,12.84,6569283
2009-08-20,12.77,12.91,12.5,12.6,3792249
2009-08-21,12.94,13.2,12.71,12.96,2989594
2009-08-24,13.13,13.22,12.91,12.91,3251700
2009-08-25,12.99,13.22,11.94,12.2,3788704
2009-08-26,11.9,12.13,11.8,12.05,2697673
2009-08-27,11.79,12.52,11.55,12.52,3942340
2009-08-28,12.66,12.719899999999999,12.14,12.5,3218535
2009-08-31,11.75,11.780100000000001,11.26,11.46,5654627
2009-09-01,11.52,11.97,10.91,11.0,5620706
2009-09-02,10.79,11.09,10.6,10.87,3806616
2009-09-03,11.05,11.14,10.77,10.93,3010806
2009-09-04,10.72,10.96,10.6115,10.8,2950321
2009-09-08,11.61,12.0,11.41,11.86,4194052
2009-09-09,11.98,12.25,11.78,11.88,4311574
2009-09-10,11.85,12.19,11.7,12.12,3444938
2009-09-11,12.23,12.29,11.0,11.2,5494477
2009-09-14,11.02,11.27,10.94,11.08,4127518
2009-09-15,11.25,11.76,10.95,11.66,4943362
2009-09-16,11.71,12.1901,11.55,12.13,4656182
2009-09-17,12.07,12.43,12.04,12.19,3075579
2009-09-18,12.2,12.25,11.9103,11.96,2590815
2009-09-21,11.31,11.36,11.02,11.1699,5758890
2009-09-22,11.78,11.88,11.55,11.83,3868559
2009-09-23,11.73,11.73,10.68,10.71,10462350
2009-09-24,10.58,10.6,9.85,10.01,11766632
2009-09-25,9.94,10.27,9.81,9.98,6967867
2009-09-28,9.99,10.42,9.96,10.27,3899633
2009-09-29,10.09,10.34,9.9,10.16,3633199
2009-09-30,10.31,11.35,10.0101,11.21,11628595
2009-10-01,11.32,11.47,10.84,11.24,6979419
2009-10-02,10.81,11.22,10.75,11.04,3529513
2009-10-05,10.8,11.43,10.53,11.23,6912084
2009-10-06,11.44,11.75,11.3,11.45,5044599
2009-10-07,11.5,11.6,10.8,11.13,7208252
2009-10-08,10.95,11.91,10.92,11.56,7352392
2009-10-09,11.65,11.84,11.42,11.81,4066400
2009-10-12,12.24,12.33,12.0892,12.19,4188347
2009-10-13,12.38,12.53,12.13,12.46,4815320
2009-10-14,12.72,12.85,12.56,12.77,3764808
2009-10-15,12.89,13.73,12.75,13.59,7769767
2009-10-16,13.55,13.99,13.35,13.92,4500840
2009-10-19,13.84,14.29,13.7706,14.14,4215042
2009-10-20,14.24,14.24,13.7,13.94,3223763
2009-10-21,13.76,15.0,13.74,14.63,5923930
2009-10-22,14.57,14.79,14.26,14.75,3167364
2009-10-23,14.8,14.83,14.3,14.35,5149651
2009-10-26,14.61,14.9,13.63,13.83,4030904
2009-10-27,13.93,14.22,13.57,14.0491,3867564
2009-10-28,13.87,13.98,13.3,13.33,3271127
2009-10-29,13.76,14.4,13.71,14.21,3431076
2009-10-30,13.99,14.09,13.14,13.2,4653791
2009-11-02,13.23,13.8,13.1301,13.64,4536289
2009-11-03,13.26,14.17,13.18,14.03,4063126
2009-11-04,14.32,14.6072,14.08,14.3,3144984
2009-11-05,14.24,14.42,14.0399,14.2,2287191
2009-11-06,13.59,13.89,13.12,13.44,4761313
2009-11-09,13.89,14.28,13.83,13.95,3345348
2009-11-10,14.12,14.39,13.48,13.92,2836651
2009-11-11,14.13,14.25,13.729,13.98,2417549
2009-11-12,13.68,13.8,13.05,13.13,5088212
2009-11-13,12.98,13.25,12.75,12.98,3859533
2009-11-16,13.15,13.96,13.12,13.79,5522400
2009-11-17,13.64,14.07,13.58,13.9,2428528
2009-11-18,14.12,14.28,13.71,14.02,3257847
2009-11-19,13.92,13.92,13.14,13.38,4754067
2009-11-20,12.97,13.26,12.9,13.19,3831961
2009-11-23,13.71,13.91,12.9905,13.21,6876873
2009-11-24,13.07,13.21,12.48,12.67,7516912
2009-11-25,12.62,13.27,12.45,13.18,1667102
2009-11-27,11.79,12.68,11.75,12.62,6696807
2009-11-30,12.35,13.23,12.3,12.96,5725904
2009-12-01,13.44,13.57,13.25,13.27,4069619
2009-12-02,13.22,13.24,12.64,12.79,4793322
2009-12-03,12.64,12.942,12.42,12.59,3940422
2009-12-04,13.09,13.16,12.2,12.42,6604243
2009-12-07,12.0,12.28,11.83,11.91,6944372
2009-12-08,11.64,11.72,11.4499,11.52,4644305
2009-12-09,11.54,11.71,10.68,10.85,10304081
2009-12-10,10.95,11.02,10.56,10.79,7726399
2009-12-11,10.75,10.77,10.51,10.7,4502295
2009-12-14,10.75,10.86,10.67,10.74,3232715
2009-12-15,10.84,10.99,10.78,10.81,2682364
2009-12-16,10.9,11.3699,10.9,11.25,5584017
2009-12-17,11.1,11.2,10.73,10.961,4038291
2009-12-18,11.4,11.47,10.9297,11.15,5059528
2009-12-21,11.33,11.4,10.83,10.87,4635305
2009-12-22,10.89,11.28,10.68,11.04,3635067
2009-12-23,11.36,11.84,11.35,11.71,6442238
2009-12-24,11.77,12.04,11.77,11.981,1534435
2009-12-28,12.44,12.52,12.35,12.42,4987860
2009-12-29,12.59,12.59,12.22,12.43,2779371
2009-12-30,12.5,12.75,12.37,12.63,3476328
2009-12-31,12.8,12.82,12.58,12.68,2399864
2010-01-04,13.16,13.3018,13.06,13.29,4688283
2010-01-05,13.33,13.44,13.12,13.42,3179710
2010-01-06,13.35,13.91,13.07,13.76,4341841
2010-01-07,13.68,13.8196,13.55,13.63,4218493
2010-01-08,13.54,13.88,13.42,13.67,3622071
2010-01-11,13.83,13.9,13.41,13.49,2665010
2010-01-12,13.16,13.35,12.78,12.89,3895826
2010-01-13,12.72,12.902,12.2,12.59,7760930
2010-01-14,12.65,12.73,12.37,12.51,3242409
2010-01-15,12.46,12.47,12.01,12.08,3836794
2010-01-19,11.87,12.41,11.84,12.4,3732402
2010-01-20,11.98,12.04,11.75,11.78,5609272
2010-01-21,11.94,12.0799,11.26,11.34,7899951
2010-01-22,11.24,11.26,10.8,10.8,9814324
2010-01-25,10.9,11.17,10.85,11.1,5455756
2010-01-26,10.82,11.09,10.75,10.91,2955980
2010-01-27,10.94,11.04,10.37,10.67,7768281
2010-01-28,10.8,10.8,10.45,10.7,5321609
2010-01-29,10.82,10.9,10.3,10.41,5629645
2010-02-01,10.6,11.01,10.46,11.0,3400462
2010-02-02,11.1,11.73,11.0414,11.73,7454716
2010-02-03,11.7,11.88,11.4699,11.56,8809793
2010-02-04,11.23,11.25,10.25,10.44,11437156
2010-02-05,10.51,10.58,9.43,10.1,17086007
2010-02-08,10.01,10.17,9.79,10.03,5415585
2010-02-09,10.3,10.73,10.15,10.65,8144073
2010-02-10,10.58,10.92,10.26,10.77,5991957
2010-02-11,10.86,11.16,10.49,10.99,5499729
2010-02-12,10.61,10.75,10.32,10.73,5550014
2010-02-16,11.2398,11.6,11.17,11.53,6481494
2010-02-17,11.52,11.67,11.38,11.65,3294743
2010-02-18,11.95,12.1193,11.69,12.09,5475989
2010-02-19,12.08,12.32,11.94,12.32,5252596
2010-02-22,12.38,12.44,12.18,12.3,4576711
2010-02-23,12.05,12.1193,11.73,11.87,4427521
2010-02-24,11.95,12.28,11.8,12.27,2946182
2010-02-25,11.57,11.75,11.37,11.72,4607752
2010-02-26,11.86,12.24,11.83,12.15,3589869
2010-03-01,12.29,12.35,11.6681,11.87,4393003
2010-03-02,12.0,12.52,12.0,12.15,4448938
2010-03-03,12.31,12.6007,12.06,12.5,3629661
2010-03-04,12.33,12.47,12.17,12.37,3039057
2010-03-05,12.66,12.87,12.64,12.78,2659968
2010-03-08,12.9,12.93,12.49,12.79,2636095
2010-03-09,12.48,12.82,12.46,12.63,2669241
2010-03-10,12.64,13.14,12.47,12.8019,6618374
2010-03-11,12.81,12.91,12.67,12.91,1803354
2010-03-12,13.0,13.05,12.4,12.56,4951616
2010-03-15,12.33,12.34,11.94,12.16,3452052
2010-03-16,12.46,12.8119,12.41,12.71,3683457
2010-03-17,13.0,13.1306,12.73,13.01,3485641
2010-03-18,12.94,13.02,12.72,12.84,2232524
2010-03-19,12.79,12.85,12.14,12.37,5718725
2010-03-22,11.86,12.64,11.8,12.57,4836927
2010-03-23,12.49,12.76,12.39,12.67,2221131
2010-03-24,12.22,12.3901,12.06,12.2,5246160
2010-03-25,12.46,12.54,12.1607,12.17,5788360
2010-03-26,12.3,12.32,11.96,12.12,5190823
2010-03-29,12.43,12.92,12.42,12.81,5822834
2010-03-30,12.79,12.89,12.62,12.83,2750461
2010-03-31,13.09,13.25,12.8,13.06,4511454
2010-04-01,13.51,13.69,13.48,13.65,3611215
2010-04-05,13.87,14.24,13.8,14.21,4038075
2010-04-06,14.15,14.3,14.06,14.17,3749712
2010-04-07,14.17,14.22,13.8,13.84,3378986
2010-04-08,13.55,13.9,13.43,13.81,3050019
2010-04-09,13.89,13.97,13.37,13.62,3544720
2010-04-12,13.56,13.8,13.42,13.46,2958188
2010-04-13,13.4,13.51,13.01,13.39,2786680
2010-04-14,13.56,14.0,13.42,13.89,3000024
2010-04-15,14.1,14.12,13.815,13.99,4119006
2010-04-16,13.62,13.79,13.2,13.369,5175334
2010-04-19,12.75,13.01,12.73,12.99,5202375
2010-04-20,13.06,13.3,13.02,13.13,2159257
2010-04-21,13.31,13.42,12.97,13.27,3618468
2010-04-22,12.96,13.29,12.69,13.26,3612533
2010-04-23,13.13,13.68,13.03,13.65,3603544
2010-04-26,13.62,13.7,13.38,13.42,2765843
2010-04-27,13.3,13.53,12.86,12.881,4427697
2010-04-28,13.05,13.29,12.82,13.19,3246493
2010-04-29,13.59,13.86,13.59,13.72,4267830
2010-04-30,13.96,14.13,13.72,14.01,2939293
2010-05-03,14.14,14.52,14.11,14.3,2909815
2010-05-04,13.9,13.93,13.18,13.23,4807694
2010-05-05,12.3,12.86,12.29,12.37,10804882
2010-05-06,12.11,12.3293,10.89,11.5,11386031
2010-05-07,11.38,11.5101,10.8557,11.17,7948869
2010-05-10,11.75,11.89,11.37,11.75,5814915
2010-05-11,11.57,11.83,11.4,11.49,3965112
2010-05-12,11.56,11.75,11.21,11.48,4738805
2010-05-13,11.21,11.41,11.05,11.07,6752081
2010-05-14,10.8,10.83,10.0886,10.27,15025308
2010-05-17,10.07,10.09,9.48,9.73,17410422
2010-05-18,10.08,10.11,9.32,9.49,13757001
2010-05-19,9.37,9.579,9.047,9.49,16805721
2010-05-20,8.91,9.0499,8.45,8.765,21382634
2010-05-21,8.59,9.059,8.5099,8.79,12530502
2010-05-24,8.89,8.96,8.71,8.77,5059778
2010-05-25,8.13,8.6,8.08,8.56,7998151
2010-05-26,8.76,9.1596,8.76,8.96,7894955
2010-05-27,9.51,9.93,9.41,9.93,9454353
2010-05-28,9.86,10.03,9.5,9.76,8356566
2010-06-01,9.54,10.09,9.25,9.265,6729252
2010-06-02,9.39,9.71,9.28,9.6284,4173986
2010-06-03,9.54,9.97,9.31,9.86,6416824
2010-06-04,9.5,9.6,8.89,8.99,8566290
2010-06-07,9.08,9.31,8.85,8.925,5445643
2010-06-08,9.12,9.26,8.94,9.22,5253789
2010-06-09,9.62,9.86,9.57,9.65,6209450
2010-06-10,10.05,10.23,9.91,10.12,6012444
2010-06-11,9.8,10.04,9.59,9.89,4857745
2010-06-14,10.11,10.1901,9.7,9.84,4169548
2010-06-15,10.02,10.345,9.95,10.34,5653771
2010-06-16,10.3,10.645,10.19,10.53,6931993
2010-06-17,10.63,10.65,10.31,10.37,4205810
2010-06-18,10.25,10.53,10.19,10.48,2498971
2010-06-21,10.79,10.84,10.28,10.41,4531179
2010-06-22,10.42,10.56,10.22,10.22,2841446
2010-06-23,10.0,10.02,9.63,9.735,5130943
2010-06-24,9.82,9.93,9.61,9.83,3004649
2010-06-25,10.11,10.55,10.01,10.53,5096583
2010-06-28,10.34,10.36,10.2,10.28,1976318
2010-06-29,9.71,9.75,9.55,9.66,5764655
2010-06-30,9.66,9.87,9.33,9.53,5398729
2010-07-01,9.33,9.37,8.74,8.9,9829640
2010-07-02,8.96,9.0196,8.62,8.78,4460500
2010-07-06,9.03,9.16,8.6,8.79,5221889
2010-07-07,8.93,9.34,8.93,9.33,3807582
2010-07-08,9.5203,9.6712,9.31,9.67,4693645
2010-07-09,9.59,9.8139,9.42,9.71,7493174
2010-07-12,9.58,9.69,9.29,9.4,3622255
2010-07-13,9.8,9.99,9.8,9.96,4783735
2010-07-14,9.84,10.19,9.76,9.88,5403364
2010-07-15,9.92,9.92,9.5,9.84,4428772
2010-07-16,9.73,9.74,9.45,9.6,3295581
2010-07-19,9.7916,10.07,9.54,9.79,5183065
2010-07-20,9.61,10.02,9.56,9.99,4087731
2010-07-21,10.14,10.16,9.59,9.65,4367713
2010-07-22,10.03,10.4,10.01,10.3,7594770
2010-07-23,10.2,10.39,10.15,10.31,4313141
2010-07-26,10.24,10.38,10.19,10.29,3586297
2010-07-27,10.36,10.37,9.73,9.9,6668083
2010-07-28,9.77,9.87,9.5,9.71,5455384
2010-07-29,9.84,10.26,9.83,10.11,5329096
2010-07-30,9.79,10.29,9.7389,10.25,3999531
2010-08-02,10.74,10.99,10.7,10.92,9682442
2010-08-03,11.04,11.24,10.9,11.17,5668743
2010-08-04,11.17,11.32,11.01,11.18,4489984
2010-08-05,10.98,11.15,10.94,11.06,5996923
2010-08-06,10.79,11.1,10.54,10.74,4412703
2010-08-09,10.83,10.96,10.72,10.93,2116139
2010-08-10,10.48,10.71,10.31,10.55,2810177
2010-08-11,10.31,10.31,9.91,9.92,3770746
2010-08-12,9.57,9.8,9.36,9.45,8645537
2010-08-13,9.39,9.49,9.25,9.395,8959010
2010-08-16,9.27,9.37,9.22,9.28,3251073
2010-08-17,9.54,9.68,9.41,9.47,4230176
2010-08-18,9.24,9.4399,9.02,9.33,7896983
2010-08-19,9.32,9.33,9.01,9.09,5666680
2010-08-20,8.95,8.97,8.78,8.92,7615045
2010-08-23,8.9,9.02,8.62,8.655,8286533
2010-08-24,8.45,8.54,8.3,8.31,7039776
2010-08-25,8.32,8.63,8.16,8.63,7318947
2010-08-26,8.74,8.94,8.6601,8.78,5626693
2010-08-27,8.89,9.32,8.57,9.32,8177399
2010-08-30,9.11,9.23,9.06,9.08,3904264
2010-08-31,9.07,9.21,8.52,8.59,7073795
2010-09-01,8.87,9.15,8.85,9.04,5335471
2010-09-02,8.93,9.27,8.85,9.24,3852240
2010-09-03,9.3,9.35,8.84,9.13,6644153
2010-09-07,9.02,9.27,8.79,9.05,4683342
2010-09-08,9.19,9.45,9.16,9.24,5404679
2010-09-09,9.47,9.5396,9.07,9.1,4210111
2010-09-10,9.32,9.56,9.2401,9.52,5536612
2010-09-13,9.76,9.8525,9.62,9.67,4897727
2010-09-14,9.66,9.89,9.5,9.61,5093920
2010-09-15,9.35,9.49,9.27,9.39,4851146
2010-09-16,9.32,9.36,9.03,9.105,3708142
2010-09-17,9.15,9.199,8.74,8.91,11111589
2010-09-20,8.95,9.36,8.9401,9.21,5245454
2010-09-21,9.13,9.1875,8.88,8.9,5635289
2010-09-22,9.08,9.15,8.675,8.87,8529277
2010-09-23,8.72,9.08,8.67,8.91,5236689
2010-09-24,9.07,9.33,9.05,9.29,8117539
2010-09-27,9.42,9.42,9.06,9.21,5067924
2010-09-28,9.21,9.44,9.08,9.19,4873909
2010-09-29,9.18,9.67,9.08,9.59,13456184
2010-09-30,9.91,10.18,9.74,10.09,11099355
2010-10-01,10.41,10.57,10.26,10.565,8448782
2010-10-04,10.63,10.75,10.47,10.57,5962132
2010-10-05,10.72,10.9,10.63,10.85,6880842
2010-10-06,10.86,11.19,10.77,10.96,6111124
2010-10-07,11.16,11.1699,10.38,10.49,8500249
2010-10-08,10.56,10.92,10.52,10.88,5942127
2010-10-11,10.71,10.84,10.64,10.66,1660896
2010-10-12,10.69,10.71,10.43,10.6,2911368
2010-10-13,10.83,10.98,10.7799,10.84,2472601
2010-10-14,10.83,11.07,10.66,10.78,6221589
2010-10-15,10.76,10.815,10.28,10.46,3514070
2010-10-18,10.52,10.91,10.46,10.89,5816289
2010-10-19,10.28,10.46,9.91,9.96,6287426
2010-10-20,10.02,10.54,9.9901,10.47,5110805
2010-10-21,10.41,10.53,9.9499,10.07,4341509
2010-10-22,10.23,10.41,10.08,10.4,3083970
2010-10-25,10.61,10.69,10.262,10.45,3393300
2010-10-26,10.39,10.59,10.35,10.53,1854503
2010-10-27,10.31,10.42,10.03,10.39,3878169
2010-10-28,10.52,10.53,10.27,10.38,1802560
2010-10-29,10.32,10.38,10.05,10.235,3934926
2010-11-01,10.8,10.82,10.54,10.58,3872729
2010-11-02,10.85,10.95,10.76,10.84,1861452
2010-11-03,10.97,11.22,10.77,11.12,5874486
2010-11-04,11.48,11.6,11.35,11.57,4446788
2010-11-05,11.53,11.66,11.37,11.66,4561504
2010-11-08,11.56,11.67,11.37,11.6,2213629
2010-11-09,11.75,11.78,11.23,11.34,3156233
2010-11-10,11.62,12.0,11.5,11.98,7072809
2010-11-11,11.83,11.91,11.75,11.78,2003799
2010-11-12,11.43,11.53,10.95,10.95,6627022
2010-11-15,11.17,11.21,10.9291,10.96,3010610
2010-11-16,10.71,10.72,10.32,10.36,8317732
2010-11-17,10.26,10.42,9.84,9.93,10183893
2010-11-18,10.23,10.39,10.118,10.34,4551113
2010-11-19,10.15,10.2001,9.94,10.17,6398829
2010-11-22,10.05,10.12,9.84,10.09,8023735
2010-11-23,9.9,10.15,9.81,10.04,5878404
2010-11-24,10.08,10.67,10.01,10.669,8451316
2010-11-26,10.5,10.61,10.46,10.6,1789407
2010-11-29,10.77,11.1,10.55,11.085,5693271
2010-11-30,10.81,11.04,10.64,10.64,4193445
2010-12-01,11.02,11.3781,10.95,11.3,8188045
2010-12-02,11.28,11.69,11.25,11.65,8865332
2010-12-03,11.6,12.04,11.55,12.0,7089290
2010-12-06,11.99,12.09,11.82,11.96,3243795
2010-12-07,12.2699,12.27,11.68,11.68,5728693
2010-12-08,11.8,11.91,11.48,11.77,2624066
2010-12-09,11.8,11.92,11.58,11.74,2823530
2010-12-10,11.78,11.81,11.42,11.61,3958767
2010-12-13,11.96,12.04,11.63,11.745,3938291
2010-12-14,11.73,11.92,11.64,11.77,1764478
2010-12-15,11.57,12.0,11.57,11.85,1821773
2010-12-16,11.87,11.89,11.69,11.74,1532703
2010-12-17,11.74,11.92,11.7,11.76,1100187
2010-12-20,11.82,12.0,11.5401,11.915,1736933
2010-12-21,11.98,12.11,11.91,12.05,2817803
2010-12-22,12.21,12.32,12.16,12.27,3101388
2010-12-23,12.26,12.52,12.23,12.46,2243614
2010-12-27,12.36,12.4499,12.23,12.32,1572179
2010-12-28,12.47,12.51,12.36,12.44,1110716
2010-12-29,12.47,12.5,12.38,12.39,1043772
2010-12-30,12.18,12.25,11.88,11.98,2653822
2010-12-31,11.9,12.66,11.8701,12.495,4029312
2011-01-03,12.73,12.83,12.5489,12.58,2197683
2011-01-04,12.54,12.55,11.74,12.0,6849101
2011-01-05,11.81,12.4101,11.7,12.275,4904011
2011-01-06,12.19,12.2,11.68,11.83,4486206
2011-01-07,11.91,12.02,11.48,11.8,3618717
2011-01-10,12.04,12.15,11.89,12.1,3041443
2011-01-11,12.27,12.54,12.13,12.52,4816879
2011-01-12,12.66,12.8089,12.56,12.6,3341653
2011-01-13,12.63,12.75,12.3699,12.41,3356788
2011-01-14,12.32,12.6,12.27,12.58,2993458
2011-01-18,12.32,12.628,12.29,12.44,2204869
2011-01-19,12.6,12.6,12.27,12.335,3792369
2011-01-20,11.83,11.9,11.55,11.72,9901558
2011-01-21,11.74,11.8299,11.58,11.68,3294748
2011-01-24,11.3,11.42,11.16,11.32,6295192
2011-01-25,11.04,11.08,10.87,10.92,8142364
2011-01-26,10.93,11.27,10.74,11.25,5863162
2011-01-27,11.11,11.18,10.71,10.72,7260049
2011-01-28,10.9,11.76,10.89,11.68,15811211
2011-01-31,11.5,12.57,11.49,12.32,13994375
2011-02-01,12.37,12.47,11.92,11.99,12198052
2011-02-02,12.0,12.28,11.84,12.05,7553985
2011-02-03,12.11,12.18,11.83,12.01,5133564
2011-02-04,12.16,12.21,11.41,11.53,9613931
2011-02-07,11.45,11.55,11.12,11.13,4768024
2011-02-08,10.96,11.32,10.9,11.12,12655703
2011-02-09,11.13,11.27,10.93,11.04,4439970
2011-02-10,10.93,11.22,10.9011,11.06,5026916
2011-02-11,10.95,11.07,10.72,10.8675,7433004
2011-02-14,10.95,11.17,10.755,10.8,4689483
2011-02-15,10.82,10.86,10.3772,10.48,8248554
2011-02-16,10.59,10.69,10.34,10.53,7570078
2011-02-17,10.43,10.62,10.39,10.6,5809193
2011-02-18,10.72,11.02,10.569,10.82,8435783
2011-02-22,12.16,12.16,11.5,11.76,23005584
2011-02-23,12.13,12.98,12.12,12.67,23555952
2011-02-24,12.94,13.17,11.911,12.13,24768344
2011-02-25,49.4,50.38,48.57,50.086,4233716
2011-02-28,49.65,50.24,48.801,49.13,2292512
2011-03-01,50.11,52.48,50.0,52.46,4062509
2011-03-02,52.7,54.48,51.73,54.18,4837311
2011-03-03,52.91,53.93,51.8,53.64,3152657
2011-03-04,54.97,56.7,54.6,56.46,3667473
2011-03-07,57.84,58.1,56.65,56.88,3422767
2011-03-08,57.34,57.34,55.334,56.26,2756139
2011-03-09,57.12,57.29,55.68,55.88,2735889
2011-03-10,55.03,55.9885,52.31,53.96,4594561
2011-03-11,51.48,53.02,51.34,52.23,2505911
2011-03-14,52.01,52.86,51.15,52.82,2008604
2011-03-15,48.8799,50.5,48.25,48.74,3307718
2011-03-16,49.51,50.81,48.38,49.57,3157389
2011-03-17,51.29,53.19,50.9,52.6,2141008
2011-03-18,51.86,52.85,51.21,52.75,1889386
2011-03-21,53.5,54.02,52.87,53.16,2015215
2011-03-22,53.03,55.5,52.73,55.23,2561903
2011-03-23,55.67,56.74,55.37,55.7,3227791
2011-03-24,56.15,56.869,55.04,55.55,2051821
2011-03-25,55.39,56.28,54.79,55.885,1292239
2011-03-28,53.9301,55.18,53.88,53.88,1827349
2011-03-29,54.02,55.26,53.62,54.94,1082172
2011-03-30,54.61,55.45,53.65,54.52,881996
2011-03-31,56.52,57.19,55.9,56.99,1349660
2011-04-01,57.31,58.63,56.63,58.52,1424097
2011-04-04,58.37,59.082,58.05,58.77,1097085
2011-04-05,58.39,59.09,58.09,58.33,851797
2011-04-06,59.11,59.7,58.37,59.09,1554282
2011-04-07,59.44,61.1,58.88,60.85,1329445
2011-04-08,62.06,64.16,61.76,64.07,1355324
2011-04-11,63.0,63.244,59.57,59.64,1494136
2011-04-12,58.6,58.69,55.68,56.05,2039212
2011-04-13,57.125,57.79,55.53,57.24,1426714
2011-04-14,57.06,58.71,56.87,58.6,1328110
2011-04-15,57.98,60.34,57.63,59.66,1448471
2011-04-18,58.17,58.29,56.54,57.45,1416194
2011-04-19,56.68,58.5,56.34,57.54,1073786
2011-04-20,58.95,61.3,58.7,61.02,1273346
2011-04-21,60.86,62.13,60.6,61.945,795690
2011-04-25,62.78,62.87,60.75,61.82,1212895
2011-04-26,61.62,62.33,61.2424,61.755,694726
2011-04-27,62.02,63.33,60.37,63.32,1295184
2011-04-28,62.75,63.95,61.39,62.67,1518771
2011-04-29,62.89,64.13,62.361,63.66,659364
2011-05-02,63.15,64.8,62.95,62.95,1198171
2011-05-03,62.51,62.7,59.85,60.68,1264124
2011-05-04,60.19,60.42,57.9195,58.35,1350260
2011-05-05,54.97,55.08,47.23,47.84,5536540
2011-05-06,47.72,51.179,46.35,46.86,4382955
2011-05-09,48.15,52.0,47.72,51.6,4158607
2011-05-10,49.97,52.6,49.34,52.12,2875152
2011-05-11,51.07,51.11,46.11,47.67,4948751
2011-05-12,46.15,48.92,44.75,47.5,3850855
2011-05-13,47.48,48.31,45.7,47.82,3145778
2011-05-16,47.43,48.07,45.47,45.58,2755500
2011-05-17,45.0,45.83,43.75,45.72,3150131
2011-05-18,47.16,49.21,46.73,47.96,3362186
2011-05-19,48.1,48.65,46.58,46.88,1883554
2011-05-20,46.62,48.26,44.44,47.9,3594963
2011-05-23,45.09,46.06,44.41,45.43,2972631
2011-05-24,47.29,47.89,45.83,47.37,2877497
2011-05-25,46.6,49.36,46.59,48.99,2778119
2011-05-26,48.74,49.08,47.43,48.08,2194929
2011-05-27,48.49,48.74,47.89,48.37,1391944
2011-05-31,50.68,50.85,49.58,50.292,2034046
2011-06-01,50.43,50.456,47.6508,47.87,2200269
2011-06-02,48.23,48.599,46.2772,48.23,2117363
2011-06-03,46.43,48.36,46.24,48.19,1706013
2011-06-06,47.61,47.72,46.35,46.65,2019706
2011-06-07,46.56,47.37,45.6,46.74,1735591
2011-06-08,47.45,49.43,47.45,48.589,2041291
2011-06-09,48.85,49.96,48.42,49.2768,1325176
2011-06-10,47.99,48.0399,46.36,46.81,1897435
2011-06-13,45.95,46.71,44.0574,44.82,2537044
2011-06-14,45.16,46.93,45.1,46.69,2483762
2011-06-15,46.26,47.34,41.92,43.11,3880651
2011-06-16,42.81,43.13,42.2,42.64,2200002
2011-06-17,41.14,41.79,39.94,40.87,4569197
2011-06-20,40.6,41.36,40.25,41.14,1804280
2011-06-21,41.59,42.2356,40.5,41.22,3063593
2011-06-22,41.72,43.0,41.58,41.98,2827688
2011-06-23,39.01,39.71,37.77,39.49,5424597
2011-06-24,38.81,39.2418,37.89,39.04,2589262
2011-06-27,38.04,39.07,37.681,38.68,3630223
2011-06-28,39.29,40.52,38.85,40.47,2217181
2011-06-29,40.56,42.97,40.47,42.21,3769260
2011-06-30,42.16,42.94,41.2848,42.18,2073924
2011-07-01,41.57,42.59,40.91,42.0,2182845
2011-07-05,43.23,44.4,42.8,43.8,3924847
2011-07-06,43.82,44.19,43.14,43.61,1981609
2011-07-07,45.27,46.11,44.76,45.28,3844789
2011-07-08,43.84,44.038,42.66,43.34,2777498
2011-07-11,42.17,42.97,41.38,42.15,2713265
2011-07-12,41.88,44.27,41.5,43.66,2793097
2011-07-13,43.86,45.8,43.42,44.59,2951957
2011-07-14,45.34,45.52,41.6,42.69,4689834
2011-07-15,43.32,44.4,43.3,44.01,2966902
2011-07-18,43.06,43.11,41.66,42.76,3527382
2011-07-19,44.1,45.15,44.01,44.32,2279873
2011-07-20,44.95,45.15,43.31,44.67,1932198
2011-07-21,45.12,46.22,44.8,45.41,3104569
2011-07-22,45.1,46.25,44.87,45.9016,1445465
2011-07-25,44.9,45.86,44.75,45.27,1395037
2011-07-26,44.97,46.64,44.05,45.59,2906924
2011-07-27,44.74,44.85,43.55,43.66,3345978
2011-07-28,43.77,44.25,43.22,43.49,2385326
2011-07-29,42.0,42.75,41.86,42.41,2608564
2011-08-01,44.545,44.7068,40.2,41.877,4716986
2011-08-02,41.02,42.16,39.98,40.1,3743738
2011-08-03,40.12,40.25,38.32,38.94,4291913
2011-08-04,38.37,38.44,33.9592,34.27,7161666
2011-08-05,34.78,35.4558,32.64,34.71,4735392
2011-08-08,31.88,32.75,29.43,29.76,7487231
2011-08-09,30.83,31.29,27.57,29.93,5622858
2011-08-10,29.7,31.4,28.84,30.22,5071740
2011-08-11,31.06,33.44,30.44,33.03,4404332
2011-08-12,34.09,34.52,32.691,32.89,3102496
2011-08-15,33.74,34.95,33.68,34.77,2339707
2011-08-16,33.81,34.8,33.25,34.0,5072580
2011-08-17,35.13,35.6,34.19,34.39,4572364
2011-08-18,32.41,32.54,29.53,29.87,5013649
2011-08-19,29.39,31.34,29.3598,30.6,2735248
2011-08-22,31.66,32.04,30.05,31.65,4538242
2011-08-23,32.0,33.27,31.01,33.04,3346420
2011-08-24,32.73,33.41,32.07,32.41,2845354
2011-08-25,33.12,33.42,30.78,32.19,5643871
2011-08-26,31.84,32.7,30.68,32.49,4335116
2011-08-29,34.07,34.156,33.5132,34.04,2125736
2011-08-30,34.14,35.38,33.59,35.06,3227189
2011-08-31,34.8,35.65,34.64,35.18,2749950
2011-09-01,35.1,35.95,34.79,35.09,2131111
2011-09-02,32.89,34.0,32.45,33.43,1964389
2011-09-06,31.39,33.359,31.35,33.28,2233459
2011-09-07,34.13,35.66,33.98,35.34,1721499
2011-09-08,35.3,36.04,34.79,34.94,2064176
2011-09-09,33.34,33.92,32.46,33.64,1711216
2011-09-12,33.12,34.98,33.09,34.74,1270781
2011-09-13,35.24,36.13,34.75,35.68,1154866
2011-09-14,35.4,35.649,34.34,34.64,1011960
2011-09-15,35.46,35.89,35.06,35.16,802426
2011-09-16,35.29,35.43,33.49,34.2301,1272866
2011-09-19,32.48,32.87,31.73,32.57,2558663
2011-09-20,32.62,33.8,32.37,32.781,2424704
2011-09-21,32.9,34.02,31.81,31.81,2463605
2011-09-22,28.82,29.678,27.8,28.29,5048071
2011-09-23,27.61,28.62,27.33,28.26,2365838
2011-09-26,27.6,28.98,26.681,28.9,2413568
2011-09-27,30.1,31.35,30.05,30.54,3667069
2011-09-28,30.53,30.7398,28.2796,28.43,2159266
2011-09-29,30.07,30.7,29.15,29.75,2916014
2011-09-30,28.09,28.95,27.01,27.09,3473450
2011-10-03,26.13,27.6095,25.66,25.68,3547788
2011-10-04,25.1,26.47,24.58,25.96,4988129
2011-10-05,26.21,27.6301,25.75,27.54,3509118
2011-10-06,27.35,29.73,27.13,29.5,4635146
2011-10-07,30.0,30.37,28.65,29.71,3728321
2011-10-10,30.94,32.02,30.88,31.87,2861072
2011-10-11,31.17,32.45,30.78,31.49,2267387
2011-10-12,31.94,32.31,31.282,31.32,1908219
2011-10-13,30.69,31.46,29.94,30.8,2018460
2011-10-14,32.68,32.96,32.07,32.93,1786418
2011-10-17,32.52,32.6776,31.9,32.29,1099433
2011-10-18,32.65,34.2,31.7,33.7,2405814
2011-10-19,33.64,34.53,31.8,32.05,2689697
2011-10-20,31.82,32.2364,30.47,31.98,2194511
2011-10-21,33.03,33.86,32.37,32.92,1831965
2011-10-24,33.28,35.9,33.27,35.68,3290434
2011-10-25,36.97,37.76,36.15,36.54,2629014
2011-10-26,36.7,36.79,34.5793,35.21,1895560
2011-10-27,37.06,37.75,36.49,37.37,1835275
2011-10-28,36.29,37.38,36.1501,37.12,1264638
2011-10-31,35.83,37.1404,35.5,36.47,948930
2011-11-01,34.13,36.1,33.96,35.37,1960009
2011-11-02,37.01,37.22,35.7048,36.21,1515277
2011-11-03,37.14,37.93,36.3148,37.53,1189201
2011-11-04,37.55,37.95,36.7,37.86,981553
2011-11-07,38.5,39.23,37.89,39.19,1307435
2011-11-08,39.55,39.95,38.86,39.88,1004084
2011-11-09,38.7,40.59,37.98,39.07,2484454
2011-11-10,40.34,41.0,39.49,40.5,2884910
2011-11-11,40.86,41.7,40.86,41.61,1519098
2011-11-14,41.05,41.25,40.18,40.87,1231234
2011-11-15,41.41,42.38,41.18,42.03,1874869
2011-11-16,44.08,44.95,43.48,44.02,5657859
2011-11-17,43.46,43.76,41.02,41.55,3151886
2011-11-18,41.89,42.0,39.65,40.63,2576632
2011-11-21,39.76,40.32,38.44,40.25,2377262
2011-11-22,40.48,41.27,39.61,40.6,1604997
2011-11-23,39.15,39.86,38.51,39.21,1688652
2011-11-25,39.03,40.24,38.7848,39.41,879071
2011-11-28,41.66,41.81,39.98,40.68,2322225
2011-11-29,41.45,42.4776,41.12,42.14,1554384
2011-11-30,43.31,43.71,42.514,42.62,1823075
2011-12-01,42.39,43.31,41.39,42.37,960142
2011-12-02,42.95,43.36,42.15,43.19,1395434
2011-12-05,44.18,44.2662,42.55,43.19,1069261
2011-12-06,42.92,43.51,42.6,43.13,737014
2011-12-07,43.38,43.52,42.04,42.77,1338393
2011-12-08,42.14,42.4,40.41,40.44,1470580
2011-12-09,40.5,42.0371,40.35,42.02,1662264
2011-12-12,40.82,40.94,40.25,40.74,739236
2011-12-13,41.08,43.25,41.08,42.19,991595
2011-12-14,39.64,40.0298,37.43,38.01,3355540
2011-12-15,38.53,38.63,36.8124,36.98,1242082
2011-12-16,37.12,37.7,36.12,37.19,1238213
2011-12-19,37.48,37.59,36.54,37.03,1069445
2011-12-20,39.32,39.94,39.19,39.82,1129140
2011-12-21,40.1,41.25,39.74,40.96,1553414
2011-12-22,41.32,41.89,41.2,41.37,643952
2011-12-23,41.77,42.01,41.49,41.76,582401
2011-12-27,41.75,43.28,41.71,42.98,767513
2011-12-28,42.59,42.62,41.07,41.43,857951
2011-12-29,41.55,41.67,40.44,41.59,702454
2011-12-30,40.95,41.74,40.7,40.94,811398
2012-01-03,43.39,44.46,43.36,44.36,2417056
2012-01-04,43.93,44.92,43.65,44.54,1371296
2012-01-05,43.89,44.7,43.05,43.19,1832621
2012-01-06,43.67,43.67,42.53,43.37,1203054
2012-01-09,43.1,43.12,41.9,42.97,1171307
2012-01-10,44.14,44.411,43.56,43.63,1073852
2012-01-11,43.03,43.52,42.2675,42.7,1479123
2012-01-12,43.51,44.31,40.58,40.82,2557186
2012-01-13,40.46,41.12,39.92,41.06,1450706
2012-01-17,41.93,42.45,41.35,42.37,1409739
2012-01-18,42.56,42.86,41.59,42.46,1428734
2012-01-19,42.99,43.05,41.7,42.13,1077160
2012-01-20,40.98,41.028,39.95,40.22,2199812
2012-01-23,40.68,41.74,40.57,41.41,1412019
2012-01-24,40.19,41.08,40.12,40.88,1338354
2012-01-25,40.25,41.86,39.52,41.39,2642561
2012-01-26,42.63,42.68,40.9,41.41,1469290
2012-01-27,41.19,42.05,40.81,41.25,1141174
2012-01-30,40.48,41.22,40.24,40.68,1924577
2012-01-31,42.39,42.41,39.79,40.25,2626228
2012-02-01,40.88,41.09,39.26,39.36,2301897
2012-02-02,38.89,39.17,37.82,38.76,2857142
2012-02-03,39.02,39.89,38.66,39.72,2661898
2012-02-06,39.22,39.6,38.75,39.23,1519565
2012-02-07,38.64,40.85,38.59,40.5,2500309
2012-02-08,41.35,41.528,39.92,40.67,2541462
2012-02-09,41.4,41.6,40.89,41.24,1623083
2012-02-10,39.62,40.6,39.52,40.55,1752058
2012-02-13,41.6,42.14,40.842,41.9,2033180
2012-02-14,42.73,42.79,41.61,42.26,1786848
2012-02-15,42.72,42.95,42.35,42.95,1366876
2012-02-16,42.67,43.5,42.482,43.21,1376670
2012-02-17,44.14,44.24,43.53,44.17,1910131
2012-02-21,45.08,46.439,44.87,46.09,2311518
2012-02-22,45.9,46.7,45.7527,46.1,1507763
2012-02-23,46.0,47.88,45.57,47.79,1810451
2012-02-24,48.33,49.38,47.64,49.26,3033212
2012-02-27,48.19,48.94,47.071,47.49,2227649
2012-02-28,47.81,48.35,46.18,46.48,1361992
2012-02-29,46.61,47.08,44.93,46.75,2109085
2012-03-01,47.29,49.86,46.5,48.58,3025353
2012-03-02,47.56,47.64,45.73,46.5,2255676
2012-03-05,46.79,46.91,45.95,46.86,1082505
2012-03-06,44.94,45.62,44.67,44.99,2201122
2012-03-07,44.8,46.36,44.56,46.03,1909596
2012-03-08,46.24,46.95,45.79,46.51,988297
2012-03-09,46.57,47.76,46.35,47.19,1176727
2012-03-12,45.91,46.4,45.35,46.25,905393
2012-03-13,45.98,47.08,45.65,46.48,910855
2012-03-14,46.17,46.79,45.16,45.61,1224778
2012-03-15,45.6,45.93,44.02,45.28,2299076
2012-03-16,45.6796,47.0,45.44,47.0,1223337
2012-03-19,47.35,47.78,47.05,47.5882,1047403
2012-03-20,46.44,46.46,45.17,45.65,1551023
2012-03-21,45.84,46.81,45.6,46.1,1053827
2012-03-22,44.38,45.0,44.12,44.92,1735891
2012-03-23,45.08,47.3,44.7,46.09,1988912
2012-03-26,46.18,46.47,45.901,46.32,835030
2012-03-27,46.51,46.84,45.83,46.19,817746
2012-03-28,44.9,45.03,44.25,45.01,1581038
2012-03-29,44.69,44.87,42.072,43.02,2666858
2012-03-30,43.21,43.75,42.66,42.91,854889
2012-04-02,42.22,44.81,42.1,44.57,1844968
2012-04-03,44.43,44.58,43.27,43.75,844103
2012-04-04,42.59,42.83,41.18,41.93,1584311
2012-04-05,41.74,43.0411,41.66,42.81,782242
2012-04-09,41.3,42.37,40.91,42.25,1174280
2012-04-10,42.0,42.67,40.81,41.18,1437398
2012-04-11,41.6,42.75,41.37,42.31,1466380
2012-04-12,42.58,43.62,42.5399,43.21,877002
2012-04-13,42.79,42.96,42.32,42.55,565484
2012-04-16,42.5,42.896,41.65,42.58,697976
2012-04-17,43.99,44.11,43.4,43.53,659793
2012-04-18,43.19,43.44,41.9,42.35,1028989
2012-04-19,42.33,42.46,41.5,42.13,675667
2012-04-20,43.25,43.45,42.42,43.0,1093246
2012-04-23,41.6,42.28,41.2199,42.24,927046
2012-04-24,42.93,42.99,42.182,42.51,717547
2012-04-25,42.83,43.4,42.22,42.99,1163073
2012-04-26,43.1,43.67,42.97,43.28,654539
2012-04-27,43.28,43.74,42.96,43.48,578320
2012-04-30,43.04,43.9,42.91,43.62,587160
2012-05-01,43.48,44.88,43.48,44.55,1018206
2012-05-02,44.27,44.4,43.614,44.02,610677
2012-05-03,43.07,43.09,41.58,41.79,1517055
2012-05-04,39.62,39.95,37.67,38.46,3753885
2012-05-07,37.56,38.18,36.85,38.0,1958709
2012-05-08,37.31,37.64,36.15,37.57,1618455
2012-05-09,36.28,37.14,35.87,36.86,1861836
2012-05-10,37.6,37.77,36.94,37.05,1028063
2012-05-11,36.39,37.37,36.2901,36.35,872606
2012-05-14,35.2,35.77,34.88,35.06,1678613
2012-05-15,35.41,35.76,34.291,34.41,1286425
2012-05-16,34.24,35.1,33.73,33.98,1782304
2012-05-17,34.57,34.7,33.58,33.88,791064
2012-05-18,33.65,33.91,32.77,32.8,1150379
2012-05-21,33.24,34.1945,33.07,34.15,1511557
2012-05-22,33.65,33.84,32.66,32.89,1425520
2012-05-23,32.73,32.81,31.28,32.08,1652012
2012-05-24,32.44,32.85,31.92,32.37,921687
2012-05-25,32.28,32.6,32.21,32.31,757218
2012-05-29,32.9,33.32,31.9401,32.33,1052897
2012-05-30,31.02,31.03,29.92,30.065,2038265
2012-05-31,30.13,30.1778,28.88,29.31,1921448
2012-06-01,27.7,27.9801,26.4679,27.2,4366307
2012-06-04,27.05,27.84,26.82,27.78,2354991
2012-06-05,27.48,27.88,27.42,27.74,1108038
2012-06-06,28.35,29.08,28.09,28.43,1933231
2012-06-07,29.51,29.5799,27.49,27.67,2515090
2012-06-08,26.74,28.0,26.67,27.78,3907777
2012-06-11,27.99,27.99,25.88,25.95,2643761
2012-06-12,26.98,27.37,26.643,27.13,1640659
2012-06-13,26.5,27.53,26.37,26.61,2228394
2012-06-14,26.76,27.78,26.49,27.65,1612256
2012-06-15,27.51,27.78,27.19,27.52,968602
2012-06-18,26.45,27.484,26.3,27.01,1576110
2012-06-19,27.72,27.83,27.3,27.62,1386930
2012-06-20,27.41,27.42,25.42,25.63,5295527
2012-06-21,25.29,25.44,23.62,23.82,5488667
2012-06-22,24.0,25.0,23.83,24.87,2850070
2012-06-25,24.16,24.47,23.59,24.43,2573183
2012-06-26,24.36,24.59,23.82,24.4,1527176
2012-06-27,24.91,25.28,24.65,25.07,2204710
2012-06-28,24.63,24.756,23.13,23.91,4307931
2012-06-29,25.92,27.94,25.6,27.54,8646469
2012-07-02,26.87,27.33,25.84,26.9,3099460
2012-07-03,29.045,29.65,28.76,29.4,4167947
2012-07-05,28.99,29.64,28.6,28.86,2155265
2012-07-06,27.38,27.74,26.995,27.08,2304600
2012-07-09,27.3,28.54,27.18,28.02,2037728
2012-07-10,28.04,28.08,26.74,26.99,1967790
2012-07-11,27.65,28.52,27.39,28.28,3201345
2012-07-12,27.47,28.4469,27.07,28.1,1589601
2012-07-13,28.43,29.27,28.41,28.93,1988553
2012-07-16,29.15,29.83,28.77,29.7,1646260
2012-07-17,30.22,30.46,29.13,30.11,2321789
2012-07-18,30.35,30.84,30.18,30.72,1749051
2012-07-19,31.74,32.82,31.69,32.43,2820063
2012-07-20,31.55,32.07,31.21,31.68,1909156
2012-07-23,29.46,30.41,29.14,29.45,2563300
2012-07-24,29.61,29.9,29.14,29.66,1699675
2012-07-25,29.59,30.08,28.43,29.79,3013696
2012-07-26,30.55,30.75,29.89,30.09,1939311
2012-07-27,30.31,30.8101,30.08,30.55,2040269
2012-07-30,30.49,30.74,30.07,30.184,1449709
2012-07-31,30.21,30.29,28.78,28.87,1933031
2012-08-01,29.45,30.13,29.12,29.66,2031215
2012-08-02,28.65,29.46,28.4,28.73,1828107
2012-08-03,30.29,31.56,30.19,31.18,4133382
2012-08-06,31.0,31.99,30.9,31.86,1905939
2012-08-07,32.32,33.44,32.12,32.76,2273176
2012-08-08,33.01,33.65,32.4,32.69,1944451
2012-08-09,32.86,33.28,32.58,32.87,919581
2012-08-10,31.96,32.71,31.7199,32.71,1105116
2012-08-13,32.88,32.9484,31.8,32.32,1282920
2012-08-14,32.75,33.09,32.4689,32.81,880802
2012-08-15,32.45,33.79,32.4,33.27,1628013
2012-08-16,33.54,34.35,33.234,33.91,1587434
2012-08-17,34.34,34.72,33.9,34.72,1625525
2012-08-20,34.49,34.58,33.85,34.53,1135257
2012-08-21,35.47,35.66,34.73,34.815,1539442
2012-08-22,34.8,35.43,34.67,35.22,1621723
2012-08-23,35.53,35.71,34.18,34.43,1676667
2012-08-24,34.7,35.18,34.1,34.23,1732439
2012-08-27,33.79,34.13,33.2,34.1,2548526
2012-08-28,34.3,34.64,33.94,34.42,1748602
2012-08-29,34.33,34.35,33.45,33.66,1616340
2012-08-30,33.72,33.81,32.89,33.45,1364612
2012-08-31,34.59,34.93,33.56,34.57,1903760
2012-09-04,34.73,34.8,33.6,33.92,1999770
2012-09-05,33.8,34.05,33.09,33.99,1747879
2012-09-06,34.79,35.48,33.39,33.39,2788386
2012-09-07,33.82,34.81,32.95,34.55,2270825
2012-09-10,34.09,34.75,33.95,34.51,1048568
2012-09-11,35.04,35.23,34.74,35.03,846097
2012-09-12,35.17,35.36,34.75,34.94,1287453
2012-09-13,35.92,36.038,34.64,35.78,2668984
2012-09-14,36.67,37.11,36.09,36.47,2432458
2012-09-17,36.54,36.8158,33.3,34.31,5444005
2012-09-18,34.41,34.71,33.64,33.98,2774701
2012-09-19,32.8,32.84,30.92,31.2,5883304
2012-09-20,31.18,31.98,31.01,31.98,2535228
2012-09-21,32.13,32.37,31.65,31.93,2244846
2012-09-24,31.04,31.28,30.59,31.17,2196595
2012-09-25,31.62,31.95,30.57,30.57,1945700
2012-09-26,30.1,30.1,29.18,29.86,3086727
2012-09-27,30.65,31.4499,30.41,31.29,2224740
2012-09-28,31.14,31.49,30.819,31.21,1084546
2012-10-01,31.81,32.06,31.2617,31.43,1240189
2012-10-02,31.64,31.674,30.97,30.99,1011084
2012-10-03,30.23,30.23,28.3,28.48,7355257
2012-10-04,29.12,30.95,28.92,30.76,4798054
2012-10-05,30.3,30.34,29.06,29.69,3595811
2012-10-08,29.28,29.64,29.1,29.5,1382102
2012-10-09,29.91,31.6,29.85,31.1,3936832
2012-10-10,31.26,32.09,30.35,30.575,3141732
2012-10-11,31.32,31.61,30.74,31.32,2116747
2012-10-12,31.12,31.45,30.44,30.87,1484931
2012-10-15,30.16,31.07,29.62,30.87,2262820
2012-10-16,30.74,31.18,30.67,31.05,1116279
2012-10-17,31.33,31.56,30.74,31.0184,1210659
2012-10-18,30.39,31.3899,30.18,31.01,1628201
2012-10-19,31.62,31.68,29.59,29.7,3222303
2012-10-22,29.62,29.82,28.53,28.91,4579860
2012-10-23,27.595,27.65,26.73,27.29,6739065
2012-10-24,27.14,27.28,26.25,26.69,5512416
2012-10-25,27.19,27.24,26.43,26.96,3187925
2012-10-26,26.74,27.07,26.6,26.94,2418719
2012-10-31,27.011,27.57,26.8,26.9,2534146
2012-11-01,27.03,27.681,26.89,27.37,2132862
2012-11-02,27.22,27.23,26.04,26.2079,3575008
2012-11-05,26.27,26.75,26.11,26.65,1450166
2012-11-06,27.17,28.77,26.86,28.22,4070696
2012-11-07,27.19,27.25,25.53,25.887,7261290
2012-11-08,26.02,26.3903,25.64,26.06,3086064
2012-11-09,26.07,27.15,25.99,26.76,3321533
2012-11-12,26.77,27.021,26.27,26.46,1641764
2012-11-13,26.0,26.68,25.95,26.21,2889451
2012-11-14,26.4,27.05,26.15,26.79,3241613
2012-11-15,27.05,27.15,25.849,26.35,3286647
2012-11-16,26.85,27.2299,26.55,27.04,2564501
2012-11-19,28.03,28.71,27.99,28.28,3663094
2012-11-20,27.82,28.05,26.43,27.02,3578859
2012-11-21,27.1,27.4199,26.57,27.33,1908466
2012-11-23,27.28,27.89,27.28,27.67,943178
2012-11-26,27.2,27.5285,27.1015,27.44,903951
2012-11-27,27.31,27.49,26.83,27.04,1506135
2012-11-28,26.05,26.78,25.93,26.75,3196453
2012-11-29,27.8,27.97,27.31,27.37,3077739
2012-11-30,27.75,28.15,27.67,28.05,2010828
2012-12-03,28.88,28.9936,28.0,28.1123,1679678
2012-12-04,27.5,28.08,27.37,27.79,951619
2012-12-05,27.77,27.89,27.19,27.42,1473125
2012-12-06,26.65,26.82,26.11,26.55,4307565
2012-12-07,26.55,26.68,26.1899,26.35,1714649
2012-12-10,26.53,26.66,25.9,26.1,1774283
2012-12-11,26.14,26.25,25.83,26.22,2334043
2012-12-12,26.85,27.28,26.32,26.71,4083288
2012-12-13,26.42,26.82,26.15,26.4,1382167
2012-12-14,26.44,26.7504,26.33,26.73,1329635
2012-12-17,26.77,27.18,26.74,27.02,1045767
2012-12-18,27.2,27.46,26.91,27.36,1171792
2012-12-19,27.44,28.47,27.3754,28.16,2943068
2012-12-20,28.1,28.64,27.97,28.23,1474549
2012-12-21,27.29,27.65,27.07,27.63,1456476
2012-12-24,27.36,27.46,27.23,27.45,368921
2012-12-26,28.79,29.08,28.58,28.93,2175044
2012-12-27,28.99,29.06,28.2999,28.98,1637867
2012-12-28,28.99,29.13,28.47,28.78,1356809
2012-12-31,28.49,29.47,28.47,29.32,1287901
2013-01-02,30.45,30.53,29.85,30.0799,2613379
2013-01-03,30.131,30.29,29.86,29.88,1103282
2013-01-04,29.85,30.1901,29.61,30.15,1199605
2013-01-07,29.93,30.33,29.8739,30.24,733549
2013-01-08,30.44,30.46,29.912,30.3,775130
2013-01-09,30.32,30.53,29.92,30.19,862667
2013-01-10,30.89,30.96,30.5,30.7,1625776
2013-01-11,30.2,30.59,29.87,30.51,813294
2013-01-14,30.6,30.92,30.09,30.9,1161271
2013-01-15,30.86,30.87,30.259900000000002,30.38,858185
2013-01-16,30.46,30.97,30.33,30.84,1410661
2013-01-17,31.62,32.0801,31.482,31.61,2098850
2013-01-18,31.65,31.84,31.36,31.78,753643
2013-01-22,31.88,32.34,31.76,32.19,1142496
2013-01-23,32.05,32.23,31.07,31.51,1277006
2013-01-24,31.8,32.19,31.63,31.73,806469
2013-01-25,31.98,32.03,31.38,31.73,689231
2013-01-28,32.13,32.16,31.41,32.06,1213935
2013-01-29,32.5,32.95,32.31,32.72,1420537
2013-01-30,32.96,33.15,32.63,33.1,1035132
2013-01-31,32.48,32.83,32.39,32.75,551770
2013-02-01,32.23,33.17,32.08,32.81,1295222
2013-02-04,31.98,32.32,31.66,31.81,1052444
2013-02-05,32.25,32.43,32.09,32.19,708037
2013-02-06,31.36,32.3799,31.29,32.29,1118913
2013-02-07,32.39,32.43,31.4205,31.62,1007893
2013-02-08,31.95,32.08,31.25,31.59,895480
2013-02-11,31.36,32.41,31.1715,32.34,967440
2013-02-12,32.59,32.846,32.48,32.65,1374189
2013-02-13,32.94,33.0399,32.14,32.47,784093
2013-02-14,32.62,32.82,32.42,32.64,476611
2013-02-15,31.6,31.67,31.19,31.67,1439518
2013-02-19,31.45,32.0197,31.3,31.96,915877
2013-02-20,32.06,32.13,30.11,30.56,2102799
2013-02-21,29.39,29.75,29.14,29.28,2078645
2013-02-22,29.27,29.59,29.03,29.57,1038677
2013-02-25,29.74,29.82,28.78,28.89,1298908
2013-02-26,29.26,29.58,28.79,29.09,950350
2013-02-27,28.94,29.52,28.87,29.2,846326
2013-02-28,29.16,29.36,28.4201,28.63,1311572
2013-03-01,27.93,28.13,27.5,28.06,2107233
2013-03-04,27.82,27.82,27.08,27.5,1863107
2013-03-05,27.74,28.07,27.51,27.98,1413387
2013-03-06,27.79,27.81,27.22,27.75,1652419
2013-03-07,28.08,28.52,28.0201,28.45,1509603
2013-03-08,28.31,28.7,28.09,28.61,1218230
2013-03-11,28.28,28.78,28.02,28.6,673704
2013-03-12,29.3,29.58,28.91,28.98,1986064
2013-03-13,29.39,29.49,28.58,28.87,1416969
2013-03-14,28.95,29.33,28.94,29.25,577960
2013-03-15,29.55,29.64,29.25,29.54,879434
2013-03-18,28.57,29.83,28.511,29.62,1362299
2013-03-19,29.7,29.79,28.61,28.68,1336451
2013-03-20,29.22,29.36,28.68,29.25,1209808
2013-03-21,28.9,29.23,28.271,28.63,1676468
2013-03-22,29.06,29.53,28.71,29.5,1817333
2013-03-25,30.0,30.63,29.6201,29.93,1323872
2013-03-26,30.66,31.1585,30.39,30.99,1924547
2013-03-27,30.76,31.39,30.61,31.18,1331677
2013-03-28,31.29,31.7201,31.17,31.56,533501
2013-04-01,31.0,31.5615,30.81,31.44,715051
2013-04-02,30.92,31.78,30.92,31.375,837815
2013-04-03,31.38,31.43,29.67,29.8,1674013
2013-04-04,28.85,29.52,28.3801,29.17,2332653
2013-04-05,28.58,28.99,28.31,28.94,1287904
2013-04-08,28.99,29.3,28.6,29.3,958558
2013-04-09,29.02,29.84,28.8499,29.56,903721
2013-04-10,29.37,30.05,29.25,29.89,1328818
2013-04-11,29.67,29.78,28.96,29.23,1019965
2013-04-12,28.02,28.21,27.3,27.69,3585700
2013-04-15,26.7,26.82,25.83,25.91,4370075
2013-04-16,26.14,26.44,25.67,26.35,3361243
2013-04-17,25.73,25.84,24.75,25.07,4704073
2013-04-18,25.38,26.11,24.88,26.09,3023576
2013-04-19,25.78,26.01,25.57,25.72,1478111
2013-04-22,26.07,26.55,25.51,26.4,1801399
2013-04-23,25.91,26.52,25.81,26.48,1655590
2013-04-24,26.73,27.8,26.69,27.78,2505027
2013-04-25,27.62,29.14,27.53,28.75,3201050
2013-04-26,28.73,28.87,28.04,28.55,1916508
2013-04-29,28.91,29.61,28.72,29.37,1728799
2013-04-30,29.41,29.44,28.539,28.59,2090616
2013-05-01,27.27,27.56,26.8,27.29,3913304
2013-05-02,27.58,29.28,27.54,29.13,3788140
2013-05-03,29.79,30.38,29.66,30.02,3910077
2013-05-06,29.96,30.53,29.68,30.28,1547845
2013-05-07,30.22,30.55,29.72,30.05,1359674
2013-05-08,30.37,30.8601,30.2199,30.705,1464493
2013-05-09,30.36,30.69,29.98,30.31,1567693
2013-05-10,29.31,30.52,28.73,30.295,3306078
2013-05-13,29.9,30.18,29.42,29.76,2322374
2013-05-14,29.61,29.89,29.06,29.24,1549513
2013-05-15,28.41,29.4,28.0,29.345,3391242
2013-05-16,29.46,30.1,29.2,29.78,2186456
2013-05-17,30.43,30.52,29.77,30.37,2239883
2013-05-20,30.15,31.061,30.02,30.77,2262518
2013-05-21,30.66,30.8199,30.038,30.23,1697202
2013-05-22,29.66,30.2,28.98,29.11,2640410
2013-05-23,28.09,29.24,27.86,29.21,3959654
2013-05-24,28.53,29.13,28.42,28.95,1570586
2013-05-28,30.02,30.1,29.5,29.58,1660258
2013-05-29,29.46,31.3,28.25,31.3,2885692
2013-05-30,27.81,28.95,27.6,28.68,4479329
2013-05-31,28.11,28.45,27.48,27.6299,2826431
2013-06-03,28.14,28.73,27.91,28.49,2244320
2013-06-04,28.25,29.17,27.934,28.58,2844942
2013-06-05,28.93,29.196,28.66,28.7,1980918
2013-06-06,29.2,29.72,29.13,29.27,2400535
2013-06-07,28.9,30.3799,28.75,30.21,2591726
2013-06-10,29.82,30.14,29.65,29.97,889538
2013-06-11,29.16,29.8,29.09,29.66,1429337
2013-06-12,30.15,30.38,29.82,29.98,1289724
2013-06-13,29.8,30.68,29.78,30.52,918825
2013-06-14,31.31,31.43,31.07,31.24,1438598
2013-06-17,31.52,31.8,31.06,31.3,1059022
2013-06-18,31.51,31.77,31.24,31.66,1050290
2013-06-19,31.69,31.87,31.12,31.42,1046055
2013-06-20,29.91,30.0,29.07,29.27,2159995
2013-06-21,29.22,29.34,28.1,28.53,3156431
2013-06-24,28.18,29.55,28.09,29.14,2002206
2013-06-25,29.63,29.77,29.04,29.33,1113613
2013-06-26,29.51,29.63,28.44,29.45,1407420
2013-06-27,29.81,30.66,29.7,30.35,1913730
2013-06-28,30.55,30.78,30.0,30.11,1139725
2013-07-01,30.88,31.18,30.59,30.94,1115353
2013-07-02,31.35,32.16,31.31,31.88,1553957
2013-07-03,33.17,33.67,32.651,33.09,2331138
2013-07-05,33.49,34.4401,33.25,34.39,1603261
2013-07-08,33.9,34.62,33.77,34.14,2053713
2013-07-09,34.1,34.72,33.97,34.67,1678444
2013-07-10,35.57,36.19,35.23,35.78,2410695
2013-07-11,35.63,35.6701,34.81,35.05,2141288
2013-07-12,35.6,36.18,35.08,36.09,1321078
2013-07-15,35.7,36.47,35.69,36.35,771121
2013-07-16,36.49,36.5532,35.92,35.96,1021062
2013-07-17,36.17,36.6101,35.96,36.55,1313817
2013-07-18,36.8,37.8301,36.8,37.59,1387525
2013-07-19,38.1,38.14,36.97,37.86,2774648
2013-07-22,37.59,37.69,36.66,36.78,2038328
2013-07-23,36.42,37.3,36.39,37.09,1257799
2013-07-24,36.69,36.96,35.48,35.79,2008090
2013-07-25,35.8,36.21,35.0038,36.1,1340182
2013-07-26,35.73,35.75,34.88,35.43,882207
2013-07-29,35.58,35.72,34.99,35.24,847106
2013-07-30,34.84,34.84,34.078,34.38,1389836
2013-07-31,34.47,35.79,34.23,35.66,1958972
2013-08-01,37.08,37.67,37.02,37.41,1621273
2013-08-02,37.02,37.1,36.5699,36.79,922928
2013-08-05,36.2,37.0,36.16,36.59,791528
2013-08-06,36.46,36.52,35.4806,35.87,1051244
2013-08-07,35.52,35.93,34.96,34.97,1398378
2013-08-08,34.52,34.74,33.74,34.7,1615580
2013-08-09,35.09,36.2,35.06,36.11,1348236
2013-08-12,35.8,36.44,35.47,36.42,529057
2013-08-13,36.37,37.01,36.08,36.67,753846
2013-08-14,36.64,37.14,36.28,37.05,596610
2013-08-15,37.5,37.64,36.92,37.4,549708
2013-08-16,37.62,38.06,37.17,37.91,381044
2013-08-19,37.59,37.95,37.26,37.38,509792
2013-08-20,36.61,37.55,36.125,36.36,747953
2013-08-21,36.23,36.36,35.406,35.67,531935
2013-08-22,35.72,36.38,35.58,36.27,373983
2013-08-23,36.17,37.45,35.84,37.08,706510
2013-08-26,37.07,37.3,36.72,37.18,517124
2013-08-27,38.96,39.25,38.63,38.94,1358417
2013-08-28,39.57,40.02,39.15,39.26,1336879
2013-08-29,39.29,39.79,38.13,38.32,1126286
2013-08-30,38.3,38.89,37.65,38.22,749153
2013-09-03,37.82,38.9,37.72,38.68,498608
2013-09-04,37.9,38.33,37.53,37.87,429084
2013-09-05,38.27,38.72,37.83,38.52,580411
2013-09-06,39.23,39.98,39.16,39.61,1545371
2013-09-09,39.38,39.61,38.55,38.75,1324290
2013-09-10,37.28,37.79,37.01,37.585,1304462
2013-09-11,37.89,38.07,37.37,37.88,643362
2013-09-12,38.1,38.898,38.04,38.6,670480
2013-09-13,37.85,38.63,37.63,38.57,791110
2013-09-16,37.4,37.92,37.1,37.11,701519
2013-09-17,36.86,36.94,36.18,36.38,1301382
2013-09-18,36.72,38.4667,36.56,38.22,1876860
2013-09-19,37.99,38.1,36.96,37.01,1221351
2013-09-20,36.81,37.23,36.21,36.43,2820008
2013-09-23,35.58,35.84,35.26,35.47,1758771
2013-09-24,35.06,35.544,34.7,35.42,2152269
2013-09-25,35.54,35.64,34.64,34.74,1428921
2013-09-26,35.06,35.3,34.76,35.12,872532
2013-09-27,35.1,35.7,34.8,34.92,1762490
2013-09-30,34.0,35.0,33.85,34.73,2611403
2013-10-01,34.26,34.59,33.86,34.35,1529302
2013-10-02,34.36,35.98,34.18,35.71,3084719
2013-10-03,36.01,36.089,35.07,35.17,1697880
2013-10-04,35.77,35.94,35.36,35.52,900225
2013-10-07,34.53,35.64,34.36,35.17,892622
2013-10-08,35.66,35.85,35.37,35.48,627296
2013-10-09,34.73,34.87,33.91,34.09,1250777
2013-10-10,34.21,35.51,34.12,35.15,1554456
2013-10-11,34.06,34.7601,34.005,34.62,1880978
2013-10-14,34.47,35.09,34.25,34.83,1282439
2013-10-15,34.42,34.82,34.08,34.08,1164081
2013-10-16,34.42,35.46,34.3301,34.94,1607631
2013-10-17,34.18,34.31,33.49,33.9,1797041
2013-10-18,34.23,34.31,33.91,34.1,703889
2013-10-21,33.79,33.91,33.06,33.28,1173885
2013-10-22,33.37,33.65,32.3101,32.39,1361244
2013-10-23,31.21,31.82,31.01,31.48,1923399
2013-10-24,31.05,31.66,30.88,31.54,1446289
2013-10-25,31.69,32.17,31.5902,32.15,824537
2013-10-28,32.11,32.68,31.96,32.58,813110
2013-10-29,32.29,32.49,32.13,32.35,611402
2013-10-30,31.76,31.87,31.35,31.42,941468
2013-10-31,31.25,31.6,30.97,31.11,936262
2013-11-01,30.66,30.68,29.95,30.12,1404122
2013-11-04,30.02,30.39,29.945,30.0,1184077
2013-11-05,29.81,29.89,29.141,29.34,1046479
2013-11-06,29.66,30.5601,29.66,30.22,1269029
2013-11-07,29.97,30.02,29.5799,29.85,1047556
2013-11-08,30.06,30.26,29.69,29.94,588064
2013-11-11,29.97,30.53,29.9,30.35,718574
2013-11-12,30.11,30.43,29.04,29.24,1958353
2013-11-13,29.62,30.11,29.48,29.69,887194
2013-11-14,29.33,30.1,28.93,29.78,1515080
2013-11-15,30.0,30.0,29.615,29.68,1124494
2013-11-18,29.72,30.03,29.06,29.2,962917
2013-11-19,29.33,29.5299,28.971,29.38,674136
2013-11-20,29.49,29.67,28.99,29.24,1278832
2013-11-21,29.81,30.44,29.55,30.165,1351738
2013-11-22,30.04,30.21,29.46,29.89,1914259
2013-11-25,29.21,29.739,29.12,29.55,1824063
2013-11-26,29.49,29.63,29.15,29.31,2030896
2013-11-27,28.45,28.53,28.049,28.44,3522018
2013-11-29,28.68,29.33,28.68,28.95,1445332
2013-12-02,28.92,29.44,28.86,29.29,1947844
2013-12-03,29.53,30.77,29.49,30.74,3493902
2013-12-04,31.17,31.64,30.84,31.38,2365681
2013-12-05,31.5,31.91,31.42,31.5,1404249
2013-12-06,31.45,31.76,31.3901,31.72,706082
2013-12-09,31.79,31.83,31.45,31.47,1054869
2013-12-10,32.14,32.23,31.71,32.2,1855403
2013-12-11,31.87,32.08,31.3706,31.52,1126230
2013-12-12,31.8,31.83,31.5,31.52,703061
2013-12-13,31.13,31.28,30.83,30.95,811484
2013-12-16,31.4,31.69,31.35,31.45,784317
2013-12-17,31.59,31.76,31.22,31.25,930005
2013-12-18,31.59,31.79,31.35,31.53,1427741
2013-12-19,31.99,32.57,31.92,32.14,1751274
2013-12-20,32.32,32.59,32.04,32.41,1302947
2013-12-23,32.37,32.477,32.17,32.28,849630
2013-12-24,32.49,32.6499,32.47,32.59,205670
2013-12-26,32.66,32.9,32.6,32.84,567537
2013-12-27,33.19,33.5601,33.12,33.21,1102340
2013-12-30,33.05,33.16,32.56,32.63,809566
2013-12-31,32.18,32.35,31.94,32.22,972246
2014-01-02,31.14,31.14,30.13,30.24,2072530
2014-01-03,30.04,30.09,29.21,29.42,2795719
2014-01-06,29.21,29.38,28.7999,29.1,1829144
2014-01-07,28.97,29.4,28.91,29.16,1662985
2014-01-08,29.05,29.1094,28.23,28.43,2227888
2014-01-09,28.5,28.5,27.615,28.32,3150033
2014-01-10,28.41,28.66,28.0616,28.5,1675891
2014-01-13,28.15,28.27,27.709,27.83,1386272
2014-01-14,28.23,28.56,28.04,28.25,1377684
2014-01-15,28.62,29.6,28.62,29.47,2439273
2014-01-16,29.27,29.38,28.9599,29.24,801382
2014-01-17,29.6,29.62,29.17,29.3,884403
2014-01-21,29.86,29.94,29.407,29.86,1218461
2014-01-22,30.2,30.89,30.17,30.86,1940572
2014-01-23,31.07,31.5001,30.88,31.15,1777583
2014-01-24,31.26,31.26,30.5,30.89,2077258
2014-01-27,30.82,30.97,29.84,30.23,2029813
2014-01-28,30.9,31.37,30.89,31.12,1482877
2014-01-29,30.65,31.43,30.55,31.16,1335102
2014-01-30,31.86,31.97,31.54,31.55,685435
2014-01-31,31.24,31.85,31.19,31.25,1475603
2014-02-03,31.25,31.45,30.48,30.79,1896996
2014-02-04,31.12,31.38,30.96,31.17,885048
2014-02-05,31.35,31.57,30.82,31.07,1157174
2014-02-06,31.9,31.989,31.22,31.44,921986
2014-02-07,31.72,32.962,31.6199,32.84,1758656
2014-02-10,32.86,33.19,32.64,32.77,872917
2014-02-11,32.75,33.04,32.63,32.8,770896
2014-02-12,33.56,33.72,32.97,33.05,911629
2014-02-13,32.91,33.36,32.91,33.19,723063
2014-02-14,32.95,33.41,32.77,33.31,537475
2014-02-18,33.96,34.7001,33.81,34.51,1130339
2014-02-19,34.59,35.14,34.53,34.93,906774
2014-02-20,34.87,35.03,34.67,34.99,705322
2014-02-21,34.77,34.89,34.25,34.63,626022
2014-02-24,34.71,35.49,34.6,34.91,726973
2014-02-25,34.38,34.59,33.94,34.5,669138
2014-02-26,34.75,35.1,34.58,34.79,524664
2014-02-27,34.57,34.88,34.36,34.7,581744
2014-02-28,34.56,35.16,34.4899,34.87,480399
2014-03-03,36.1,36.71,36.01,36.32,1406952
2014-03-04,35.65,35.6999,35.13,35.41,916728
2014-03-05,35.21,35.37,33.88,33.94,1370414
2014-03-06,33.81,34.63,33.42,34.61,1035972
2014-03-07,34.7,35.2,34.68,34.95,611117
2014-03-10,34.05,34.29,33.84,34.02,617062
2014-03-11,33.85,34.01,33.1,33.16,769200
2014-03-12,32.19,32.7,31.74,32.27,1408657
2014-03-13,32.12,32.31,31.9199,32.26,941530
2014-03-14,32.53,32.88,32.27,32.66,810865
2014-03-17,32.33,32.41,31.6118,31.94,742693
2014-03-18,32.07,32.89,32.07,32.75,704119
2014-03-19,32.77,33.09,32.49,32.96,592359
2014-03-20,32.72,33.21,32.31,32.7,707997
2014-03-21,33.04,33.74,33.0141,33.23,995097
2014-03-24,33.75,33.75,33.05,33.14,949655
2014-03-25,33.43,33.74,32.79,33.07,1159774
2014-03-26,33.48,33.87,33.23,33.68,906267
2014-03-27,34.44,34.69,34.33,34.45,671705
2014-03-28,34.93,35.06,34.51,34.62,969008
2014-03-31,34.58,34.86,34.14,34.56,952877
2014-04-01,34.36,34.41,33.1,33.15,1535308
2014-04-02,33.09,33.38,32.79,33.1,1051570
2014-04-03,33.15,33.86,33.1,33.76,728850
2014-04-04,34.35,34.63,34.19,34.29,519306
2014-04-07,33.85,34.42,33.48,33.97,852635
2014-04-08,34.32,35.32,34.06,35.15,726025
2014-04-09,35.29,35.96,35.1499,35.67,309004
2014-04-10,35.67,35.88,35.49,35.6,344426
2014-04-11,35.6,36.22,35.54,35.54,562804
2014-04-14,35.9,36.38,35.8401,36.06,454767
2014-04-15,36.05,36.35,36.0,36.05,354567
2014-04-16,36.79,36.83,35.86,36.27,634705
2014-04-17,36.27,36.81,36.2,36.56,454341
2014-04-21,36.41,36.7,36.35,36.57,292047
2014-04-22,35.8,35.83,35.24,35.44,542486
2014-04-23,35.58,35.68,35.2,35.3,460480
2014-04-24,35.78,35.9,35.51,35.64,387397
2014-04-25,34.73,34.97,34.64,34.73,627210
2014-04-28,34.96,34.98,34.46,34.88,457481
2014-04-29,35.54,35.69,34.84,34.88,587372
2014-04-30,34.0,34.2099,33.82,34.19,710146
2014-05-01,33.63,34.11,33.5,33.86,375648
2014-05-02,33.91,34.27,33.75,34.05,374459
2014-05-05,34.0,34.02,33.45,33.76,189794
2014-05-06,34.06,34.36,33.74,33.78,313237
2014-05-07,34.36,34.69,33.94,34.59,595796
2014-05-08,34.2,34.42,34.1,34.37,167999
2014-05-09,34.75,34.91,34.012,34.24,322521
2014-05-12,34.69,34.81,34.46,34.61,195077
2014-05-13,35.09,35.5,34.81,35.49,232966
2014-05-14,35.78,36.01,35.67,35.7,204076
2014-05-15,35.65,35.65,35.22,35.42,444481
2014-05-16,35.58,35.88,35.54,35.79,332933
2014-05-19,36.17,36.37,36.0,36.14,233886
2014-05-20,36.02,36.4,35.84,36.38,352941
2014-05-21,36.79,37.65,36.79,37.27,586469
2014-05-22,37.52,37.61,37.141,37.35,914626
2014-05-23,37.5,37.81,37.41,37.65,532519
2014-05-27,37.24,37.6,37.14,37.52,338328
2014-05-28,37.23,37.29,36.49,36.62,319397
2014-05-29,36.72,37.39,36.65,37.11,366213
2014-05-30,36.6,36.74,36.29,36.64,306038
2014-06-02,36.35,36.43,36.08,36.3,288177
2014-06-03,36.28,36.59,36.19,36.57,165119
2014-06-04,36.99,37.16,36.29,36.31,343272
2014-06-05,35.86,36.46,35.74,36.38,273583
2014-06-06,36.63,36.65,36.21,36.53,233516
2014-06-09,37.19,37.71,37.14,37.65,401069
2014-06-10,37.89,38.12,37.34,37.8,362429
2014-06-11,37.74,37.95,37.57,37.75,136983
2014-06-12,38.82,39.46,38.67,39.42,564919
2014-06-13,39.42,39.75,39.21,39.39,615179
2014-06-16,39.53,39.72,39.47,39.63,385004
2014-06-17,39.54,40.01,39.28,39.29,894823
2014-06-18,39.62,39.75,39.15,39.45,504382
2014-06-19,39.26,39.86,39.02,39.64,492098
2014-06-20,39.87,40.17,39.79,39.99,500785
2014-06-23,39.97,40.01,39.53,39.75,465232
2014-06-24,39.6,39.94,39.47,39.64,429015
2014-06-25,39.69,40.04,39.26,39.99,529367
2014-06-26,39.64,39.65,38.8875,39.36,409417
2014-06-27,39.62,39.7,39.14,39.43,269022
2014-06-30,39.31,39.37,38.67,39.19,370009
2014-07-01,39.47,39.69,38.66,39.23,316694
2014-07-02,38.79,39.3,38.27,38.33,347602
2014-07-03,38.27,38.3,37.99,38.0,225144
2014-07-07,38.18,38.18,37.64,37.85,222528
2014-07-08,38.09,38.2901,37.51,37.79,751247
2014-07-09,37.27,37.41,36.75,36.89,466894
2014-07-10,36.79,37.5,36.7359,37.38,618223
2014-07-11,36.69,36.84,35.643,35.84,886816
2014-07-14,35.72,36.25,35.5,36.19,827443
2014-07-15,35.23,35.41,34.74,35.3,843188
2014-07-16,35.69,36.2977,35.69,36.18,486175
2014-07-17,37.2,37.3,36.48,37.19,940605
2014-07-18,37.09,37.27,36.84,36.93,603095
2014-07-21,37.15,37.79,37.03,37.7,580458
2014-07-22,37.62,37.63,37.18,37.36,353486
2014-07-23,37.58,38.05,37.49,37.8,445826
2014-07-24,37.86,37.86,37.0001,37.11,484775
2014-07-25,36.5,37.46,36.35,36.99,605534
2014-07-28,36.5,37.12,36.29,36.79,439020
2014-07-29,36.09,36.54,35.92,36.31,644393
2014-07-30,36.67,36.85,35.25,35.38,746216
2014-07-31,35.31,35.459,34.15,34.22,724386
2014-08-01,33.87,34.18,33.59,33.96,604085
2014-08-04,34.0,34.6861,34.0,34.55,317399
2014-08-05,34.24,34.3,33.53,33.9,580927
2014-08-06,34.07,34.2799,33.32,33.52,704881
2014-08-07,33.56,33.99,33.29,33.91,584601
2014-08-08,34.06,34.09,33.6,33.87,764516
2014-08-11,34.05,34.5299,34.02,34.07,373707
2014-08-12,33.58,33.89,33.3,33.63,622660
2014-08-13,33.73,33.97,33.24,33.66,494331
2014-08-14,33.33,33.3867,31.84,31.92,1560245
2014-08-15,32.09,32.8,32.0,32.52,767181
2014-08-18,31.87,31.92,31.42,31.74,856040
2014-08-19,31.68,31.7382,30.98,31.23,911846
2014-08-20,31.49,31.59,31.18,31.44,604185
2014-08-21,31.48,32.13,31.43,31.84,699501
2014-08-22,31.47,31.8,31.2,31.66,570587
2014-08-25,31.41,31.67,31.29,31.53,551335
2014-08-26,31.95,32.12,31.4548,31.76,602503
2014-08-27,31.8,32.03,31.45,31.74,545395
2014-08-28,32.16,32.27,31.75,32.17,530325
2014-08-29,32.55,32.91,32.38,32.89,520096
2014-09-02,32.0,32.16,30.78,31.11,1734637
2014-09-03,31.78,32.79,31.54,32.46,1171773
2014-09-04,32.16,32.45,31.75,32.07,561796
2014-09-05,31.99,32.05,30.9301,31.39,744164
2014-09-08,30.39,31.02,30.285,30.99,1036652
2014-09-09,31.0,31.11,30.5556,30.73,340726
2014-09-10,30.4,30.42,29.7,30.13,1580907
2014-09-11,29.61,31.08,29.52,30.91,1095586
2014-09-12,30.71,31.0674,30.17,30.29,818663
2014-09-15,30.06,30.8,29.99,30.63,484079
2014-09-16,31.05,32.16,31.01,31.87,1058337
2014-09-17,31.84,32.0699,31.24,31.39,958471
2014-09-18,31.72,31.7389,30.61,30.7,787673
2014-09-19,30.53,30.9,30.19,30.63,1006868
2014-09-22,30.35,30.4211,29.7,29.96,1235448
2014-09-23,30.15,30.79,29.95,30.4,1160365
2014-09-24,30.56,31.57,30.17,31.4,2063260
2014-09-25,31.52,31.6,30.76,31.08,832212
2014-09-26,31.23,31.96,31.1,31.67,597737
2014-09-29,31.35,32.49,31.3383,32.34,803256
2014-09-30,32.14,32.2452,29.9432,30.34,2681600
2014-10-01,30.64,31.3278,29.67,29.87,2033751
2014-10-02,29.15,30.33,28.96,30.23,2027531
2014-10-03,29.9,30.03,28.9499,29.17,1713147
2014-10-06,29.19,29.829,28.56,29.66,1031195
2014-10-07,29.17,29.22,28.465,28.62,1182956
2014-10-08,27.98,28.01,27.33,27.84,1970347
2014-10-09,27.27,27.38,26.21,26.34,2477718
2014-10-10,26.38,26.9874,25.76,26.52,1558399
2014-10-13,26.25,26.68,25.7,26.18,956233
2014-10-14,25.96,25.96,23.98,24.21,3081302
2014-10-15,23.94,24.4041,23.41,23.87,3211984
2014-10-16,23.43,25.9,23.18,24.64,2262786
2014-10-17,24.99,25.48,24.53,24.9,1352211
2014-10-20,24.6,24.82,23.91,24.62,1398541
2014-10-21,25.1,25.39,24.3999,24.94,1174137
2014-10-22,25.2,25.27,23.65,23.77,2206791
2014-10-23,24.34,24.92,24.189,24.66,1850412
2014-10-24,24.25,24.42,23.81,24.39,1108725
2014-10-27,23.46,24.17,23.24,23.95,1674635
2014-10-28,24.0,24.41,23.85,24.23,737932
2014-10-29,24.85,25.25,24.55,24.91,1045335
2014-10-30,24.4,24.58,24.0,24.17,783555
2014-10-31,23.39,24.099,23.31,24.04,1919442
2014-11-03,23.87,24.19,22.65,22.78,3369337
2014-11-04,22.13,22.22,21.48,22.05,3933198
2014-11-05,22.13,23.22,22.1,22.93,2648015
2014-11-06,22.27,22.6,21.97,22.48,1487639
2014-11-07,22.71,23.25,22.68,22.71,1658057
2014-11-10,23.32,23.35,22.0,22.09,2129832
2014-11-11,22.09,22.45,21.61,22.19,1543481
2014-11-12,21.95,22.44,21.7,21.81,2535809
2014-11-13,21.49,21.52,20.23,20.54,6922548
2014-11-14,20.67,21.43,20.481,21.26,3164863
2014-11-17,20.71,21.19,20.67,21.05,2292311
2014-11-18,20.76,20.86,20.33,20.38,2642686
2014-11-19,20.59,20.95,20.21,20.41,2134481
2014-11-20,20.78,21.23,20.62,21.12,1759162
2014-11-21,21.61,21.7,21.06,21.61,2519657
2014-11-24,21.35,21.83,20.98,21.13,1971802
2014-11-25,21.52,21.59,20.05,20.1,5194579
2014-11-26,20.0,20.3,19.83,19.92,2786515
2014-11-28,17.66,17.77,16.45,16.6,4231453
2014-12-01,16.16,17.53,16.13,17.44,4105785
2014-12-02,16.82,17.13,16.12,16.45,4391269
2014-12-03,16.54,16.85,16.17,16.47,3442585
2014-12-04,16.0,16.36,15.8429,16.16,3061492
2014-12-05,15.91,16.03,15.38,15.65,3909700
2014-12-08,15.08,15.08,14.25,14.36,4896679
2014-12-09,14.33,14.85,14.16,14.73,4603640
2014-12-10,14.06,14.08,13.21,13.62,7391245
2014-12-11,13.25,13.7,12.89,12.92,5201587
2014-12-12,12.53,12.58,11.95,12.11,8431875
2014-12-15,12.13,12.21,11.0732,11.12,9384351
2014-12-16,10.7,11.84,10.57,11.36,15262688
2014-12-17,11.03,12.54,10.93,11.44,15109152
2014-12-18,11.78,11.86,10.59,10.83,13357291
2014-12-19,11.28,12.17,10.97,11.99,10107708
2014-12-22,11.43,11.43,10.9,10.96,8276586
2014-12-23,10.96,11.82,10.96,11.57,9722490
2014-12-24,11.2,11.21,10.84,11.09,5363419
2014-12-26,11.23,11.24,10.63,10.78,5622390
2014-12-29,10.96,10.98,10.02,10.3,9544938
2014-12-30,10.33,10.54,10.15,10.28,5250287
2014-12-31,10.0,10.41,9.84,10.37,8805037
2015-01-02,9.96,10.359,9.719899999999999,9.91,7083144
2015-01-05,9.33,9.38,8.89,8.92,14525882
2015-01-06,8.64,8.76,8.13,8.16,13533077
2015-01-07,8.375,8.68,8.16,8.39,12418485
2015-01-08,8.35,8.62,8.14,8.59,10588859
2015-01-09,8.47,8.555,7.97,8.36,11464670
2015-01-12,7.88,7.88,7.55,7.5600000000000005,13196417
2015-01-13,7.43,7.84,7.3,7.74,14536547
2015-01-14,7.61,8.48,7.44,8.29,16595369
2015-01-15,8.54,8.62,7.54,7.5600000000000005,21550377
2015-01-16,7.8,8.43,7.8,8.31,14299333
2015-01-20,7.72,7.88,7.45,7.52,15718805
2015-01-21,7.76,8.02,7.6538,7.82,10009128
2015-01-22,7.85,7.94,7.26,7.47,22863754
2015-01-23,7.29,7.53,7.09,7.14,18989363
2015-01-26,7.12,7.42,7.0,7.02,13037562
2015-01-27,7.06,7.46,7.04,7.31,11663123
2015-01-28,7.07,7.2,6.69,6.75,19358323
2015-01-29,6.95,6.95,6.54,6.82,12213762
2015-01-30,6.9,7.9699,6.88,7.77,19067459
2015-02-02,8.25,8.51,7.85,8.46,17859901
2015-02-03,8.73,9.96,8.69,9.35,27738024
2015-02-04,8.84,8.87,7.75,8.08,26161023
2015-02-05,8.24,9.09,8.24,8.7,18643902
2015-02-06,8.85,9.47,8.78,9.08,19958669
2015-02-09,9.39,9.75,9.3,9.36,16045481
2015-02-10,9.21,9.2399,8.4,8.6099,16515896
2015-02-11,8.22,8.42,7.82,8.2,14796396
2015-02-12,8.69,8.921,8.37,8.8,16660470
2015-02-13,9.25,9.48,9.05,9.19,18499992
2015-02-17,8.96,9.67,8.62,9.34,15685503
2015-02-18,9.07,9.34,8.75,8.83,15958054
2015-02-19,8.11,8.92,8.05,8.69,26830574
2015-02-20,8.66,8.75,8.31,8.36,16452487
2015-02-23,7.95,8.34,7.83,7.94,28799583
2015-02-24,8.18,8.2472,7.88,7.89,13408316
2015-02-25,8.0,8.571,7.72,8.46,19541058
2015-02-26,8.18,8.33,7.67,8.01,25687517
2015-02-27,8.13,8.35,7.91,8.14,17563304
2015-03-02,8.1,8.58,8.02,8.19,17631889
2015-03-03,8.25,8.4785,8.13,8.34,14077856
2015-03-04,8.48,8.76,8.11,8.66,23063874
2015-03-05,8.59,8.77,8.39,8.48,13380960
2015-03-06,8.26,8.375,7.88,8.11,21013011
2015-03-09,8.03,8.39,8.0,8.15,12738266
2015-03-10,7.89,8.04,7.63,7.77,20402908
2015-03-11,7.73,7.73,7.38,7.69,17979381
2015-03-12,7.68,7.7,7.2973,7.37,14741688
2015-03-13,7.15,7.15,6.73,6.8599,29066171
2015-03-16,6.57,6.59,6.18,6.48,34146655
2015-03-17,6.23,6.39,6.12,6.16,21995391
2015-03-18,5.96,6.8,5.89,6.77,37370035
2015-03-19,6.13,6.45,6.11,6.24,23589742
2015-03-20,6.61,6.8100000000000005,6.47,6.5,22499041
2015-03-23,6.54,6.86,6.5299,6.79,14140481
2015-03-24,6.95,6.98,6.73,6.8,12390043
2015-03-25,7.01,7.4,6.8,7.24,21670152
2015-03-26,7.74,8.05,7.51,7.97,29145084
2015-03-27,7.71,7.71,7.0428,7.07,24042173
2015-03-30,7.19,7.28,6.84,7.12,15396964
2015-03-31,6.92,7.13,6.77,6.79,16701934
2015-04-01,6.93,7.63,6.87,7.38,25429159
2015-04-02,7.21,7.48,6.95,7.35,27233571
2015-04-06,7.61,8.16,7.48,8.06,28071935
2015-04-07,7.91,8.74,7.87,8.62,31643006
2015-04-08,8.31,8.3299,7.6,7.73,26662555
2015-04-09,7.77,8.07,7.65,7.68,15719818
2015-04-10,7.77,8.03,7.75,7.97,12943734
2015-04-13,8.25,8.31,7.92,8.06,16690188
2015-04-14,8.25,8.5,8.18,8.31,16367092
2015-04-15,8.46,9.21,8.39,9.03,36249599
2015-04-16,9.04,9.54,8.85,9.27,22875035
2015-04-17,9.18,9.42,8.97,9.2,22303547
2015-04-20,9.02,9.48,9.02,9.24,15562745
2015-04-21,9.19,9.3001,8.75,8.91,14132624
2015-04-22,8.91,9.09,8.74,8.86,13907432
2015-04-23,8.98,9.5,8.96,9.25,20221784
2015-04-24,9.1,9.26,9.01,9.24,12612229
2015-04-27,9.29,9.36,9.0,9.07,11763782
2015-04-28,9.12,9.32,9.0216,9.09,11003077
2015-04-29,9.11,9.73,9.1,9.45,21012644
2015-04-30,9.48,9.8024,9.42,9.76,13949007
2015-05-01,9.6,9.73,9.41,9.71,9024981
2015-05-04,9.59,9.645,9.46,9.62,8826494
2015-05-05,10.1,10.25,10.01,10.01,16917597
2015-05-06,10.48,10.719,10.07,10.07,18790849
2015-05-07,10.05,10.05,9.38,9.47,16802971
2015-05-08,9.56,9.71,9.25,9.66,12892416
2015-05-11,9.715,9.78,9.44,9.63,7401742
2015-05-12,9.73,10.21,9.695,9.96,12327603
2015-05-13,10.28,10.4,9.85,9.86,15914678
2015-05-14,10.02,10.106,9.65,9.77,9952846
2015-05-15,9.4,9.77,9.31,9.73,12497513
2015-05-18,9.66,9.77,9.48,9.68,11036495
2015-05-19,9.23,9.2899,8.87,8.93,20933144
2015-05-20,45.48,46.0,44.67,45.48,13342196
2015-05-21,47.51,48.94,47.16,48.48,13671173
2015-05-22,46.63,47.7,46.6,47.32,10182690
2015-05-26,45.35,45.71,43.89,44.72,9896356
2015-05-27,43.66,44.85,43.41,43.82,9198191
2015-05-28,42.64,44.15,42.06,44.09,10897224
2015-05-29,44.36,48.34,44.32,47.53,10055177
2015-06-01,47.7,48.31,46.26,47.77,10632520
2015-06-02,48.54,49.78,47.96,49.34,9066919
2015-06-03,48.32,49.55,46.25,46.86,9313422
2015-06-04,45.67,45.9,43.9199,44.43,8683593
2015-06-05,42.57,45.97,42.49,45.58,10046999
2015-06-08,44.75,45.47,43.91,44.6,5279987
2015-06-09,46.76,47.69,46.57,46.87,6176485
2015-06-10,49.48,49.51,47.82,48.74,6054023
2015-06-11,48.71,48.74,47.42,48.14,3999081
2015-06-12,47.09,47.76,46.75,47.04,3729363
2015-06-15,45.7,46.84,45.63,46.59,5620141
2015-06-16,46.72,47.45,46.56,47.14,4157784
2015-06-17,48.77,48.96,45.5,46.85,7707147
2015-06-18,47.47,47.91,46.6748,47.51,5610835
2015-06-19,46.05,46.51,45.22,45.98,6581796
2015-06-22,45.51,47.027,45.2586,46.6,5996733
2015-06-23,45.83,48.4,45.68,47.97,7799560
2015-06-24,47.48,48.55,46.02,46.72,8433339
2015-06-25,46.02,46.29,45.42,45.78,5283769
2015-06-26,44.9,46.24,44.6386,45.72,6242749
2015-06-29,43.98,44.62,43.57,43.61,7455382
2015-06-30,44.56,45.79,44.23,45.2,5263677
2015-07-01,43.77,43.92,41.42,41.84,7775302
2015-07-02,42.1,43.13,41.07,41.1,7157257
2015-07-06,38.38,38.38,35.0,35.68,10923024
2015-07-07,35.12,36.44,32.68,35.78,10046311
2015-07-08,35.3,35.67,33.2,34.42,8974692
2015-07-09,36.02,36.49,35.0,35.68,7245584
2015-07-10,35.44,36.11,34.57,35.6,6291035
2015-07-13,34.43,36.24,34.32,34.92,7619455
2015-07-14,34.36,36.31,34.16,35.74,6721267
2015-07-15,34.82,35.6746,33.47,33.73,7706884
2015-07-16,34.38,34.43,32.92,33.07,5850348
2015-07-17,33.1,33.1,32.0462,32.84,6140547
2015-07-20,32.63,32.76,31.69,31.71,4584958
2015-07-21,32.3,33.16,32.02,32.51,4104737
2015-07-22,31.5,32.16,30.2,30.27,7255362
2015-07-23,30.68,30.89,29.16,29.63,6527123
2015-07-24,29.81,29.81,28.57,29.16,4963728
2015-07-27,28.38,28.7,27.76,27.78,5951770
2015-07-28,28.2,29.39,27.77,28.56,7061551
2015-07-29,28.4,30.69,28.34,29.96,7926283
2015-07-30,29.87,30.42,29.271,29.46,5168480
2015-07-31,29.49,29.56,27.37,27.54,5690170
2015-08-03,26.53,27.12,25.42,25.8,7465426
2015-08-04,26.2,26.661,25.8,26.24,3635836
2015-08-05,26.54,27.22,25.11,25.56,7078599
2015-08-06,24.98,25.11,24.3929,25.0,6569171
2015-08-07,24.47,24.69,23.85,24.01,5071063
2015-08-10,23.84,25.31,23.7121,25.05,6621089
2015-08-11,23.67,23.81,22.92,23.64,8292362
2015-08-12,23.69,23.91,23.02,23.62,8163091
2015-08-13,23.1,23.11,22.222,22.56,8854634
2015-08-14,22.79,23.04,22.22,22.24,5869971
2015-08-17,22.44,22.73,21.8,21.89,5618730
2015-08-18,21.89,22.68,21.66,22.12,5627823
2015-08-19,21.98,22.13,20.21,20.23,10411919
2015-08-20,20.53,20.92,19.8835,19.95,6182495
2015-08-21,20.06,20.39,19.0,19.47,6327476
2015-08-24,17.67,18.59,17.05,17.29,8476470
2015-08-25,18.73,18.78,17.8399,17.85,4906615
2015-08-26,18.27,18.67,17.7,18.09,5713761
2015-08-27,18.93,21.49,18.9,21.35,11524895
2015-08-28,21.03,24.59,21.0,24.05,15050760
2015-08-31,23.45,28.14,22.22,27.18,21553548
2015-09-01,25.73,26.15,23.11,23.47,16740004
2015-09-02,24.44,25.04,21.5,24.26,13503155
2015-09-03,24.71,26.69,24.14,25.07,14138227
2015-09-04,24.68,25.088,23.94,24.2,9729504
2015-09-08,23.66,24.64,22.7,24.13,12250769
2015-09-09,24.05,24.24,22.32,22.54,10654091
2015-09-10,22.8,24.1032,22.39,23.73,9773094
2015-09-11,22.72,23.52,22.16,22.85,7289339
2015-09-14,22.23,22.43,21.62,22.0,6573907
2015-09-15,22.31,22.89,21.88,22.57,5603678
2015-09-16,23.6,25.22,23.32,25.02,11744483
2015-09-17,25.11,25.5801,24.28,24.62,8658340
2015-09-18,23.41,23.78,22.1,22.63,8954428
2015-09-21,23.54,24.378,23.233,23.92,3331439
2015-09-22,23.02,23.84,22.73,23.51,6417663
2015-09-23,23.99,24.4975,21.74,22.02,10121187
2015-09-24,21.53,22.47,21.365,22.44,7246121
2015-09-25,23.13,23.63,22.47,22.83,7974442
2015-09-28,21.96,22.61,21.6,21.76,5149806
2015-09-29,22.21,22.934,22.0,22.43,4435238
2015-09-30,22.28,23.08,22.0,22.68,7114173
2015-10-01,24.09,24.24,21.91,22.35,11650208
2015-10-02,21.49,23.04,21.27,22.9,10193756
2015-10-05,23.75,24.13,23.29,23.63,6056395
2015-10-06,24.02,26.005,23.921,25.96,9765897
2015-10-07,26.64,27.0,24.93,25.44,10354483
2015-10-08,25.73,27.35,25.385,26.98,8629495
2015-10-09,26.91,27.45,26.43,26.77,8201664
2015-10-12,26.78,26.82,24.17,24.54,6287514
2015-10-13,24.07,25.489,23.58,23.74,6681159
2015-10-14,23.53,24.12,23.15,23.85,4728075
2015-10-15,23.06,24.0463,22.52,23.99,8992131
2015-10-16,24.5,24.56,23.35,24.28,4516129
2015-10-19,23.25,23.61,22.83,23.02,5103924
2015-10-20,22.85,23.44,22.36,22.72,4469903
2015-10-21,22.02,22.51,21.52,21.79,6320804
2015-10-22,22.33,22.65,21.56,22.09,4605703
2015-10-23,21.27,21.77,21.02,21.42,6697929
2015-10-26,21.18,21.26,20.67,20.71,4207071
2015-10-27,19.86,20.22,19.59,20.16,6494771
2015-10-28,20.59,22.61,20.41,22.56,10372616
2015-10-29,22.56,23.29,22.25,22.34,5621867
2015-10-30,22.49,23.59,22.248,22.99,5386860
2015-11-02,22.66,23.31,22.5,22.75,3316451
2015-11-03,23.68,24.875,23.37,24.43,7208913
2015-11-04,24.11,24.39,22.7435,23.1,6006910
2015-11-05,22.47,23.01,21.88,22.07,5825570
2015-11-06,21.56,21.79,21.07,21.47,4622304
2015-11-09,21.14,21.52,20.68,21.02,4327322
2015-11-10,20.81,21.63,20.78,21.11,4438064
2015-11-11,21.05,21.0862,19.78,20.1,6750940
2015-11-12,19.18,19.98,18.83,18.91,8837926
2015-11-13,18.49,18.55,17.67,18.06,9795338
2015-11-16,17.91,19.1101,17.3974,19.03,9874433
2015-11-17,18.39,18.53,17.73,17.92,6938151
2015-11-18,18.3,18.45,17.44,18.02,7875390
2015-11-19,17.68,18.0,17.54,17.83,4454867
2015-11-20,17.73,18.67,17.54,17.7,6137796
2015-11-23,17.44,18.55,17.42,17.94,7686179
2015-11-24,18.88,19.269,18.42,18.76,7409743
2015-11-25,18.2,19.06,17.78,18.95,6980661
2015-11-27,18.15,18.2,17.89,17.97,3168780
2015-11-30,18.38,18.501,17.61,17.68,6036613
2015-12-01,17.65,18.18,17.41,17.72,5930935
2015-12-02,17.25,17.96,16.16,16.41,13521521
2015-12-03,16.71,17.72,16.37,17.21,8899828
2015-12-04,16.36,16.83,16.03,16.36,9722379
2015-12-07,15.19,15.35,14.243,14.44,12146309
2015-12-08,13.96,15.0,13.78,14.3,7694230
2015-12-09,14.52,15.21,13.719899999999999,14.03,13168094
2015-12-10,13.76,14.08,13.55,13.62,7600189
2015-12-11,13.45,13.52,12.73,12.89,8850481
2015-12-14,12.61,13.33,12.4701,12.97,10471800
2015-12-15,13.32,14.02,13.17,13.45,8671572
2015-12-16,13.14,13.32,12.355,12.57,8823033
2015-12-17,12.5,12.52,12.02,12.04,6474860
2015-12-18,12.2,12.58,11.82,11.92,7029272
2015-12-21,11.72,11.95,11.56,11.76,6155467
2015-12-22,11.78,12.17,11.75,11.92,5903902
2015-12-23,12.51,13.08,12.3873,13.01,9156970
2015-12-24,13.16,13.23,12.9901,13.18,2759542
2015-12-28,12.6,12.61,12.3,12.32,4994067
2015-12-29,12.8,13.09,12.79,13.04,3923224
2015-12-30,12.4,12.49,12.12,12.31,5214269
2015-12-31,12.12,13.03,12.09,12.54,7135985
2016-01-04,13.1,13.46,12.15,12.51,8159190
2016-01-05,12.1,12.29,11.81,11.86,7356014
2016-01-06,11.09,11.43,10.59,10.67,14589438
2016-01-07,10.19,10.81,10.13,10.22,9688138
2016-01-08,10.32,10.41,9.8199,9.98,10373673
2016-01-11,9.85,9.907,8.78,8.9,14647039
2016-01-12,9.23,9.31,8.23,8.74,17908594
2016-01-13,8.96,9.13,8.27,8.58,18764082
2016-01-14,8.68,9.03,8.47,8.81,11835607
2016-01-15,7.99,8.175,7.7,7.99,12419391
2016-01-19,7.91,7.948,7.375,7.4392,13919364
2016-01-20,7.18,7.2,6.44,6.979,20443491
2016-01-21,6.76,7.7401,6.68,7.51,18518792
2016-01-22,8.46,8.8,8.25,8.773,17129234
2016-01-25,8.17,8.48,7.42,7.43,15015439
2016-01-26,7.92,8.78,7.79,8.17,15162817
2016-01-27,8.07,9.02,7.85,8.56,23743995
2016-01-28,9.72,9.8361,9.0,9.53,22439202
2016-01-29,9.68,9.88,8.92,9.46,16762868
2016-02-01,8.85,8.8899,8.15,8.21,15839498
2016-02-02,7.695,7.84,7.4,7.42,17723457
2016-02-03,7.87,8.75,7.36,8.74,23973425
2016-02-04,9.13,9.3081,8.21,8.34,18724275
2016-02-05,8.18,8.53,7.7501,7.95,15076935
2016-02-08,7.72,7.79,7.28,7.45,14135483
2016-02-09,7.24,7.4885,6.44,6.68,24095930
2016-02-10,6.385,7.04,6.3,6.41,23064302
2016-02-11,6.2,6.52,5.98,6.5,29408760
2016-02-12,6.69,7.23,6.5,6.92,31433165
2016-02-16,7.165,7.21,6.58,6.77,17777000
2016-02-17,6.97,7.72,6.9,7.5,17733725
2016-02-18,7.92,7.96,7.27,7.3,14516792
2016-02-19,7.14,7.18,6.84,7.14,12916634
2016-02-22,7.65,7.8,7.57,7.69,13773680
2016-02-23,7.49,7.49,6.94,7.05,16733861
2016-02-24,6.62,7.3274,6.55,7.26,22991765
2016-02-25,7.1,7.725,6.7989,7.54,20109089
2016-02-26,8.1,8.13,7.4,7.51,22684285
2016-02-29,7.7,7.969,7.58,7.91,15822577
2016-03-01,7.84,8.29,7.7,8.11,14927636
2016-03-02,7.87,8.4,7.75,8.27,19267770
2016-03-03,8.01,8.48,7.98,8.27,16401662
2016-03-04,8.34,8.99,8.17,8.99,19237280
2016-03-07,9.06,9.89,9.05,9.83,24756333
2016-03-08,9.72,9.73,8.99,9.0,20605912
2016-03-09,9.4,9.99,9.35,9.86,18610358
2016-03-10,9.495,9.8,9.35,9.64,16481566
2016-03-11,9.97,10.1,9.68,9.92,15710245
2016-03-14,9.39,9.42,9.1,9.35,15781886
2016-03-15,9.04,9.06,8.77,8.97,11248509
2016-03-16,9.37,9.9,9.36,9.85,13167726
2016-03-17,10.22,10.66,10.08,10.57,16584393
2016-03-18,10.9,11.074,10.34,10.43,19672723
2016-03-21,10.47,10.71,10.21,10.65,10907681
2016-03-22,10.29,10.76,10.24,10.54,12510762
2016-03-23,10.13,10.21,9.64,9.7,14678153
2016-03-24,9.06,9.66,8.99,9.58,17623752
2016-03-28,9.5,9.6,9.25,9.52,6618889
2016-03-29,8.93,9.13,8.8,9.09,12331597
2016-03-30,9.44,9.7,8.91,8.95,17040758
2016-03-31,8.88,9.32,8.86,8.91,12727516
2016-04-01,8.37,8.45,8.21,8.23,18510751
2016-04-04,8.21,8.46,7.74,7.77,15033419
2016-04-05,7.79,7.97,7.63,7.86,11327134
2016-04-06,8.3,8.73,8.18,8.7,15481793
2016-04-07,8.48,8.58,8.19,8.51,11727978
2016-04-08,9.36,9.59,9.28,9.46,15559638
2016-04-11,9.74,10.0201,9.67,9.89,12181925
2016-04-12,10.06,10.73,9.95,10.59,17467952
2016-04-13,10.48,10.78,10.28,10.33,14436604
2016-04-14,10.46,10.58,10.15,10.25,6370891
2016-04-15,9.84,9.9799,9.57,9.8,12019258
2016-04-18,9.05,9.83,8.98,9.69,16046136
2016-04-19,9.87,10.37,9.81,10.2,10926174
2016-04-20,9.81,11.0299,9.73,10.78,19217661
2016-04-21,10.695,10.8799,10.44,10.67,11015311
2016-04-22,10.725,11.08,10.64,10.74,10170336
2016-04-25,10.83,10.88,10.27,10.41,12220206
2016-04-26,10.6,10.98,10.56,10.88,10668275
2016-04-27,11.32,11.6726,10.7901,11.54,19822740
2016-04-28,11.55,11.91,11.45,11.65,9317942
2016-04-29,12.08,12.23,11.45,11.79,14609656
2016-05-02,11.67,11.68,11.08,11.25,9759173
2016-05-03,10.87,10.93,10.52,10.66,11765035
2016-05-04,11.0,11.21,10.42,10.71,12923714
2016-05-05,11.55,11.55,10.72,10.9,13676019
2016-05-06,10.74,11.4,10.6705,11.06,11902886
2016-05-09,10.82,10.9166,10.4,10.45,12117986
2016-05-10,10.6,11.14,10.56,11.1,9994766
2016-05-11,10.96,11.95,10.83,11.8,12793464
2016-05-12,12.19,12.2,11.56,12.02,11471270
2016-05-13,11.82,11.986,11.65,11.87,7528071
2016-05-16,12.5,12.73,12.41,12.68,10995674
2016-05-17,12.66,13.04,12.57,13.01,11279628
2016-05-18,12.89,13.19,12.54,12.58,14479988
2016-05-19,12.3,12.753,11.99,12.73,11854657
2016-05-20,12.74,12.88,12.36,12.62,8274063
2016-05-23,12.11,12.52,12.08,12.46,7019500
2016-05-24,12.49,12.86,12.47,12.8,6931134
2016-05-25,13.0,13.28,12.72,13.24,10004785
2016-05-26,13.43,13.44,13.0,13.07,7845967
2016-05-27,12.86,13.16,12.74,13.13,5129585
2016-05-31,13.15,13.47,12.79,12.89,6952179
2016-06-01,12.36,13.0266,12.23,13.02,10379084
2016-06-02,12.47,13.09,12.425,12.88,11677921
2016-06-03,12.92,12.93,12.545,12.79,8436147
2016-06-06,13.22,13.345,12.9401,13.25,8421106
2016-06-07,13.4,13.685,13.33,13.66,7724760
2016-06-08,13.93,14.16,13.785,14.13,12030069
2016-06-09,13.6,13.89,13.58,13.73,8907539
2016-06-10,13.23,13.389,12.8,12.89,8589098
2016-06-13,12.54,13.03,12.53,12.6585,6001419
2016-06-14,12.59,12.6899,12.44,12.57,4302032
2016-06-15,12.21,12.65,11.94,12.06,9897531
2016-06-16,11.87,11.88,11.285,11.33,10304898
2016-06-17,11.97,12.4199,11.86,12.39,7859131
2016-06-20,12.725,13.02,12.61,12.9,7581748
2016-06-21,12.61,13.02,12.465,12.92,7716129
2016-06-22,13.145,13.25,12.26,12.65,10226409
2016-06-23,13.01,13.15,12.72,13.09,6159500
2016-06-24,11.85,12.25,11.8,11.87,16808400
2016-06-27,11.5,11.515,11.0,11.45,11000947
2016-06-28,11.89,12.03,11.5,12.01,7247552
2016-06-29,12.18,13.02,12.1,12.65,10364664
2016-06-30,12.415,12.65,12.09,12.22,8040409
2016-07-01,12.08,12.61,12.05,12.59,7020305
2016-07-05,11.72,11.76,11.15,11.39,10721735
2016-07-06,11.16,11.8,11.025,11.65,7771076
2016-07-07,12.0,12.08,10.48,10.61,17362462
2016-07-08,10.8,10.87,10.4177,10.63,6550103
2016-07-11,10.79,10.88,10.28,10.3,7345388
2016-07-12,11.07,11.41,10.7792,11.34,10226724
2016-07-13,11.09,11.31,10.27,10.48,11335683
2016-07-14,10.67,10.84,10.4862,10.69,5516376
2016-07-15,10.91,11.0805,10.731,10.91,5582640
2016-07-18,10.51,10.69,10.385,10.6,6124663
2016-07-19,10.53,10.5663,10.31,10.37,4700404
2016-07-20,10.06,10.65,9.98,10.38,10582008
2016-07-21,10.31,10.4592,9.94,9.94,6391026
2016-07-22,9.94,9.97,9.58,9.8,7573539
2016-07-25,9.39,9.46,9.2327,9.27,6015527
2016-07-26,9.22,9.32,9.07,9.16,7581567
2016-07-27,9.21,9.33,8.69,8.85,9749646
2016-07-28,8.76,8.83,8.41,8.44,7332565
2016-07-29,8.37,8.67,8.23,8.58,7641106
2016-08-01,8.34,8.38,7.91,7.99,8536259
2016-08-02,8.28,8.34,7.69,7.84,8289305
2016-08-03,7.87,8.44,7.68,8.42,12054781
2016-08-04,8.22,8.81,8.17,8.68,8461305
2016-08-05,8.66,8.74,8.3852,8.74,7019193
2016-08-08,9.02,9.34,9.01,9.11,7160874
2016-08-09,9.3,9.38,8.99,9.08,6601095
2016-08-10,9.15,9.34,8.55,8.57,13017132
2016-08-11,8.75,9.51,8.72,9.31,9951637
2016-08-12,9.47,9.82,9.4,9.82,7983672
2016-08-15,9.96,10.32,9.92,10.29,8862984
2016-08-16,10.32,10.67,10.18,10.59,9462660
2016-08-17,10.52,10.8,10.25,10.76,9622038
2016-08-18,10.97,11.39,10.95,11.3,9688275
2016-08-19,11.37,11.43,11.1699,11.33,6541062
2016-08-22,10.88,10.916,10.6,10.65,6955106
2016-08-23,10.34,11.04,10.29,10.89,7707818
2016-08-24,10.6,10.78,10.233,10.37,6734718
2016-08-25,10.34,10.66,10.26,10.6,5237988
2016-08-26,10.61,11.1,10.43,10.61,11185678
2016-08-29,10.36,10.55,10.29,10.42,6706993
2016-08-30,10.56,10.63,10.094,10.19,6812530
2016-08-31,9.95,10.0339,9.35,9.47,10119704
2016-09-01,9.15,9.29,8.72,8.92,12242933
2016-09-02,9.17,9.38,9.08,9.21,9714278
2016-09-06,9.18,9.52,9.1035,9.51,7856672
2016-09-07,9.54,9.780100000000001,9.361,9.73,7533264
2016-09-08,10.11,10.69,9.86,10.56,15372301
2016-09-09,10.21,10.26,9.82,9.84,8114883
2016-09-12,9.49,10.1,9.42,9.92,9650533
2016-09-13,9.63,9.79,9.38,9.42,6794685
2016-09-14,9.24,9.529,8.82,8.93,17679491
2016-09-15,9.0,9.2,8.7707,9.01,9474500
2016-09-16,8.62,8.875,8.58,8.74,10391701
2016-09-19,8.81,9.09,8.72,8.73,8265718
2016-09-20,8.52,8.97,8.4448,8.84,10375881
2016-09-21,9.19,9.47,9.11,9.44,12242504
2016-09-22,9.77,9.83,9.58,9.66,7113578
2016-09-23,9.61,9.75,8.87,9.07,11642110
2016-09-26,9.31,9.67,9.27,9.45,8431080
2016-09-27,9.03,9.2,8.84,8.99,10741964
2016-09-28,9.24,10.16,8.91,9.84,19472859
2016-09-29,10.07,10.53,9.965,10.25,15528757
2016-09-30,10.44,10.53,10.285,10.38,8160349
2016-10-03,10.59,10.84,10.33,10.69,6910321
2016-10-04,10.86,10.88,10.59,10.66,7740238
2016-10-05,11.13,11.255,10.95,11.15,9310280
2016-10-06,11.415,11.5312,11.2341,11.5,6767216
2016-10-07,11.44,11.4716,11.0,11.11,8227123
2016-10-10,11.51,11.98,11.5,11.77,6657592
2016-10-11,11.83,11.93,11.41,11.61,6406754
2016-10-12,11.39,11.43,11.1907,11.33,5680979
2016-10-13,11.3,11.47,10.9433,11.43,6534462
2016-10-14,11.41,11.44,11.1662,11.35,4440213
2016-10-17,11.3,11.3141,11.02,11.18,3858036
2016-10-18,11.41,11.44,11.105,11.34,3395904
2016-10-19,11.56,11.99,11.54,11.73,5895529
2016-10-20,11.4,11.5,11.22,11.29,4423168
2016-10-21,11.28,11.46,11.14,11.43,4533515
2016-10-24,11.18,11.37,10.91,11.33,5952108
2016-10-25,11.18,11.32,10.96,11.01,5082358
2016-10-26,10.66,11.1,10.58,10.7,8130043
2016-10-27,10.93,11.08,10.765,10.9,4397642
2016-10-28,10.71,10.94,10.39,10.52,7432947
2016-10-31,10.21,10.27,9.61,9.62,10281751
2016-11-01,9.85,9.913,9.43,9.7,7232200
2016-11-02,9.3,9.48,8.93,9.16,13652746
2016-11-03,9.09,9.15,8.705,8.83,9207589
2016-11-04,8.61,8.88,8.39,8.63,11789199
2016-11-07,8.78,8.94,8.59,8.93,6861876
2016-11-08,8.775,9.09,8.71,8.84,5332443
2016-11-09,8.92,9.329,8.76,9.18,10232807
2016-11-10,8.85,9.0365,8.765,8.78,7276847
2016-11-11,8.465,8.495,8.22,8.3,8247128
2016-11-14,8.22,8.47,7.92,8.46,10682699
2016-11-15,8.81,9.34,8.81,9.25,10623993
2016-11-16,9.14,9.4593,8.92,9.06,7766333
2016-11-17,9.41,9.5,8.85,8.87,8391564
2016-11-18,9.08,9.235,8.85,9.19,9148880
2016-11-21,9.72,10.05,9.64,10.0,15365894
2016-11-22,9.945,10.09,9.51,9.77,14685886
2016-11-23,9.7,10.03,9.63,9.85,8292739
2016-11-25,9.53,9.61,9.12,9.23,8747563
2016-11-28,9.46,9.678,9.24,9.39,12875397
2016-11-29,8.78,8.88,8.55,8.72,18643885
2016-11-30,9.78,10.5,9.77,10.18,36991005
2016-12-01,10.94,11.31,10.83,10.9,24508300
2016-12-02,11.1,11.29,10.93,11.21,14825264
2016-12-05,11.5,11.53,10.98,11.0,14095601
2016-12-06,10.74,11.0,10.66,10.85,11268558
2016-12-07,10.63,10.795,10.43,10.49,18523904
2016-12-08,10.6,10.89,10.45,10.87,14064446
2016-12-09,11.13,11.18,11.01,11.13,11866969
2016-12-12,12.025,12.11,11.425,11.49,23750710
2016-12-13,11.85,11.86,11.498,11.69,20841890
2016-12-14,11.43,11.72,10.92,10.97,18397371
2016-12-15,10.7,11.17,10.675,11.03,11101664
2016-12-16,11.17,11.42,11.0801,11.35,9366871
2016-12-19,11.3,11.43,11.19,11.22,7263813
2016-12-20,11.58,11.66,11.4,11.47,8350826
2016-12-21,11.52,11.56,11.071,11.15,9039433
2016-12-22,11.25,11.42,11.19,11.19,5284960
2016-12-23,11.18,11.39,11.14,11.37,4683738
2016-12-27,11.53,11.8,11.53,11.68,6523960
2016-12-28,11.79,11.91,11.71,11.73,7313892
2016-12-29,11.76,11.8611,11.61,11.69,6072338
2016-12-30,11.59,11.69,11.55,11.68,6571751
2017-01-03,12.21,12.24,11.0,11.16,20310639
2017-01-04,11.13,11.51,11.02,11.41,9279237
2017-01-05,11.65,11.82,11.26,11.61,11487238
2017-01-06,11.72,11.83,11.46,11.59,7413583
2017-01-09,11.28,11.28,10.83,10.88,15561727
2017-01-10,10.96,10.9799,10.39,10.42,13297199
2017-01-11,10.64,11.16,10.38,10.96,15725921
2017-01-12,22.79,22.87,22.32,22.55,8063077
2017-01-13,22.19,22.51,21.91,22.1,5238300
2017-01-17,22.8,22.85,22.01,22.09,6257189
2017-01-18,21.19,21.88,20.8,21.12,11324057
2017-01-19,21.38,21.54,20.86,21.15,7382174
2017-01-20,22.2,22.34,21.9,21.92,8420083
2017-01-23,21.26,21.88,21.2478,21.65,7157183
2017-01-24,21.84,22.26,21.82,21.84,6408140
2017-01-25,21.56,22.19,21.48,21.67,7492855
2017-01-26,22.13,22.66,22.06,22.45,9436549
2017-01-27,21.95,22.13,21.45,21.94,8343677
2017-01-30,21.78,21.78,21.32,21.53,5279204
2017-01-31,21.92,22.24,21.4942,21.65,7316180
2017-02-01,22.04,22.53,21.68,22.25,9938519
2017-02-02,22.61,22.69,22.07,22.4,6482022
2017-02-03,22.29,22.78,22.2,22.47,5576795
2017-02-06,22.39,22.49,21.71,21.9,9433170
2017-02-07,21.18,21.27,20.81,21.17,14356063
2017-02-08,20.86,21.48,20.57,21.28,11167440
2017-02-09,21.83,21.86,21.52,21.7,8076408
2017-02-10,22.38,22.57,22.22,22.35,10555737
2017-02-13,21.81,21.91,21.52,21.64,6268412
2017-02-14,22.19,22.2,21.71,21.82,6585721
2017-02-15,21.63,22.07,21.56,21.68,7697663
2017-02-16,21.99,22.03,21.34,21.86,9637275
2017-02-17,21.51,21.87,21.48,21.81,6262834
2017-02-21,22.64,22.64,22.18,22.28,8150432
2017-02-22,21.71,21.78,21.5,21.7,7943723
2017-02-23,22.55,22.73,22.14,22.27,9696744
2017-02-24,21.98,22.21,21.96,22.04,4932827
2017-02-27,22.41,22.45,22.04,22.11,4486544
2017-02-28,21.71,22.12,21.44,22.1,11560402
2017-03-01,22.3,22.42,21.88,21.93,7950402
2017-03-02,21.2,21.49,20.97,21.05,12539651
2017-03-03,21.12,21.58,21.08,21.47,6875937
2017-03-06,21.62,21.74,21.32,21.49,6363768
2017-03-07,21.85,21.86,21.39,21.4,5132849
2017-03-08,20.88,21.23,19.03,19.21,18799474
2017-03-09,18.83,18.88,17.94,18.73,14986390
2017-03-10,18.65,18.65,17.72,17.85,13164603
2017-03-13,17.83,18.0,17.6,17.78,7326491
2017-03-14,17.2,17.55,16.89,17.5,12805898
2017-03-15,17.87,18.22,17.67,18.09,14977395
2017-03-16,18.15,18.18,17.82,18.08,8115135
2017-03-17,18.27,18.28,17.92,18.01,5411431
2017-03-20,17.7,18.07,17.58,17.75,5736987
2017-03-21,17.86,17.97,17.08,17.23,8384772
2017-03-22,16.88,17.32,16.42,17.21,8246718
2017-03-23,16.97,17.05,16.79,16.88,4202881
2017-03-24,16.98,17.15,16.77,17.13,4021017
2017-03-27,16.57,16.97,16.44,16.93,5009670
2017-03-28,17.22,17.6,17.13,17.33,5237427
2017-03-29,17.43,18.17,17.42,18.06,7329623
2017-03-30,18.44,18.85,18.32,18.76,8143589
2017-03-31,18.58,19.1,18.56,19.02,6007342
2017-04-03,18.92,18.99,18.59,18.7,4155005
2017-04-04,18.98,19.36,18.86,19.28,4971245
2017-04-05,19.77,19.91,19.06,19.16,8347240
2017-04-06,19.68,19.86,19.62,19.77,3412843
2017-04-07,19.92,20.22,19.85,20.14,4728103
2017-04-10,20.61,20.86,20.48,20.81,5433262
2017-04-11,20.81,21.09,20.54,20.91,7238009
2017-04-12,21.2,21.32,20.62,20.74,6168510
2017-04-13,21.0,21.07,20.72,20.81,5319258
2017-04-17,20.81,20.89,20.5,20.54,3644050
2017-04-18,20.37,20.71,20.13,20.51,4278799
2017-04-19,20.45,20.54,18.59,18.96,11284351
2017-04-20,18.82,19.15,18.59,18.68,7514348
2017-04-21,18.71,18.71,17.64,17.87,9363890
2017-04-24,17.79,17.85,17.52,17.66,5412271
2017-04-25,17.57,18.08,17.41,18.02,6752067
2017-04-26,17.58,18.33,17.53,17.68,7950905
2017-04-27,17.22,17.67,16.92,17.63,9416508
2017-04-28,17.77,17.9,17.33,17.55,5271128
2017-05-01,17.4,17.46,17.17,17.3,3774158
2017-05-02,17.34,17.34,16.33,16.54,10484268
2017-05-03,16.62,16.8,16.3,16.59,7157092
2017-05-04,15.96,15.98,14.93,15.01,17180810
2017-05-05,15.05,15.83,15.04,15.62,8947626
2017-05-08,15.63,15.94,15.22,15.69,7653887
2017-05-09,15.57,15.68,15.09,15.37,6973207
2017-05-10,15.78,16.54,15.71,16.29,11470992
2017-05-11,16.71,16.85,16.4,16.54,7404966
2017-05-12,16.6,16.67,16.25,16.6,4873943
2017-05-15,17.64,17.66,17.18,17.32,7671938
2017-05-16,17.47,17.62,17.04,17.09,5320796
2017-05-17,17.4,17.72,17.05,17.36,8219209
2017-05-18,17.13,17.78,17.05,17.57,6099460
2017-05-19,18.07,18.41,18.04,18.35,6228681
2017-05-22,18.6,18.78,18.45,18.56,6435987
2017-05-23,18.75,18.95,18.58,18.94,5692161
2017-05-24,18.83,19.16,18.58,18.78,7152651
2017-05-25,18.45,18.71,16.72,16.87,17041561
2017-05-26,17.13,17.68,16.98,17.61,5119199
2017-05-30,17.25,17.67,17.1,17.46,3551139
2017-05-31,16.61,16.8,16.2,16.54,8918951
2017-06-01,16.68,17.17,16.37,16.4,8499902
2017-06-02,16.05,16.42,15.78,16.23,8260497
2017-06-05,15.75,16.04,15.61,15.97,6157922
2017-06-06,15.78,16.59,15.78,16.54,7594796
2017-06-07,16.11,16.22,14.78,14.86,19144556
2017-06-08,14.63,15.06,14.58,14.74,5402533
2017-06-09,14.77,15.1,14.7,14.92,4474845
2017-06-12,15.3,15.39,14.98,15.02,4565284
2017-06-13,14.97,15.31,14.7,15.24,5959378
2017-06-14,15.03,15.22,14.0,14.13,15510581
2017-06-15,14.06,14.13,13.91,13.96,5262781
2017-06-16,14.2,14.2,14.0,14.14,3790898
2017-06-19,14.24,14.32,13.77,13.8,6018711
2017-06-20,13.2,13.33,12.93,13.27,9083493
2017-06-21,13.3,13.65,12.36,12.57,13029209
2017-06-22,12.8,13.1,12.73,12.76,5770258
2017-06-23,12.79,13.06,12.66,13.0,4763561
2017-06-26,13.05,13.27,12.71,13.2,5003455
2017-06-27,13.39,13.8,13.34,13.69,6808205
2017-06-28,13.67,14.04,13.5,14.0,7489212
2017-06-29,14.2,14.43,13.94,14.05,8725889
2017-06-30,14.38,14.9,14.26,14.86,5745229
2017-07-03,15.04,15.31,15.04,15.22,3989132
2017-07-05,15.1,15.13,14.03,14.1,9037882
2017-07-06,14.65,15.03,14.1894,14.24,7870324
2017-07-07,13.86,13.9,13.3,13.63,7432955
2017-07-10,13.42,13.95,13.38,13.69,3650555
2017-07-11,13.62,14.23,13.56,14.11,5293619
2017-07-12,14.71,14.95,14.1,14.29,9625582
2017-07-13,14.46,14.83,14.38,14.71,5188735
2017-07-14,14.92,15.14,14.75,15.09,7509809
2017-07-17,14.97,15.1,14.67,14.67,5074314
2017-07-18,15.12,15.14,14.72,14.97,4890127
2017-07-19,15.04,15.48,15.03,15.37,8158650
2017-07-20,15.65,15.67,15.07,15.12,5297367
2017-07-21,15.01,15.01,14.26,14.34,9020000
2017-07-24,14.7,14.84,14.63,14.79,4521465
2017-07-25,15.37,15.78,15.25,15.73,7557079
2017-07-26,16.04,16.38,15.72,16.27,9149387
2017-07-27,16.43,16.62,16.15,16.55,6410266
2017-07-28,16.68,17.01,16.65,16.92,6018147
2017-07-31,16.86,17.42,16.59,17.33,5944405
2017-08-01,16.92,16.94,16.02,16.63,6800800
2017-08-02,16.59,16.89,16.19,16.82,6254351
2017-08-03,17.04,17.09,16.32,16.42,6274697
2017-08-04,16.49,16.87,16.25,16.77,4349969
2017-08-07,16.4,16.74,16.14,16.66,5480421
2017-08-08,16.44,16.84,16.36,16.5,4367247
2017-08-09,16.73,16.83,16.45,16.8,4699775
2017-08-10,17.1,17.13,16.0,16.02,7291165
2017-08-11,15.94,16.41,15.76,16.28,4119721
2017-08-14,16.25,16.52,15.4,15.43,6487511
2017-08-15,15.22,15.55,15.13,15.5,3735986
2017-08-16,15.6,15.76,14.94,14.99,7056751
2017-08-17,14.87,15.25,14.81,15.12,4002947
2017-08-18,15.21,16.23,14.99,16.17,8761728
2017-08-21,15.89,15.99,15.14,15.39,5716229
2017-08-22,15.55,15.77,15.39,15.55,3864334
2017-08-23,15.53,15.98,15.46,15.9,4325435
2017-08-24,15.64,15.67,15.1,15.48,6913919
2017-08-25,15.41,15.63,15.37,15.57,4332326
2017-08-28,15.39,15.41,14.62,14.94,9039307
2017-08-29,14.78,14.93,14.48,14.84,6888570
2017-08-30,14.69,15.07,14.52,14.58,6617977
2017-08-31,14.93,15.57,14.92,15.39,9461833
2017-09-01,15.39,15.52,15.1,15.5,4123047
2017-09-05,16.18,16.41,16.1,16.13,6837954
2017-09-06,16.5,16.69,16.3,16.54,5277823
2017-09-07,16.38,16.61,16.29,16.5,4513149
2017-09-08,16.41,16.47,15.37,15.59,5399908
2017-09-11,15.37,15.97,15.23,15.86,4805268
2017-09-12,15.87,16.08,15.8,16.02,3804507
2017-09-13,16.19,16.67,16.11,16.67,5805732
2017-09-14,17.01,17.37,16.8,16.88,6414078
2017-09-15,17.08,17.16,16.92,17.09,2858754
2017-09-18,16.93,17.11,16.56,16.99,3546813
2017-09-19,17.16,17.21,16.6,16.79,2936099
2017-09-20,17.05,17.51,16.86,17.24,6644967
2017-09-21,17.04,17.31,16.85,17.25,3222872
2017-09-22,17.11,17.28,17.0,17.19,1825610
2017-09-25,17.57,18.31,17.57,18.28,5895502
2017-09-26,17.96,18.14,17.72,18.05,3253409
2017-09-27,18.17,18.3,17.87,18.16,3710718
2017-09-28,18.54,18.61,17.58,17.83,5505829
2017-09-29,17.75,17.95,17.61,17.82,2874976
