2010-08-10,50.1,50.32,50.04,50.28,25000
2010-08-11,51.41,51.41,51.41,51.41,100
2010-08-12,51.41,51.41,51.41,51.41,200
2010-08-13,51.49,51.53,51.49,51.52,20200
2010-08-16,51.99,52.1,51.84,52.1,9700
2010-08-17,51.65,51.65,51.48,51.48,600
2010-08-18,51.76,51.8,51.36,51.36,8500
2010-08-19,51.7,51.7,51.5,51.5,20300
2010-08-20,51.45,51.45,51.18,51.18,12000
2010-08-23,51.06,51.06,51.05,51.05,9000
2010-08-24,51.05,51.05,51.05,51.05,100
2010-08-25,52.25,52.25,51.75,51.77,3000
2010-08-26,51.71,52.25,51.59,52.18,19300
2010-08-27,51.84,51.94,51.14,51.16,2600
2010-08-30,51.4,54.32,51.33,51.83,58500
2010-08-31,52.08,52.11,51.96,52.05,13000
2010-09-01,51.44,51.44,51.12,51.21,9600
2010-09-02,50.77,50.78,50.77,50.78,200
2010-09-03,50.19,50.19,50.15,50.15,300
2010-09-07,50.82,51.1,50.82,51.1,5800
2010-09-08,50.81,50.85,50.81,50.85,1500
2010-09-09,50.52,50.52,50.52,50.52,2300
2010-09-10,50.21,50.2151,49.9866,49.9866,3848
2010-09-13,50.28,50.42,50.26,50.42,1000
2010-09-14,50.74,50.74,50.74,50.74,295
2010-09-15,50.67,50.67,50.18,50.22,3300
2010-09-16,49.68,49.68,49.68,49.68,212
2010-09-17,49.68,49.68,49.68,49.68,0
2010-09-20,50.22,50.22,50.22,50.22,289
2010-09-21,51.1,51.1,51.1,51.1,1700
2010-09-22,51.8,51.8,51.41,51.41,2021
2010-09-23,51.65,51.65,51.28,51.28,990
2010-09-24,50.96,50.96,50.96,50.96,1300
2010-09-27,51.81,51.81,51.81,51.81,1231
2010-09-28,52.31,52.31,52.31,52.31,800
2010-09-29,52.08,52.08,52.08,52.08,600
2010-09-30,51.92,51.92,51.92,51.92,290
2010-10-01,51.47,51.81,51.47,51.8,5881
2010-10-04,52.1017,52.1017,52.1,52.1,312
2010-10-05,52.31,52.36,52.22,52.22,9150
2010-10-06,53.04,53.04,52.6801,52.6801,300
2010-10-07,52.51,52.55,52.5,52.5,1627
2010-10-08,52.7366,52.8212,52.61,52.61,3400
2010-10-11,52.57,52.68,52.57,52.68,3366
2010-10-12,52.72,52.7254,52.54,52.54,1466
2010-10-13,52.14,52.42,52.02,52.42,1445
2010-10-14,52.36,52.36,51.97,51.97,9218
2010-10-15,51.2,51.2,51.2,51.2,210
2010-10-18,51.97,52.07,51.97,52.07,1222
2010-10-19,52.02,52.16,52.02,52.16,975
2010-10-20,51.75,52.07,51.75,52.0,2425
2010-10-21,51.52,51.52,51.52,51.52,800
2010-10-22,51.52,51.52,51.52,51.52,0
2010-10-25,51.83,51.83,51.83,51.83,800
2010-10-26,50.82,50.83,50.67,50.7,5048
2010-10-27,50.12,50.13,50.12,50.13,200
2010-10-28,50.37,50.44,50.37,50.44,2650
2010-10-29,50.96,50.96,50.96,50.96,100
2010-11-01,50.75,50.75,50.71,50.71,400
2010-11-02,51.1,51.16,51.1,51.14,13400
2010-11-03,51.56,51.56,51.56,51.56,300
2010-11-04,52.56,52.92,52.56,52.7854,23330
2010-11-05,52.64,52.7,52.54,52.54,1300
2010-11-08,52.8,52.92,52.8,52.85,22400
2010-11-09,52.8358,52.8358,52.05,52.05,5600
2010-11-10,52.52,52.52,52.52,52.52,200
2010-11-11,52.99,52.99,52.735,52.935,2590
2010-11-12,52.28,52.2813,51.652,51.95,3955
2010-11-15,51.0,51.2,50.59,50.59,22500
2010-11-16,50.25,50.61,50.0,50.61,1575
2010-11-17,50.61,50.61,50.2,50.31,1320
2010-11-18,49.97,50.01,49.94,49.9799,1712
2010-11-19,49.92,50.14,49.92,50.03,6480
2010-11-22,50.31,50.5488,50.31,50.5488,3779
2010-11-23,50.76,50.86,50.4,50.56,4695
2010-11-24,50.15,50.15,49.78,49.9064,12300
2010-11-26,50.21,50.21,50.12,50.14,1500
2010-11-29,50.46,50.46,50.26,50.35,12900
2010-11-30,50.61,50.66,49.8,49.88,56076
2010-12-01,49.2272,49.23,48.81,48.98,17816
2010-12-02,49.0,49.03,48.591,48.7,14658
2010-12-03,48.95,48.969,48.19,48.21,12547
2010-12-06,48.77,48.82,48.44,48.717,14416
2010-12-07,47.84,47.85,47.27,47.35,16269
2010-12-08,47.12,47.4428,46.81,47.4428,14449
2010-12-09,47.68,47.9,47.25,47.46,28142
2010-12-10,47.19,47.19,46.48,46.48,11982
2010-12-13,46.45,47.21,46.35,47.2,24120
2010-12-14,46.5,46.59,45.5799,45.6,20479
2010-12-15,46.0699,46.14,45.22,45.3201,28930
2010-12-16,45.57,45.9099,45.14,45.86,37970
2010-12-17,46.15,46.624,46.05,46.5,35057
2010-12-20,46.87,46.96,46.2221,46.44,15263
2010-12-21,46.67,46.81,46.29,46.78,16737
2010-12-22,46.74,46.74,46.3,46.4499,34328
2010-12-23,46.3,46.3,46.01,46.06,5553
2010-12-27,46.51,46.7,46.32,46.7,24350
2010-12-28,46.47,46.52,45.75,45.75,24283
2010-12-29,45.73,46.4,45.68,46.23,8755
2010-12-30,46.26,46.27,45.89,46.19,35923
2010-12-31,46.23,46.23,46.0,46.015,400
2011-01-03,45.49,45.95,45.23,45.94,48379
2011-01-04,46.0,46.28,45.98,46.1287,16658
2011-01-05,45.91,46.09,45.76,45.9,16762
2011-01-06,46.07,46.28,46.07,46.2,6077
2011-01-07,46.21,46.71,46.07,46.48,66777
2011-01-10,46.6086,46.69,46.388,46.62,14926
2011-01-11,46.6,46.6,46.01,46.17,21395
2011-01-12,45.9199,46.28,45.78,46.2,52433
2011-01-13,46.16,46.8,46.14,46.721,6784
2011-01-14,47.0275,47.13,46.53,46.609,6105
2011-01-18,46.23,46.25,45.81,46.2,19865
2011-01-19,46.25,46.37,46.068,46.28,6488
2011-01-20,45.75,45.87,45.46,45.55,221772
2011-01-21,45.52,45.92,45.52,45.92,43391
2011-01-24,46.21,46.21,45.88,46.071,36079
2011-01-25,46.3,46.64,46.0,46.374,54019
2011-01-26,46.07,46.19,45.75,45.8,21640
2011-01-27,45.75,45.928,45.5,45.8,19994
2011-01-28,45.58,46.28,45.58,46.12,23172
2011-01-31,46.25,46.34,45.64,45.9019,52638
2011-02-01,45.59,45.795,45.45,45.645,5852
2011-02-02,46.09,46.09,45.4,45.69,14318
2011-02-03,45.52,45.6,45.3,45.3116,68202
2011-02-04,45.14,45.17,44.57,44.77,52884
2011-02-07,44.69,44.92,44.69,44.87,12032
2011-02-08,44.97,45.0,44.68,44.68,29518
2011-02-09,44.7,45.14,44.61,44.95,18300
2011-02-10,44.9,45.08,44.76,44.81,39433
2011-02-11,45.25,45.47,45.161,45.3446,74001
2011-02-14,45.2265,45.646,45.2,45.45,7914
2011-02-15,45.49,45.7399,45.37,45.4699,23836
2011-02-16,45.61,45.61,45.35,45.3799,60550
2011-02-17,45.49,45.6,45.339,45.34,84274
2011-02-18,45.23,45.3297,45.06,45.11,30741
2011-02-22,45.58,46.1,45.58,46.1,32709
2011-02-23,46.12,46.25,45.58,45.636,17329
2011-02-24,45.83,46.054,45.7276,45.758,6882
2011-02-25,45.94,46.0,45.8268,45.979,29238
2011-02-28,46.21,46.21,45.4698,45.499,61411
2011-03-01,45.1,45.47,45.08,45.47,10280
2011-03-02,45.31,45.46,45.07,45.07,24734
2011-03-03,44.98,45.03,44.79,44.94,11770
2011-03-04,44.94,44.98,44.8,44.92,122682
2011-03-07,44.92,45.13,44.73,44.93,23338
2011-03-08,45.14,45.2,44.9,44.91,37405
2011-03-09,44.99,45.38,44.85,45.32,10610
2011-03-10,45.54,45.97,45.451,45.77,73295
2011-03-11,46.0,46.14,45.6115,45.69,83696
2011-03-14,45.8324,45.95,45.83,45.83,206320
2011-03-15,46.46,46.58,46.158,46.2699,142532
2011-03-16,46.67,47.31,46.58,46.919,19827
2011-03-17,46.85,46.96,46.55,46.798,227034
2011-03-18,46.22,46.53,46.22,46.53,17806
2011-03-21,46.1,46.2616,46.04,46.19,5393
2011-03-22,46.17,46.26,46.074,46.2599,4570
2011-03-23,46.32,46.33,46.09,46.2,43800
2011-03-24,46.01,46.02,45.69,45.76,41193
2011-03-25,46.04,46.04,45.901,46.028,23885
2011-03-28,46.0,46.16,45.9088,46.1075,32037
2011-03-29,46.13,46.23,45.8888,45.96,81300
2011-03-30,45.91,46.3,45.9092,46.3,33611
2011-03-31,46.3,46.3,45.83,46.09,122627
2011-04-01,46.15,46.25,46.02,46.07,124362
2011-04-04,46.1,46.32,46.1,46.11,63522
2011-04-05,46.1,46.19,45.9,45.95,23366
2011-04-06,45.72,45.79,45.51,45.55,17966
2011-04-07,45.4,45.41,45.18,45.2,22417
2011-04-08,45.06,45.23,44.96,45.15,30000
2011-04-11,45.25,45.45,45.22,45.35,11374
2011-04-12,45.64,45.82,45.58,45.58,19728
2011-04-13,45.37,45.789,45.31,45.675,12996
2011-04-14,45.97,46.05,45.61,45.75,35725
2011-04-15,46.0084,46.059,45.75,45.9,5782
2011-04-18,45.59,46.01,45.337,46.01,30060
2011-04-19,46.01,46.11,45.93,45.93,4790
2011-04-20,45.9,45.9,45.62,45.64,9645
2011-04-21,45.78,45.842,45.6044,45.62,4955
2011-04-25,45.79,45.93,45.78,45.84,12834
2011-04-26,46.0,46.18,45.96,46.1199,12509
2011-04-27,46.11,46.11,45.75,45.85,56032
2011-04-28,46.02,46.26,46.0,46.21,9048
2011-04-29,46.33,46.35,46.22,46.35,3594
2011-05-02,46.3,46.48,46.3,46.38,3600
2011-05-03,46.57,46.62,46.41,46.54,39683
2011-05-04,46.73,46.89,46.68,46.7,20026
2011-05-05,47.0,47.32,46.9115,47.29,110180
2011-05-06,46.9612,47.38,46.9,47.21,52114
2011-05-09,47.304,47.4,47.26,47.38,67203
2011-05-10,47.29,47.38,47.15,47.15,48604
2011-05-11,46.99,47.34,46.83,47.32,96223
2011-05-12,47.41,47.45,46.97,47.11,16144
2011-05-13,47.36,47.78,47.3,47.3,25576
2011-05-16,47.37,47.55,47.25,47.5156,245458
2011-05-17,47.81,47.96,47.77,47.88,185978
2011-05-18,47.91,47.91,47.39,47.42,19374
2011-05-19,47.04,47.38,46.74,47.3,300736
2011-05-20,47.35,47.53,47.3,47.46,25525
2011-05-23,48.0,48.03,47.78,47.9,441171
2011-05-24,47.72,47.95,47.6,47.88,18105
2011-05-25,47.89,47.9699,47.75,47.8999,47397
2011-05-26,47.8356,48.33,47.8356,48.33,137854
2011-05-27,48.27,48.3199,48.11,48.1425,125355
2011-05-31,48.39,48.49,48.18,48.232,28283
2011-06-01,48.7956,49.14,48.79,49.13,29369
2011-06-02,48.91,49.0156,48.6,48.62,10549
2011-06-03,49.21,49.21,48.6601,48.7157,53468
2011-06-06,48.56,48.79,48.49,48.75,67235
2011-06-07,48.41,48.51,48.15,48.51,62522
2011-06-08,48.7,48.96,48.612,48.81,24700
2011-06-09,48.95,49.03,48.41,48.56,65080
2011-06-10,48.72,48.9699,48.69,48.78,25215
2011-06-13,48.48,48.703,48.34,48.41,12047
2011-06-14,48.13,48.13,47.63,47.7,25232
2011-06-15,47.9,48.83,47.891,48.76,69145
2011-06-16,48.96,49.354,48.9109,49.11,36685
2011-06-17,48.84,49.0428,48.82,49.0428,52002
2011-06-20,49.16,49.16,48.7,48.78,20886
2011-06-21,48.77,48.79,48.44,48.6,65952
2011-06-22,48.92,48.96,48.5556,48.58,9842
2011-06-23,49.1999,49.2558,49.08,49.08,18766
2011-06-24,49.23,49.77,49.23,49.72,53526
2011-06-27,50.01,50.09,49.73,49.76,31558
2011-06-28,49.7,49.72,48.89,49.11,40191
2011-06-29,48.46,48.6,48.0,48.07,79054
2011-06-30,47.99,48.0,47.3,47.38,49333
2011-07-01,47.33,47.41,46.77,47.278,10556
2011-07-05,47.45,47.7016,47.45,47.592,48269
2011-07-06,48.02,48.02,47.7078,47.8608,3610
2011-07-07,47.62,47.75,47.4396,47.75,8874
2011-07-08,48.22,48.56,48.22,48.53,4349
2011-07-11,49.2,49.34,49.092,49.169,15585
2011-07-12,49.61,49.61,49.34,49.5101,67872
2011-07-13,49.532,49.68,49.0,49.624,11918
2011-07-14,49.4399,49.4399,49.06,49.06,16438
2011-07-15,49.09,49.598,49.0599,49.582,50352
2011-07-18,49.81,49.91,49.5584,49.71,25221
2011-07-19,49.42,50.0162,49.42,50.0162,12400
2011-07-20,49.67,49.7,49.48,49.51,6650
2011-07-21,49.31,49.37,48.716,48.98,272299
2011-07-22,49.02,49.23,49.0,49.17,23055
2011-07-25,49.0001,49.52,48.95,49.2,27563
2011-07-26,49.17,49.48,49.152,49.4,27467
2011-07-27,49.39,49.68,49.1,49.55,24918
2011-07-28,49.685,49.6901,49.36,49.53,24815
2011-07-29,50.07,50.71,50.07,50.7,24529
2011-08-01,50.48,51.308,50.45,51.08,25656
2011-08-02,51.45,52.0,51.32,51.94,32533
2011-08-03,51.98,52.41,51.92,52.01,51832
2011-08-04,52.22,53.24,52.21,53.24,64803
2011-08-05,52.16,52.6307,51.44,51.52,51175
2011-08-08,52.33,53.5499,52.25,53.47,34396
2011-08-09,53.0,55.77,51.52,53.82,259086
2011-08-10,54.38,55.25,51.5401,55.05,346178
2011-08-11,54.24,54.65,53.3,53.435,287105
2011-08-12,54.0324,54.46,53.02,54.37,20510
2011-08-15,54.4,54.5,53.93,53.93,241375
2011-08-16,54.0,54.9165,54.0,54.7,33462
2011-08-17,54.81,55.26,54.06,55.25,174475
2011-08-18,56.07,56.73,55.676,55.9456,42114
2011-08-19,55.93,55.93,55.52,55.86,67758
2011-08-22,55.21,55.72,55.21,55.7,39161
2011-08-23,55.5,55.89,55.26,55.31,28701
2011-08-24,55.15,55.15,54.1748,54.21,82815
2011-08-25,54.34,54.94,54.32,54.6783,11204
2011-08-26,55.35,55.64,55.03,55.09,7773
2011-08-29,54.33,54.58,54.3,54.4499,8687
2011-08-30,55.102,55.3,55.102,55.2319,6585
2011-08-31,55.5,55.5,54.63,54.63,7938
2011-09-01,55.04,55.4581,53.94,55.4036,16877
2011-09-02,56.4,56.71,56.06,56.55,48029
2011-09-06,56.95,56.95,56.2301,56.45,153579
2011-09-07,56.21,56.31,55.92,55.96,5217
2011-09-08,56.25,56.44,55.95,56.44,15871
2011-09-09,56.56,57.07,56.42,56.864,260427
2011-09-12,56.7725,57.05,56.76,56.78,139496
2011-09-13,56.71,56.78,56.31,56.47,13756
2011-09-14,56.15,56.4,55.88,56.0612,80079
2011-09-15,55.16,55.48,55.03,55.3848,45493
2011-09-16,55.07,55.4001,54.95,55.37,63753
2011-09-19,56.14,56.44,56.101,56.101,20385
2011-09-20,56.32,56.42,56.17,56.4,21617
2011-09-21,56.41,57.21,56.3,57.15,34503
2011-09-22,58.02,58.65,57.68,58.36,141914
2011-09-23,58.29,58.32,57.37,57.44,100015
2011-09-26,57.1,57.3265,56.78,56.94,50051
2011-09-27,56.21,56.3344,55.98,56.29,61485
2011-09-28,56.1,56.35,55.7,56.31,27612
2011-09-29,56.2,56.83,55.53,56.376,82381
2011-09-30,57.12,57.12,56.7616,57.05,15187
2011-10-03,57.26,57.9199,57.11,57.87,46705
2011-10-04,58.21,58.34,57.35,57.41,105245
2011-10-05,57.2272,57.2272,56.82,56.9508,90862
2011-10-06,56.6,56.6,56.178,56.178,113667
2011-10-07,55.45,55.88,55.11,55.705,36362
2011-10-10,54.89,54.89,54.25,54.5901,103005
2011-10-11,55.0299,55.0299,54.73,54.9825,34747
2011-10-12,54.57,54.7292,54.01,54.423,20161
2011-10-13,54.9,55.142,54.8784,54.9,27483
2011-10-14,54.33,54.421,54.22,54.2716,6038
2011-10-17,54.54,54.8765,54.54,54.76,62556
2011-10-18,55.4,55.602,54.7,54.7,4835
2011-10-19,54.93,55.251,54.93,55.207,6582
2011-10-20,54.98,55.5884,54.92,54.92,2490
2011-10-21,54.87,54.9159,54.6725,54.81,3683
2011-10-24,54.94,54.94,54.6744,54.73,7230
2011-10-25,54.62,55.6,54.62,55.55,35283
2011-10-26,55.31,55.56,54.95,55.0,34440
2011-10-27,54.26,54.4048,53.52,53.74,24626
2011-10-28,54.0,54.47,54.0,54.35,5790
2011-10-31,55.05,55.71,54.94,55.68,9460
2011-11-01,56.63,56.85,56.3445,56.3701,104062
2011-11-02,56.31,56.64,56.27,56.64,6535
2011-11-03,56.16,56.55,56.16,56.367,41797
2011-11-04,56.45,56.75,56.327,56.569,31288
2011-11-07,56.6,57.22,56.515,56.8399,19972
2011-11-08,56.72,56.9816,56.22,56.2599,17719
2011-11-09,57.14,57.456,56.82,57.16,16636
2011-11-10,56.68,56.96,56.17,56.72,24112
2011-11-11,56.41,56.44,56.04,56.204,5117
2011-11-14,56.52,56.93,56.43,56.812,9069
2011-11-15,56.98,57.178,56.63,56.7016,15693
2011-11-16,57.09,57.159,56.89,57.15,25791
2011-11-17,57.05,57.72,57.01,57.59,70034
2011-11-18,57.29,57.29,56.75,57.01,6663
2011-11-21,57.42,57.514,57.152,57.152,11512
2011-11-22,57.27,57.36,56.95,57.36,4930
2011-11-23,57.19,57.944,57.17,57.93,9941
2011-11-25,57.37,57.4062,57.112,57.2375,11825
2011-11-28,56.3,57.0,56.2712,57.0,28040
2011-11-29,56.67,56.9805,56.24,56.725,32018
2011-11-30,56.23,56.45,56.09,56.243,50786
2011-12-01,56.04,56.4405,55.821,56.2106,11887
2011-12-02,56.09,56.86,56.02,56.86,20856
2011-12-05,56.2,56.75,56.2,56.75,5564
2011-12-06,56.37,56.4706,56.19,56.34,23083
2011-12-07,56.55,56.7,56.55,56.7,7973
2011-12-08,56.78,57.326,56.73,57.265,9080
2011-12-09,57.19,57.19,56.498,56.498,5514
2011-12-12,56.92,57.1,56.79,56.82,44762
2011-12-13,56.68,57.552,56.634,57.43,21414
2011-12-14,57.51,57.98,57.491,57.96,32408
2011-12-15,57.54,57.928,57.108,57.824,3725
2011-12-16,58.0,58.44,58.0,58.2444,18097
2011-12-19,58.25,58.6,58.199,58.49,7056
2011-12-20,58.19,58.19,57.75,57.75,9894
2011-12-21,58.34,58.34,57.56,57.6045,2804
2011-12-22,57.98,58.11,57.7144,57.85,7504
2011-12-23,57.568,57.57,57.0,57.2,3173
2011-12-27,57.46,57.51,57.38,57.46,2723
2011-12-28,57.8123,58.14,57.8123,58.0,12655
2011-12-29,58.03,58.3085,57.888,58.2999,3436
2011-12-30,58.47,58.6,58.25,58.33,11990
2012-01-03,57.74,58.118,57.724,57.9155,7100
2012-01-04,57.88,57.921,57.5,57.642,8680
2012-01-05,57.75,58.17,57.63,57.67,96774
2012-01-06,57.9,58.19,57.9,58.06,19630
2012-01-09,57.97,58.3298,57.9586,58.035,12014
2012-01-10,57.77,57.996,57.74,57.77,4937
2012-01-11,57.97,58.2831,57.97,58.24,8411
2012-01-12,58.26,58.26,57.943,58.02,13099
2012-01-13,58.54,58.763,58.5325,58.6079,8206
2012-01-17,58.47,58.65,58.43,58.6,38768
2012-01-18,58.65,58.65,58.22,58.22,16453
2012-01-19,58.0,58.0126,57.47,57.5,9841
2012-01-20,57.29,57.3286,57.111,57.18,6859
2012-01-23,56.72,56.8672,56.52,56.68,43946
2012-01-24,56.86,56.87,56.541,56.83,2346
2012-01-25,56.91,58.19,56.91,57.475,8323
2012-01-26,57.97,58.241,57.97,58.11,2904
2012-01-27,58.36,58.5464,58.24,58.5186,1242
2012-01-30,58.96,59.1,58.644,58.77,2483
2012-01-31,59.0805,59.5555,59.01,59.33,3109
2012-02-01,59.2,59.2,58.91,59.04,66595
2012-02-02,59.01,59.34,58.95,59.2199,14357
2012-02-03,58.51,58.6,58.371,58.55,24511
2012-02-06,58.58,58.81,58.37,58.74,6365
2012-02-07,58.25,58.42,58.01,58.142,8548
2012-02-08,58.11,58.3599,58.0,58.13,36455
2012-02-09,57.96,58.13,57.49,57.99,37611
2012-02-10,58.64,58.82,58.5058,58.7801,7482
2012-02-13,58.48,58.75,58.48,58.72,5105
2012-02-14,58.92,59.209,58.68,58.99,5679
2012-02-15,59.01,59.3,58.95,59.05,8262
2012-02-16,58.78,58.88,58.47,58.54,8736
2012-02-17,58.17,58.37,58.17,58.33,8554
2012-02-21,58.1,58.2021,57.784,58.13,6755
2012-02-22,58.21,58.45,58.18,58.44,3277
2012-02-23,58.51,58.878,58.21,58.82,6598
2012-02-24,59.1,59.25,58.83,58.87,6799
2012-02-27,58.86,59.4,58.86,59.0965,1601
2012-02-28,59.3,59.45,59.15,59.15,10622
2012-02-29,59.25,59.25,58.68,58.85,35144
2012-03-01,58.22,58.31,58.12,58.31,53669
2012-03-02,58.4,58.76,58.4,58.74,7098
2012-03-05,58.81,58.81,58.6499,58.71,4312
2012-03-06,59.08,59.2,59.0395,59.0395,4310
2012-03-07,59.11,59.2999,58.951,59.1604,136011
2012-03-08,58.96,59.102,58.79,58.8035,6717
2012-03-09,58.712,58.83,58.592,58.83,6667
2012-03-12,59.09,59.11,58.8099,58.8099,7000
2012-03-13,58.71,58.79,58.111,58.51,8503
2012-03-14,57.53,57.53,56.99,57.2,28739
2012-03-15,56.85,57.1,56.5926,56.86,1603111
2012-03-16,56.33,56.65,56.29,56.64,32860
2012-03-19,56.48,56.5,55.86,56.06,19109
2012-03-20,56.14,56.28,55.48,56.15,93787
2012-03-21,56.3,56.64,56.3,56.64,6882
2012-03-22,56.84,56.9301,56.67,56.67,20440
2012-03-23,56.97,56.9716,56.94,56.97,87057
2012-03-26,56.91,57.0,55.83,56.9,36473
2012-03-27,57.02,57.2901,57.0,57.25,16285
2012-03-28,57.45,57.45,56.49,57.23,2425
2012-03-29,57.54,57.59,56.84,57.57,18216
2012-03-30,57.59,57.68,57.0,57.0801,96737
2012-04-02,57.43,57.58,57.3001,57.33,3513
2012-04-03,57.61,57.8,57.07,57.07,13550
2012-04-04,57.12,57.39,57.08,57.24,2442
2012-04-05,57.72,57.93,57.61,57.8,14617
2012-04-09,59.08,59.17,58.87,58.87,5201
2012-04-10,59.05,59.3201,58.91,59.21,8653
2012-04-11,58.99,58.99,58.81,58.88,3060
2012-04-12,58.87,58.87,58.53,58.53,4652
2012-04-13,58.9,59.1,58.9,58.99,1968
2012-04-16,59.25,59.3415,59.115,59.115,2960
2012-04-17,58.85,58.8923,58.77,58.85,5044
2012-04-18,59.01,59.1,58.96,58.96,770
2012-04-19,59.1501,59.1501,59.1501,59.1501,100
2012-04-20,58.966,59.15,58.966,59.14,1188
2012-04-23,59.45,59.45,59.3954,59.3954,437
2012-04-24,59.3954,59.3954,59.3954,59.3954,0
2012-04-25,58.81,59.06,58.73,59.06,5210
2012-04-26,59.3501,59.48,59.24,59.271,21876
2012-04-27,59.36,59.4701,59.36,59.4701,2385
2012-04-30,59.67,59.68,59.555,59.555,3598
2012-05-01,59.76,59.76,59.28,59.43,3422
2012-05-02,59.69,59.73,59.59,59.59,1000
2012-05-03,59.41,59.5801,59.41,59.5801,1456
2012-05-04,59.89,60.0963,59.89,60.0963,4652
2012-05-07,60.13,60.15,60.0442,60.0986,1250
2012-05-08,60.38,60.3801,60.38,60.3801,200
2012-05-09,60.6799,60.6799,60.34,60.34,650
2012-05-10,60.06,60.25,60.05,60.25,300
2012-05-11,60.48,60.5099,60.48,60.5099,721
2012-05-14,61.17,61.1737,61.0406,61.0892,2613
2012-05-15,60.98,61.13,60.938,61.0616,2734
2012-05-16,60.87,61.3776,60.86,61.32,4996
2012-05-17,61.46,61.768,61.4599,61.768,3835
2012-05-18,61.7619,61.8,61.7619,61.78,1126
2012-05-21,61.7,61.71,61.61,61.628,2224
2012-05-22,61.23,61.4038,61.11,61.4038,5540
2012-05-23,61.8,61.8,61.8,61.8,100
2012-05-24,61.51,61.5101,61.51,61.5101,200
2012-05-25,61.758,61.758,61.6901,61.6901,237
2012-05-29,61.8,62.0,61.61,61.61,1165
2012-05-30,62.37,62.662,62.37,62.6,14035
2012-05-31,62.83,63.0,62.79,62.79,1335
2012-06-01,63.31,63.75,63.31,63.67,14787
2012-06-04,63.1199,63.12,62.878,62.878,687
2012-06-05,62.638,62.6999,62.4348,62.615,1337
2012-06-06,62.18,62.18,61.83,61.9149,7120
2012-06-07,61.89,62.2348,61.86,62.2348,2703
2012-06-08,62.76,62.83,62.67,62.67,1544
2012-06-11,62.25,62.8,62.25,62.8,3000
2012-06-12,62.3001,62.34,62.17,62.17,520
2012-06-13,62.492,62.79,62.492,62.79,1000
2012-06-14,62.577,62.577,62.577,62.577,423
2012-06-15,62.8913,62.9001,62.76,62.76,4061
2012-06-18,62.76,62.76,62.76,62.76,0
2012-06-19,62.48,62.5182,62.48,62.5182,775
2012-06-20,62.07,62.42,61.81,62.3,29438
2012-06-21,62.35,62.64,62.34,62.52,16725
2012-06-22,62.07,62.28,62.07,62.1118,13870
2012-06-25,62.51,62.75,62.51,62.68,8320
2012-06-26,62.5,62.72,62.48,62.54,27619
2012-06-27,62.65,62.72,62.59,62.72,5460
2012-06-28,63.22,63.3,63.0982,63.124,8193
2012-06-29,62.618,62.678,62.618,62.678,939
2012-07-02,62.89,63.29,62.89,63.23,38741
2012-07-03,63.1199,63.12,63.0,63.0,403
2012-07-05,62.91,63.1059,62.91,63.09,25658
2012-07-06,63.3422,63.47,63.3422,63.47,1350
2012-07-09,63.37,63.5,63.36,63.48,17098
2012-07-10,63.37,63.57,63.37,63.57,5725
2012-07-11,63.47,63.82,63.4601,63.54,4228
2012-07-12,63.5,63.5707,63.48,63.48,2300
2012-07-13,63.44,63.44,63.15,63.29,8686
2012-07-16,63.4692,63.5,63.3418,63.3418,1043
2012-07-17,63.23,63.35,63.17,63.27,975
2012-07-18,63.2,63.226,63.18,63.226,348
2012-07-19,62.94,63.14,62.85,62.86,33359
2012-07-20,63.24,63.37,63.24,63.37,2300
2012-07-23,63.6301,63.69,63.52,63.528,1714
2012-07-24,63.6601,63.79,63.6601,63.79,829
2012-07-25,63.6922,63.802,63.6922,63.77,22700
2012-07-26,63.5,63.57,63.44,63.44,3061
2012-07-27,63.0299,63.0299,62.53,62.86,18330
2012-07-30,62.75,63.0137,62.69,63.0,8591
2012-07-31,63.25,63.25,63.25,63.25,220
2012-08-01,62.88,62.88,62.82,62.82,5560
2012-08-02,63.2,63.23,63.12,63.18,7135
2012-08-03,62.65,62.67,62.47,62.52,1933
2012-08-06,62.64,62.75,62.64,62.75,1838
2012-08-07,62.2599,62.26,62.208,62.208,793
2012-08-08,62.26,62.28,62.191,62.191,800
2012-08-09,62.04,62.2518,61.918,62.18,4418
2012-08-10,62.4299,62.44,62.27,62.27,1826
2012-08-13,62.52,62.576,62.32,62.34,31099
2012-08-14,61.96,61.96,61.8599,61.8699,1300
2012-08-15,61.5,61.5,61.162,61.27,31573
2012-08-16,61.26,61.34,60.808,60.95,5568
2012-08-17,61.142,61.1872,61.142,61.1656,600
2012-08-20,61.27,61.27,61.1505,61.1505,4450
2012-08-21,61.036,61.292,60.9477,61.292,14512
2012-08-22,61.72,62.0405,61.63,62.0405,23568
2012-08-23,62.2501,62.35,62.151,62.23,55116
2012-08-24,62.3808,62.4799,62.212,62.26,2757
2012-08-27,62.5,62.5148,62.5,62.508,800
2012-08-28,62.7401,62.7401,62.6753,62.6753,1520
2012-08-29,62.5,62.65,62.49,62.65,59619
2012-08-30,62.85,62.888,62.8008,62.8008,741
2012-08-31,63.18,63.18,63.18,63.18,120
2012-09-04,63.18,63.18,63.15,63.15,3800
2012-09-05,63.1,63.11,63.04,63.07,842
2012-09-06,62.4801,62.6045,62.4701,62.55,953
2012-09-07,63.2501,63.2501,62.8314,62.8314,1710
2012-09-10,62.8543,62.8543,62.4801,62.59,22907
2012-09-11,62.6,62.61,62.476,62.476,2110
2012-09-12,61.9,61.9,61.7554,61.8301,542
2012-09-13,62.1776,62.45,61.5,62.45,3650
2012-09-14,61.57,61.57,61.2017,61.294,20954
2012-09-17,61.43,61.5365,61.43,61.52,6447
2012-09-18,62.0104,62.0104,61.784,61.84,16995
2012-09-19,62.17,62.17,62.0,62.086,3900
2012-09-20,62.35,62.37,62.35,62.37,300
2012-09-21,62.37,62.37,62.37,62.37,0
2012-09-24,62.8,62.83,62.8,62.83,2500
2012-09-25,62.7217,62.7217,62.7217,62.7217,200
2012-09-26,63.5,63.6099,63.4101,63.5568,21123
2012-09-27,63.308,63.3683,63.306,63.3683,2157
2012-09-28,63.44,63.44,63.1899,63.1899,393
2012-10-01,63.29,63.29,63.29,63.29,100
2012-10-02,63.29,63.29,63.29,63.29,0
2012-10-03,63.28,63.28,63.28,63.28,18762
2012-10-04,63.17,63.17,63.17,63.17,152
2012-10-05,63.17,63.17,63.17,63.17,0
2012-10-08,63.13,63.14,63.0,63.07,17854
2012-10-09,62.8,62.9028,62.68,62.89,1130
2012-10-10,62.6265,63.151,62.6265,63.15,3941
2012-10-11,62.7,63.2069,62.7,63.2069,1150
2012-10-12,63.2069,63.2069,63.2069,63.2069,0
2012-10-15,63.1999,63.1999,63.0408,63.0408,818
2012-10-16,62.75,62.76,62.75,62.76,400
2012-10-17,62.12,62.12,62.12,62.12,800
2012-10-18,61.9501,62.1,61.8959,61.91,22972
2012-10-19,62.01,62.3998,62.01,62.3401,1050
2012-10-22,62.19,62.19,62.08,62.0828,847
2012-10-23,62.41,62.5,62.37,62.41,13200
2012-10-24,62.35,62.35,62.35,62.35,100
2012-10-25,62.35,62.35,62.35,62.35,0
2012-10-26,62.3,62.53,62.3,62.53,200
2012-10-31,62.9092,63.05,60.7,63.05,59658
2012-11-01,62.74,62.81,62.64,62.8,6664
2012-11-02,62.67,62.76,62.6052,62.76,400
2012-11-05,62.76,62.76,62.76,62.76,0
2012-11-06,62.92,62.98,62.58,62.6,11561
2012-11-07,63.45,63.53,63.4,63.53,14473
2012-11-08,63.28,63.85,63.28,63.85,1000
2012-11-09,63.85,63.85,63.85,63.85,1348
2012-11-12,63.74,63.84,63.74,63.84,300
2012-11-13,63.86,63.86,63.8,63.8,200
2012-11-14,63.77,63.88,63.75,63.88,978
2012-11-15,63.87,63.87,63.87,63.87,100
2012-11-16,63.9001,64.05,63.9001,64.05,1100
2012-11-19,63.66,63.66,63.66,63.66,100
2012-11-20,63.47,63.47,63.47,63.47,100
2012-11-21,63.34,63.3999,63.298,63.3688,22993
2012-11-23,63.31,63.322,63.29,63.2924,2350
2012-11-26,63.59,63.59,63.53,63.53,1095
2012-11-27,63.6556,63.6556,63.5501,63.5501,1092
2012-11-28,63.8699,63.8699,63.84,63.84,203
2012-11-29,63.86,63.94,63.79,63.94,21039
2012-11-30,63.84,63.84,63.83,63.83,1100
2012-12-03,63.76,63.77,63.76,63.77,5700
2012-12-04,63.87,63.87,63.87,63.87,220
2012-12-05,64.14,64.15,64.06,64.08,13125
2012-12-06,65.27,65.27,56.9205,64.22,48303
2012-12-07,63.86,63.96,63.8,63.84,53649
2012-12-10,63.98,63.98,63.761,63.84,5486
2012-12-11,63.53,63.55,63.51,63.55,1001
2012-12-12,63.39,63.5101,63.16,63.16,3151
2012-12-13,62.97,62.97,62.84,62.84,2097
2012-12-14,62.67,62.7593,62.58,62.7593,2438
2012-12-17,62.4408,62.47,62.44,62.44,763
2012-12-18,62.21,62.21,62.07,62.098,21335
2012-12-19,61.35,62.3601,61.35,62.304,4538
2012-12-20,62.3,62.38,62.3,62.38,4368
2012-12-21,62.46,62.66,62.46,62.66,1109
2012-12-24,62.66,62.66,62.66,62.66,0
2012-12-26,62.66,62.66,62.66,62.66,196
2012-12-27,62.66,62.84,62.66,62.84,2563
2012-12-28,63.09,63.09,63.09,63.09,400
2012-12-31,62.77,62.83,62.48,62.48,1495
2013-01-02,62.0,62.18,61.98,62.12,121232
2013-01-03,61.86,61.89,61.86,61.88,89321
2013-01-04,61.4,61.61,61.39,61.61,9586
2013-01-07,61.6,61.69,61.53,61.6,18101
2013-01-08,61.75,61.75,61.75,61.75,660
2013-01-09,61.85,61.93,61.74,61.86,8392
2013-01-10,61.57,61.6101,61.44,61.54,12491
2013-01-11,61.34,61.47,61.34,61.47,366
2013-01-14,61.94,62.0,61.85,61.96,26724
2013-01-15,62.22,62.3,62.22,62.241,9030
2013-01-16,62.39,62.39,62.02,62.2,1840
2013-01-17,61.92,61.92,61.71,61.85,3278
2013-01-18,61.85,61.85,61.85,61.85,0
2013-01-22,61.924,62.18,61.88,62.18,30703
2013-01-23,62.32,62.32,62.22,62.22,1600
2013-01-24,62.15,62.15,62.15,62.15,150
2013-01-25,61.6001,61.6631,61.51,61.5401,808
2013-01-28,61.29,61.34,61.29,61.34,800
2013-01-29,61.13,61.1999,61.08,61.091,700
2013-01-30,61.0,61.0131,61.0,61.0131,700
2013-01-31,61.03,61.07,61.03,61.07,1500
2013-02-01,61.44,61.55,61.44,61.45,1138
2013-02-04,61.37,61.48,61.36,61.36,4105
2013-02-05,61.04,61.04,61.04,61.04,100
2013-02-06,61.22,61.38,61.13,61.352,1704
2013-02-07,61.4099,61.628,61.4099,61.628,4550
2013-02-08,61.628,61.628,61.628,61.628,0
2013-02-11,61.49,61.49,61.49,61.49,100
2013-02-12,61.4101,61.4101,61.4101,61.4101,100
2013-02-13,60.9698,60.9698,60.9698,60.9698,100
2013-02-14,60.9698,60.9698,60.9698,60.9698,0
2013-02-15,61.23,61.23,61.23,61.23,300
2013-02-19,61.5,61.51,61.49,61.51,500
2013-02-20,61.51,61.51,61.51,61.51,0
2013-02-21,61.68,61.68,61.66,61.66,2200
2013-02-22,61.75,61.85,61.75,61.85,800
2013-02-25,61.53,62.55,61.53,62.52,8070
2013-02-26,62.48,62.67,62.48,62.67,1527
2013-02-27,62.83,62.83,62.47,62.47,6352
2013-02-28,62.47,62.47,62.47,62.47,0
2013-03-01,62.47,62.47,62.47,62.47,0
2013-03-04,62.73,62.73,62.71,62.71,375
2013-03-05,62.3964,62.428,62.3896,62.428,400
2013-03-06,62.428,62.428,62.428,62.428,0
2013-03-07,61.63,61.674,61.63,61.674,331
2013-03-08,61.05,61.088,61.05,61.088,2000
2013-03-11,61.05,61.05,61.03,61.03,301
2013-03-12,61.26,61.3401,61.24,61.3401,1320
2013-03-13,61.31,61.31,61.31,61.31,1300
2013-03-14,61.2001,61.2001,61.2001,61.2001,100
2013-03-15,61.881,61.92,61.881,61.92,400
2013-03-18,61.92,61.92,61.92,61.92,0
2013-03-19,61.92,61.92,61.92,61.92,0
2013-03-20,62.36,62.36,62.36,62.36,100
2013-03-21,62.36,62.36,62.36,62.36,0
2013-03-22,62.65,62.6899,62.65,62.6899,200
2013-03-25,62.6899,62.6899,62.6899,62.6899,0
2013-03-26,62.6899,62.6899,62.6899,62.6899,0
2013-03-27,63.26,63.33,63.26,63.33,226
2013-03-28,63.16,63.26,63.16,63.26,532
2013-04-01,63.26,63.26,63.26,63.26,0
2013-04-02,63.26,63.26,63.26,63.26,0
2013-04-03,63.1259,63.27,63.1259,63.27,200
2013-04-04,63.74,63.91,63.74,63.91,700
2013-04-05,64.41,64.41,64.41,64.41,300
2013-04-08,64.21,64.21,64.19,64.19,500
2013-04-09,64.19,64.19,64.19,64.19,0
2013-04-10,63.6,63.62,63.44,63.44,1300
2013-04-11,63.66,63.66,63.66,63.66,300
2013-04-12,64.09,64.09,64.09,64.09,952
2013-04-15,64.09,64.09,64.09,64.09,0
2013-04-16,64.08,64.08,64.08,64.08,100
2013-04-17,64.08,64.08,64.08,64.08,0
2013-04-18,64.08,64.08,64.08,64.08,0
2013-04-19,64.18,64.18,64.18,64.18,100
2013-04-22,64.2801,64.2801,64.2,64.24,422
2013-04-23,64.19,64.2201,64.19,64.2201,600
2013-04-24,64.2201,64.2201,64.2201,64.2201,0
2013-04-25,64.0699,64.0699,64.03,64.03,200
2013-04-26,64.5083,64.5083,64.5083,64.5083,141
2013-04-29,64.45,64.45,64.421,64.421,200
2013-04-30,64.421,64.421,64.421,64.421,0
2013-05-01,64.6599,64.6599,64.6599,64.6599,150
2013-05-02,64.62,64.66,64.62,64.66,300
2013-05-03,64.66,64.66,64.66,64.66,0
2013-05-06,63.5057,63.5057,63.5057,63.5057,200
2013-05-07,63.5,63.51,63.5,63.5,4000
2013-05-08,63.76,63.76,63.76,63.76,100
2013-05-09,63.73,63.74,63.69,63.69,550
2013-05-10,62.86,63.0401,62.86,63.0401,211
2013-05-13,62.99,62.99,62.86,62.86,500
2013-05-14,62.86,62.86,62.86,62.86,0
2013-05-15,62.51,62.51,62.51,62.51,0
2013-05-16,63.01,63.01,63.01,63.01,100
2013-05-17,63.01,63.01,63.01,63.01,0
2013-05-20,63.01,63.01,63.01,63.01,0
2013-05-21,62.5,62.5,62.5,62.5,200
2013-05-22,62.5,62.5,62.5,62.5,0
2013-05-23,62.131,62.131,62.07,62.07,712
2013-05-24,62.131,62.131,62.131,62.131,100
2013-05-28,61.97,61.97,61.35,61.35,800
2013-05-29,61.0,61.19,61.0,61.14,1250
2013-05-30,61.14,61.14,61.14,61.14,0
2013-05-31,61.06,61.08,61.06,61.08,200
2013-06-03,61.08,61.08,61.08,61.08,0
2013-06-04,61.23,61.23,60.36,60.81,21988
2013-06-05,61.45,61.4801,61.41,61.4801,600
2013-06-06,62.4,62.41,61.63,61.65,36889
2013-06-07,61.1,61.16,60.89,60.89,2950
2013-06-10,60.7,60.78,60.58,60.58,4100
2013-06-11,60.18,60.94,60.18,60.88,1602
2013-06-12,60.7901,60.7901,60.59,60.6,3200
2013-06-13,60.6,60.6,60.6,60.6,0
2013-06-14,61.29,61.29,61.29,61.29,150
2013-06-17,61.29,61.29,61.29,61.29,0
2013-06-18,61.29,61.29,61.29,61.29,0
2013-06-19,60.54,60.54,59.66,59.79,4683
2013-06-20,58.81,58.81,58.79,58.79,200
2013-06-21,58.58,58.58,58.0,58.0,2775
2013-06-24,57.38,57.91,57.36,57.91,2050
2013-06-25,57.52,57.57,57.52,57.57,500
2013-06-26,57.75,57.75,57.69,57.69,800
2013-06-27,57.69,57.69,57.69,57.69,0
2013-06-28,57.69,57.69,57.66,57.66,250
2013-07-01,57.66,57.66,57.66,57.66,0
2013-07-02,58.0801,58.14,58.0801,58.14,431
2013-07-03,58.14,58.14,58.14,58.14,0
2013-07-05,58.14,58.14,58.14,58.14,0
2013-07-08,56.32,56.332,56.32,56.332,1484
2013-07-09,56.85,56.85,56.85,56.85,360
2013-07-10,56.85,56.85,56.85,56.85,0
2013-07-11,56.85,56.85,56.85,56.85,0
2013-07-12,57.41,57.41,57.41,57.41,200
2013-07-15,57.55,57.63,57.55,57.63,1250
2013-07-16,57.76,57.76,57.76,57.76,150
2013-07-17,58.24,58.24,58.19,58.19,560
2013-07-18,57.68,57.68,57.61,57.62,400
2013-07-19,58.02,58.02,58.0,58.0,200
2013-07-22,58.0,58.0,58.0,58.0,0
2013-07-23,58.0,58.0,58.0,58.0,0
2013-07-24,57.47,57.47,57.37,57.37,660
2013-07-25,57.06,57.11,57.06,57.11,200
2013-07-26,57.48,57.514,57.44,57.46,690
2013-07-29,57.46,57.46,57.46,57.46,0
2013-07-30,57.46,57.46,57.46,57.46,0
2013-07-31,56.5,56.77,56.5,56.77,400
2013-08-01,56.77,56.77,56.77,56.77,0
2013-08-02,57.0318,57.0318,57.01,57.01,300
2013-08-05,57.01,57.01,57.01,57.01,0
2013-08-06,57.01,57.01,57.01,57.01,0
2013-08-07,57.36,57.36,57.36,57.36,405
2013-08-08,57.5,57.53,57.4,57.44,1300
2013-08-09,57.3,57.61,57.3,57.5,908
2013-08-12,57.5332,57.5332,57.5332,57.5332,100
2013-08-13,56.36,56.36,56.32,56.32,300
2013-08-14,56.2,56.2,56.2,56.2,100
2013-08-15,55.75,56.05,55.75,56.05,400
2013-08-16,56.05,56.05,56.05,56.05,0
2013-08-19,55.09,55.09,55.09,55.09,100
2013-08-20,55.59,55.61,55.59,55.61,850
2013-08-21,55.61,55.61,55.61,55.61,0
2013-08-22,55.61,55.61,55.61,55.61,0
2013-08-23,55.61,55.61,55.61,55.61,0
2013-08-26,56.05,56.05,55.94,55.954,600
2013-08-27,56.41,56.41,56.41,56.41,100
2013-08-28,56.41,56.41,56.41,56.41,0
2013-08-29,55.91,56.46,55.91,56.46,6600
2013-08-30,56.46,56.46,56.46,56.46,10000
2013-09-03,55.14,62.41,55.03,55.42,11421
2013-09-04,55.75,55.75,55.7,55.7,1463
2013-09-05,55.7,55.7,55.7,55.7,0
2013-09-06,55.8,55.8,55.35,55.35,2200
2013-09-09,55.63,55.63,55.63,55.63,500
2013-09-10,55.43,55.43,55.344,55.3499,12300
2013-09-11,55.5806,55.6,55.5806,55.6,200
2013-09-12,56.0,56.0,55.79,55.79,1400
2013-09-13,55.79,55.79,55.79,55.79,0
2013-09-16,56.1912,56.1912,55.816,55.816,2200
2013-09-17,55.83,55.83,55.83,55.83,1000
2013-09-18,55.45,57.3,55.45,57.3,10594
2013-09-19,56.5,56.5,56.5,56.5,500
2013-09-20,56.73,56.79,56.73,56.79,17700
2013-09-23,56.85,56.85,56.83,56.83,742
2013-09-24,56.83,56.83,56.83,56.83,0
2013-09-25,57.55,57.55,57.55,57.55,103
2013-09-26,57.48,57.53,57.36,57.36,5046
2013-09-27,57.71,57.74,57.71,57.74,200
2013-09-30,57.74,57.74,57.74,57.74,0
2013-10-01,57.74,57.74,57.74,57.74,0
2013-10-02,57.74,57.74,57.74,57.74,0
2013-10-03,57.74,57.74,57.74,57.74,0
2013-10-04,57.3712,57.3712,57.3712,57.3712,100
2013-10-07,57.3712,57.3712,57.3712,57.3712,0
2013-10-08,57.3712,57.3712,57.3712,57.3712,0
2013-10-09,57.78,57.822,57.78,57.81,600
2013-10-10,57.0,57.08,56.981,57.08,32200
2013-10-11,57.43,57.55,57.4,57.51,10916
2013-10-14,57.51,57.51,57.51,57.51,0
2013-10-15,57.08,57.08,57.08,57.08,500
2013-10-16,56.8,57.4001,56.8,57.4001,200
2013-10-17,58.11,58.196,58.02,58.02,1000
2013-10-18,58.15,58.18,58.04,58.04,1212
2013-10-21,58.12,58.12,57.75,57.75,4802
2013-10-22,57.75,57.75,57.75,57.75,0
2013-10-23,58.97,58.97,58.97,58.97,500
2013-10-24,58.97,58.97,58.97,58.97,0
2013-10-25,58.97,58.97,58.97,58.97,0
2013-10-28,58.97,58.97,58.97,58.97,0
2013-10-29,58.75,58.75,58.75,58.75,100
2013-10-30,59.15,59.3,59.15,59.3,200
2013-10-31,58.26,58.38,58.26,58.38,200
2013-11-01,58.38,58.38,58.38,58.38,0
2013-11-04,58.38,58.38,58.38,58.38,0
2013-11-05,57.358,57.358,57.35,57.35,370
2013-11-06,57.35,57.35,57.35,57.35,0
2013-11-07,57.86,57.86,57.86,57.86,500
2013-11-08,56.98,56.98,56.98,56.98,200
2013-11-11,56.98,56.98,56.98,56.98,0
2013-11-12,56.468,56.468,56.468,56.468,270
2013-11-13,56.468,56.468,56.468,56.468,0
2013-11-14,57.159,57.5799,57.159,57.5799,1700
2013-11-15,57.5799,57.5799,57.5799,57.5799,0
2013-11-18,57.72,57.76,57.7,57.76,1300
2013-11-19,57.76,57.76,57.76,57.76,0
2013-11-20,57.59,57.61,57.15,57.18,17691
2013-11-21,57.18,57.18,57.18,57.18,0
2013-11-22,57.08,57.08,57.08,57.08,100
2013-11-25,57.16,57.26,57.16,57.2,2600
2013-11-26,57.53,57.6,57.53,57.6,3200
2013-11-27,57.6,57.6,57.6,57.6,0
2013-11-29,56.89,56.89,56.65,56.65,200
2013-12-02,56.43,56.43,56.43,56.43,100
2013-12-03,56.63,56.97,56.63,56.97,300
2013-12-04,56.97,56.97,56.97,56.97,0
2013-12-05,56.97,56.97,56.97,56.97,0
2013-12-06,56.26,56.28,56.2001,56.28,300
2013-12-09,56.28,56.28,56.28,56.28,27
2013-12-10,56.28,56.28,56.28,56.28,0
2013-12-11,56.5224,56.62,56.3024,56.3024,920
2013-12-12,56.3024,56.3024,56.3024,56.3024,0
2013-12-13,56.26,56.26,56.24,56.24,1923
2013-12-16,56.24,56.24,56.24,56.24,0
2013-12-17,56.24,56.24,56.24,56.24,0
2013-12-18,56.24,56.24,56.24,56.24,0
2013-12-19,55.39,55.7,55.39,55.7,1011
2013-12-20,55.7,55.7,55.7,55.7,45
2013-12-23,55.65,55.65,55.65,55.65,101
2013-12-24,55.65,55.65,55.65,55.65,10
2013-12-26,55.65,55.65,55.65,55.65,0
2013-12-27,55.03,55.1,55.03,55.1,419
2013-12-30,55.31,55.43,55.31,55.43,300
2013-12-31,55.43,55.43,55.43,55.43,0
2014-01-02,55.43,55.43,55.43,55.43,0
2014-01-03,55.43,55.43,55.43,55.43,0
2014-01-06,55.92,55.92,55.82,55.88,1000
2014-01-07,56.02,56.02,55.92,55.99,1400
2014-01-08,55.99,55.99,55.99,55.99,196
2014-01-09,55.99,55.99,55.99,55.99,75
2014-01-10,56.34,56.72,56.34,56.5,89125
2014-01-13,56.76,56.78,56.62,56.77,12969
2014-01-14,56.55,56.6,56.38,56.39,30821
2014-01-15,56.4,56.4,56.4,56.4,300
2014-01-16,56.78,56.81,56.65,56.65,42300
2014-01-17,56.72,56.91,56.61,56.77,74110
2014-01-21,56.69,56.74,56.6,56.69,7200
2014-01-22,56.65,56.69,56.42,56.58,23726
2014-01-23,57.0,57.03,56.98,56.98,11400
2014-01-24,57.21,57.21,57.21,57.21,844
2014-01-27,57.21,57.21,57.21,57.21,184
2014-01-28,57.11,57.15,57.06,57.13,700
2014-01-29,57.5,57.58,57.31,57.57,2800
2014-01-30,57.37,57.51,57.32,57.33,8844
2014-01-31,57.33,57.33,57.33,57.33,0
2014-02-03,58.1099,58.16,58.1099,58.1501,550
2014-02-04,58.1501,58.1501,58.1501,58.1501,90
2014-02-05,58.1501,58.1501,58.1501,58.1501,0
2014-02-06,57.59,57.59,57.45,57.45,558
2014-02-07,57.47,57.61,57.47,57.61,586
2014-02-10,57.789,57.789,57.789,57.789,250
2014-02-11,57.39,57.39,57.39,57.39,2242
2014-02-12,57.39,57.39,57.39,57.39,0
2014-02-13,57.39,57.39,57.39,57.39,0
2014-02-14,57.39,57.39,57.39,57.39,0
2014-02-18,57.39,57.39,57.39,57.39,0
2014-02-19,57.39,57.39,57.39,57.39,0
2014-02-20,57.5,57.5396,57.28,57.28,554
2014-02-21,57.22,57.22,57.22,57.22,450
2014-02-24,57.29,57.29,57.1905,57.1905,321
2014-02-25,57.1905,57.1905,57.1905,57.1905,0
2014-02-26,57.6,57.6299,57.6,57.6299,200
2014-02-27,57.6299,57.6299,57.6299,57.6299,63
2014-02-28,57.53,57.798,57.53,57.74,500
2014-03-03,58.22,58.22,58.22,58.22,120
2014-03-04,58.22,58.22,58.22,58.22,0
2014-03-05,57.47,57.47,57.47,57.47,120
2014-03-06,57.3899,57.5,57.31,57.35,8637
2014-03-07,57.15,57.15,57.0996,57.0996,450
2014-03-10,57.17,57.17,57.17,57.17,345
2014-03-11,57.17,57.17,57.17,57.17,67
2014-03-12,57.673,57.7,57.673,57.7,375
2014-03-13,57.8242,58.18,57.8242,58.11,7817
2014-03-14,58.08,58.25,58.07,58.25,5950
2014-03-17,58.0,58.0,58.0,58.0,200
2014-03-18,57.9,58.0,57.9,58.0,200
2014-03-19,57.3501,57.3501,57.3501,57.3501,446
2014-03-20,57.3501,57.3501,57.3501,57.3501,0
2014-03-21,57.51,57.51,57.51,57.51,146
2014-03-24,57.5,57.729,57.5,57.57,1902
2014-03-25,57.57,57.57,57.57,57.57,0
2014-03-26,57.57,57.57,57.57,57.57,0
2014-03-27,57.78,57.8899,57.78,57.876,586
2014-03-28,57.755,57.895,57.61,57.61,459
2014-03-31,57.121,57.121,57.121,57.121,300
2014-04-01,57.01,57.01,57.01,57.01,196
2014-04-02,56.618,56.618,56.54,56.58,1000
2014-04-03,56.58,56.58,56.58,56.58,0
2014-04-04,57.24,57.24,57.24,57.24,167
2014-04-07,57.39,57.5,57.33,57.33,15350
2014-04-08,57.4052,57.4052,57.4052,57.4052,194
2014-04-09,57.29,57.725,57.18,57.25,800
2014-04-10,57.4401,58.01,57.4401,57.92,350
2014-04-11,57.92,57.92,57.92,57.92,50
2014-04-14,57.92,57.92,57.92,57.92,0
2014-04-15,57.82,57.82,57.81,57.82,1001
2014-04-16,57.7,57.7,57.56,57.63,8020
2014-04-17,57.58,57.88,56.95,56.95,3789
2014-04-21,56.98,56.98,56.98,56.98,200
2014-04-22,56.88,56.984,56.79,56.984,9200
2014-04-23,57.18,57.32,57.12,57.12,3100
2014-04-24,57.5,57.645,57.1,57.12,1730
2014-04-25,57.12,57.12,57.12,57.12,0
2014-04-28,57.0399,57.11,56.95,57.08,2300
2014-04-29,57.1799,57.31,57.11,57.29,700
2014-04-30,57.28,57.52,57.28,57.52,250
2014-05-01,57.7,57.7785,57.7,57.7785,1175
2014-05-02,57.7785,57.7785,57.7785,57.7785,15
2014-05-05,57.85,57.89,57.72,57.78,6648
2014-05-06,57.87,57.97,57.87,57.97,600
2014-05-07,58.09,58.09,57.9999,57.9999,3150
2014-05-08,58.0994,58.0994,58.0994,58.0994,275
2014-05-09,58.0994,58.0994,58.0994,58.0994,0
2014-05-12,57.75,57.75,57.69,57.7,2937
2014-05-13,57.9,58.02,57.9,58.02,200
2014-05-14,58.02,58.02,58.02,58.02,10
2014-05-15,58.98,58.98,58.9201,58.9201,700
2014-05-16,58.838,58.838,58.838,58.838,100
2014-05-19,58.49,58.49,58.49,58.49,100
2014-05-20,58.7,58.7,58.7,58.7,200
2014-05-21,58.52,58.53,58.44,58.44,4252
2014-05-22,58.47,58.47,58.39,58.4,1023
2014-05-23,58.62,58.62,58.54,58.56,3506
2014-05-27,58.58,58.58,58.58,58.58,500
2014-05-28,59.29,59.32,59.29,59.32,2200
2014-05-29,59.32,59.32,59.32,59.32,0
2014-05-30,58.98,59.11,58.98,59.11,350
2014-06-02,58.71,58.82,58.51,58.54,2033
2014-06-03,58.21,58.21,58.02,58.02,820
2014-06-04,57.8,57.86,57.8,57.86,800
2014-06-05,58.07,58.08,58.06,58.06,400
2014-06-06,58.01,58.02,57.99,57.99,586
2014-06-09,57.97,57.97,57.88,57.88,1000
2014-06-10,58.08,58.08,58.0778,58.0778,360
2014-06-11,58.0778,58.0778,58.0778,58.0778,0
2014-06-12,58.0778,58.0778,58.0778,58.0778,21
2014-06-13,58.0778,58.0778,58.0778,58.0778,52
2014-06-16,58.0778,58.0778,58.0778,58.0778,0
2014-06-17,58.0778,58.0778,58.0778,58.0778,0
2014-06-18,58.41,58.41,58.41,58.41,100
2014-06-19,58.41,58.41,58.41,58.41,0
2014-06-20,58.41,58.41,58.41,58.41,0
2014-06-23,58.41,58.41,58.41,58.41,0
2014-06-24,58.83,58.83,58.83,58.83,180
2014-06-25,58.83,58.83,58.83,58.83,0
2014-06-26,59.15,59.154,59.15,59.154,705
2014-06-27,59.154,59.154,59.154,59.154,0
2014-06-30,59.154,59.154,59.154,59.154,111
2014-07-01,59.08,59.08,59.08,59.08,500
2014-07-02,59.08,59.08,59.08,59.08,0
2014-07-03,59.08,59.08,59.08,59.08,0
2014-07-07,58.7801,58.7801,58.76,58.76,500
2014-07-08,58.76,58.76,58.76,58.76,0
2014-07-09,59.24,59.25,59.14,59.14,700
2014-07-10,59.16,59.17,59.16,59.17,388
2014-07-11,59.17,59.17,59.17,59.17,0
2014-07-14,59.13,59.13,59.13,59.13,400
2014-07-15,59.13,59.13,59.13,59.13,0
2014-07-16,59.13,59.13,59.13,59.13,0
2014-07-17,59.58,59.58,59.58,59.58,567
2014-07-18,59.58,59.58,59.58,59.58,0
2014-07-21,59.58,59.58,59.58,59.58,0
2014-07-22,59.58,59.58,59.58,59.58,0
2014-07-23,59.73,59.73,59.69,59.69,597
2014-07-24,59.51,59.51,59.51,59.51,405
2014-07-25,59.51,59.51,59.51,59.51,116
2014-07-28,59.51,59.51,59.51,59.51,0
2014-07-29,59.87,59.87,59.87,59.87,800
2014-07-30,59.45,59.45,59.45,59.45,200
2014-07-31,59.45,59.45,59.45,59.45,0
2014-08-01,59.45,59.45,59.45,59.45,0
2014-08-04,59.12,59.12,59.09,59.09,250
2014-08-05,59.224,59.224,59.224,59.224,212
2014-08-06,59.224,59.224,59.224,59.224,0
2014-08-07,59.224,59.224,59.224,59.224,0
2014-08-08,59.99,60.0,59.99,60.0,5000
2014-08-11,60.0,60.0,60.0,60.0,0
2014-08-12,59.63,59.63,59.53,59.53,2300
2014-08-13,59.53,59.53,59.53,59.53,0
2014-08-14,59.96,59.96,59.96,59.96,169
2014-08-15,59.96,59.96,59.96,59.96,0
2014-08-18,59.96,59.96,59.96,59.96,0
2014-08-19,59.96,59.96,59.96,59.96,0
2014-08-20,59.96,59.96,59.96,59.96,0
2014-08-21,59.96,59.96,59.96,59.96,0
2014-08-22,59.96,59.96,59.96,59.96,0
2014-08-25,60.14,60.2,60.14,60.18,1500
2014-08-26,60.19,60.19,60.11,60.11,471
2014-08-27,60.11,60.11,60.11,60.11,0
2014-08-28,60.11,60.11,60.11,60.11,0
2014-08-29,60.11,60.11,60.11,60.11,0
2014-09-02,60.11,60.11,60.11,60.11,0
2014-09-03,59.69,59.84,59.69,59.78,1349
2014-09-04,59.78,59.78,59.78,59.78,0
2014-09-05,59.78,59.78,59.78,59.78,0
2014-09-08,59.48,59.48,59.47,59.47,400
2014-09-09,59.5199,59.52,59.5099,59.52,520
2014-09-10,59.52,59.52,59.52,59.52,0
2014-09-11,59.52,59.52,59.52,59.52,0
2014-09-12,58.7699,58.77,58.7699,58.77,210
2014-09-15,58.74,58.88,58.74,58.78,1591
2014-09-16,58.78,58.78,58.78,58.78,0
2014-09-17,58.78,58.78,58.78,58.78,0
2014-09-18,58.4,58.4,58.4,58.4,101
2014-09-19,58.4,58.4,58.4,58.4,86
2014-09-22,58.7801,58.7801,58.7801,58.7801,200
2014-09-23,58.832,58.86,58.832,58.86,801
2014-09-24,58.86,58.86,58.86,58.86,95
2014-09-25,58.946,58.946,58.946,58.946,100
2014-09-26,58.946,58.946,58.946,58.946,2000
2014-09-29,59.246,59.246,59.246,59.246,100
2014-09-30,59.246,59.246,59.246,59.246,0
2014-10-01,59.246,59.246,59.246,59.246,10
2014-10-02,59.41,59.537,59.41,59.537,4151
2014-10-03,59.34,59.34,59.34,59.34,100
2014-10-06,59.502,59.502,59.502,59.502,151
2014-10-07,59.502,59.502,59.502,59.502,0
2014-10-08,60.01,60.06,60.01,60.06,300
2014-10-09,60.06,60.06,60.06,60.06,1
2014-10-10,60.06,60.06,60.06,60.06,0
2014-10-13,60.06,60.06,60.06,60.06,0
2014-10-14,60.06,60.06,60.06,60.06,26
2014-10-15,60.06,60.06,60.06,60.06,0
2014-10-16,60.06,60.06,60.06,60.06,0
2014-10-17,60.4,60.4,60.4,60.4,100
2014-10-20,60.4,60.4,60.4,60.4,0
2014-10-21,60.11,60.11,60.11,60.11,145
2014-10-22,60.11,60.11,60.11,60.11,0
2014-10-23,60.11,60.11,60.11,60.11,0
2014-10-24,60.11,60.11,60.11,60.11,51
2014-10-27,60.11,60.11,60.11,60.11,0
2014-10-28,59.62,59.62,59.5,59.5,736
2014-10-29,59.5,59.5,59.5,59.5,0
2014-10-30,59.5,59.5,59.5,59.5,0
2014-10-31,59.5,59.5,59.5,59.5,0
2014-11-03,59.5,59.5,59.5,59.5,17
2014-11-04,59.748,59.748,59.748,59.748,154
2014-11-05,59.64,59.64,59.64,59.64,509
2014-11-06,59.64,59.64,59.64,59.64,12500
2014-11-07,59.98,59.98,59.96,59.96,294
2014-11-10,59.96,59.96,59.96,59.96,0
2014-11-11,59.96,59.96,59.96,59.96,0
2014-11-12,59.928,59.928,59.928,59.928,165
2014-11-13,59.928,59.928,59.928,59.928,50
2014-11-14,59.928,59.928,59.928,59.928,0
2014-11-17,59.928,59.928,59.928,59.928,82
2014-11-18,59.928,59.928,59.928,59.928,0
2014-11-19,59.928,59.928,59.928,59.928,78
2014-11-20,59.928,59.928,59.928,59.928,0
2014-11-21,59.928,59.928,59.928,59.928,0
2014-11-24,59.77,59.77,59.77,59.77,301
2014-11-25,59.69,59.8108,59.45,59.705,9797
2014-11-26,59.705,59.705,59.705,59.705,0
2014-11-28,59.705,59.705,59.705,59.705,0
2014-12-01,59.705,59.705,59.705,59.705,16
2014-12-02,59.705,59.705,59.705,59.705,5
2014-12-03,60.02,60.04,59.958,60.04,427
2014-12-04,60.04,60.04,60.04,60.04,0
2014-12-05,60.04,60.04,60.04,60.04,50
2014-12-08,60.698,60.8899,60.698,60.88,1286
2014-12-09,60.88,60.88,60.88,60.88,0
2014-12-10,61.1499,61.1499,61.1499,61.1499,280
2014-12-11,61.1499,61.1499,61.1499,61.1499,0
2014-12-12,61.1499,61.1499,61.1499,61.1499,0
2014-12-15,61.2801,61.2801,61.2801,61.2801,603
2014-12-16,61.2801,61.2801,61.2801,61.2801,0
2014-12-17,61.52,61.52,61.2299,61.2299,532
2014-12-18,60.8,60.919,60.8,60.919,15864
2014-12-19,60.85,61.24,60.85,61.2399,500
2014-12-22,61.24,62.452,61.24,62.38,61142
2014-12-23,61.38,61.45,60.9205,60.925,26566
2014-12-24,60.925,60.925,60.925,60.925,75
2014-12-26,60.925,60.925,60.925,60.925,23
2014-12-29,60.892,60.892,60.892,60.892,539
2014-12-30,61.1,61.189,61.1,61.189,2925
2014-12-31,61.25,61.27,61.25,61.27,4500
2015-01-02,61.659,61.7,61.659,61.6999,939
2015-01-05,62.35,62.35,62.1801,62.3,1106
2015-01-06,62.74,63.0,62.6739,62.8212,4526
2015-01-07,62.48,62.551,62.48,62.551,714
2015-01-08,62.09,62.09,62.09,62.09,300
2015-01-09,62.395,62.45,62.36,62.45,767
2015-01-12,62.5999,62.68,62.5999,62.68,573
2015-01-13,62.62,62.89,62.62,62.79,4100
2015-01-14,63.03,63.03,62.791,62.8444,1486
2015-01-15,62.99,63.0901,62.99,63.0901,302
2015-01-16,63.41,63.41,62.8,62.8,1391
2015-01-20,63.14,63.3499,63.14,63.2134,4689
2015-01-21,63.3,63.3,62.669,62.669,15533
2015-01-22,62.35,62.448,62.35,62.448,1078
2015-01-23,62.8653,62.8899,62.8653,62.87,432
2015-01-26,62.98,62.98,62.98,62.98,178
2015-01-27,62.8644,62.8644,62.8644,62.8644,346
2015-01-28,63.12,63.35,63.12,63.35,473
2015-01-29,63.29,63.29,63.18,63.18,997
2015-01-30,63.66,64.46,63.6,63.6,1201
2015-02-02,63.52,63.658,63.49,63.6,2340
2015-02-03,63.1084,63.1084,62.9101,62.9101,1188
2015-02-04,62.83,63.06,62.83,63.06,661
2015-02-05,63.06,63.06,63.06,63.06,91
2015-02-06,63.06,63.06,63.06,63.06,120
2015-02-09,62.76,62.76,62.638,62.638,800
2015-02-10,62.1701,62.33,62.1701,62.28,2036
2015-02-11,62.25,62.26,62.23,62.23,404
2015-02-12,62.07,62.07,62.07,62.07,185
2015-02-13,61.93,61.93,61.92,61.92,426
2015-02-17,61.92,61.92,61.92,61.92,106
2015-02-18,61.1,61.1,60.9701,60.9701,494
2015-02-19,60.952,60.952,60.9042,60.948,550
2015-02-20,60.948,60.948,60.948,60.948,1
2015-02-23,60.99,61.17,60.0,61.17,55179
2015-02-24,61.46,61.47,61.45,61.46,1917
2015-02-25,61.68,61.68,61.54,61.55,753
2015-02-26,61.7068,61.7068,61.7068,61.7068,15000
2015-02-27,61.24,61.3103,61.24,61.3103,502
2015-03-02,61.2,61.2,61.2,61.2,100
2015-03-03,60.84,60.96,60.84,60.96,300
2015-03-04,60.96,60.96,60.96,60.96,5
2015-03-05,60.77,60.77,60.77,60.77,558
2015-03-06,60.21,60.21,60.092,60.1,1019
2015-03-09,60.1,60.1,60.1,60.1,33
2015-03-10,60.88,60.88,60.88,60.88,250
2015-03-11,60.88,60.88,60.88,60.88,22
2015-03-12,60.88,60.88,60.88,60.88,0
2015-03-13,60.8,60.8,60.68,60.68,1002
2015-03-16,60.873,60.873,60.82,60.82,600
2015-03-17,61.211,61.33,61.19,61.33,7730
2015-03-18,61.2,61.49,61.2,61.49,1837
2015-03-19,61.571,61.571,61.571,61.571,200
2015-03-20,61.601,61.82,61.601,61.82,496
2015-03-23,61.82,61.82,61.82,61.82,30
2015-03-24,61.9,62.1,61.9,62.1,1144
2015-03-25,61.92,61.9656,61.7599,61.7599,2716
2015-03-26,61.108,61.108,61.108,61.108,100
2015-03-27,61.108,61.108,61.108,61.108,0
2015-03-30,61.1,61.12,61.1,61.12,549
2015-03-31,61.12,61.12,61.12,61.12,0
2015-04-01,61.12,61.12,61.12,61.12,1
2015-04-02,61.12,61.12,61.12,61.12,80
2015-04-06,61.6124,61.6124,61.6124,61.6124,280
2015-04-07,61.6124,61.6124,61.6124,61.6124,0
2015-04-08,61.6124,61.6124,61.6124,61.6124,0
2015-04-09,61.33,61.37,61.0688,61.0688,1199
2015-04-10,61.12,61.12,61.12,61.12,105
2015-04-13,61.12,61.12,61.12,61.12,75
2015-04-14,61.27,61.27,61.27,61.27,1081
2015-04-15,61.27,61.27,61.27,61.27,1
2015-04-16,61.27,61.27,61.27,61.27,0
2015-04-17,61.68,61.68,61.68,61.68,603
2015-04-20,61.68,61.68,61.68,61.68,0
2015-04-21,61.5809,61.5809,61.35,61.43,2122
2015-04-22,61.0,61.0,61.0,61.0,100
2015-04-23,61.0,61.0,61.0,61.0,0
2015-04-24,61.0,61.0,61.0,61.0,24
2015-04-27,61.1,61.2,61.1,61.2,5750
2015-04-28,60.75,60.809,60.75,60.809,711
2015-04-29,60.28,60.28,60.28,60.28,570
2015-04-30,60.28,60.28,60.28,60.28,0
2015-05-01,60.28,60.28,60.28,60.28,0
2015-05-04,60.28,60.28,60.28,60.28,100
2015-05-05,60.28,60.28,60.28,60.28,0
2015-05-06,59.25,59.43,59.17,59.2,7300
2015-05-07,59.55,59.618,59.55,59.618,19440
2015-05-08,59.738,59.738,59.6099,59.61,2715
2015-05-11,59.61,59.61,59.61,59.61,0
2015-05-12,58.7899,58.7899,58.7899,58.7899,100
2015-05-13,58.6,58.6,58.291,58.301,10944
2015-05-14,58.4,58.49,58.4,58.49,566
2015-05-15,59.14,59.1856,59.14,59.1856,200
2015-05-18,58.68,58.68,58.68,58.68,170
2015-05-19,58.54,58.54,58.54,58.54,100
2015-05-20,58.63,58.83,58.63,58.83,500
2015-05-21,59.13,59.13,59.13,59.13,101
2015-05-22,59.13,59.13,59.13,59.13,0
2015-05-26,59.62,59.62,59.62,59.62,1143
2015-05-27,59.62,59.62,59.62,59.62,20
2015-05-28,59.62,59.62,59.62,59.62,0
2015-05-29,59.62,59.62,59.62,59.62,0
2015-06-01,59.62,59.62,59.62,59.62,0
2015-06-02,59.62,59.62,59.62,59.62,0
2015-06-03,58.22,58.22,57.67,57.67,400
2015-06-04,57.67,57.67,57.67,57.67,0
2015-06-05,57.67,57.67,57.67,57.67,0
2015-06-08,57.67,57.67,57.67,57.67,0
2015-06-09,57.67,57.67,57.67,57.67,13700
2015-06-10,57.37,57.37,57.26,57.26,501
2015-06-11,58.01,58.01,58.01,58.01,200
2015-06-12,58.01,58.01,58.01,58.01,0
2015-06-15,58.01,58.01,58.01,58.01,0
2015-06-16,58.01,58.01,58.01,58.01,0
2015-06-17,58.38,58.38,58.38,58.38,797
2015-06-18,57.63,57.63,57.63,57.63,486
2015-06-19,57.63,57.63,57.63,57.63,0
2015-06-22,57.54,57.54,57.54,57.54,250
2015-06-23,57.54,57.54,57.54,57.54,0
2015-06-24,57.54,57.54,57.54,57.54,50
2015-06-25,57.54,57.54,57.54,57.54,0
2015-06-26,57.54,57.54,57.54,57.54,0
2015-06-29,57.54,57.54,57.54,57.54,1
2015-06-30,57.54,57.54,57.54,57.54,70
2015-07-01,57.01,57.01,57.01,57.01,268
2015-07-02,57.29,57.29,57.29,57.29,100
2015-07-06,57.29,57.29,57.29,57.29,0
2015-07-07,58.08,58.16,58.08,58.16,310
2015-07-08,58.16,58.16,58.16,58.16,0
2015-07-09,58.16,58.16,58.16,58.16,0
2015-07-10,58.16,58.16,58.16,58.16,35
2015-07-13,58.16,58.16,58.16,58.16,0
2015-07-14,57.0,57.0,57.0,57.0,200
2015-07-15,57.33,57.33,57.33,57.33,273
2015-07-16,57.54,57.54,57.54,57.54,300
2015-07-17,57.54,57.54,57.54,57.54,25
2015-07-20,57.63,57.63,57.63,57.63,175
2015-07-21,57.77,57.77,57.77,57.77,200
2015-07-22,57.77,57.77,57.77,57.77,86
2015-07-23,57.77,57.77,57.77,57.77,15
2015-07-24,57.77,57.77,57.77,57.77,0
2015-07-27,57.77,57.77,57.77,57.77,0
2015-07-28,58.41,58.41,58.31,58.38,4668
2015-07-29,58.38,58.38,58.38,58.38,0
2015-07-30,58.57,58.57,58.57,58.57,153
2015-07-31,58.57,58.57,58.57,58.57,0
2015-08-03,59.0,59.14,59.0,59.1399,4300
2015-08-04,59.026,59.026,59.026,59.026,325
2015-08-05,59.026,59.026,59.026,59.026,32
2015-08-06,58.84,58.84,58.84,58.84,543
2015-08-07,58.84,58.84,58.84,58.84,97
2015-08-10,58.9999,59.0,58.9999,59.0,233
2015-08-11,59.37,59.44,59.37,59.44,450
2015-08-12,59.2786,59.2786,59.2786,59.2786,152
2015-08-13,59.2786,59.2786,59.2786,59.2786,0
2015-08-14,59.2786,59.2786,59.2786,59.2786,0
2015-08-17,59.51,59.51,59.51,59.51,600
2015-08-18,59.35,59.35,59.35,59.35,400
2015-08-19,59.35,59.35,59.35,59.35,127
2015-08-20,59.35,59.35,59.35,59.35,171
2015-08-21,59.35,59.35,59.35,59.35,46
2015-08-24,59.8295,59.8295,59.8295,59.8295,236
2015-08-25,59.2401,59.2401,59.2401,59.2401,484
2015-08-26,59.2401,59.2401,59.2401,59.2401,234
2015-08-27,58.86,58.86,58.85,58.85,300
2015-08-28,59.2,59.2,59.2,59.2,600
2015-08-31,59.2,59.2,59.2,59.2,0
2015-09-01,59.2,59.2,59.2,59.2,0
2015-09-02,59.2,59.2,59.2,59.2,0
2015-09-03,59.11,59.24,59.11,59.24,1828
2015-09-04,59.81,59.81,59.81,59.81,719
2015-09-08,59.81,59.81,59.81,59.81,22
2015-09-09,59.81,59.81,59.81,59.81,50
2015-09-10,59.81,59.81,59.81,59.81,0
2015-09-11,59.81,59.81,59.81,59.81,0
2015-09-14,59.81,59.81,59.81,59.81,0
2015-09-15,59.81,59.81,59.81,59.81,0
2015-09-16,59.22,59.22,59.22,59.22,517
2015-09-17,59.12,59.12,59.12,59.12,617
2015-09-18,59.12,59.12,59.12,59.12,18
2015-09-21,59.12,59.12,59.12,59.12,0
2015-09-22,59.6,59.6101,59.6,59.6101,752
2015-09-23,59.6101,59.6101,59.6101,59.6101,0
2015-09-24,59.6101,59.6101,59.6101,59.6101,0
2015-09-25,59.6101,59.6101,59.6101,59.6101,4
2015-09-28,59.6101,59.6101,59.6101,59.6101,0
2015-09-29,59.6101,59.6101,59.6101,59.6101,0
2015-09-30,59.95,59.95,59.95,59.95,150
2015-10-01,59.95,59.95,59.95,59.95,0
2015-10-02,60.22,60.22,60.22,60.22,300
2015-10-05,60.06,60.1,60.06,60.1,1268
2015-10-06,60.1,60.1,60.1,60.1,0
2015-10-07,60.1,60.1,60.1,60.1,0
2015-10-08,60.1,60.1,60.1,60.1,0
2015-10-09,60.1,60.1,60.1,60.1,0
2015-10-12,60.1,60.1,60.1,60.1,0
2015-10-13,60.1,60.1,60.1,60.1,20
2015-10-14,60.07,60.07,60.07,60.07,137
2015-10-15,60.07,60.07,60.07,60.07,18
2015-10-16,60.07,60.07,60.07,60.07,11
2015-10-19,60.07,60.07,60.07,60.07,0
2015-10-20,60.07,60.07,60.07,60.07,0
2015-10-21,60.07,60.07,60.07,60.07,25
2015-10-22,60.07,60.07,60.07,60.07,0
2015-10-23,60.07,60.07,60.07,60.07,12
2015-10-26,62.0,62.0,59.53,59.53,218
2015-10-27,59.85,59.93,59.85,59.93,3118
2015-10-28,59.93,59.93,59.93,59.93,74
2015-10-29,59.4,59.5,59.33,59.33,300
2015-10-30,59.33,59.33,59.33,59.33,1
2015-11-02,59.33,59.33,59.33,59.33,0
2015-11-03,59.38,59.38,59.37,59.38,7565
2015-11-04,59.38,59.38,59.38,59.38,0
2015-11-05,59.38,59.38,59.38,59.38,0
2015-11-06,59.38,59.38,59.38,59.38,0
2015-11-09,58.7336,58.7336,58.7336,58.7336,500
2015-11-10,58.7336,58.7336,58.7336,58.7336,0
2015-11-11,58.7336,58.7336,58.7336,58.7336,20
2015-11-12,58.7336,58.7336,58.7336,58.7336,0
2015-11-13,58.7336,58.7336,58.7336,58.7336,20
2015-11-16,58.7336,58.7336,58.7336,58.7336,0
2015-11-17,59.06,59.06,59.06,59.06,300
2015-11-18,59.0,59.0,59.0,59.0,845
2015-11-19,59.0,59.0,59.0,59.0,0
2015-11-20,59.0,59.0,59.0,59.0,0
2015-11-23,60.0,60.0,60.0,60.0,470
2015-11-24,59.92,59.96,59.9,59.96,7537
2015-11-25,60.0,60.1,59.98,60.1,13363
2015-11-27,60.1,60.1,60.1,60.1,0
2015-11-30,60.1,60.1,60.1,60.1,0
2015-12-01,60.1,60.1,60.1,60.1,0
2015-12-02,60.61,60.64,60.5682,60.5682,6135
2015-12-03,60.5682,60.5682,60.5682,60.5682,0
2015-12-04,60.55,60.55,60.55,60.55,100
2015-12-07,60.55,60.55,60.55,60.55,0
2015-12-08,60.33,60.33,60.33,60.33,100
2015-12-09,60.33,60.33,60.33,60.33,35
2015-12-10,60.33,60.33,60.33,60.33,0
2015-12-11,60.22,60.22,60.22,60.22,109
2015-12-14,60.22,60.22,60.22,60.22,73
2015-12-15,59.68,59.68,59.68,59.68,100
2015-12-16,57.93,57.93,57.93,57.93,100
2015-12-17,60.0,60.0,60.0,60.0,100
2015-12-18,60.0,60.0,60.0,60.0,0
2015-12-21,60.0,60.0,60.0,60.0,7
2015-12-22,60.37,60.37,60.37,60.37,503
2015-12-23,60.37,60.37,60.37,60.37,7
2015-12-24,60.37,60.37,60.37,60.37,0
2015-12-28,60.37,60.37,60.37,60.37,0
2015-12-29,60.37,60.37,60.37,60.37,0
2015-12-30,60.37,60.37,60.37,60.37,60
2015-12-31,60.09,60.1,60.034,60.0354,1865
2016-01-04,60.46,60.46,58.06,58.06,739
2016-01-05,58.06,58.06,58.06,58.06,0
2016-01-06,60.78,60.8,60.7177,60.7177,6740
2016-01-07,60.7177,60.7177,60.7177,60.7177,0
2016-01-08,60.7177,60.7177,60.7177,60.7177,0
2016-01-11,60.7177,60.7177,60.7177,60.7177,0
2016-01-12,61.09,61.09,61.09,61.09,1142
2016-01-13,61.09,61.09,61.09,61.09,2
2016-01-14,61.09,61.09,61.09,61.09,0
2016-01-15,61.09,61.09,61.09,61.09,0
2016-01-19,61.1,61.2,61.1,61.2,500
2016-01-20,61.398,61.398,61.398,61.398,355
2016-01-21,61.398,61.398,61.398,61.398,0
2016-01-22,61.398,61.398,61.398,61.398,0
2016-01-25,61.398,61.398,61.398,61.398,0
2016-01-26,61.398,61.398,61.398,61.398,0
2016-01-27,61.398,61.398,61.398,61.398,0
2016-01-28,61.398,61.398,61.398,61.398,0
2016-01-29,61.27,61.3166,61.27,61.282,1063
2016-02-01,63.0,63.0,63.0,63.0,1562
2016-02-02,63.0,63.0,63.0,63.0,0
2016-02-03,63.0,63.0,63.0,63.0,0
2016-02-04,61.4859,61.4859,61.4859,61.4859,198
2016-02-05,61.4859,61.4859,61.4859,61.4859,1
2016-02-08,62.2827,62.3,62.2827,62.3,722
2016-02-09,62.25,62.35,62.25,62.35,2003
2016-02-10,62.724,62.724,62.724,62.724,221
2016-02-11,63.0,63.0,63.0,63.0,938
2016-02-12,62.3,62.3,62.3,62.3,201
2016-02-16,62.3,62.3,62.3,62.3,25
2016-02-17,62.06,62.06,62.06,62.06,227
2016-02-18,62.06,62.06,62.06,62.06,0
2016-02-19,62.06,62.06,62.06,62.06,0
2016-02-22,62.0,62.44,62.0,62.0,3741
2016-02-23,62.0,62.0,62.0,62.0,15
2016-02-24,62.0,62.0,62.0,62.0,0
2016-02-25,62.1,62.1,62.1,62.1,1059
2016-02-26,62.0101,62.0101,62.0101,62.0101,200
2016-02-29,62.0101,62.0101,62.0101,62.0101,20
2016-03-01,62.0101,62.0101,62.0101,62.0101,10
2016-03-02,62.0101,62.0101,62.0101,62.0101,0
2016-03-03,62.0101,62.0101,62.0101,62.0101,25
2016-03-04,62.005,64.061,62.005,64.061,243
2016-03-07,64.061,64.061,64.061,64.061,30
2016-03-08,64.061,64.061,64.061,64.061,0
2016-03-09,64.23,64.23,64.23,64.23,352
2016-03-10,64.23,64.23,64.23,64.23,0
2016-03-11,62.9999,63.35,62.4899,63.1,28100
2016-03-14,62.5999,63.5,62.475,62.7,34383
2016-03-15,62.8,63.04,62.31,62.42,54928
2016-03-16,62.3,62.7,61.87,62.15,35882
2016-03-17,61.89,62.45,61.89,62.34,10802
2016-03-18,62.14,62.55,62.1001,62.27,8600
2016-03-21,62.07,62.5,62.0279,62.47,17900
2016-03-22,62.1299,62.3,62.12,62.25,11845
2016-03-23,62.09,62.6,62.0112,62.38,7100
2016-03-24,62.24,62.75,62.2224,62.49,15302
2016-03-28,62.25,62.75,61.665,62.38,8000
2016-03-29,62.24,62.4501,62.15,62.17,9100
2016-03-30,62.17,62.17,62.17,62.17,0
2016-03-31,61.97,62.2,61.97,62.2,1800
2016-04-01,61.76,62.966,61.31,61.3101,3310
2016-04-04,62.29,63.0,62.29,62.95,15805
2016-04-05,62.65,63.11,62.6499,62.99,16709
2016-04-06,62.71,63.28,62.5923,62.99,17403
2016-04-07,62.7,63.385,62.7,63.19,51702
2016-04-08,62.9,63.12,62.9,63.09,3948
2016-04-11,62.77,63.0799,62.77,63.02,3702
2016-04-12,62.75,63.01,62.73,62.9,7000
2016-04-13,62.69,63.0801,62.6518,63.05,8552
2016-04-14,63.05,63.06,62.85,62.85,6944
2016-04-15,62.85,62.85,62.85,62.85,0
2016-04-18,61.724,62.83,61.724,62.7,8363
2016-04-19,62.79,62.81,62.66,62.75,800
2016-04-20,62.75,62.75,62.75,62.75,42
2016-04-21,62.75,62.75,62.75,62.75,0
2016-04-22,62.09,62.15,61.625,61.8705,2008
2016-04-25,61.8705,61.8705,61.8705,61.8705,0
2016-04-26,61.87,61.97,61.6425,61.97,3700
2016-04-27,62.0,62.0,62.0,62.0,400
2016-04-28,62.0,62.0,62.0,62.0,0
2016-04-29,61.0143,61.0143,60.844,60.844,342
2016-05-02,60.844,60.844,60.844,60.844,0
2016-05-03,62.23,62.4,61.8,62.29,5381
2016-05-04,62.29,62.43,62.26,62.41,5519
2016-05-05,62.35,62.6001,62.3058,62.5701,8281
2016-05-06,62.34,62.68,62.3399,62.49,10403
2016-05-09,62.3899,62.75,62.3899,62.56,19000
2016-05-10,62.5,62.83,62.49,62.71,10700
2016-05-11,62.57,62.92,62.1,62.7,22405
2016-05-12,62.57,63.1,62.57,62.83,10999
2016-05-13,62.95,63.23,62.95,63.1,14213
2016-05-16,62.863,63.22,62.863,62.89,6865
2016-05-17,62.92,63.4,62.8759,63.4,6170
2016-05-18,63.4,63.75,62.7099,62.99,10152
2016-05-19,62.79,63.15,61.7349,62.826,7542
2016-05-20,62.8,63.13,62.285,62.9,11527
2016-05-23,62.91,63.805,62.8799,63.05,3944
2016-05-24,63.05,63.1101,62.4999,62.91,5504
2016-05-25,62.79,63.5001,62.55,62.83,4606
2016-05-26,62.7299,62.9701,62.5701,62.88,9539
2016-05-27,62.76,63.8001,62.5999,63.349,10072
2016-05-31,63.07,63.15,62.5,62.95,4139
2016-06-01,63.46,63.47,62.6999,62.99,3484
2016-06-02,63.1,63.2,63.1,63.2,1200
2016-06-03,63.2,63.56,63.2,63.24,3024
2016-06-06,63.2,63.4,62.9,63.3,2102
2016-06-07,63.0,63.4,63.0,63.36,700
2016-06-08,63.23,63.27,63.03,63.03,1726
2016-06-09,63.28,63.62,63.28,63.35,12637
2016-06-10,63.33,63.34,63.33,63.34,448
2016-06-13,63.25,63.63,63.16,63.56,15355
2016-06-14,63.55,63.81,63.54,63.74,11640
2016-06-15,63.84,64.16,63.67,63.67,3430
2016-06-16,64.07,64.07,63.76,63.76,1600
2016-06-17,63.74,63.91,63.19,63.19,1919
2016-06-20,63.19,63.19,63.19,63.19,0
2016-06-21,63.0,63.3226,63.0,63.22,8005
2016-06-22,63.27,63.27,62.82,63.2,4403
2016-06-23,63.1,63.1,62.95,62.95,2505
2016-06-24,63.11,63.18,63.1,63.15,2100
2016-06-27,63.4,63.73,63.4,63.73,900
2016-06-28,63.88,63.88,63.84,63.84,203
2016-06-29,63.84,63.84,63.84,63.84,0
2016-06-30,63.4,63.53,63.4,63.53,900
2016-07-01,63.5,64.079,63.5,64.079,1100
2016-07-05,64.079,64.079,64.079,64.079,1
2016-07-06,64.079,64.079,64.079,64.079,0
2016-07-07,64.079,64.079,64.079,64.079,0
2016-07-08,64.079,64.079,64.079,64.079,0
2016-07-11,64.079,64.079,64.079,64.079,0
2016-07-12,63.94,64.0,63.94,64.0,1300
2016-07-13,64.0,64.0,64.0,64.0,50
2016-07-14,63.69,64.03,63.69,63.95,1400
2016-07-15,65.46,65.46,65.46,65.46,1000
2016-07-18,65.46,65.46,65.46,65.46,0
2016-07-19,64.23,64.23,64.05,64.18,900
2016-07-20,63.7,63.89,63.7,63.89,340
2016-07-21,64.05,64.05,64.05,64.05,560
2016-07-22,64.05,64.05,64.05,64.05,0
2016-07-25,64.61,64.61,64.05,64.05,4901
2016-07-26,63.1578,63.878,63.015,63.29,1195
2016-07-27,63.324,64.25,63.324,64.25,3249
2016-07-28,64.25,64.25,64.25,64.25,0
2016-07-29,64.49,64.49,64.49,64.49,298
2016-08-01,64.49,64.49,64.49,64.49,16
2016-08-02,64.49,64.49,64.49,64.49,0
2016-08-03,63.23,63.23,63.23,63.23,416
2016-08-04,63.23,63.23,63.23,63.23,19
2016-08-05,63.23,63.23,63.23,63.23,0
2016-08-08,63.23,63.23,63.23,63.23,0
2016-08-09,63.71,63.71,63.71,63.71,140
2016-08-10,63.71,63.71,63.71,63.71,3
2016-08-11,63.71,63.71,63.71,63.71,0
2016-08-12,63.71,63.71,63.71,63.71,0
2016-08-15,63.98,64.25,63.949,64.0,2302
2016-08-16,63.97,64.3,63.94,64.13,6502
2016-08-17,64.0,64.13,64.0,64.04,1700
2016-08-18,63.9,63.9,63.9,63.9,100
2016-08-19,63.9,63.9,63.9,63.9,1
2016-08-22,63.9,63.9,63.9,63.9,1
2016-08-23,63.9,63.9,63.9,63.9,0
2016-08-24,63.9,63.9,63.9,63.9,17
2016-08-25,63.9,63.9,63.9,63.9,0
2016-08-26,63.9,63.9,63.9,63.9,0
2016-08-29,63.9,63.9,63.9,63.9,0
2016-08-30,64.99,64.99,64.99,64.99,100
2016-08-31,64.99,64.99,64.99,64.99,0
2016-09-01,64.02,64.02,63.91,64.0,1277
2016-09-02,64.0,64.0,64.0,64.0,0
2016-09-06,64.0,64.0,64.0,64.0,1
2016-09-07,64.0,64.0,64.0,64.0,0
2016-09-08,64.0,64.0,64.0,64.0,0
2016-09-09,62.3309,62.3309,62.3309,62.3309,100
2016-09-12,62.3309,62.3309,62.3309,62.3309,0
2016-09-13,62.3309,62.3309,62.3309,62.3309,0
2016-09-14,62.99,63.0,62.99,63.0,246
2016-09-15,62.806,62.84,62.806,62.84,1052
2016-09-16,62.84,62.84,62.84,62.84,0
2016-09-19,62.84,62.84,62.84,62.84,0
2016-09-20,62.84,62.84,62.84,62.84,80
2016-09-21,62.84,62.84,62.84,62.84,0
2016-09-22,62.84,62.84,62.84,62.84,0
2016-09-23,62.84,62.84,62.84,62.84,93
2016-09-26,62.84,62.84,62.84,62.84,0
2016-09-27,62.84,62.84,62.84,62.84,0
2016-09-28,62.84,62.84,62.84,62.84,0
2016-09-29,62.84,62.84,62.84,62.84,0
2016-09-30,62.84,62.84,62.84,62.84,0
2016-10-03,64.06,64.06,64.06,64.06,100
2016-10-04,64.06,64.06,64.06,64.06,0
2016-10-05,63.92,63.92,63.92,63.92,100
2016-10-06,63.92,63.92,63.92,63.92,468
2016-10-07,63.92,63.92,63.92,63.92,0
2016-10-10,63.92,63.92,63.92,63.92,0
2016-10-11,63.92,63.92,63.92,63.92,0
2016-10-12,63.92,63.92,63.92,63.92,0
2016-10-13,63.92,63.92,63.92,63.92,0
2016-10-14,63.92,63.92,63.92,63.92,0
2016-10-17,62.516,62.516,62.516,62.516,712
2016-10-18,62.516,62.516,62.516,62.516,0
2016-10-19,62.516,62.516,62.516,62.516,0
2016-10-20,62.516,62.516,62.516,62.516,0
2016-10-21,62.516,62.516,62.516,62.516,0
2016-10-24,62.516,62.516,62.516,62.516,0
2016-10-25,65.0,65.0,65.0,65.0,139
2016-10-26,63.3,63.6,63.194,63.46,5142
2016-10-27,63.35,63.36,63.35,63.36,764
2016-10-28,63.34,63.34,62.7505,62.7505,1227
2016-10-31,61.95,62.79,61.95,62.79,540
2016-11-01,62.79,62.79,62.79,62.79,0
2016-11-02,62.95,63.3378,62.8428,63.0,32448
2016-11-03,63.0,63.0,63.0,63.0,0
2016-11-04,62.81,63.37,62.7778,63.17,8467
2016-11-07,62.69,63.0,62.5892,62.97,4102
2016-11-08,62.97,62.97,62.97,62.97,0
2016-11-09,62.97,62.97,62.97,62.97,30
2016-11-10,62.97,62.97,62.97,62.97,10
2016-11-11,60.4,60.7201,60.22,60.38,12981
2016-11-14,60.03,60.33,59.8368,60.11,9022
2016-11-15,60.22,60.76,59.12,59.92,18719
2016-11-16,59.95,60.21,59.9046,60.2,6300
2016-11-17,59.85,60.2,59.77,59.99,5348
2016-11-18,59.55,59.9301,57.7,59.3,52391
2016-11-21,59.28,59.97,59.28,59.52,16108
2016-11-22,59.69,59.9101,59.4,59.42,18606
2016-11-23,59.32,59.65,59.1045,59.3,5099
2016-11-25,59.27,59.86,59.25,59.6,33906
2016-11-28,59.49,60.17,59.41,60.17,10706
2016-11-29,59.31,60.92,59.21,59.7,6066
2016-11-30,59.43,59.54,58.54,58.54,9947
2016-12-01,58.93,59.61,58.5,58.6,3324
2016-12-02,58.58,59.78,58.58,58.59,21695
2016-12-05,58.62,59.13,58.62,58.86,27039
2016-12-06,58.76,59.48,58.02,59.18,16604
2016-12-07,58.93,59.69,58.93,59.69,13904
2016-12-08,59.3,59.3,58.86,58.95,16603
2016-12-09,58.84,59.2,58.3036,58.43,9202
2016-12-12,57.99,58.72,57.83,58.005,21651
2016-12-13,58.55,59.29,57.78,57.78,31439
2016-12-14,58.94,59.4,58.77,59.04,26605
2016-12-15,58.7,58.8,58.13,58.23,16661
2016-12-16,58.2155,58.71,58.1,58.52,20184
2016-12-19,58.6,59.0,58.16,58.7,10048
2016-12-20,58.85,58.89,57.93,57.93,27169
2016-12-21,58.6,58.89,58.4676,58.7,9935
2016-12-22,58.51,58.67,57.94,58.38,12618
2016-12-23,58.5288,58.9801,58.42,58.97,13958
2016-12-27,58.73,58.8,58.32,58.61,11300
2016-12-28,58.87,58.97,58.3726,58.53,37546
2016-12-29,58.6,58.93,58.6,58.7,38181
2016-12-30,58.62,58.98,58.5437,58.88,7600
2017-01-03,58.72,59.49,58.72,59.15,14570
2017-01-04,58.9645,59.57,58.9645,59.42,18152
2017-01-05,59.81,59.99,59.27,59.75,13178
2017-01-06,59.41,59.83,59.346,59.74,14800
2017-01-09,59.53,60.0,59.462,59.7,19862
2017-01-10,59.61,59.9805,59.4986,59.79,27150
2017-01-11,59.6,60.06,58.6389,59.67,47960
2017-01-12,59.68,60.34,59.5312,59.94,38143
2017-01-13,59.71,59.9392,59.5099,59.6,10702
2017-01-17,59.7,60.19,59.7,59.9,18802
2017-01-18,59.72,60.0124,59.5791,59.85,32008
2017-01-19,59.59,59.67,59.09,59.25,12072
2017-01-20,59.05,59.08,58.49,58.68,20000
2017-01-23,58.88,59.4,58.78,59.36,24230
2017-01-24,59.0,59.45,58.73,58.73,26400
2017-01-25,58.55,58.55,58.55,58.55,100
2017-01-26,58.8,58.8,58.5,58.5,200
2017-01-27,58.5,58.5,58.5,58.5,0
2017-01-30,58.5,58.5,58.5,58.5,7
2017-01-31,58.5,58.5,58.5,58.5,0
2017-02-01,58.5,58.5,58.5,58.5,0
2017-02-02,58.5,58.5,58.5,58.5,0
2017-02-03,58.5,58.5,58.5,58.5,0
2017-02-06,58.5,58.5,58.5,58.5,0
2017-02-07,58.5,58.5,58.5,58.5,0
2017-02-08,58.82,59.44,58.82,59.44,315
2017-02-09,58.47,58.56,58.47,58.56,202
2017-02-10,58.56,58.56,58.56,58.56,150
2017-02-13,58.56,58.56,58.56,58.56,200
2017-02-14,60.09,60.09,60.09,60.09,400
2017-02-15,60.09,60.09,60.09,60.09,0
2017-02-16,60.09,60.09,60.09,60.09,0
2017-02-17,59.1,59.54,58.93,59.23,15103
2017-02-21,59.09,59.86,58.95,59.33,38614
2017-02-22,59.05,59.4,58.99,59.14,37512
2017-02-23,59.04,59.47,59.04,59.32,19765
2017-02-24,59.18,59.75,59.18,59.56,14805
2017-02-27,59.11,59.62,59.11,59.25,16212
2017-02-28,59.18,60.15,59.17,59.36,16774
2017-03-01,59.13,59.3,58.94,59.0,11370
2017-03-02,59.15,59.15,58.74,59.05,10888
2017-03-03,58.87,59.32,58.65,58.9,23034
2017-03-06,59.08,59.46,58.86,59.4,21173
2017-03-07,59.19,59.56,58.86,59.08,9452
2017-03-08,58.85,58.98,58.84,58.96,2422
2017-03-09,58.77,58.95,58.7,58.91,16760
2017-03-10,58.78,59.01,58.7,58.83,9000
2017-03-13,58.73,58.79,58.68,58.71,636
2017-03-14,58.9,59.12,58.75,58.91,7337
2017-03-15,58.95,60.02,58.93,59.04,8367
2017-03-16,58.98,59.46,58.97,59.37,9189
2017-03-17,59.11,59.6,59.07,59.17,5163
2017-03-20,59.13,59.33,59.13,59.33,1602
2017-03-21,59.3,59.91,59.3,59.62,22397
2017-03-22,59.3,59.54,59.3,59.35,9700
2017-03-23,59.21,59.31,59.2,59.24,4500
2017-03-24,59.14,59.23,59.14,59.23,400
2017-03-27,59.24,59.3,59.21,59.3,1735
2017-03-28,59.22,59.28,59.22,59.28,401
2017-03-29,59.2,59.7,59.19,59.7,12431
2017-03-30,59.19,59.23,59.11,59.12,2104
2017-03-31,59.03,59.1,58.99,59.01,602
2017-04-03,59.3,60.21,59.3,59.73,13453
2017-04-04,59.65,59.65,59.65,59.65,100
2017-04-05,59.57,59.81,59.57,59.76,2600
2017-04-06,59.57,60.21,59.57,60.21,1207
2017-04-07,60.21,60.21,60.21,60.21,0
2017-04-10,59.8,60.0,59.8,60.0,500
2017-04-11,60.0,60.0,60.0,60.0,0
2017-04-12,60.21,60.21,59.92,59.92,1463
2017-04-13,59.92,59.92,59.92,59.92,33
2017-04-17,59.92,59.92,59.92,59.92,0
2017-04-18,61.77,62.03,61.77,62.03,425
2017-04-19,62.03,62.03,62.03,62.03,18
2017-04-20,62.03,62.03,62.03,62.03,0
2017-04-21,62.03,62.03,62.03,62.03,0
2017-04-24,62.03,62.03,62.03,62.03,0
2017-04-25,62.03,62.03,62.03,62.03,72
2017-04-26,62.03,62.03,62.03,62.03,0
2017-04-27,62.03,62.03,62.03,62.03,0
2017-04-28,61.52,61.56,61.51,61.56,1000
2017-05-01,61.56,61.56,61.56,61.56,12
2017-05-02,61.56,61.56,61.56,61.56,2
2017-05-03,61.56,61.56,61.56,61.56,3
2017-05-04,61.56,61.56,61.56,61.56,0
2017-05-05,61.56,61.56,61.56,61.56,0
2017-05-08,61.56,61.56,61.56,61.56,10
2017-05-09,61.56,61.56,61.56,61.56,0
2017-05-10,61.54,61.56,59.75,59.77,3102
2017-05-11,59.77,59.77,59.77,59.77,0
2017-05-12,59.77,59.77,59.77,59.77,0
2017-05-15,59.77,59.77,59.77,59.77,20
2017-05-16,59.77,59.77,59.77,59.77,53
2017-05-17,59.77,59.77,59.77,59.77,0
2017-05-18,59.77,59.77,59.77,59.77,0
2017-05-19,59.77,59.77,59.77,59.77,0
2017-05-22,59.77,59.77,59.77,59.77,0
2017-05-23,59.77,59.77,59.77,59.77,0
2017-05-24,59.77,59.77,59.77,59.77,0
2017-05-25,59.77,59.77,59.77,59.77,0
2017-05-26,59.77,59.77,59.77,59.77,44
2017-05-30,59.77,59.77,59.77,59.77,2
2017-05-31,59.77,59.77,59.77,59.77,0
2017-06-01,59.77,59.77,59.77,59.77,35
2017-06-02,59.77,59.77,59.77,59.77,0
2017-06-05,59.77,59.77,59.77,59.77,0
2017-06-06,59.77,59.77,59.77,59.77,0
2017-06-07,60.64,60.87,60.64,60.87,1200
2017-06-08,60.87,60.87,60.87,60.87,0
2017-06-09,60.87,60.87,60.87,60.87,0
2017-06-12,60.87,60.87,60.87,60.87,0
2017-06-13,60.87,60.87,60.87,60.87,0
2017-06-14,62.09,62.09,62.09,62.09,910
2017-06-15,62.09,62.09,62.09,62.09,1
2017-06-16,62.09,62.09,62.09,62.09,0
2017-06-19,62.09,62.09,62.09,62.09,15
2017-06-20,62.09,62.09,62.09,62.09,0
2017-06-21,62.09,62.09,62.09,62.09,0
2017-06-22,62.09,62.09,62.09,62.09,0
2017-06-23,62.09,62.09,62.09,62.09,0
2017-06-26,62.09,62.09,62.09,62.09,0
2017-06-27,62.09,62.09,62.09,62.09,11
2017-06-28,62.09,62.09,62.09,62.09,0
2017-06-29,62.09,62.09,62.09,62.09,71
2017-06-30,62.09,62.09,62.09,62.09,10
2017-07-03,62.15,62.15,62.15,62.15,102
2017-07-05,62.15,62.15,62.15,62.15,0
2017-07-06,62.15,62.15,62.15,62.15,1
2017-07-07,62.15,62.15,62.15,62.15,0
2017-07-10,62.15,62.15,62.15,62.15,40
2017-07-11,62.15,62.15,62.15,62.15,0
2017-07-12,62.15,62.15,62.15,62.15,0
2017-07-13,62.15,62.15,62.15,62.15,0
2017-07-14,62.15,62.15,62.15,62.15,0
2017-07-17,62.15,62.15,62.15,62.15,0
2017-07-18,62.15,62.15,62.15,62.15,0
2017-07-19,62.15,62.15,62.15,62.15,2
2017-07-20,62.15,62.15,62.15,62.15,1
2017-07-21,62.15,62.15,62.15,62.15,1
2017-07-24,62.15,62.15,62.15,62.15,0
2017-07-25,62.15,62.15,62.15,62.15,1
2017-07-26,62.15,62.15,62.15,62.15,0
2017-07-27,62.2,62.46,62.2,62.46,311
2017-07-28,62.46,62.46,62.46,62.46,0
2017-07-31,62.46,62.46,62.46,62.46,0
2017-08-01,62.46,62.46,62.46,62.46,0
2017-08-02,62.46,62.46,62.46,62.46,10
2017-08-03,62.46,62.46,62.46,62.46,0
2017-08-04,62.46,62.46,62.46,62.46,0
2017-08-07,62.46,62.46,62.46,62.46,0
2017-08-08,62.46,62.46,62.46,62.46,0
2017-08-09,62.46,62.46,62.46,62.46,0
2017-08-10,62.46,62.46,62.46,62.46,0
2017-08-11,62.0,62.0,62.0,62.0,130
2017-08-14,62.0,62.0,62.0,62.0,0
2017-08-15,62.0,62.0,62.0,62.0,53
2017-08-16,62.0,62.0,62.0,62.0,8
2017-08-17,62.0,62.0,62.0,62.0,0
2017-08-18,62.0,62.0,62.0,62.0,0
2017-08-21,62.0,62.0,62.0,62.0,26
2017-08-22,62.0,62.0,62.0,62.0,45
2017-08-23,62.0,62.0,62.0,62.0,0
2017-08-24,62.0,62.0,62.0,62.0,0
2017-08-25,62.0,62.0,62.0,62.0,0
2017-08-28,61.98,62.71,61.91,62.21,4509
2017-08-29,62.21,62.21,62.21,62.21,0
2017-08-30,62.21,62.21,62.21,62.21,0
2017-08-31,62.21,62.21,62.21,62.21,0
2017-09-01,62.21,62.21,62.21,62.21,20
2017-09-05,62.21,62.21,62.21,62.21,0
2017-09-06,62.21,62.21,62.21,62.21,9
2017-09-07,62.21,62.21,62.21,62.21,60
2017-09-08,61.39,62.0,61.29,61.29,2285
2017-09-11,61.29,61.29,61.29,61.29,0
2017-09-12,61.29,61.29,61.29,61.29,0
2017-09-13,61.29,61.29,61.29,61.29,0
2017-09-14,61.29,61.29,61.29,61.29,0
2017-09-15,61.29,61.29,61.29,61.29,0
2017-09-18,61.29,61.29,61.29,61.29,0
2017-09-19,61.29,61.29,61.29,61.29,0
2017-09-20,61.29,61.29,61.29,61.29,0
2017-09-21,61.13,61.13,61.13,61.13,158
2017-09-22,61.13,61.13,61.13,61.13,0
2017-09-25,61.13,61.13,61.13,61.13,0
2017-09-26,61.28,61.28,61.28,61.28,400
2017-09-27,61.5,61.5,61.5,61.5,301
2017-09-28,61.5,61.5,61.5,61.5,1
2017-09-29,61.5,61.5,61.5,61.5,18
