2013-10-24,25.25,25.25,24.68,24.925,24339
2013-10-25,24.96,25.0699,24.861,24.995,21795
2013-10-28,25.02,25.065,24.925,25.04,47473
2013-10-29,25.28,25.28,25.09,25.22,36048
2013-10-30,25.25,25.35,24.91,25.06,150198
2013-10-31,26.09,26.09,24.931,25.0,32045
2013-11-01,25.23,25.23,24.65,24.91,51618
2013-11-04,25.16,25.262,24.99,25.26,48743
2013-11-05,25.2,25.67,25.04,25.06,36977
2013-11-06,25.34,25.34,25.08,25.13,16659
2013-11-07,25.25,25.25,24.7,24.73,43636
2013-11-08,24.89,25.13,24.75,25.13,34565
2013-11-11,25.3,25.3,25.1,25.1793,40610
2013-11-12,25.26,25.26,24.9,24.92,22227
2013-11-13,24.98,25.11,24.83,25.11,45571
2013-11-14,25.28,25.3,25.14,25.3,22759
2013-11-15,25.49,25.49,25.31,25.48,49364
2013-11-18,25.65,25.65,25.2,25.25,65605
2013-11-19,25.33,25.36,25.15,25.25,35473
2013-11-20,25.37,25.43,25.15,25.2099,40873
2013-11-21,25.37,25.45,25.25,25.43,43740
2013-11-22,25.57,25.57,25.37,25.55,47463
2013-11-25,25.64,25.64,25.23,25.34,49719
2013-11-26,25.44,25.44,25.2101,25.28,22114
2013-11-27,25.4,25.4,24.971,25.08,36302
2013-11-29,25.02,25.251,25.0,25.07,13809
2013-12-02,25.15,25.215,24.95,25.031,16391
2013-12-03,25.07,25.18,24.97,25.1399,33268
2013-12-04,25.15,25.159,24.88,25.05,20659
2013-12-05,25.1,25.1,24.94,25.02,13862
2013-12-06,25.19,25.2,25.05,25.05,19999
2013-12-09,25.16,25.16,25.02,25.06,26944
2013-12-10,25.14,25.14,25.0,25.06,27709
2013-12-11,25.09,25.09,24.6,24.63,48693
2013-12-12,24.68,24.81,24.63,24.75,17888
2013-12-13,24.69,24.6922,24.55,24.68,17079
2013-12-16,24.99,24.99,24.74,24.9,34605
2013-12-17,24.98,24.98,24.6801,24.75,22336
2013-12-18,24.97,25.15,24.735,25.15,18075
2013-12-19,25.23,25.23,25.031,25.21,20556
2013-12-20,25.3,25.38,25.16,25.38,23159
2013-12-23,25.46,25.46,25.19,25.22,88096
2013-12-24,25.14,25.38,25.14,25.351,23755
2013-12-26,25.4,25.5899,25.4,25.56,63869
2013-12-27,25.73,25.73,25.56,25.7,35277
2013-12-30,25.72,25.75,25.45,25.51,67293
2013-12-31,25.64,25.7699,25.53,25.76,36300
2014-01-02,25.66,25.66,25.29,25.3799,62067
2014-01-03,25.44,25.471,25.23,25.3,47918
2014-01-06,25.48,25.48,25.1968,25.29,62622
2014-01-07,25.45,25.485,25.231,25.475,37698
2014-01-08,25.58,25.58,25.251,25.29,26668
2014-01-09,25.4,25.4,25.051,25.221,38101
2014-01-10,25.32,25.32,25.1,25.251,27106
2014-01-13,25.29,25.29,24.74,24.789,102627
2014-01-14,24.92,25.1,24.871,25.1,107116
2014-01-15,25.2,25.2,25.001,25.01,25052
2014-01-16,25.0,25.05,24.901,25.04,45197
2014-01-17,25.17,25.25,25.0,25.029,37313
2014-01-21,25.22,25.22,25.0099,25.16,29889
2014-01-22,25.27,25.315,25.1699,25.315,28752
2014-01-23,25.22,25.22,24.89,25.0,37204
2014-01-24,24.88,24.88,24.47,24.51,57229
2014-01-27,24.56,24.56,24.2,24.389,40178
2014-01-28,24.371,24.59,24.371,24.58,60980
2014-01-29,24.41,24.559,24.29,24.43,24939
2014-01-30,24.6,24.6,24.3428,24.45,24873
2014-01-31,24.25,24.35,24.03,24.14,27710
2014-02-03,24.08,24.205,23.68,23.7,100504
2014-02-04,23.79,23.99,23.7101,23.89,25929
2014-02-05,23.88,23.88,23.66,23.69,21678
2014-02-06,23.68,24.079,23.68,24.02,15343
2014-02-07,24.23,24.3099,24.07,24.29,19393
2014-02-10,24.35,24.35,24.08,24.14,19293
2014-02-11,24.1,24.55,24.1,24.5,47684
2014-02-12,24.66,24.66,24.469,24.49,30177
2014-02-13,24.36,24.68,24.33,24.6,17999
2014-02-14,24.66,25.0,24.66,24.96,76319
2014-02-18,25.07,25.12,24.95,25.07,51050
2014-02-19,25.11,25.32,25.0501,25.07,44031
2014-02-20,25.14,25.29,25.0701,25.26,26065
2014-02-21,25.36,25.36,25.11,25.11,55650
2014-02-24,25.32,25.71,25.28,25.46,42112
2014-02-25,25.49,25.52,25.31,25.4501,24071
2014-02-26,25.57,25.57,25.28,25.33,21138
2014-02-27,25.35,25.35,25.2,25.302,22655
2014-02-28,25.33,25.57,25.33,25.44,14645
2014-03-03,25.38,25.579,25.26,25.31,39156
2014-03-04,25.75,25.75,25.499,25.62,26958
2014-03-05,25.54,25.56,25.3,25.35,41561
2014-03-06,25.39,25.5,25.3499,25.5,19222
2014-03-07,25.64,25.64,25.48,25.59,21891
2014-03-10,25.59,25.62,25.43,25.62,31568
2014-03-11,25.7,25.7,25.21,25.29,41384
2014-03-12,25.18,25.386,25.12,25.3,17386
2014-03-13,25.28,25.34,24.97,25.08,32720
2014-03-14,25.05,25.18,25.05,25.13,20614
2014-03-17,25.3,25.33,25.19,25.28,52531
2014-03-18,25.43,25.56,25.2999,25.5,46289
2014-03-19,25.6,25.6,25.14,25.29,27902
2014-03-20,25.28,25.44,25.1476,25.42,18029
2014-03-21,25.49,25.579,25.4177,25.4177,11790
2014-03-24,25.64,25.64,25.33,25.36,23422
2014-03-25,25.39,25.58,25.39,25.56,18736
2014-03-26,25.59,25.72,25.459,25.46,16202
2014-03-27,25.56,25.71,25.4075,25.648,245305
2014-03-28,25.78,26.0357,25.78,25.99,41376
2014-03-31,26.14,26.15,25.921,25.99,45805
2014-04-01,26.1,26.12,25.9965,26.12,17794
2014-04-02,26.15,26.28,26.12,26.24,32724
2014-04-03,26.33,26.444,26.27,26.39,15970
2014-04-04,26.6,26.6,26.22,26.28,34509
2014-04-07,26.5,26.5,25.851,25.8699,35143
2014-04-08,25.94,26.14,25.9099,26.12,12424
2014-04-09,26.18,26.27,26.015,26.25,25081
2014-04-10,26.28,26.29,25.8501,25.91,22098
2014-04-11,25.89,25.97,25.7902,25.8451,28886
2014-04-14,25.98,26.22,25.929,26.16,21490
2014-04-15,26.29,26.48,26.13,26.47,167230
2014-04-16,26.67,26.84,26.64,26.8168,67559
2014-04-17,26.93,27.13,26.835,27.08,43150
2014-04-21,27.13,27.26,27.0201,27.24,70901
2014-04-22,27.3,27.3,27.0646,27.2,63532
2014-04-23,27.31,27.4,27.24,27.32,46631
2014-04-24,27.5,27.5,27.27,27.28,63817
2014-04-25,27.34,27.34,27.07,27.16,49836
2014-04-28,27.53,27.53,26.96,27.22,53670
2014-04-29,27.29,27.55,27.29,27.45,56296
2014-04-30,27.32,27.35,27.12,27.33,1348444
2014-05-01,27.66,27.66,27.16,27.22,301887
2014-05-02,27.28,27.48,27.21,27.32,31606
2014-05-05,27.31,27.4899,27.16,27.44,44217
2014-05-06,27.49,27.58,27.42,27.45,98226
2014-05-07,27.63,27.68,27.4,27.67,28852
2014-05-08,27.65,27.65,27.2476,27.26,78384
2014-05-09,27.33,27.33,27.15,27.22,31788
2014-05-12,27.39,27.42,27.26,27.42,51754
2014-05-13,27.48,27.53,27.417,27.52,95254
2014-05-14,27.57,27.59,27.47,27.52,166572
2014-05-15,27.52,27.52,26.98,27.16,62964
2014-05-16,27.28,27.28,27.02,27.12,64108
2014-05-19,27.12,27.28,27.1,27.2183,222855
2014-05-20,27.24,27.25,27.1,27.13,31863
2014-05-21,27.28,27.5,27.26,27.4698,54241
2014-05-22,27.54,27.54,27.42,27.43,40419
2014-05-23,27.47,27.5101,27.364,27.377,39434
2014-05-27,27.48,27.48,27.32,27.42,37183
2014-05-28,27.42,27.56,27.4,27.51,315770
2014-05-29,27.58,27.71,27.489,27.71,46964
2014-05-30,27.74,27.74,27.57,27.69,99011
2014-06-02,27.8,27.8,27.5899,27.63,49055
2014-06-03,27.6,27.74,27.53,27.7001,53608
2014-06-04,27.73,27.74,27.6,27.7,48294
2014-06-05,27.67,27.9,27.637,27.87,36588
2014-06-06,27.98,28.14,27.95,28.0877,59749
2014-06-09,28.14,28.29,28.1,28.17,56973
2014-06-10,28.18,28.18,28.06,28.12,63542
2014-06-11,28.08,28.29,28.06,28.25,175627
2014-06-12,28.43,28.54,28.31,28.34,112400
2014-06-13,28.5,28.62,28.27,28.6,98506
2014-06-16,28.65,28.82,28.6365,28.75,207914
2014-06-17,28.77,28.77,28.561,28.72,215626
2014-06-18,28.78,28.94,28.68,28.94,69605
2014-06-19,29.19,29.19,28.9,29.13,124346
2014-06-20,29.3,29.32,29.12,29.31,237604
2014-06-23,29.65,29.65,29.32,29.42,96841
2014-06-24,29.48,29.48,28.71,28.8,156057
2014-06-25,28.8,28.9933,28.65,28.97,680596
2014-06-26,29.02,29.05,28.73,29.02,57330
2014-06-27,28.97,29.03,28.85,29.03,76579
2014-06-30,29.05,29.06,28.92,29.06,56739
2014-07-01,29.23,29.45,29.02,29.11,109317
2014-07-02,29.12,29.14,28.98,29.04,115552
2014-07-03,29.12,29.1589,29.0,29.13,75759
2014-07-07,29.07,29.13,28.9,28.931,61632
2014-07-08,29.15,29.15,28.81,28.9,74141
2014-07-09,29.04,29.09,28.9001,29.07,36948
2014-07-10,28.8,28.94,28.65,28.77,75088
2014-07-11,28.83,28.83,28.5,28.54,65533
2014-07-14,28.72,28.84,28.6901,28.81,56303
2014-07-15,28.79,28.79,28.4901,28.64,59037
2014-07-16,28.87,29.1,28.819,29.1,55786
2014-07-17,29.17,29.17,28.6307,28.69,65017
2014-07-18,28.78,28.8299,28.61,28.76,57504
2014-07-21,28.8,28.83,28.6507,28.8,79724
2014-07-22,28.98,29.1,28.91,29.0462,169126
2014-07-23,29.42,29.42,29.0,29.2,54366
2014-07-24,29.28,29.34,29.19,29.23,97034
2014-07-25,29.23,29.23,28.9757,29.0,56380
2014-07-28,29.41,29.41,28.7442,28.93,277053
2014-07-29,28.95,29.0199,28.85,28.86,123745
2014-07-30,29.07,29.1,28.58,28.68,104460
2014-07-31,28.5,28.5001,27.97,27.98,109758
2014-08-01,27.88,27.95,27.52,27.74,172239
2014-08-04,27.79,28.28,27.66,28.23,233344
2014-08-05,28.09,28.09,27.45,27.61,93539
2014-08-06,27.55,27.97,27.55,27.6914,477391
2014-08-07,27.83,27.94,27.38,27.51,92330
2014-08-08,27.56,28.0,27.56,27.99,35530
2014-08-11,28.18,28.27,28.01,28.02,74780
2014-08-12,27.99,27.99,27.7,27.82,71116
2014-08-13,27.95,28.03,27.82,27.93,54434
2014-08-14,27.97,27.9799,27.7209,27.73,80335
2014-08-15,27.83,27.9749,27.75,27.96,54941
2014-08-18,28.15,28.15,27.9465,28.04,76130
2014-08-19,28.13,28.32,28.1148,28.27,79135
2014-08-20,28.27,28.35,28.1201,28.35,92372
2014-08-21,28.47,28.47,28.22,28.35,52240
2014-08-22,28.27,28.27,28.0647,28.15,35434
2014-08-25,28.29,28.45,28.28,28.44,150013
2014-08-26,28.44,28.71,28.44,28.57,49729
2014-08-27,28.56,28.6599,28.47,28.54,50126
2014-08-28,28.48,28.57,28.44,28.5414,38079
2014-08-29,28.63,28.73,28.45,28.72,101381
2014-09-02,28.81,28.81,28.25,28.3,185036
2014-09-03,28.56,28.61,28.43,28.44,42116
2014-09-04,28.46,28.5,27.9101,28.0188,69980
2014-09-05,28.01,28.24,27.8962,28.24,50086
2014-09-08,28.17,28.17,27.67,27.8,70115
2014-09-09,27.89,27.89,27.5132,27.65,53068
2014-09-10,27.59,27.6,27.2799,27.6,396219
2014-09-11,27.45,27.65,27.2794,27.64,52493
2014-09-12,27.65,27.65,27.1462,27.23,61244
2014-09-15,27.2,27.45,27.06,27.3999,51628
2014-09-16,27.39,27.89,27.37,27.72,45799
2014-09-17,27.77,27.91,27.5853,27.5853,77862
2014-09-18,27.67,27.69,27.3906,27.454,37327
2014-09-19,27.38,27.5,27.29,27.31,58970
2014-09-22,27.27,27.27,26.78,26.87,144978
2014-09-23,26.87,27.04,26.79,26.832,38538
2014-09-24,26.79,26.92,26.43,26.83,105540
2014-09-25,26.8,26.81,26.415,26.415,69221
2014-09-26,26.43,26.8199,26.3399,26.75,56656
2014-09-29,26.53,26.7199,26.37,26.68,538906
2014-09-30,26.71,26.72,26.1901,26.3648,43274
2014-10-01,26.35,26.4175,25.73,25.81,1221460
2014-10-02,25.7,25.8472,25.23,25.72,238332
2014-10-03,25.82,25.82,25.46,25.69,65569
2014-10-06,25.77,25.91,25.527,25.6999,40958
2014-10-07,25.58,25.8401,25.33,25.33,75523
2014-10-08,25.29,25.5499,24.82,25.54,109751
2014-10-09,25.36,25.39,24.5599,24.56,115849
2014-10-10,24.55,24.7431,23.99,24.25,188807
2014-10-13,24.21,24.4325,23.454,23.47,138323
2014-10-14,23.61,23.84,23.04,23.16,115910
2014-10-15,22.88,23.4006,22.5,23.37,900077
2014-10-16,22.84,24.0099,22.8001,23.79,87543
2014-10-17,24.22,24.47,23.79,23.98,118690
2014-10-20,23.96,24.2,23.85,24.16,74291
2014-10-21,24.43,24.9499,24.43,24.88,125520
2014-10-22,24.97,25.1099,24.406,24.41,89223
2014-10-23,24.75,25.08,24.617,24.85,62680
2014-10-24,24.87,24.87,24.47,24.7999,68196
2014-10-27,24.5,24.5,24.04,24.26,137867
2014-10-28,24.35,24.8607,24.266,24.82,137036
2014-10-29,25.13,25.28,24.66,24.916,61450
2014-10-30,24.79,24.9,24.54,24.8,57238
2014-10-31,24.94,25.33,24.6201,25.32,85474
2014-11-03,25.45,25.52,24.8301,24.88,112307
2014-11-04,24.69,24.69,24.15,24.33,123322
2014-11-05,24.65,24.8401,24.41,24.74,79093
2014-11-06,24.69,25.04,24.54,25.04,52442
2014-11-07,25.2,25.5499,25.13,25.38,98030
2014-11-10,25.69,25.71,25.08,25.13,112578
2014-11-11,25.19,25.2799,24.9397,25.21,133812
2014-11-12,25.14,25.31,24.9832,25.0,74154
2014-11-13,24.93,24.93,24.314,24.66,119319
2014-11-14,24.78,24.95,24.65,24.92,48058
2014-11-17,24.86,24.9231,24.69,24.8,65093
2014-11-18,24.81,24.98,24.68,24.8085,54467
2014-11-19,24.81,24.99,24.62,24.93,101609
2014-11-20,24.9,25.27,24.9,25.24,70007
2014-11-21,25.62,25.76,25.4077,25.56,118568
2014-11-24,25.57,25.63,25.27,25.38,70536
2014-11-25,25.46,25.46,24.9202,24.97,85170
2014-11-26,24.9,24.9,24.6284,24.659,84897
2014-11-28,23.82,23.92,22.97,23.03,1289005
2014-12-01,23.0,23.12,22.66,23.02,577684
2014-12-02,23.02,23.53,22.8606,23.31,1322979
2014-12-03,23.49,23.79,23.3957,23.61,372005
2014-12-04,23.53,23.53,23.2,23.4,230549
2014-12-05,23.38,23.39,23.0201,23.12,202803
2014-12-08,22.99,22.99,22.11,22.17,350548
2014-12-09,22.15,22.4428,22.01,22.41,100620
2014-12-10,22.23,22.23,21.55,21.69,327956
2014-12-11,21.77,22.209,21.62,21.67,164965
2014-12-12,21.49,21.59,21.25,21.25,260661
2014-12-15,21.46,21.63,20.9605,21.04,217517
2014-12-16,20.92,21.8499,20.8212,21.23,670527
2014-12-17,21.71,22.35,21.3488,22.16,413695
2014-12-18,22.7,22.79,22.03,22.62,403001
2014-12-19,22.76,23.24,22.4946,23.24,179546
2014-12-22,23.3,23.3,22.76,22.973,1036242
2014-12-23,23.12,23.36,22.99,23.29,405038
2014-12-24,23.29,23.29,22.85,23.1,424890
2014-12-26,23.28,23.29,22.98,23.08,128464
2014-12-29,23.19,23.3199,23.02,23.16,137011
2014-12-30,23.15,23.16,22.91,22.97,184356
2014-12-31,23.0,23.0484,22.66,22.83,165593
2015-01-02,22.86,22.9899,22.6,22.9,102591
2015-01-05,22.68,22.75,21.89,22.02,292338
2015-01-06,22.04,22.15,21.52,21.7,1424320
2015-01-07,22.02,22.03,21.58,21.72,176884
2015-01-08,21.96,22.23,21.8226,22.23,171704
2015-01-09,22.33,22.33,21.83,22.07,250974
2015-01-12,21.91,21.91,21.29,21.43,390903
2015-01-13,21.53,21.6,21.0478,21.28,421155
2015-01-14,21.09,21.36,20.71,21.33,288483
2015-01-15,21.64,21.64,21.0246,21.05,138452
2015-01-16,21.31,21.74,21.2399,21.74,153922
2015-01-20,21.66,21.74,21.34,21.73,303990
2015-01-21,21.81,22.16,21.77,22.13,132848
2015-01-22,22.45,22.45,21.86,22.27,218249
2015-01-23,22.29,22.38,22.05,22.07,115741
2015-01-26,22.21,22.42,21.95,22.4,155935
2015-01-27,22.29,22.4699,22.1721,22.38,152075
2015-01-28,22.36,22.36,21.4444,21.51,317455
2015-01-29,21.67,21.75,21.06,21.54,358438
2015-01-30,21.5,21.98,21.23,21.73,181755
2015-02-02,21.99,22.3999,21.8699,22.37,188671
2015-02-03,22.73,23.1499,22.58,23.03,362561
2015-02-04,22.86,22.86,22.469,22.65,209037
2015-02-05,22.87,23.12,22.779,23.02,176893
2015-02-06,23.23,23.33,22.92,22.99,146647
2015-02-09,23.08,23.32,23.0061,23.0501,233211
2015-02-10,23.23,23.24,22.5901,22.97,212892
2015-02-11,22.76,22.9085,22.58,22.822,108485
2015-02-12,23.14,23.27,23.016,23.17,100039
2015-02-13,23.54,23.66,23.26,23.66,277857
2015-02-17,23.74,23.7443,23.4,23.71,324204
2015-02-18,23.57,23.6,23.36,23.39,150392
2015-02-19,22.92,23.39,22.8,23.25,185613
2015-02-20,23.29,23.31,22.98,23.15,109872
2015-02-23,23.03,23.2177,22.87,23.05,130235
2015-02-24,23.26,23.26,22.9745,23.1,94279
2015-02-25,23.15,23.27,23.02,23.22,107932
2015-02-26,24.339,24.339,22.7082,22.83,209933
2015-02-27,22.99,22.99,22.74,22.76,108472
2015-03-02,22.76,22.76,22.38,22.59,266277
2015-03-03,22.62,22.7815,22.4801,22.67,86509
2015-03-04,22.71,22.78,22.383,22.62,96965
2015-03-05,22.64,22.64,22.4506,22.5,70512
2015-03-06,22.4,22.4499,22.0551,22.12,142811
2015-03-09,22.17,22.34,21.975,21.98,184869
2015-03-10,21.85,21.8999,21.65,21.65,104611
2015-03-11,21.77,21.8006,21.55,21.72,141845
2015-03-12,21.8,21.8,21.59,21.6,161776
2015-03-13,21.53,21.53,21.25,21.5,211213
2015-03-16,21.45,21.75,21.3,21.73,126676
2015-03-17,21.64,21.72,21.5041,21.64,84344
2015-03-18,21.59,22.37,21.45,22.26,204828
2015-03-19,22.03,22.07,21.85,21.9,94221
2015-03-20,22.04,22.177,21.92,22.06,80867
2015-03-23,22.13,22.26,22.0099,22.0099,95227
2015-03-24,22.25,22.25,21.85,21.86,98625
2015-03-25,22.02,22.27,21.98,22.12,122430
2015-03-26,22.43,22.4399,22.02,22.11,105895
2015-03-27,22.09,22.09,21.86,21.93,528248
2015-03-30,22.21,22.41,22.1401,22.36,4117652
2015-03-31,22.21,22.34,22.03,22.19,547802
2015-04-01,22.35,22.42,22.2025,22.25,392440
2015-04-02,22.26,22.4355,22.09,22.35,103461
2015-04-06,22.41,22.8569,22.3799,22.73,193734
2015-04-07,22.85,22.93,22.68,22.8,136545
2015-04-08,22.95,22.95,22.55,22.59,183460
2015-04-09,22.6,22.94,22.6,22.9,120291
2015-04-10,23.0,23.0399,22.87,23.01,86476
2015-04-13,23.15,23.15,22.805,22.84,115009
2015-04-14,22.98,23.29,22.98,23.21,127174
2015-04-15,23.44,23.85,23.34,23.78,492196
2015-04-16,24.99,24.99,23.5361,23.72,145369
2015-04-17,23.71,23.71,23.3299,23.51,150592
2015-04-20,23.66,23.85,23.6,23.61,114491
2015-04-21,23.67,23.67,23.26,23.34,154042
2015-04-22,23.39,23.5758,23.23,23.49,79370
2015-04-23,23.64,23.8155,23.54,23.67,125301
2015-04-24,23.83,23.83,23.38,23.5043,75697
2015-04-27,23.63,23.6599,23.45,23.47,122149
2015-04-28,23.49,23.61,23.44,23.59,115515
2015-04-29,23.57,23.84,23.46,23.82,85879
2015-04-30,23.94,23.94,23.6101,23.77,1093793
2015-05-01,23.85,23.8501,23.62,23.82,251543
2015-05-04,23.84,23.94,23.64,23.76,265936
2015-05-05,23.91,24.07,23.467,23.51,249323
2015-05-06,23.69,23.81,23.28,23.4,151493
2015-05-07,23.31,23.31,22.96,23.13,193303
2015-05-08,23.33,23.52,23.03,23.51,105698
2015-05-11,23.6,23.6,23.0599,23.09,141730
2015-05-12,23.03,23.29,23.02,23.2,75897
2015-05-13,23.33,23.4,23.03,23.11,127688
2015-05-14,23.26,23.31,23.06,23.08,96297
2015-05-15,23.04,23.2509,22.91,23.17,123461
2015-05-18,23.2,23.2,23.04,23.2,222455
2015-05-19,23.07,23.07,22.83,22.87,487126
2015-05-20,22.95,22.9801,22.79,22.92,123197
2015-05-21,23.02,23.177,23.0,23.15,114380
2015-05-22,22.98,23.1399,22.9563,23.04,69188
2015-05-26,22.8,22.97,22.58,22.67,193104
2015-05-27,22.65,22.7799,22.52,22.64,283295
2015-05-28,22.6,22.6,22.41,22.55,160870
2015-05-29,22.54,22.6401,22.49,22.54,94882
2015-06-01,22.56,22.58,22.4401,22.49,298932
2015-06-02,22.54,22.745,22.47,22.64,179245
2015-06-03,22.6,22.71,22.46,22.47,555005
2015-06-04,22.41,22.41,22.16,22.18,521754
2015-06-05,22.11,22.53,22.11,22.35,94693
2015-06-08,22.33,22.41,22.2,22.24,132797
2015-06-09,22.37,22.5,22.25,22.25,96418
2015-06-10,22.54,22.59,22.46,22.55,109680
2015-06-11,22.59,22.6,22.4201,22.44,47242
2015-06-12,22.32,22.35,22.15,22.2,79463
2015-06-15,22.08,22.23,21.96,22.13,146655
2015-06-16,22.24,22.3,22.0801,22.29,62836
2015-06-17,22.45,22.5,22.15,22.25,74098
2015-06-18,22.31,22.38,22.22,22.22,112714
2015-06-19,21.99,22.03,21.86,21.9,149495
2015-06-22,22.06,22.12,21.9201,22.0861,146337
2015-06-23,22.09,22.22,22.0556,22.19,78700
2015-06-24,22.15,22.25,22.04,22.06,159679
2015-06-25,22.07,22.07,21.82,21.8299,120152
2015-06-26,21.83,21.86,21.66,21.86,90121
2015-06-29,21.63,21.7,21.4599,21.46,125575
2015-06-30,21.66,21.66,21.46,21.57,1063356
2015-07-01,21.65,21.65,21.1846,21.26,153289
2015-07-02,21.34,21.46,21.3,21.33,98915
2015-07-06,21.08,21.2299,20.96,21.0199,2662318
2015-07-07,20.99,21.2799,20.69,21.23,207331
2015-07-08,21.07,21.22,20.7,20.79,239989
2015-07-09,21.03,21.15,20.87,20.87,81339
2015-07-10,20.97,21.12,20.88,20.96,182467
2015-07-13,20.99,21.1301,20.97,21.1,103281
2015-07-14,21.05,21.3501,21.0,21.31,99938
2015-07-15,21.21,21.2499,20.839,20.92,256103
2015-07-16,21.02,21.06,20.8599,20.89,72486
2015-07-17,20.88,20.88,20.57,20.65,141709
2015-07-20,20.65,20.65,20.34,20.36,151897
2015-07-21,20.36,20.5501,20.33,20.39,92712
2015-07-22,20.35,20.408,20.19,20.22,163503
2015-07-23,20.25,20.38,20.031,20.17,114817
2015-07-24,20.2,20.2,19.7,19.77,216477
2015-07-27,19.55,19.7,19.3991,19.47,209258
2015-07-28,19.54,20.14,19.5,20.04,166365
2015-07-29,20.04,20.38,19.9401,20.37,304525
2015-07-30,20.36,20.3858,20.139,20.25,96472
2015-07-31,20.11,20.11,19.7001,19.71,171420
2015-08-03,19.58,19.62,19.28,19.33,300353
2015-08-04,19.33,19.55,19.15,19.23,107326
2015-08-05,19.35,19.5746,19.08,19.08,260402
2015-08-06,19.04,19.4523,18.852,19.43,209495
2015-08-07,19.31,19.5,19.0,19.06,182601
2015-08-10,19.11,19.7,19.11,19.7,59736
2015-08-11,19.23,19.71,19.21,19.68,201575
2015-08-12,19.56,20.0899,19.5339,20.06,120221
2015-08-13,19.94,19.97,19.73,19.76,112573
2015-08-14,19.81,19.9,19.6601,19.68,52626
2015-08-17,19.63,19.82,19.55,19.7076,72808
2015-08-18,19.65,19.738,19.54,19.65,60175
2015-08-19,19.55,19.55,19.0,19.11,201518
2015-08-20,19.01,19.13,18.65,18.65,339985
2015-08-21,18.5,18.65,18.02,18.02,613773
2015-08-24,17.35,17.75,16.926,17.1,464714
2015-08-25,17.81,17.81,16.86,16.86,233038
2015-08-26,17.26,17.435,16.926,17.39,201936
2015-08-27,17.82,18.34,17.8,18.33,374095
2015-08-28,18.28,18.9099,18.28,18.71,184564
2015-08-31,18.6,19.02,18.2575,19.0,345899
2015-09-01,18.46,18.5801,18.12,18.23,206516
2015-09-02,18.55,18.55,18.0,18.41,229325
2015-09-03,18.51,18.86,18.3699,18.481,103912
2015-09-04,18.2,18.25,18.08,18.1699,103046
2015-09-08,18.34,18.4419,18.11,18.41,63240
2015-09-09,18.5,18.742,18.01,18.04,73513
2015-09-10,18.11,18.21,17.87,18.12,109980
2015-09-11,18.0,18.02,17.74,17.93,104936
2015-09-14,17.91,17.91,17.71,17.812,123181
2015-09-15,17.89,18.07,17.89,18.02,121460
2015-09-16,18.16,18.555,18.16,18.55,166184
2015-09-17,18.55,18.87,18.42,18.53,68121
2015-09-18,18.11,18.17,17.8001,17.88,103141
2015-09-21,18.07,18.112,17.88,17.964,120987
2015-09-22,17.66,17.96,17.6501,17.79,107567
2015-09-23,17.83,17.91,17.51,17.53,273295
2015-09-24,17.41,17.7,17.28,17.62,269183
2015-09-25,17.81,17.81,17.5,17.614,449470
2015-09-28,17.43,17.43,16.9799,16.99,101776
2015-09-29,17.08,17.2,16.857,17.0,128525
2015-09-30,17.2,17.3976,17.12,17.38,72429
2015-10-01,17.57,17.74,17.25,17.41,93264
2015-10-02,17.22,18.11,17.1901,18.11,135507
2015-10-05,18.4,18.72,18.31,18.69,128253
2015-10-06,18.81,19.2799,18.65,19.15,234877
2015-10-07,19.4,19.62,18.981,19.41,256722
2015-10-08,19.41,19.86,19.27,19.78,125497
2015-10-09,19.89,19.89,19.55,19.65,300966
2015-10-12,19.7,19.7,19.21,19.375,133266
2015-10-13,19.2,19.47,19.12,19.21,96749
2015-10-14,19.17,19.419,19.0502,19.37,93380
2015-10-15,19.34,19.7,19.204,19.69,130021
2015-10-16,19.78,19.82,19.49,19.7,91748
2015-10-19,19.54,19.54,19.23,19.29,72190
2015-10-20,19.29,19.49,19.19,19.37,146983
2015-10-21,19.36,19.37,19.0965,19.1,46411
2015-10-22,19.26,19.5,19.2,19.47,123035
2015-10-23,19.44,19.6,19.2695,19.44,96955
2015-10-26,19.38,19.39,18.95,18.96,127556
2015-10-27,18.7,18.77,18.52,18.7038,90837
2015-10-28,18.8,19.28,18.75,19.15,95329
2015-10-29,19.08,19.432,19.0648,19.24,93030
2015-10-30,19.31,19.56,19.1038,19.37,87499
2015-11-02,19.3,19.91,19.2316,19.84,207468
2015-11-03,19.98,20.48,19.98,20.32,129022
2015-11-04,20.38,20.4,19.99,20.15,211241
2015-11-05,20.08,20.234,19.8691,19.94,92447
2015-11-06,19.75,19.87,19.5699,19.87,82401
2015-11-09,19.84,20.0,19.56,19.64,393923
2015-11-10,19.6,19.78,19.51,19.69,97203
2015-11-11,19.71,19.71,19.23,19.29,128662
2015-11-12,19.11,19.116,18.79,18.83,122156
2015-11-13,18.78,18.8686,18.528,18.73,79302
2015-11-16,18.68,19.375,18.6046,19.36,132881
2015-11-17,19.29,19.38,19.1,19.1399,228438
2015-11-18,19.23,19.5,19.11,19.48,170493
2015-11-19,19.37,19.42,19.05,19.2,161505
2015-11-20,19.21,19.29,18.96,18.9739,85293
2015-11-23,18.93,19.2026,18.878,19.11,75970
2015-11-24,19.25,19.64,19.25,19.58,111419
2015-11-25,19.43,19.566,19.26,19.4161,80342
2015-11-27,19.27,19.3001,19.1801,19.24,21910
2015-11-30,19.31,19.509,19.289,19.36,64556
2015-12-01,19.37,19.465,19.331,19.46,111217
2015-12-02,19.35,19.39,18.8,18.84,187004
2015-12-03,19.0,19.0,18.395,18.48,162333
2015-12-04,18.3,18.45,18.0,18.33,165560
2015-12-07,17.97,17.99,17.37,17.61,436181
2015-12-08,17.2,17.65,17.07,17.41,220804
2015-12-09,17.5,18.0199,17.41,17.637,186854
2015-12-10,17.7,18.01,17.5599,17.788,142804
2015-12-11,17.5,17.5,17.13,17.15,407448
2015-12-14,17.07,17.33,16.8895,17.22,253745
2015-12-15,17.52,17.77,17.516,17.69,201443
2015-12-16,17.65,17.8,17.397,17.59,261667
2015-12-17,17.62,17.622,17.13,17.13,142986
2015-12-18,17.04,17.04,16.71,16.74,415717
2015-12-21,16.74,16.845,16.54,16.7,327499
2015-12-22,16.75,17.0,16.7,16.92,358145
2015-12-23,17.23,17.68,17.21,17.68,268891
2015-12-24,17.74,17.74,17.472,17.5,79961
2015-12-28,17.2,17.29,17.088,17.18,774442
2015-12-29,17.5,17.52,17.189,17.289,233886
2015-12-30,17.0,17.28,16.974,17.01,237896
2015-12-31,17.02,17.2,16.9,17.09,235068
2016-01-04,17.05,17.21,16.8,17.08,192620
2016-01-05,17.12,17.15,16.87,17.14,94104
2016-01-06,16.88,16.88,16.375,16.4938,377396
2016-01-07,16.24,16.505,16.016,16.1,430436
2016-01-08,16.17,16.1899,15.82,15.89,253862
2016-01-11,15.95,15.95,15.341,15.53,202392
2016-01-12,15.92,15.92,15.15,15.58,193107
2016-01-13,15.75,15.85,15.086,15.25,247390
2016-01-14,15.37,16.0401,15.18,15.91,181129
2016-01-15,15.32,15.57,15.19,15.47,305771
2016-01-19,15.59,15.61,14.85,15.08,279392
2016-01-20,14.81,14.8585,14.14,14.65,358642
2016-01-21,14.65,15.2741,14.56,15.11,196735
2016-01-22,15.7,15.89,15.4,15.78,233083
2016-01-25,15.51,15.8399,15.02,15.04,261120
2016-01-26,15.27,15.62,15.09,15.62,141871
2016-01-27,15.64,15.95,15.3581,15.54,184635
2016-01-28,16.06,16.2,15.7,16.04,149322
2016-01-29,16.08,16.47,15.99,16.47,157354
2016-02-01,16.33,16.33,15.9,16.14,257543
2016-02-02,15.85,15.85,15.53,15.6,147389
2016-02-03,15.83,16.2,15.280100000000001,16.2,205384
2016-02-04,16.26,16.51,16.11,16.22,141275
2016-02-05,16.05,16.05,15.739,15.86,101821
2016-02-08,15.55,15.91,15.3277,15.82,135850
2016-02-09,15.6,15.72,15.19,15.43,182384
2016-02-10,15.41,15.72,15.24,15.37,123606
2016-02-11,15.09,15.4,14.88,15.3,210686
2016-02-12,15.48,15.74,15.3695,15.68,187570
2016-02-16,15.97,16.0,15.62,15.85,146034
2016-02-17,16.08,16.41,15.97,16.32,236499
2016-02-18,16.49,16.5,16.09,16.15,161539
2016-02-19,16.03,16.1,15.8,16.1,73068
2016-02-22,16.58,16.59,16.33,16.46,163405
2016-02-23,16.34,16.39,15.91,15.94,149928
2016-02-24,15.68,16.12,15.59,16.1,133672
2016-02-25,16.05,16.1399,15.795,16.12,113361
2016-02-26,16.4,16.45,16.22,16.24,108543
2016-02-29,16.35,16.36,16.05,16.1,115328
2016-03-01,16.23,16.47,16.03,16.41,207350
2016-03-02,16.34,16.854,16.26,16.854,206882
2016-03-03,16.91,17.15,16.79,17.13,157355
2016-03-04,17.25,17.55,17.04,17.3,181448
2016-03-07,17.55,17.73,17.26,17.73,286232
2016-03-08,17.71,17.71,16.94,16.96,375631
2016-03-09,17.21,17.44,16.98,17.2159,123113
2016-03-10,17.25,17.25,16.94,17.24,105993
2016-03-11,17.52,17.72,17.438,17.66,173911
2016-03-14,17.5,17.605,17.36,17.54,103689
2016-03-15,17.3,17.49,17.175,17.49,71851
2016-03-16,17.64,17.84,17.51,17.8,189862
2016-03-17,17.98,18.22,17.8,18.08,133576
2016-03-18,18.22,18.22,17.81,17.94,213900
2016-03-21,17.9,18.01,17.72,17.89,232985
2016-03-22,17.79,17.965,17.7,17.84,59201
2016-03-23,17.72,17.77,17.4,17.43,149493
2016-03-24,17.24,17.51,17.09,17.505,253087
2016-03-28,17.57,17.57,17.3101,17.42,79915
2016-03-29,17.27,17.53,17.13,17.52,116230
2016-03-30,17.71,17.74,17.465,17.56,122146
2016-03-31,17.52,17.715,17.46,17.56,80205
2016-04-01,17.26,17.372,17.19,17.32,146749
2016-04-04,17.32,17.4501,17.145,17.1862,86051
2016-04-05,17.08,17.18,17.01,17.06,76281
2016-04-06,17.17,17.448,17.08,17.4333,103589
2016-04-07,17.34,17.47,17.18,17.33,68606
2016-04-08,17.67,17.7615,17.6,17.67,102236
2016-04-11,17.77,17.85,17.635,17.64,280966
2016-04-12,17.73,18.27,17.69,18.16,201815
2016-04-13,18.23,18.3,18.0599,18.26,192395
2016-04-14,18.29,18.32,18.195,18.3115,98914
2016-04-15,18.22,18.22,18.03,18.07,90830
2016-04-18,17.7,18.38,17.65,18.3469,676380
2016-04-19,18.48,18.75,18.36,18.75,351002
2016-04-20,18.68,19.05,18.59,18.89,681688
2016-04-21,18.95,19.02,18.76,18.82,204640
2016-04-22,18.85,19.1361,18.85,19.08,128937
2016-04-25,19.02,19.06,18.7164,18.87,429886
2016-04-26,18.98,19.14,18.89,19.14,89328
2016-04-27,19.26,19.5329,19.24,19.5,335560
2016-04-28,19.41,19.5599,19.144,19.22,256891
2016-04-29,19.23,19.47,18.91,19.2,150307
2016-05-02,19.2,19.23,18.955,19.19,306653
2016-05-03,18.91,18.98,18.59,18.71,793516
2016-05-04,18.74,18.86,18.34,18.45,138469
2016-05-05,18.75,18.84,18.44,18.56,94685
2016-05-06,18.46,18.7365,18.42,18.52,66083
2016-05-09,18.48,18.48,18.0262,18.25,659961
2016-05-10,18.36,18.61,18.36,18.61,229335
2016-05-11,18.6,18.8,18.422,18.65,138634
2016-05-12,18.86,18.95,18.59,18.7,131871
2016-05-13,18.64,18.7075,18.43,18.47,158081
2016-05-16,18.7,18.825,18.6778,18.79,103480
2016-05-17,18.79,19.02,18.7316,18.86,298887
2016-05-18,18.9,18.92,18.55,18.67,104405
2016-05-19,18.53,18.69,18.31,18.68,100049
2016-05-20,18.76,18.8124,18.6224,18.7799,57042
2016-05-23,18.69,18.81,18.6,18.74,56475
2016-05-24,18.85,18.9,18.7,18.81,84152
2016-05-25,18.92,19.1598,18.92,19.13,183444
2016-05-26,19.23,19.2948,18.995,19.04,121352
2016-05-27,19.03,19.07,18.89,19.07,73855
2016-05-31,19.12,19.2501,18.89,19.0,259910
2016-06-01,18.8,19.045,18.72,19.03,117603
2016-06-02,18.86,18.96,18.75,18.96,86472
2016-06-03,18.98,19.045,18.796,18.91,71683
2016-06-06,19.1,19.35,19.03,19.35,104301
2016-06-07,19.47,19.81,19.39,19.7531,144941
2016-06-08,19.91,19.9699,19.6801,19.73,181994
2016-06-09,19.55,19.684,19.4615,19.62,98941
2016-06-10,19.41,19.51,19.146,19.19,176732
2016-06-13,19.09,19.34,19.02,19.11,134330
2016-06-14,19.03,19.1592,18.86,19.09,173760
2016-06-15,19.0,19.272,18.92,19.05,74043
2016-06-16,18.86,19.0,18.58,18.96,358646
2016-06-17,19.0,19.07,18.93,19.02,293885
2016-06-20,19.26,19.334,19.19,19.2,186614
2016-06-21,19.14,19.43,19.1,19.4,96558
2016-06-22,19.48,19.48,19.27,19.28,179860
2016-06-23,19.48,19.63,19.38,19.63,116718
2016-06-24,18.96,19.1899,18.836,18.91,314105
2016-06-27,18.7,18.702,18.22,18.36,285732
2016-06-28,18.71,18.87,18.6,18.87,136235
2016-06-29,19.05,19.36,19.0301,19.25,352088
2016-06-30,19.19,19.41,19.13,19.4,164529
2016-07-01,19.39,19.58,19.39,19.55,186300
2016-07-05,19.26,19.31,18.91,19.12,323370
2016-07-06,19.08,19.22,18.89,19.22,170321
2016-07-07,19.35,19.43,18.87,19.01,280584
2016-07-08,19.19,19.3,19.08,19.2567,164211
2016-07-11,19.39,19.44,19.27,19.27,179142
2016-07-12,19.51,19.85,19.51,19.77,905341
2016-07-13,19.76,19.8199,19.41,19.59,354463
2016-07-14,19.72,19.77,19.63,19.68,166505
2016-07-15,19.72,19.82,19.61,19.68,72138
2016-07-18,19.6,19.68,19.49,19.66,91438
2016-07-19,19.67,19.67,19.5,19.56,76912
2016-07-20,19.52,19.62,19.3226,19.54,176923
2016-07-21,19.52,19.65,19.3,19.34,95306
2016-07-22,19.42,19.4556,19.29,19.39,84946
2016-07-25,19.3,19.3,18.94,19.0,236040
2016-07-26,18.92,19.1,18.731,19.09,144910
2016-07-27,19.09,19.2501,18.83,18.89,127297
2016-07-28,18.89,18.9371,18.7302,18.85,102884
2016-07-29,18.64,19.03,18.54,19.01,141462
2016-08-01,18.88,18.88,18.31,18.37,618479
2016-08-02,18.48,18.65,18.2,18.52,356998
2016-08-03,18.51,18.89,18.48,18.89,193485
2016-08-04,18.76,19.01,18.76,18.88,81321
2016-08-05,18.9,19.07,18.8614,19.04,142250
2016-08-08,19.2,19.44,19.2,19.32,251985
2016-08-09,19.38,19.38,19.14,19.22,147231
2016-08-10,19.28,19.28,18.946,18.97,90855
2016-08-11,19.04,19.34,19.01,19.25,199131
2016-08-12,19.32,19.42,19.28,19.35,77344
2016-08-15,19.5,19.5702,19.43,19.53,160304
2016-08-16,19.47,19.62,19.39,19.56,128465
2016-08-17,19.53,19.6214,19.43,19.62,125346
2016-08-18,19.7,19.9716,19.7,19.9716,127266
2016-08-19,19.99,19.99,19.74,19.83,82305
2016-08-22,19.73,19.73,19.5,19.62,91264
2016-08-23,19.61,19.77,19.61,19.71,73447
2016-08-24,19.65,19.75,19.58,19.63,97033
2016-08-25,19.64,19.67,19.53,19.59,49122
2016-08-26,19.66,19.79,19.4662,19.55,78682
2016-08-29,19.5,19.69,19.4801,19.67,62273
2016-08-30,19.74,19.7959,19.5399,19.61,55541
2016-08-31,19.51,19.61,19.21,19.32,123334
2016-09-01,19.27,19.28,19.1,19.28,130179
2016-09-02,19.39,19.5231,19.3718,19.47,80707
2016-09-06,19.5,19.7637,19.5,19.75,117994
2016-09-07,19.87,19.88,19.7301,19.83,122634
2016-09-08,19.93,20.2052,19.84,20.19,113249
2016-09-09,20.05,20.05,19.6,19.6,166663
2016-09-12,19.48,19.8457,19.4274,19.77,123101
2016-09-13,19.52,19.52,19.12,19.1799,136088
2016-09-14,19.14,19.35,18.89,18.94,107118
2016-09-15,18.98,19.28,18.97,19.14,74888
2016-09-16,18.88,18.935,18.78,18.8753,76871
2016-09-19,19.05,19.07,18.86,18.86,94464
2016-09-20,18.86,18.9344,18.7,18.7,264386
2016-09-21,18.89,19.13,18.8363,19.12,189418
2016-09-22,19.29,19.39,19.17,19.1833,136280
2016-09-23,19.07,19.2501,18.82,18.92,136898
2016-09-26,18.9,19.0822,18.82,18.84,211632
2016-09-27,18.7,18.7462,18.5001,18.71,174568
2016-09-28,18.78,19.586100000000002,18.6713,19.56,278411
2016-09-29,19.53,19.77,19.39,19.5763,172872
2016-09-30,19.69,19.93,19.6,19.83,157778
2016-10-03,19.9,19.92,19.65,19.79,192304
2016-10-04,19.84,19.86,19.54,19.61,79250
2016-10-05,19.8,19.99,19.8,19.9133,119241
2016-10-06,20.0,20.04,19.7881,19.9515,67272
2016-10-07,20.01,20.02,19.79,19.85,83690
2016-10-10,20.01,20.25,20.01,20.18,108692
2016-10-11,20.15,20.15,19.8441,19.94,80914
2016-10-12,19.89,19.924500000000002,19.6962,19.83,178278
2016-10-13,19.68,19.824,19.48,19.71,123578
2016-10-14,19.84,19.9,19.6119,19.63,331148
2016-10-17,19.62,19.7,19.44,19.52,139376
2016-10-18,19.75,19.75,19.53,19.61,94353
2016-10-19,19.78,20.03,19.77,19.884,169013
2016-10-20,19.81,19.92,19.66,19.86,112558
2016-10-21,19.73,19.76,19.63,19.74,91789
2016-10-24,19.79,19.81,19.455,19.67,135214
2016-10-25,19.63,19.8599,19.52,19.53,183055
2016-10-26,19.39,19.63,19.33,19.57,86481
2016-10-27,19.65,19.6828,19.49,19.49,77276
2016-10-28,19.49,19.7,19.28,19.38,105233
2016-10-31,19.3,19.3766,19.1,19.12,134167
2016-11-01,19.24,19.305,18.935,19.14,317060
2016-11-02,18.96,19.02,18.715,18.94,304857
2016-11-03,18.92,19.03,18.87,19.0034,64302
2016-11-04,18.9,19.08,18.8,18.9,111875
2016-11-07,19.17,19.32,19.158,19.32,168501
2016-11-08,19.25,19.46,19.19,19.33,98705
2016-11-09,19.3,19.83,19.25,19.72,311847
2016-11-10,19.73,19.9322,19.6472,19.78,298439
2016-11-11,19.67,19.67,19.2881,19.46,150073
2016-11-14,19.43,19.56,19.26,19.5499,192586
2016-11-15,19.75,20.11,19.71,20.09,566777
2016-11-16,20.05,20.17,19.9,19.94,182261
2016-11-17,20.14,20.25,19.7998,19.84,271409
2016-11-18,19.94,20.0258,19.822,19.92,182828
2016-11-21,20.24,20.418,20.16,20.4,402358
2016-11-22,20.4,20.5,20.17,20.41,440065
2016-11-23,20.35,20.54,20.12,20.49,186844
2016-11-25,20.49,20.49,20.2839,20.4,92375
2016-11-28,20.45,20.4785,20.07,20.0861,191841
2016-11-29,19.83,19.95,19.6331,19.84,425927
2016-11-30,20.55,21.08,20.53,20.95,406426
2016-12-01,21.35,21.36,20.96,21.0,374577
2016-12-02,21.01,21.12,20.8854,21.02,236783
2016-12-05,21.28,21.354,21.1283,21.2,266565
2016-12-06,21.08,21.2422,20.9501,21.2,239628
2016-12-07,21.22,21.3359,21.1213,21.32,340208
2016-12-08,21.4,21.4699,21.21,21.44,206971
2016-12-09,21.56,21.56,21.4,21.52,208356
2016-12-12,22.12,22.12,21.58,21.645,392906
2016-12-13,21.88,22.0583,21.6061,21.905,467610
2016-12-14,21.81,21.84,21.357,21.41,316599
2016-12-15,21.32,21.549,21.201,21.486,248831
2016-12-16,21.56,21.56,21.4,21.495,234841
2016-12-19,21.53,21.53,21.36,21.41,203064
2016-12-20,21.5,21.55,21.33,21.38,143088
2016-12-21,21.44,21.5,21.35,21.41,203694
2016-12-22,21.42,21.532,21.3832,21.5,122930
2016-12-23,21.51,21.52,21.42,21.465,196606
2016-12-27,21.53,21.5883,21.49,21.52,118012
2016-12-28,21.58,21.58,21.29,21.31,170317
2016-12-29,21.29,21.3217,21.1942,21.24,158311
2016-12-30,21.2,21.359,21.13,21.18,205873
2017-01-03,21.48,21.6299,21.22,21.46,784832
2017-01-04,21.5,21.5,21.3499,21.45,239965
2017-01-05,21.45,21.54,21.2719,21.37,235308
2017-01-06,21.47,21.47,21.24,21.39,149142
2017-01-09,21.34,21.34,21.0261,21.04,303435
2017-01-10,21.07,21.0752,20.85,20.85,451093
2017-01-11,20.92,21.1138,20.85,21.09,113454
2017-01-12,21.19,21.1999,20.92,20.995,116365
2017-01-13,20.96,21.01,20.9,20.93,118923
2017-01-17,21.0,21.115,20.9884,21.05,140571
2017-01-18,21.0,21.06,20.92,21.0,118029
2017-01-19,20.99,20.99,20.81,20.84,201759
2017-01-20,21.02,21.07,20.885,20.97,181652
2017-01-23,20.89,20.89,20.63,20.71,258683
2017-01-24,20.82,21.035,20.765,20.95,328606
2017-01-25,21.0,21.15,20.9685,21.09,351058
2017-01-26,21.17,21.1899,21.05,21.08,204909
2017-01-27,21.0,21.0,20.804,20.87,216557
2017-01-30,20.8,20.8,20.335,20.48,366272
2017-01-31,20.49,20.49,20.28,20.48,180547
2017-02-01,20.6,20.61,20.19,20.33,410126
2017-02-02,20.37,20.48,20.2,20.44,364113
2017-02-03,20.47,20.72,20.43,20.64,223922
2017-02-06,20.69,20.7,20.39,20.45,224087
2017-02-07,20.4,20.43,20.04,20.14,328320
2017-02-08,20.06,20.21,19.82,20.17,337846
2017-02-09,20.26,20.4,20.26,20.35,188886
2017-02-10,20.52,20.63,20.47,20.54,277615
2017-02-13,20.53,20.56,20.44,20.55,269753
2017-02-14,20.59,20.64,20.39,20.64,171024
2017-02-15,20.53,20.66,20.48,20.53,288462
2017-02-16,20.55,20.59,20.24,20.25,283337
2017-02-17,20.13,20.2,20.08,20.13,279070
2017-02-21,20.29,20.38,20.25,20.27,397278
2017-02-22,20.21,20.23,19.95,19.96,220771
2017-02-23,20.17,20.21,19.92,20.02,204226
2017-02-24,19.91,19.96,19.75,19.84,236903
2017-02-27,19.89,20.09,19.83,20.03,219733
2017-02-28,19.97,20.04,19.89,19.94,454780
2017-03-01,20.1,20.43,20.1,20.37,228236
2017-03-02,20.28,20.38,20.15,20.16,183685
2017-03-03,20.2,20.26,20.06,20.09,115270
2017-03-06,20.05,20.16,20.0,20.15,175697
2017-03-07,20.21,20.21,19.95,19.98,163955
2017-03-08,19.87,19.97,19.41,19.41,289688
2017-03-09,19.31,19.54,19.21,19.51,328178
2017-03-10,19.64,19.66,19.39,19.51,258727
2017-03-13,19.51,19.62,19.45,19.53,220107
2017-03-14,19.38,19.38,19.11,19.3,358899
2017-03-15,19.43,19.76,19.38,19.71,173942
2017-03-16,19.76,19.76,19.55,19.61,644010
2017-03-17,19.52,19.6,19.45,19.46,219420
2017-03-20,19.4,19.46,19.27,19.43,374045
2017-03-21,19.48,19.51,19.22,19.27,221938
2017-03-22,19.18,19.31,19.12,19.23,237928
2017-03-23,19.2,19.32,19.13,19.18,166805
2017-03-24,19.23,19.25,19.07,19.12,188306
2017-03-27,18.92,19.08,18.9,19.03,187133
2017-03-28,19.05,19.35,19.01,19.29,913833
2017-03-29,19.29,19.6,19.29,19.59,180932
2017-03-30,19.7,19.76,19.55,19.63,350734
2017-03-31,19.62,19.69,19.5,19.63,160661
2017-04-03,19.65,19.66,19.36,19.58,186507
2017-04-04,19.56,19.71,19.42,19.7,155026
2017-04-05,19.92,20.05,19.59,19.62,273099
2017-04-06,19.68,19.82,19.68,19.76,132003
2017-04-07,19.82,19.83,19.67,19.71,122209
2017-04-10,19.78,19.95,19.78,19.86,122755
2017-04-11,19.9,19.9,19.66,19.85,131492
2017-04-12,19.85,20.0,19.7,19.75,143654
2017-04-13,19.72,19.72,19.33,19.38,172437
2017-04-17,19.38,19.43,19.31,19.39,110308
2017-04-18,19.32,19.45,19.18,19.24,116255
2017-04-19,19.31,19.31,18.87,18.91,245687
2017-04-20,18.99,19.13,18.96,19.0,169031
2017-04-21,18.92,19.0,18.81,18.91,156918
2017-04-24,19.07,19.1,18.96,19.03,238673
2017-04-25,19.05,19.25,19.03,19.21,586685
2017-04-26,19.1,19.42,19.07,19.17,213750
2017-04-27,19.04,19.04,18.72,18.93,286418
2017-04-28,19.07,19.1,18.91,18.93,185546
2017-05-01,18.93,18.96,18.83,18.89,144967
2017-05-02,18.93,18.98,18.68,18.76,271976
2017-05-03,18.72,18.9,18.68,18.83,129633
2017-05-04,18.72,18.72,18.32,18.44,384717
2017-05-05,18.44,18.79,18.4,18.76,453831
2017-05-08,18.79,18.93,18.74,18.92,119501
2017-05-09,18.94,18.96,18.69,18.75,170322
2017-05-10,18.86,19.08,18.85,19.0,141812
2017-05-11,19.07,19.1,18.93,18.97,120963
2017-05-12,18.98,19.0,18.85,18.89,99108
2017-05-15,19.17,19.21,19.0,19.05,130649
2017-05-16,19.1,19.12,18.9,18.96,143427
2017-05-17,18.88,18.97,18.76,18.77,131663
2017-05-18,18.65,18.84,18.58,18.73,121213
2017-05-19,18.84,19.05,18.83,19.02,164423
2017-05-22,19.1,19.1,18.9,18.98,183337
2017-05-23,18.99,19.02,18.9,18.98,89772
2017-05-24,18.98,19.03,18.81,18.9,77983
2017-05-25,18.84,19.04,18.46,18.51,250556
2017-05-26,18.51,18.56,18.43,18.53,169206
2017-05-30,18.42,18.45,18.26,18.26,611944
2017-05-31,18.18,18.22,18.08,18.2,222500
2017-06-01,18.23,18.38,18.14,18.3,121169
2017-06-02,18.23,18.23,18.01,18.08,282486
2017-06-05,18.01,18.17,18.01,18.1,150293
2017-06-06,18.08,18.37,18.05,18.35,114337
2017-06-07,18.28,18.34,17.92,18.02,271043
2017-06-08,17.94,18.1,17.93,17.96,186704
2017-06-09,18.0,18.47,18.0,18.4,214262
2017-06-12,18.56,18.74,18.5,18.55,142630
2017-06-13,18.55,18.73,18.54,18.7,283472
2017-06-14,18.66,18.66,18.2,18.31,182942
2017-06-15,18.21,18.31,18.06,18.1,250625
2017-06-16,18.1,18.29,17.99,18.29,126844
2017-06-19,18.27,18.29,18.15,18.17,133805
2017-06-20,17.98,18.0,17.74,17.96,240579
2017-06-21,17.92,18.0,17.55,17.63,563185
2017-06-22,17.67,17.78,17.58,17.61,134608
2017-06-23,17.64,17.8,17.61,17.8,202231
2017-06-26,17.85,17.89,17.68,17.76,135615
2017-06-27,17.81,17.92,17.74,17.74,76667
2017-06-28,17.76,17.97,17.76,17.85,94019
2017-06-29,17.9,18.09,17.86,17.88,181679
2017-06-30,18.0,18.07,17.86,17.98,135874
2017-07-03,18.01,18.41,18.01,18.31,144610
2017-07-05,18.27,18.28,17.88,17.95,178712
2017-07-06,18.0,18.01,17.68,17.71,230644
2017-07-07,17.67,17.7,17.48,17.68,170840
2017-07-10,17.65,17.81,17.61,17.76,140117
2017-07-11,17.78,17.93,17.68,17.88,115480
2017-07-12,18.03,18.11,17.85,17.9,228698
2017-07-13,17.91,18.02,17.8386,18.0046,71913
2017-07-14,18.03,18.15,17.99,18.1,106816
2017-07-17,18.09,18.23,18.08,18.1,139771
2017-07-18,18.19,18.19,17.92,18.02,104409
2017-07-19,18.01,18.3,18.0,18.29,225887
2017-07-20,18.4,18.45,18.19,18.21,103060
2017-07-21,18.16,18.16,17.99,18.02,75608
2017-07-24,18.07,18.07,17.94,17.96,160809
2017-07-25,18.13,18.35,18.13,18.23,149816
2017-07-26,18.31,18.45,18.17,18.25,147523
2017-07-27,18.27,18.42,18.16,18.42,102816
2017-07-28,18.34,18.56,18.31,18.38,139101
2017-07-31,18.4,18.5,18.3,18.41,135781
2017-08-01,18.41,18.49,18.31,18.39,111372
2017-08-02,18.29,18.37,18.12,18.3,171918
2017-08-03,18.27,18.27,17.98,18.02,193507
2017-08-04,18.05,18.17,18.02,18.15,109967
2017-08-07,18.08,18.08,17.92,17.97,164320
2017-08-08,17.91,18.08,17.87,17.89,206599
2017-08-09,17.95,18.03,17.85,17.91,153301
2017-08-10,17.94,17.98,17.7,17.73,134727
2017-08-11,17.67,17.74,17.55,17.63,148323
2017-08-14,17.65,17.72,17.53,17.53,332512
2017-08-15,17.52,17.55,17.38,17.48,179993
2017-08-16,17.48,17.51,17.27,17.29,237849
2017-08-17,17.25,17.31,17.05,17.05,203556
2017-08-18,17.03,17.27,17.01,17.17,410077
2017-08-21,17.14,17.14,17.01,17.05,117124
2017-08-22,17.09,17.21,17.09,17.19,154698
2017-08-23,17.16,17.34,17.13,17.28,127851
2017-08-24,17.24,17.31,17.2,17.28,163752
2017-08-25,17.3,17.41,17.3,17.37,86732
2017-08-28,17.36,17.41,17.18,17.26,90787
2017-08-29,17.2,17.29,17.12,17.25,121525
2017-08-30,17.21,17.31,17.15,17.27,203591
2017-08-31,17.35,17.41,17.29,17.39,94379
2017-09-01,17.41,17.59,17.36,17.56,120260
2017-09-05,17.63,17.73,17.53,17.65,154236
2017-09-06,17.73,17.98,17.72,17.92,118440
2017-09-07,17.95,17.99,17.83,17.95,129099
2017-09-08,17.9,17.9,17.65,17.74,166257
2017-09-11,17.81,17.93,17.76,17.9,119982
2017-09-12,17.95,18.09,17.91,18.02,146028
2017-09-13,18.06,18.3,18.06,18.29,186541
2017-09-14,18.34,18.51,18.32,18.37,212167
2017-09-15,18.19,18.19,18.07,18.19,108201
2017-09-18,18.17,18.29,18.16,18.27,102659
2017-09-19,18.31,18.38,18.28,18.36,186439
2017-09-20,18.42,18.55,18.41,18.51,184070
2017-09-21,18.5,18.53,18.41,18.48,102658
2017-09-22,18.44,18.62,18.44,18.56,470041
2017-09-25,18.63,18.9,18.63,18.86,371308
2017-09-26,18.83,18.88,18.77,18.86,140704
2017-09-27,18.86,18.93,18.75,18.92,150033
2017-09-28,18.95,19.08,18.89,18.96,206667
2017-09-29,18.91,18.95,18.83,18.95,163738
