2008-05-22,39.01,39.07,38.74,39.0,7600
2008-05-23,38.81,38.81,38.6812,38.7,3500
2008-05-27,39.03,39.04,38.94,39.04,7700
2008-05-28,39.34,39.49,39.24,39.34,4400
2008-05-29,40.0,40.1,39.8,40.04,9200
2008-05-30,39.8,40.05,39.8,39.81,18400
2008-06-02,39.95,40.06,39.79,39.89,8700
2008-06-03,40.3,40.43,40.26,40.3,10500
2008-06-04,40.39,40.45,40.26,40.44,30300
2008-06-05,40.0,40.1,39.52,39.57,7300
2008-06-06,39.18,39.18,38.7,38.7,3700
2008-06-09,39.1,39.34,38.86,39.34,4900
2008-06-10,40.02,40.2798,39.87,40.24,13400
2008-06-11,39.72,39.97,39.63,39.72,4100
2008-06-12,40.44,40.5,40.34,40.35,18700
2008-06-13,40.98,40.98,40.62,40.76,47700
2008-06-16,39.97,40.2,39.84,40.13,11500
2008-06-17,39.93,40.06,39.92,39.94,5500
2008-06-18,39.82,40.12,39.78,39.78,7500
2008-06-19,39.95,40.09,39.88,39.88,5500
2008-06-20,39.244,39.48,39.19,39.23,10600
2008-06-23,39.94,40.07,39.8,39.84,3200
2008-06-24,39.65,39.65,39.418,39.51,900
2008-06-25,39.21,39.66,39.0,39.0,1500
2008-06-26,38.93,38.93,38.56,38.5998,20000
2008-06-27,38.55,38.67,38.51,38.574,11500
2008-06-30,38.68,38.69,38.68,38.69,2900
2008-07-01,38.58,38.58,38.31,38.4799,1600
2008-07-02,38.17,38.17,38.0,38.14,7900
2008-07-03,38.7,38.95,38.68,38.95,5500
2008-07-07,39.37,39.41,38.67,38.77,6900
2008-07-08,38.9,39.19,38.9,39.031,3000
2008-07-09,39.03,39.03,39.03,39.03,0
2008-07-10,38.73,38.73,38.36,38.36,15600
2008-07-11,37.94,37.94,37.6101,37.64,7000
2008-07-14,37.8,37.86,37.64,37.78,5900
2008-07-15,37.38,38.01,37.323,37.95,16000
2008-07-16,38.12,38.39,37.98,38.35,9600
2008-07-17,38.2,38.34,37.93,38.215,6900
2008-07-18,38.25,38.25,38.095,38.18,6400
2008-07-21,38.17,38.17,37.9,37.9,5000
2008-07-22,37.88,38.5,37.86,38.45,21200
2008-07-23,38.8,38.83,38.55,38.75,14100
2008-07-24,38.73,39.05,38.67,38.95,8000
2008-07-25,38.91,38.92,38.7507,38.89,11200
2008-07-28,38.55,38.65,38.48,38.6312,13800
2008-07-29,39.5,39.64,39.02,39.58,43800
2008-07-30,39.65,39.77,39.44,39.681,23500
2008-07-31,39.38,39.44,39.03,39.31,8700
2008-08-01,39.71,39.73,39.23,39.5,27900
2008-08-04,39.35,39.67,39.25,39.28,38300
2008-08-05,39.94,40.46,39.8701,40.45,131800
2008-08-06,40.27,40.76,40.17,40.53,43100
2008-08-07,41.0,41.11,40.45,41.11,38700
2008-08-08,42.23,45.0,42.12,42.78,322700
2008-08-11,42.52,43.87,42.5,43.73,228900
2008-08-12,43.28,43.77,43.15,43.49,111700
2008-08-13,43.6,43.9599,42.86,43.04,87900
2008-08-14,43.156,43.7,43.05,43.63,51700
2008-08-15,44.06,44.61,44.06,44.57,179600
2008-08-18,44.31,44.31,44.0,44.21,77700
2008-08-19,44.36,44.36,43.51,43.52,57300
2008-08-20,43.74,44.15,43.67,43.79,38900
2008-08-21,42.96,43.001,42.58,42.92,88600
2008-08-22,43.07,43.68,42.9101,43.586,40500
2008-08-25,43.44,43.78,43.39,43.59,26800
2008-08-26,44.48,44.56,44.17,44.46,44100
2008-08-27,43.9,44.273,43.75,43.97,50300
2008-08-28,43.61,44.22,43.51,44.22,34200
2008-08-29,43.95,44.42,43.88,44.38,68600
2008-09-02,45.43,45.7,45.17,45.7,110800
2008-09-03,45.82,46.14,45.5,45.5,179700
2008-09-04,45.49,46.32,45.3301,46.32,107300
2008-09-05,46.44,46.91,46.29,46.83,95100
2008-09-08,46.75,47.94,46.582,47.39,108800
2008-09-09,47.78,47.95,46.85,47.68,149900
2008-09-10,47.51,48.27,47.43,48.2066,130500
2008-09-11,49.08,49.14,48.66,48.71,225100
2008-09-12,47.58,47.69,46.72,46.76,310400
2008-09-15,46.84,47.1199,45.58,45.62,347000
2008-09-16,46.82,47.84,45.8,47.2001,322000
2008-09-17,47.25,47.25,43.83,45.47,253400
2008-09-18,42.0,46.33,42.0,46.24,165900
2008-09-19,45.64,46.25,40.89,44.93,98700
2008-09-22,44.68,44.89,42.33,42.69,322000
2008-09-23,43.04,43.98,43.02,43.5,89000
2008-09-24,43.24,44.06,43.24,44.06,28900
2008-09-25,43.63,44.27,43.44,44.21,44300
2008-09-26,44.13,44.21,43.81,44.03,24400
2008-09-29,45.4,50.0,44.0,45.09,62400
2008-09-30,46.57,47.5,46.48,47.28,38000
2008-10-01,47.75,48.4199,47.53,48.328,41800
2008-10-02,49.25,50.0,48.9999,49.5,71600
2008-10-03,50.12,50.25,47.52,49.5,71700
2008-10-06,51.25,53.0,50.99,51.545,202800
2008-10-07,50.39,51.0,49.71,50.13,117300
2008-10-08,50.11,51.2,49.77,50.245,75200
2008-10-09,50.26,50.94,49.65,50.8,49600
2008-10-10,51.19,53.49,49.5,52.5,267600
2008-10-13,49.5,52.49,49.0,50.99,57100
2008-10-14,50.3,50.632,49.5,50.53,93600
2008-10-15,50.6,53.04,50.6,51.71,59800
2008-10-16,51.68,52.71,51.68,52.0,55500
2008-10-17,52.08,52.6,51.74,52.6,17400
2008-10-20,52.72,53.42,52.58,53.16,34600
2008-10-21,54.27,55.99,53.61,55.46,52800
2008-10-22,56.26,58.9899,56.26,57.53,146100
2008-10-23,57.63,57.63,56.75,56.75,95900
2008-10-24,59.09,61.45,56.9,59.5299,118100
2008-10-27,61.98,62.0,56.0,59.42,114800
2008-10-28,59.5,61.99,57.52,57.52,110400
2008-10-29,57.0,57.01,54.94,55.53,183700
2008-10-30,54.8,56.54,54.42,55.6,147800
2008-10-31,57.36,58.03,56.9,57.485,108100
2008-11-03,57.48,59.27,57.14,58.52,55900
2008-11-04,57.04,57.04,54.65,55.07,153600
2008-11-05,55.77,56.85,54.0101,55.666,93000
2008-11-06,56.53,58.41,56.24,57.65,111400
2008-11-07,56.77,57.4,56.0,56.94,63200
2008-11-10,55.8901,57.23,55.8901,57.08,36000
2008-11-11,57.39,59.25,57.39,58.992,46500
2008-11-12,59.0,59.672,57.6,59.6,67800
2008-11-13,59.26,59.9,56.36,56.36,99000
2008-11-14,57.8,57.8,56.01,57.25,52000
2008-11-17,57.76,57.9999,56.85,57.62,30100
2008-11-18,58.0,58.5,57.4,57.94,21300
2008-11-19,56.94,58.98,56.01,58.86,39300
2008-11-20,58.42,59.6,57.0,59.45,57100
2008-11-21,58.5,59.7,58.0,58.28,80400
2008-11-24,56.3,56.5072,55.03,55.22,59100
2008-11-25,54.06,54.95,53.0,53.8972,123700
2008-11-26,54.85,55.93,54.72,55.32,33300
2008-11-28,56.72,57.4,56.54,56.84,17300
2008-12-01,57.61,58.05,57.15,58.0,52100
2008-12-02,56.85,57.47,56.48,56.92,29100
2008-12-03,57.58,59.0,56.51,57.2256,52600
2008-12-04,57.54,57.54,55.8,56.4644,22400
2008-12-05,57.25,57.61,56.9499,56.9499,17100
2008-12-08,55.62,55.62,54.25,54.72,59600
2008-12-09,55.48,55.78,54.28,54.7,43800
2008-12-10,54.33,54.34,53.71,53.98,33400
2008-12-11,52.05,52.35,51.06,51.35,62000
2008-12-12,51.13,51.4,50.87,50.92,47800
2008-12-15,49.73,49.73,48.41,48.84,94100
2008-12-16,48.15,48.5,45.1,45.4401,110300
2008-12-17,44.99,45.08,43.34,43.6,116200
2008-12-18,43.02,45.2472,43.02,44.86,163400
2008-12-19,46.63,47.948,44.91,46.76,60200
2008-12-22,46.36,46.57,45.82,46.15,23500
2008-12-23,46.11,46.46,45.259,46.1999,15300
2008-12-24,46.0,46.34,45.25,46.27,7100
2008-12-26,45.73,45.824,45.41,45.624,7300
2008-12-29,44.36,46.4,44.01,46.372,28600
2008-12-30,45.44,45.91,44.9562,45.91,31900
2008-12-31,46.65,46.8799,46.36,46.43,25100
2009-01-02,47.08,48.99,46.36,47.43,79000
2009-01-05,49.16,49.31,48.601,49.23,40700
2009-01-06,50.36,50.56,49.36,49.52,51500
2009-01-07,48.49,48.8376,48.0,48.62,48400
2009-01-08,47.61,48.35,47.6,48.0108,27700
2009-01-09,49.12,50.14,49.12,50.067,38900
2009-01-12,50.24,50.99,50.0,50.44,35000
2009-01-13,51.63,53.3,51.3886,51.88,81900
2009-01-14,52.46,52.46,51.71,52.08,30000
2009-01-15,52.09,52.91,51.7336,52.11,27400
2009-01-16,50.6,51.553,50.56,50.992,16600
2009-01-20,53.84,54.1988,53.5,53.91,51600
2009-01-21,53.53,54.4928,52.2,52.8,95900
2009-01-22,53.72,53.72,52.89,52.9999,14000
2009-01-23,54.11,54.75,52.8587,53.1804,26000
2009-01-26,52.12,52.37,51.45,51.68,29800
2009-01-27,51.41,52.05,51.27,51.58,24700
2009-01-28,50.91,52.1492,50.709,51.93,14200
2009-01-29,51.91,53.5,51.91,53.45,43800
2009-01-30,53.96,54.89,53.9001,54.66,39500
2009-02-02,54.93,54.93,53.89,54.18,45400
2009-02-03,53.57,53.61,52.5,52.69,31300
2009-02-04,53.84,54.3499,53.49,53.98,20900
2009-02-05,54.45,54.7358,54.0,54.67,16200
2009-02-06,54.03,54.2799,53.09,53.45,14300
2009-02-09,52.13,52.7801,52.0,52.72,19200
2009-02-10,52.8,53.98,52.6301,53.77,11700
2009-02-11,53.2,54.0336,53.11,53.65,9700
2009-02-12,54.68,55.1,53.97,54.11,29300
2009-02-13,54.18,54.18,53.48,53.87,12600
2009-02-17,55.99,56.41,55.59,56.05,102000
2009-02-18,56.08,56.8789,56.08,56.59,40100
2009-02-19,54.91,55.64,54.62,55.64,31500
2009-02-20,56.47,56.47,53.68,53.93,48300
2009-02-23,54.54,55.2,54.29,55.16,50000
2009-02-24,54.93,55.05,53.6968,53.88,26000
2009-02-25,54.4,55.19,54.3002,55.03,23100
2009-02-26,54.56,54.8,54.4639,54.7999,12800
2009-02-27,55.72,55.81,54.9201,55.43,21900
2009-03-02,56.04,56.38,55.95,56.37,58200
2009-03-03,55.91,56.79,55.7999,56.28,37900
2009-03-04,56.4,56.568,55.58,55.69,29700
2009-03-05,57.0,57.0,56.35,56.57,31600
2009-03-06,55.04,56.016,54.69,55.77,29300
2009-03-09,56.27,56.27,55.58,56.2099,40700
2009-03-10,54.85,55.8587,52.5001,55.33,54300
2009-03-11,54.43,54.7999,53.72,53.98,28800
2009-03-12,54.19,54.72,53.19,53.19,17400
2009-03-13,53.26,53.6152,53.15,53.27,26500
2009-03-16,52.22,52.945,52.2,52.9,48000
2009-03-17,52.55,53.012,51.18,52.46,59800
2009-03-18,51.62,51.728,47.09,48.47,116100
2009-03-19,47.17,47.535,46.79,47.12,123000
2009-03-20,47.71,48.076,47.25,47.76,23300
2009-03-23,48.08,48.35,47.39,47.41,60800
2009-03-24,48.18,48.89,47.7901,48.87,24600
2009-03-25,48.7,48.7,47.4,47.71,73200
2009-03-26,47.7,48.36,47.7,48.36,18500
2009-03-27,49.0,50.22,48.48,49.96,62700
2009-03-30,50.88,51.18,50.6287,50.69,43500
2009-03-31,49.71,50.3,49.6,49.79,68200
2009-04-01,50.21,50.5699,50.0308,50.23,8700
2009-04-02,48.72,49.0099,48.082,48.68,29300
2009-04-03,48.7501,48.84,48.16,48.16,11000
2009-04-06,48.44,49.18,48.44,48.94,11100
2009-04-07,49.78,50.08,49.74,49.9448,60400
2009-04-08,50.05,50.5,49.64,50.0964,15500
2009-04-09,50.01,50.7842,49.77,50.61,17500
2009-04-13,49.82,49.8842,48.88,48.88,10100
2009-04-14,49.95,50.0199,49.57,49.73,6600
2009-04-15,50.62,50.71,50.18,50.24,11500
2009-04-16,50.2028,50.82,50.2028,50.52,6700
2009-04-17,51.43,51.7872,51.43,51.77,9600
2009-04-20,52.07,52.7,52.07,52.5235,22500
2009-04-21,52.41,52.44,51.8858,52.32,12000
2009-04-22,52.02,52.02,51.581,51.87,5900
2009-04-23,51.7101,51.81,50.65,50.68,29900
2009-04-24,49.59,49.9699,49.51,49.84,23500
2009-04-27,50.7601,51.625,50.7,51.45,24200
2009-04-28,51.44,51.44,50.5801,50.6168,12000
2009-04-29,49.96,49.96,48.25,49.7401,27500
2009-04-30,49.97,49.97,49.58,49.8,36400
2009-05-01,49.6,49.7,49.53,49.63,8500
2009-05-04,49.53,49.56,47.4,48.6,42000
2009-05-05,48.55,49.105,48.46,49.08,12200
2009-05-06,48.86,49.5,48.86,49.08,7000
2009-05-07,48.44,48.84,48.23,48.68,11400
2009-05-08,47.94,48.17,46.91,46.91,19800
2009-05-11,47.21,47.2968,46.7,47.2,55300
2009-05-12,46.95,47.16,46.71,46.85,9600
2009-05-13,47.1,47.276,46.99,47.276,6400
2009-05-14,47.18,47.27,46.74,46.84,5900
2009-05-15,47.31,48.0101,47.1,47.9368,10500
2009-05-18,47.93,50.2,47.5,47.5,12700
2009-05-19,47.11,47.29,46.7501,46.7501,33700
2009-05-20,46.47,46.47,45.56,45.9299,18000
2009-05-21,46.29,46.29,44.86,45.0,27400
2009-05-22,44.44,44.55,44.17,44.38,22400
2009-05-26,45.0,45.04,44.37,44.41,33300
2009-05-27,44.5,45.17,44.28,45.03,102000
2009-05-28,44.75,44.96,44.0,44.79,23800
2009-05-29,43.77,43.87,43.302,43.4899,66800
2009-06-01,43.11,43.44,42.91,43.41,43100
2009-06-02,42.99,42.99,42.3,42.358,41100
2009-06-03,43.4,44.99,43.03,43.36,132300
2009-06-04,43.82,43.82,42.9601,43.1999,100100
2009-06-05,43.91,44.62,43.91,44.51,50100
2009-06-08,45.01,45.37,44.71,44.8,60000
2009-06-09,44.98,44.98,43.65,43.72,34100
2009-06-10,43.68,44.68,43.48,44.26,42800
2009-06-11,44.02,44.05,43.15,43.44,53900
2009-06-12,44.14,44.51,43.97,44.2199,41600
2009-06-15,45.0,45.7232,45.0,45.45,42100
2009-06-16,44.97,45.25,44.64,45.19,22900
2009-06-17,44.92,45.19,44.25,44.43,23500
2009-06-18,44.39,44.87,44.19,44.87,12900
2009-06-19,44.75,44.77,44.09,44.47,26100
2009-06-22,45.06,45.25,44.773,44.97,38600
2009-06-23,44.08,44.193,42.93,43.3,45400
2009-06-24,43.8,44.76,42.12,44.56,33800
2009-06-25,44.62,44.7,44.2,44.23,9200
2009-06-26,43.6,43.8199,43.42,43.7,13800
2009-06-29,43.75,43.83,43.5,43.64,27400
2009-06-30,43.64,44.1032,43.63,43.96,22400
2009-07-01,43.17,43.3,42.94,43.2001,21500
2009-07-02,43.84,44.11,43.84,44.11,7800
2009-07-06,43.28,44.77,43.28,44.23,29500
2009-07-07,44.17,44.6999,44.11,44.6999,12900
2009-07-08,44.61,45.1787,44.6025,44.9899,19900
2009-07-09,44.45,44.58,43.72,43.83,32900
2009-07-10,44.64,44.8,44.33,44.5399,6300
2009-07-13,44.58,46.23,44.2017,44.2499,4500
2009-07-14,43.91,44.72,43.91,44.6099,6800
2009-07-15,42.94,43.66,42.91,43.36,9400
2009-07-16,43.31,43.527,43.16,43.3199,3100
2009-07-17,43.4,43.5999,43.298,43.5999,4800
2009-07-20,42.55,42.8818,42.55,42.8299,10400
2009-07-21,42.54,43.0899,42.09,42.99,11000
2009-07-22,43.0,43.26,42.59,42.85,12000
2009-07-23,42.83,42.9999,42.428,42.9999,8200
2009-07-24,42.76,42.9899,42.65,42.8399,2700
2009-07-27,42.56,42.79,42.44,42.61,24200
2009-07-28,43.014,43.0999,42.98,42.98,4800
2009-07-29,43.39,44.064,43.36,43.84,17900
2009-07-30,43.59,43.96,43.55,43.56,16700
2009-07-31,43.34,43.34,42.4,42.5599,32800
2009-08-03,42.12,42.12,40.94,41.55,27000
2009-08-04,41.57,41.6681,41.42,41.58,11500
2009-08-05,41.7564,41.83,41.466,41.5,6200
2009-08-06,41.59,42.02,41.59,41.9,18900
2009-08-07,42.1,42.9699,42.1,42.9,7000
2009-08-10,43.0,43.29,42.95,43.1699,24800
2009-08-11,43.29,43.33,42.9701,43.09,13400
2009-08-12,42.94,43.0999,42.48,42.71,55200
2009-08-13,42.24,42.38,42.04,42.27,16200
2009-08-14,42.31,42.83,42.31,42.76,10100
2009-08-17,43.53,43.66,43.38,43.4799,16800
2009-08-18,43.48,43.48,43.0799,43.14,6300
2009-08-19,43.0801,43.0801,42.35,42.4899,9400
2009-08-20,42.61,42.68,42.3,42.3,6300
2009-08-21,41.92,42.19,41.64,41.87,16900
2009-08-24,41.91,42.19,41.8601,42.15,6000
2009-08-25,41.83,42.08,41.7905,42.08,8000
2009-08-26,42.36,42.5601,42.36,42.404,14700
2009-08-27,42.4,42.5201,41.49,41.73,18300
2009-08-28,41.57,42.1399,41.37,42.1399,3200
2009-08-31,42.23,42.23,41.69,41.88,15100
2009-09-01,42.05,42.8,41.9901,42.596,10100
2009-09-02,42.69,42.71,42.2,42.26,51300
2009-09-03,42.19,42.354,42.09,42.354,13100
2009-09-04,42.6,42.63,41.994,42.0026,2400
2009-09-08,41.01,41.09,40.73,40.9274,44100
2009-09-09,40.51,40.62,40.34,40.53,14400
2009-09-10,40.64,40.69,40.23,40.485,15200
2009-09-11,39.92,40.54,39.92,40.4,8100
2009-09-14,40.27,40.27,40.032,40.15,2100
2009-09-15,40.36,40.36,39.87,39.89,12200
2009-09-16,39.8252,40.0688,39.58,39.62,22600
2009-09-17,39.75,39.78,39.48,39.579,28400
2009-09-18,39.62,39.81,39.6,39.75,30100
2009-09-21,40.11,40.1196,39.84,39.96,32900
2009-09-22,39.19,39.37,39.18,39.18,17700
2009-09-23,39.25,39.59,39.1,39.59,18600
2009-09-24,39.39,40.11,39.39,40.01,17300
2009-09-25,40.01,40.05,39.0101,39.96,17300
2009-09-28,40.19,40.35,39.88,40.3291,9600
2009-09-29,40.55,40.66,40.35,40.48,27700
2009-09-30,40.18,40.34,40.0,40.1199,11100
2009-10-01,40.43,40.75,40.1,40.73,25400
2009-10-02,40.44,40.44,40.25,40.41,5200
2009-10-05,40.12,40.12,39.929,39.929,2000
2009-10-06,39.61,39.72,39.41,39.669,13100
2009-10-07,39.71,39.91,39.29,39.751,8000
2009-10-08,39.51,39.5599,39.04,39.29,20600
2009-10-09,39.51,39.78,39.48,39.6406,12900
2009-10-12,39.3,39.3,39.0215,39.29,6700
2009-10-13,39.09,39.12,38.851,38.98,16500
2009-10-14,38.44,38.73,38.34,38.54,41000
2009-10-15,38.6,38.6,38.319,38.4999,15100
2009-10-16,38.8,38.8,38.5415,38.5615,4800
2009-10-19,38.5,38.64,38.34,38.42,2800
2009-10-20,38.57,38.57,38.4,38.4,1200
2009-10-21,38.32,38.32,37.84,38.05,7900
2009-10-22,38.13,38.3,37.9215,38.03,18500
2009-10-23,38.02,38.15,37.91,38.15,18400
2009-10-26,38.0,38.936,38.0,38.7821,36900
2009-10-27,38.83,39.273,38.765,39.23,11700
2009-10-28,39.19,40.0,39.03,39.8,33600
2009-10-29,39.26,39.26,38.85,39.0,12200
2009-10-30,39.45,39.55,39.335,39.48,8600
2009-11-02,39.29,39.4,38.86,39.3499,8200
2009-11-03,39.94,40.0,39.595,39.68,5700
2009-11-04,38.75,39.22,38.62,38.83,7300
2009-11-05,38.61,38.85,38.57,38.8086,4600
2009-11-06,38.85,38.95,38.52,38.83,6800
2009-11-09,38.17,38.2,38.0,38.1,11600
2009-11-10,38.15,38.3,38.09,38.23,6700
2009-11-11,38.0,38.36,37.88,38.13,1500
2009-11-12,38.6,38.95,38.6,38.95,9500
2009-11-13,38.825,38.894,38.47,38.525,2600
2009-11-16,38.32,38.7,38.0,38.25,19100
2009-11-17,38.64,38.99,38.64,38.78,7000
2009-11-18,38.36,38.36,38.113,38.26,5400
2009-11-19,38.7,38.765,38.43,38.55,1300
2009-11-20,38.9,38.99,38.6801,38.82,6300
2009-11-23,38.16,38.22,38.03,38.176,3600
2009-11-24,38.25,38.41,38.12,38.16,11100
2009-11-25,37.65,37.77,37.27,37.27,13400
2009-11-27,37.38,38.6,37.38,38.193,5500
2009-11-30,38.05,38.1,37.99,38.09,4200
2009-12-01,37.67,37.67,37.25,37.56,1900
2009-12-02,37.56,37.79,37.52,37.79,3500
2009-12-03,37.7462,37.7462,37.606,37.7299,1400
2009-12-04,38.37,38.9398,38.37,38.865,10200
2009-12-07,39.18,39.18,38.705,39.061,10300
2009-12-08,39.315,39.72,39.16,39.605,11300
2009-12-09,39.58,39.8,39.05,39.36,48500
2009-12-10,39.4,39.679,39.35,39.57,34100
2009-12-11,39.87,40.16,39.74,39.93,63800
2009-12-14,39.95,40.01,39.75,39.84,14400
2009-12-15,40.4,40.81,40.21,40.74,40200
2009-12-16,40.55,40.6,40.164,40.56,15800
2009-12-17,41.51,41.83,41.29,41.55,52700
2009-12-18,41.52,41.99,41.46,41.6,37900
2009-12-21,42.1,44.405,41.61,41.965,31100
2009-12-22,41.9,42.4,41.801,42.216,17600
2009-12-23,41.94,41.94,41.41,41.67,61100
2009-12-24,41.39,41.55,41.28,41.435,19900
2009-12-28,41.32,41.3501,41.12,41.35,9100
2009-12-29,41.0,41.6,40.95,41.44,10200
2009-12-30,41.93,41.93,41.611,41.7,16600
2009-12-31,41.48,41.78,41.45,41.78,3900
2010-01-04,41.06,41.22,40.9,41.07,51300
2010-01-05,41.2,41.53,41.03,41.48,5700
2010-01-06,41.56,41.585,40.92,41.13,10300
2010-01-07,41.61,41.85,41.52,41.75,53400
2010-01-08,41.39,41.82,41.0201,41.19,43900
2010-01-11,40.5,40.68,40.31,40.45,24400
2010-01-12,40.77,40.77,40.4126,40.65,9700
2010-01-13,40.41,40.8,40.21,40.5768,9700
2010-01-14,40.7032,40.87,40.52,40.58,10000
2010-01-15,41.32,41.49,41.22,41.38,33600
2010-01-19,41.73,42.0,41.61,41.8,68800
2010-01-20,42.8,42.99,42.71,42.96,39500
2010-01-21,43.03,43.3,42.5,42.86,34300
2010-01-22,42.9,42.9089,42.39,42.65,33200
2010-01-25,42.7,42.7,42.4101,42.5,15100
2010-01-26,42.97,43.21,42.82,43.07,44700
2010-01-27,43.29,43.8,43.144,43.7,77700
2010-01-28,43.8,44.97,43.61,43.85,64700
2010-01-29,43.85,44.8,43.85,44.59,21000
2010-02-01,45.15,45.15,43.89,43.89,57700
2010-02-02,44.0,44.0,43.33,43.74,40100
2010-02-03,43.92,44.29,43.8,44.29,107900
2010-02-04,44.92,45.86,44.67,45.35,284500
2010-02-05,45.63,47.34,45.36,45.62,137800
2010-02-08,47.03,47.03,45.45,45.86,192400
2010-02-09,45.05,45.51,44.43,44.8066,141500
2010-02-10,45.2,45.795,45.125,45.3199,47300
2010-02-11,45.68,46.24,45.41,45.47,110800
2010-02-12,46.33,46.69,45.818,46.05,52800
2010-02-16,45.97,45.98,44.86,44.91,80000
2010-02-17,45.03,46.29,45.03,45.99,37800
2010-02-18,46.34,46.42,45.67,46.072,87600
2010-02-19,46.78,47.33,45.93,46.23,34800
2010-02-22,46.34,46.42,45.8,46.205,31300
2010-02-23,46.53,46.82,46.24,46.68,26000
2010-02-24,46.5,46.69,45.88,46.64,24300
2010-02-25,47.08,47.19,46.27,46.354,59600
2010-02-26,46.37,46.745,45.37,46.0,76800
2010-03-01,46.62,47.32,46.27,46.37,74000
2010-03-02,46.36,46.71,45.82,45.92,62700
2010-03-03,46.17,46.17,45.08,45.28,77500
2010-03-04,45.78,46.8,45.27,46.05,23400
2010-03-05,47.26,47.26,45.75,45.81,64600
2010-03-08,45.4,45.9585,45.3,45.8,17300
2010-03-09,45.92,46.2,45.86,45.89,5800
2010-03-10,45.85,45.86,45.4899,45.57,31400
2010-03-11,45.56,45.67,45.38,45.4,44000
2010-03-12,44.9,45.12,44.62,44.91,95700
2010-03-15,45.14,45.7099,44.77,45.4,20700
2010-03-16,44.9601,45.101,44.68,44.68,46200
2010-03-17,44.84,45.0,44.69,44.92,189400
2010-03-18,45.39,45.97,45.33,45.81,24500
2010-03-19,46.16,46.6,46.16,46.43,192200
2010-03-22,46.83,46.83,46.19,46.329,12800
2010-03-23,46.59,46.74,46.3,46.68,30400
2010-03-24,47.73,47.87,47.45,47.8306,111200
2010-03-25,47.77,48.2,47.3,48.14,69200
2010-03-26,49.13,49.13,47.0801,47.2,38900
2010-03-29,46.8,46.98,46.63,46.7,35500
2010-03-30,46.66,47.25,46.59,47.1499,31300
2010-03-31,46.54,46.57,46.18,46.5399,45000
2010-04-01,46.52,46.69,45.91,46.0,38100
2010-04-05,46.54,46.729,46.295,46.635,28100
2010-04-06,47.51,47.599,47.1,47.1101,26900
2010-04-07,47.67,47.72,47.32,47.62,18500
2010-04-08,47.77,47.99,47.51,47.7,27100
2010-04-09,47.52,47.52,46.55,46.619,34300
2010-04-12,46.22,46.22,45.61,46.03,49400
2010-04-13,45.62,46.1199,45.62,45.9,14600
2010-04-14,45.51,45.72,45.1,45.3,32300
2010-04-15,45.95,46.17,45.8901,45.9995,23300
2010-04-16,46.55,46.603,46.31,46.364,16700
2010-04-19,47.02,47.19,46.53,46.636,11600
2010-04-20,46.56,46.95,46.5401,46.8,8200
2010-04-21,47.2,47.37,47.02,47.1,8600
2010-04-22,47.72,48.15,47.63,47.67,54300
2010-04-23,48.14,48.14,47.125,47.23,39000
2010-04-26,47.8,47.85,47.31,47.38,23700
2010-04-27,47.86,48.88,47.5801,48.8277,63500
2010-04-28,48.58,49.24,48.36,48.54,78500
2010-04-29,48.5,48.515,48.0101,48.23,78400
2010-04-30,47.79,47.9901,47.49,47.73,17300
2010-05-03,48.23,48.8,48.23,48.66,37700
2010-05-04,49.61,50.1,49.47,50.06,96100
2010-05-05,51.5,51.61,50.82,51.48,484400
2010-05-06,52.47,58.5,51.76,52.83,255700
2010-05-07,52.33,53.14,51.61,51.942,243000
2010-05-10,50.35,51.91,50.0,51.6904,238400
2010-05-11,52.17,52.55,51.955,52.53,143600
2010-05-12,52.71,53.069,52.2501,52.99,118500
2010-05-13,53.58,53.82,53.238,53.61,157100
2010-05-14,54.11,55.23,53.97,55.0999,334900
2010-05-17,55.42,55.9799,54.7,55.072,309900
2010-05-18,54.48,56.91,54.48,56.61,159700
2010-05-19,56.0,56.4999,54.7001,54.97,248500
2010-05-20,55.02,55.729,53.0,53.95,250500
2010-05-21,53.47,53.668,52.9,53.08,380200
2010-05-24,54.6,55.0,54.4001,54.79,150200
2010-05-25,55.68,56.5,55.25,55.25,161800
2010-05-26,55.72,56.8,55.62,56.79,121100
2010-05-27,56.48,56.65,54.51,54.89,82700
2010-05-28,54.95,55.75,54.79,55.6501,49400
2010-06-01,56.71,56.729,55.0,56.22,109500
2010-06-02,56.52,56.565,55.82,55.961,22500
2010-06-03,55.82,56.97,55.82,56.855,43000
2010-06-04,57.01,58.7001,57.01,58.57,122200
2010-06-07,59.0,59.2399,58.55,59.2,86200
2010-06-08,59.3,59.3,58.01,58.8301,74200
2010-06-09,57.99,58.63,57.5,58.59,135600
2010-06-10,57.64,57.64,56.66,56.88,111900
2010-06-11,57.23,57.79,56.6,57.46,126200
2010-06-14,55.97,56.19,55.27,56.03,142300
2010-06-15,55.36,55.78,54.54,54.66,355400
2010-06-16,54.9,55.456,54.57,55.22,59500
2010-06-17,54.72,54.965,54.25,54.45,37300
2010-06-18,54.56,54.8,54.4,54.703,22000
2010-06-21,54.49,55.39,54.145,55.325,69800
2010-06-22,55.36,55.81,55.21,55.64,75400
2010-06-23,55.735,58.01,55.0,55.49,81500
2010-06-24,55.86,55.86,54.699,55.0501,16500
2010-06-25,55.5,55.79,54.68,54.74,34100
2010-06-28,54.87,55.499,54.87,55.44,29600
2010-06-29,56.15,56.68,55.9901,56.12,34000
2010-06-30,56.11,56.11,55.23,55.83,26100
2010-07-01,54.71,54.71,53.12,53.245,120100
2010-07-02,52.54,53.0101,52.39,52.84,67600
2010-07-06,52.4,52.8,51.89,52.29,95800
2010-07-07,52.42,52.5799,51.98,52.16,55700
2010-07-08,52.07,52.14,51.48,51.72,51900
2010-07-09,52.24,52.34,52.1,52.22,23500
2010-07-12,52.75,52.95,52.53,52.61,27500
2010-07-13,52.49,52.49,51.4,51.6,52900
2010-07-14,51.63,51.66,50.77,51.37,24400
2010-07-15,50.3601,50.419,49.7346,49.79,67700
2010-07-16,49.48,50.0,49.41,49.92,58800
2010-07-19,49.56,49.93,49.31,49.74,63800
2010-07-20,50.24,50.3064,49.869,50.17,40700
2010-07-21,50.74,51.31,50.55,51.13,53000
2010-07-22,50.55,50.55,49.44,50.1072,31000
2010-07-23,50.6,50.79,49.8,49.86,51500
2010-07-26,49.65,49.76,49.18,49.24,30400
2010-07-27,49.24,49.56,48.96,49.1901,64900
2010-07-28,49.3,49.39,48.97,49.39,5200
2010-07-29,48.54,48.74,48.41,48.561,46900
2010-07-30,49.13,49.24,48.66,48.89,25300
2010-08-02,48.4,48.4,47.73,48.0,54500
2010-08-03,47.63,47.8412,47.45,47.5213,32000
2010-08-04,47.61,48.21,47.61,48.03,49400
2010-08-05,47.89,48.1599,47.81,47.87,10000
2010-08-06,47.18,47.2685,46.73,47.0,39900
2010-08-09,47.08,47.599,47.08,47.5281,17200
2010-08-10,48.27,48.54,47.5211,47.852,26300
2010-08-11,49.51,50.25,49.3,50.03,96000
2010-08-12,50.46,50.479,50.1301,50.44,20600
2010-08-13,50.4801,51.0,50.4,50.9898,26800
2010-08-16,50.5,50.61,50.0912,50.5,22300
2010-08-17,49.81,50.21,49.81,49.93,19300
2010-08-18,49.78,50.19,49.78,50.08,14500
2010-08-19,50.04,50.689,49.95,50.4699,21800
2010-08-20,51.46,51.702,51.313,51.35,61900
2010-08-23,51.86,51.9499,51.27,51.74,33000
2010-08-24,51.96,52.12,51.2801,51.565,45900
2010-08-25,51.75,52.0,51.1901,51.83,49400
2010-08-26,51.29,51.479,50.86,51.17,45800
2010-08-27,51.32,51.66,50.78,51.13,36000
2010-08-30,51.45,51.7,51.297,51.66,3300
2010-08-31,51.11,51.619,51.11,51.619,2600
2010-09-01,50.35,50.6199,50.17,50.516,9800
2010-09-02,50.3,50.51,50.29,50.38,69200
2010-09-03,50.06,50.29,49.76,49.78,17900
2010-09-07,50.94,51.41,50.77,51.4,24600
2010-09-08,51.25,51.25,50.8501,51.2095,25400
2010-09-09,50.85,51.4399,50.85,51.31,6900
2010-09-10,51.22,51.435,51.0155,51.2899,3900
2010-09-13,50.33,51.32,49.78,49.92,32200
2010-09-14,49.97,49.97,48.62,48.77,63400
2010-09-15,48.96,49.1,48.709,48.84,13300
2010-09-16,48.2,48.45,48.02,48.28,79200
2010-09-17,48.28,48.595,48.2,48.5899,8300
2010-09-20,48.52,48.58,48.2299,48.493,6700
2010-09-21,47.94,48.1475,46.67,47.08,49500
2010-09-22,45.83,46.24,45.67,46.0,49100
2010-09-23,45.86,46.458,45.86,46.42,57000
2010-09-24,45.65,45.65,45.22,45.23,87100
2010-09-27,45.29,45.552,45.27,45.37,30800
2010-09-28,45.34,45.66,44.6,44.65,52500
2010-09-29,44.65,44.72,44.28,44.33,56400
2010-09-30,44.14,44.69,44.13,44.35,45300
2010-10-01,43.61,43.68,43.32,43.32,52800
2010-10-04,43.86,44.06,43.82,44.01,106300
2010-10-05,43.31,43.31,42.7901,43.06,86400
2010-10-06,42.98,42.98,42.18,42.36,44200
2010-10-07,42.07,42.8,41.99,42.57,76500
2010-10-08,42.5,42.67,42.25,42.3,82900
2010-10-11,42.25,42.79,42.25,42.7,10300
2010-10-12,42.98,43.22,42.418,42.4592,40200
2010-10-13,42.3,42.465,42.01,42.1601,37400
2010-10-14,41.66,41.71,41.34,41.45,54000
2010-10-15,41.48,42.29,41.33,42.09,21100
2010-10-18,42.44,42.44,41.8787,41.9001,34000
2010-10-19,43.05,43.78,42.962,43.55,70100
2010-10-20,42.96,43.0,41.94,42.2,50500
2010-10-21,41.8545,42.4,41.6799,42.35,15800
2010-10-22,42.15,42.46,42.15,42.2001,3100
2010-10-25,41.62,42.05,41.583,42.0,20000
2010-10-26,42.65,42.92,42.53,42.76,34700
2010-10-27,42.99,43.45,42.9301,43.32,69600
2010-10-28,42.53,42.61,42.18,42.18,31000
2010-10-29,42.54,42.5605,42.25,42.25,30200
2010-11-01,42.29,42.64,42.18,42.55,25400
2010-11-02,41.7,41.76,41.511,41.6699,32500
2010-11-03,41.57,41.8,40.24,41.05,85500
2010-11-04,40.29,40.6,40.03,40.475,79200
2010-11-05,41.29,41.58,40.99,41.49,22400
2010-11-08,42.2,42.3999,41.98,42.23,40800
2010-11-09,42.16,43.12,42.0,43.1,38700
2010-11-10,43.11,43.7592,42.99,43.125,63400
2010-11-11,43.55,44.01,43.4,43.86,44100
2010-11-12,43.2,43.82,43.14,43.5801,39000
2010-11-15,43.91,44.46,43.7,44.46,41100
2010-11-16,44.25,45.17,44.1,44.96,73500
2010-11-17,44.8,44.8,44.48,44.69,41000
2010-11-18,44.13,44.2404,43.9,43.95,51500
2010-11-19,43.77,43.95,43.55,43.55,27800
2010-11-22,43.83,44.31,43.75,44.071,27600
2010-11-23,44.95,45.7,44.95,45.64,59400
2010-11-24,45.63,46.1,45.37,46.0099,49900
2010-11-26,46.63,46.73,46.43,46.6599,45200
2010-11-29,47.52,47.85,47.43,47.5,93100
2010-11-30,48.59,48.701,48.0,48.5,145300
2010-12-01,47.6,47.96,46.91,47.26,314400
2010-12-02,47.51,47.51,46.4644,46.69,55900
2010-12-03,45.76,45.8799,45.23,45.25,70200
2010-12-06,46.25,46.31,45.82,45.94,45700
2010-12-07,45.4,46.32,45.4,46.3018,45100
2010-12-08,46.64,46.84,46.32,46.406,63600
2010-12-09,46.64,47.0299,46.4552,46.52,34700
2010-12-10,46.76,46.78,46.3,46.605,159200
2010-12-13,46.12,46.12,45.15,45.5,110500
2010-12-14,45.47,45.57,45.03,45.515,61000
2010-12-15,45.74,46.66,45.6,46.595,72300
2010-12-16,46.58,46.86,46.3912,46.4754,32500
2010-12-17,46.65,47.1999,46.525,46.97,58800
2010-12-20,47.1,47.53,47.0,47.31,19300
2010-12-21,46.97,47.67,46.97,47.55,39800
2010-12-22,47.48,47.65,47.4701,47.56,27100
2010-12-23,47.9,47.9,47.1901,47.27,27800
2010-12-27,47.14,47.2499,47.01,47.07,8300
2010-12-28,46.53,47.473,46.53,47.36,16500
2010-12-29,47.26,47.28,46.37,46.53,50600
2010-12-30,46.07,46.2776,45.92,46.05,30200
2010-12-31,45.5,45.7499,45.15,45.636,34400
2011-01-03,45.8,45.89,45.3201,45.568,21200
2011-01-04,45.21,46.05,45.161,45.94,110000
2011-01-05,47.14,47.22,46.77,46.945,116600
2011-01-06,47.26,48.2,47.22,48.14,119500
2011-01-07,48.36,48.83,48.01,48.715,723200
2011-01-10,48.63,48.796,48.39,48.4699,72400
2011-01-11,48.51,48.75,48.18,48.26,37200
2011-01-12,47.83,47.95,47.01,47.1099,55900
2011-01-13,45.78,45.8499,45.3,45.514,49500
2011-01-14,45.52,45.699,45.18,45.4,84200
2011-01-18,45.03,45.38,44.62,45.275,136200
2011-01-19,44.34,44.72,44.31,44.6,58200
2011-01-20,44.715,45.0914,44.4801,44.5501,70200
2011-01-21,44.04,44.1293,43.58,43.689,136900
2011-01-24,43.8,43.8,43.12,43.35,128800
2011-01-25,43.65,43.7307,43.116,43.1754,37400
2011-01-26,43.14,43.38,43.0288,43.0984,17200
2011-01-27,42.8,43.173,42.75,42.85,23000
2011-01-28,43.05,43.81,42.89,43.71,70600
2011-01-31,43.12,43.3,42.8101,43.139,20800
2011-02-01,42.63,42.8,42.12,42.21,123800
2011-02-02,42.51,42.522,42.211,42.3632,13300
2011-02-03,43.165,43.5,43.165,43.35,15100
2011-02-04,43.83,43.982,43.645,43.66,50600
2011-02-07,44.0,44.1899,43.64,43.64,22200
2011-02-08,43.52,43.52,43.08,43.3809,8200
2011-02-09,43.1,43.18,42.8,42.83,19300
2011-02-10,43.49,43.7499,43.368,43.639,10300
2011-02-11,44.07,44.29,43.9,43.91,9000
2011-02-14,44.521,44.54,44.325,44.3699,9300
2011-02-15,44.09,44.3999,44.04,44.3992,79600
2011-02-16,44.45,44.45,43.71,43.84,20500
2011-02-17,43.6496,43.7,43.52,43.52,8300
2011-02-18,43.5,43.54,42.951,42.98,17100
2011-02-22,42.96,43.3635,42.906,43.2,22900
2011-02-23,42.85,42.85,42.41,42.58,86100
2011-02-24,42.28,42.45,42.21,42.24,17500
2011-02-25,42.58,42.749,42.508,42.63,13800
2011-02-28,42.02,42.358,41.9725,42.22,18900
2011-03-01,42.04,42.49,41.95,42.49,20000
2011-03-02,41.99,41.99,41.74,41.89,19000
2011-03-03,41.42,41.48,41.19,41.2141,63900
2011-03-04,41.14,41.2,40.9,41.04,47700
2011-03-07,40.97,41.2985,40.9,41.12,56100
2011-03-08,41.76,41.8,41.5,41.6199,15400
2011-03-09,41.6,41.7,41.479,41.58,10100
2011-03-10,42.18,42.36,42.0684,42.3,50500
2011-03-11,42.4,42.4,41.61,41.64,32400
2011-03-14,41.2,41.23,40.94,40.95,41800
2011-03-15,41.46,41.6,40.9,40.94,71700
2011-03-16,41.43,41.7612,41.3012,41.55,36500
2011-03-17,40.87,41.05,40.7501,40.82,17300
2011-03-18,40.09,40.22,39.9,39.9799,28300
2011-03-21,39.76,40.05,39.54,39.66,59200
2011-03-22,39.54,39.879,39.54,39.7,20000
2011-03-23,40.28,40.32,40.0,40.3099,37700
2011-03-24,40.24,41.36,39.58,39.8825,34700
2011-03-25,40.19,40.55,40.0,40.49,26400
2011-03-28,40.52,40.53,40.27,40.3601,19000
2011-03-29,40.54,40.58,40.29,40.32,37700
2011-03-30,40.46,40.57,40.05,40.15,37900
2011-03-31,39.93,39.93,39.69,39.7388,39700
2011-04-01,40.12,40.51,39.45,39.6,95000
2011-04-04,39.47,39.74,39.44,39.65,16900
2011-04-05,39.9,39.97,39.48,39.57,7700
2011-04-06,39.17,39.25,38.882,38.95,40000
2011-04-07,39.3,39.3999,39.12,39.1599,42900
2011-04-08,38.46,38.5299,38.3101,38.3101,45400
2011-04-11,38.37,38.509,38.272,38.41,21900
2011-04-12,38.02,38.35,37.94,38.2299,15300
2011-04-13,38.14,38.54,38.14,38.39,20000
2011-04-14,38.51,38.51,38.08,38.11,8800
2011-04-15,38.5,38.59,38.3156,38.47,5600
2011-04-18,39.08,40.0,39.0,39.77,26300
2011-04-19,39.27,39.27,38.8701,38.88,14600
2011-04-20,37.83,38.139,37.76,37.99,28100
2011-04-21,37.57,37.722,37.46,37.645,20000
2011-04-25,39.0,40.1099,37.4,37.48,24700
2011-04-26,37.3399,37.39,37.15,37.16,21600
2011-04-27,37.06,37.26,36.42,36.4899,51000
2011-04-28,36.31,36.43,36.08,36.238,21000
2011-04-29,36.18,36.25,36.07,36.146,24000
2011-05-02,36.1199,36.1899,35.83,36.1899,11000
2011-05-03,36.28,36.36,35.96,36.2024,19000
2011-05-04,35.9,36.25,35.6401,36.23,33000
2011-05-05,36.69,37.85,36.69,37.81,55900
2011-05-06,37.75,38.88,37.71,38.656,86300
2011-05-09,38.92,39.2215,38.691,38.74,59000
2011-05-10,38.84,38.84,38.3601,38.391,11500
2011-05-11,38.45,39.8,38.12,39.48,61400
2011-05-12,39.43,39.63,39.079,39.33,28000
2011-05-13,38.0,40.2799,38.0,40.04,70100
2011-05-16,39.75,39.779,39.181,39.639,38300
2011-05-17,39.81,39.85,39.27,39.27,28500
2011-05-18,39.2401,39.43,39.01,39.23,17500
2011-05-19,39.13,39.2099,38.73,38.8565,13900
2011-05-20,39.1,39.7099,39.1,39.591,30400
2011-05-23,40.5,40.6399,40.22,40.278,90500
2011-05-24,40.05,40.0791,39.81,39.958,41300
2011-05-25,40.38,40.4826,39.9,40.12,86700
2011-05-26,39.55,40.077,39.4,39.8,13600
2011-05-27,39.07,39.31,38.826,38.9299,35500
2011-05-31,38.28,38.4791,38.15,38.31,34500
2011-06-01,38.15,38.6599,37.89,38.5,34900
2011-06-02,38.03,38.53,37.6125,37.75,25600
2011-06-03,37.41,37.55,36.871,36.95,49800
2011-06-06,37.07,37.35,37.0188,37.2501,12700
2011-06-07,36.88,36.88,36.609,36.6801,23400
2011-06-08,37.0,37.32,36.71,37.2575,59900
2011-06-09,37.67,38.25,37.41,37.62,43600
2011-06-10,38.75,38.818,37.85,38.5512,63000
2011-06-13,38.33,38.46,38.02,38.11,24400
2011-06-14,38.38,38.38,37.5,37.9099,13100
2011-06-15,38.82,39.58,38.68,39.39,258600
2011-06-16,39.53,39.68,39.19,39.22,49300
2011-06-17,38.64,38.77,38.031,38.62,31900
2011-06-20,38.69,38.69,38.46,38.6199,26400
2011-06-21,38.28,38.49,37.97,38.01,48400
2011-06-22,38.22,38.35,37.801,38.26,23500
2011-06-23,39.3999,39.47,38.68,38.739,32300
2011-06-24,39.34,40.0,38.78,39.26,17900
2011-06-27,39.12,39.37,38.5901,38.7099,30100
2011-06-28,38.64,38.64,38.1301,38.196,200800
2011-06-29,38.0601,38.23,37.71,37.85,30500
2011-06-30,37.64,37.69,37.23,37.3196,26900
2011-07-01,37.31,37.73,37.15,37.21,26000
2011-07-05,37.35,37.91,37.35,37.7901,24400
2011-07-06,38.39,38.56,38.25,38.45,23200
2011-07-07,38.11,38.87,38.02,38.22,55400
2011-07-08,38.4699,38.86,38.2,38.73,21400
2011-07-11,39.87,40.1999,39.61,40.0,50400
2011-07-12,40.28,40.42,39.8001,40.31,127400
2011-07-13,39.79,39.88,39.0,39.275,49100
2011-07-14,38.73,39.3999,38.62,39.21,19600
2011-07-15,39.2,39.47,39.01,39.2499,10300
2011-07-18,39.62,39.91,39.327,39.4499,32400
2011-07-19,39.13,39.45,38.79,39.27,76000
2011-07-20,39.01,39.12,38.75,38.78,82500
2011-07-21,38.22,38.32,37.79,37.95,77800
2011-07-22,37.89,38.181,37.87,37.9,57700
2011-07-25,38.08,38.12,37.8403,37.9,21700
2011-07-26,37.33,37.52,37.1812,37.25,49000
2011-07-27,37.41,38.03,37.41,37.77,118700
2011-07-28,37.99,38.434,37.7,38.32,93400
2011-07-29,38.02,38.45,37.74,37.97,78200
2011-08-01,37.98,38.91,37.9,38.55,85400
2011-08-02,38.81,38.99,38.35,38.79,87600
2011-08-03,38.25,38.44,38.02,38.19,69200
2011-08-04,39.18,39.65,38.79,39.1485,112300
2011-08-05,38.44,39.14,38.2401,38.27,197900
2011-08-08,39.04,39.149,38.56,38.6,102500
2011-08-09,38.06,38.71,37.88,37.9,81600
2011-08-10,38.58,38.8807,38.45,38.8,30200
2011-08-11,39.0,39.0,38.17,38.55,37800
2011-08-12,38.2,38.5799,38.2,38.5,14200
2011-08-15,37.72,37.72,37.2601,37.44,70200
2011-08-16,37.7,37.75,37.29,37.55,87400
2011-08-17,37.07,37.53,37.01,37.4212,33300
2011-08-18,37.87,38.3199,37.87,37.92,39700
2011-08-19,37.83,37.83,37.27,37.62,29700
2011-08-22,37.16,38.01,37.16,37.83,30200
2011-08-23,37.22,37.96,37.22,37.38,28200
2011-08-24,37.47,38.4,37.161,37.55,14600
2011-08-25,37.42,37.9,37.35,37.75,49300
2011-08-26,37.52,38.21,37.021,37.18,75900
2011-08-29,36.92,37.27,36.8298,36.99,19200
2011-08-30,37.46,37.51,37.306,37.306,12500
2011-08-31,37.35,37.81,37.35,37.8,13900
2011-09-01,38.1,38.5,38.08,38.33,72600
2011-09-02,38.58,38.7583,38.4,38.67,25700
2011-09-06,39.57,40.0,39.2101,39.78,119700
2011-09-07,39.7,39.75,39.18,39.24,39600
2011-09-08,39.74,40.48,39.64,40.43,148200
2011-09-09,41.16,41.99,41.16,41.7,247400
2011-09-12,41.94,42.4699,41.52,41.81,245900
2011-09-13,41.7,41.826,41.25,41.47,86900
2011-09-14,42.0,42.0,40.92,41.05,120000
2011-09-15,40.17,40.739,40.111,40.352,155000
2011-09-16,40.78,41.1399,40.4901,40.87,53900
2011-09-19,41.91,42.0845,41.32,41.53,101400
2011-09-20,41.62,41.76,41.32,41.65,125600
2011-09-21,42.08,42.5,40.9,42.1,70700
2011-09-22,43.11,43.399,42.5,42.89,136100
2011-09-23,42.88,42.9899,42.38,42.6,68100
2011-09-26,42.94,43.17,42.5,42.6055,90600
2011-09-27,41.76,42.04,41.54,42.01,153400
2011-09-28,41.78,42.3799,41.7301,42.37,66000
2011-09-29,41.86,42.208,40.9,41.97,67900
2011-09-30,42.97,43.1455,42.74,43.13,42200
2011-10-03,43.88,44.61,43.45,44.57,134700
2011-10-04,44.6,44.8,43.62,43.62,183900
2011-10-05,43.77,43.9,43.35,43.56,64000
2011-10-06,43.89,43.89,42.78,42.85,55000
2011-10-07,42.59,43.333,42.2912,43.169,58600
2011-10-10,41.8,41.84,41.1008,41.537,96600
2011-10-11,41.63,41.9809,41.06,41.386,33500
2011-10-12,40.81,40.81,40.3925,40.6,87100
2011-10-13,40.82,41.6,40.53,40.63,55800
2011-10-14,40.22,40.319,39.9,40.11,109300
2011-10-17,40.57,41.0505,40.082,40.83,58900
2011-10-18,41.11,41.3999,40.394,40.7144,78500
2011-10-19,40.43,40.8999,40.4,40.78,22400
2011-10-20,40.81,41.34,40.58,40.64,66900
2011-10-21,39.88,40.439,39.88,40.05,45600
2011-10-24,40.2,40.36,39.63,39.78,77100
2011-10-25,39.76,40.1,39.6845,39.9313,66800
2011-10-26,39.51,40.43,39.5,39.87,59200
2011-10-27,38.49,38.669200000000004,37.86,38.21,244000
2011-10-28,38.45,38.59,38.2,38.33,37900
2011-10-31,39.26,40.1299,39.2,40.1299,46200
2011-11-01,41.37,41.398,40.57,40.9859,124800
2011-11-02,40.28,40.8,40.01,40.69,26200
2011-11-03,40.64,41.1799,40.0501,40.21,63700
2011-11-04,40.4,40.857,40.3555,40.55,32400
2011-11-07,40.58,40.79,40.3196,40.48,43900
2011-11-08,40.28,40.45,40.091,40.12,35000
2011-11-09,41.52,41.93,41.44,41.81,149100
2011-11-10,41.43,41.8,41.28,41.51,57700
2011-11-11,41.82,41.82,40.25,40.55,78100
2011-11-14,41.15,41.4762,41.06,41.29,59100
2011-11-15,41.82,42.1799,41.6535,41.98,45700
2011-11-16,42.25,42.37,41.81,42.3699,32000
2011-11-17,42.12,42.4508,41.9497,42.3428,30100
2011-11-18,41.83,42.1571,41.63,41.98,30300
2011-11-21,42.33,42.418,41.79,42.05,53500
2011-11-22,42.15,42.21,41.89,41.98,90500
2011-11-23,42.62,43.1645,42.58,43.068,77200
2011-11-25,43.77,43.82,43.42,43.82,56100
2011-11-28,42.73,43.3295,42.62,43.29,71000
2011-11-29,43.26,43.31,42.9252,43.23,41100
2011-11-30,41.96,42.59,41.96,42.39,87200
2011-12-01,42.07,42.345,41.8808,42.23,21400
2011-12-02,41.94,42.786,41.892,42.55,20100
2011-12-05,42.24,42.789,42.0,42.6,108500
2011-12-06,42.77,42.77,42.5,42.6114,21100
2011-12-07,42.77,42.859,42.3808,42.56,26500
2011-12-08,43.01,43.31,42.8558,43.02,51500
2011-12-09,43.13,43.139,42.71,42.872,34000
2011-12-12,43.72,44.0793,43.56,43.97,40100
2011-12-13,44.22,45.3,43.888,45.07,100000
2011-12-14,45.65,45.76,45.3,45.54,118300
2011-12-15,45.0,45.87,45.0,45.31,53500
2011-12-16,45.24,45.44,45.0,45.19,42600
2011-12-19,45.23,45.43,45.08,45.421,49400
2011-12-20,44.94,44.94,44.25,44.7,78200
2011-12-21,44.84,45.079,44.65,44.91,34000
2011-12-22,45.02,45.079,44.84,44.93,28400
2011-12-23,45.14,45.17,44.83,44.96,20700
2011-12-27,44.77,44.88,44.715,44.79,52200
2011-12-28,45.14,45.93,45.1,45.78,29500
2011-12-29,45.95,46.039,45.535,45.535,39700
2011-12-30,45.5,45.77,45.3,45.66,21500
2012-01-03,45.0,45.16,44.75,44.9,54000
2012-01-04,45.66,45.92,45.52,45.67,23900
2012-01-05,46.58,46.8699,46.52,46.78,35700
2012-01-06,46.93,47.47,46.93,47.29,69500
2012-01-09,47.0,47.25,46.8407,46.86,73100
2012-01-10,46.74,46.96,46.69,46.83,40600
2012-01-11,47.34,47.65,47.34,47.389,52600
2012-01-12,46.76,46.85,46.3339,46.43,38500
2012-01-13,47.39,47.99,47.36,47.58,60800
2012-01-17,47.5,47.79,47.11,47.26,115300
2012-01-18,47.0,47.0,46.25,46.25,57300
2012-01-19,46.01,46.109,45.39,45.39,66400
2012-01-20,45.98,45.98,45.5295,45.62,47300
2012-01-23,45.21,45.21,44.85,44.91,66500
2012-01-24,45.29,45.48,44.92,44.94,38600
2012-01-25,45.45,45.5399,44.29,44.35,78200
2012-01-26,43.94,44.5092,43.81,44.49,90900
2012-01-27,44.43,44.43,43.6,43.71,49400
2012-01-30,44.41,44.88,44.16,44.3,46900
2012-01-31,43.96,44.82,43.96,44.56,32600
2012-02-01,44.08,44.15,43.7598,44.14,33400
2012-02-02,44.23,44.2918,43.87,44.12,28800
2012-02-03,44.48,44.58,44.0,44.08,35200
2012-02-06,44.88,44.88,44.1775,44.22,29800
2012-02-07,43.97,44.019,43.321,43.39,34300
2012-02-08,43.37,43.549,43.18,43.338,20400
2012-02-09,43.03,43.2356,42.9,43.13,35700
2012-02-10,43.79,44.0,43.73,43.9699,64600
2012-02-13,43.45,43.838,43.37,43.74,21100
2012-02-14,43.95,44.563,43.95,44.336,27800
2012-02-15,44.5,44.9792,44.492,44.69,20900
2012-02-16,45.08,45.08,44.01,44.04,32600
2012-02-17,43.98,44.12,43.611,44.11,19500
2012-02-21,44.0,44.0,43.22,43.5,27000
2012-02-22,43.55,43.84,43.3701,43.525,7800
2012-02-23,43.25,43.4805,42.511,42.6,35100
2012-02-24,42.34,42.34,41.831,42.0099,38700
2012-02-27,42.44,42.65,42.21,42.33,31200
2012-02-28,42.06,42.51,41.8801,41.92,17700
2012-02-29,42.07,42.85,41.9427,42.76,22300
2012-03-01,43.07,43.07,42.73,42.91,27000
2012-03-02,43.37,43.75,43.37,43.5509,9800
2012-03-05,43.61,43.73,43.37,43.49,6000
2012-03-06,44.12,44.439,44.1,44.21,41500
2012-03-07,44.4,44.43,44.0,44.01,18900
2012-03-08,43.39,43.46,43.1,43.1,28100
2012-03-09,43.98,44.3,43.98,44.15,22000
2012-03-12,44.09,44.23,43.87,44.0,9100
2012-03-13,44.51,44.64,44.08,44.54,15400
2012-03-14,44.59,44.88,44.54,44.81,23100
2012-03-15,44.45,44.72,44.27,44.41,10600
2012-03-16,44.1,44.11,43.691,43.85,30900
2012-03-19,43.9,44.0782,43.2,43.25,6700
2012-03-20,43.68,43.68,43.401,43.46,7900
2012-03-21,43.36,43.66,43.26,43.58,9300
2012-03-22,43.89,44.0776,43.64,43.759,5400
2012-03-23,43.48,43.48,43.1,43.16,8200
2012-03-26,42.84,42.84,42.53,42.55,14100
2012-03-27,42.64,42.82,42.601,42.75,54200
2012-03-28,42.84,43.2399,42.7318,42.88,3000
2012-03-29,43.01,43.245,42.95,42.95,3600
2012-03-30,42.56,42.85,42.46,42.61,13800
2012-04-02,43.01,43.1292,42.61,42.7,5700
2012-04-03,42.77,43.5,42.56,43.5,13800
2012-04-04,44.1,44.25,43.93,44.04,16100
2012-04-05,44.55,44.616,44.37,44.53,13900
2012-04-09,44.5,44.602,44.0101,44.05,12300
2012-04-10,44.24,44.54,44.22,44.34,12200
2012-04-11,44.0,44.37,44.0,44.3,6100
2012-04-12,43.975,44.03,43.59,43.66,8000
2012-04-13,44.0,44.526,44.0,44.34,8400
2012-04-16,44.68,44.7,43.89,44.04,57600
2012-04-17,44.15,44.38,43.85,43.91,7600
2012-04-18,44.26,44.34,43.95,44.1,14000
2012-04-19,44.31,44.31,43.93,44.01,6100
2012-04-20,43.85,43.85,43.28,43.4,8400
2012-04-23,44.13,44.15,43.78,44.09,7000
2012-04-24,44.01,44.01,43.51,43.72,22100
2012-04-25,43.47,43.6501,43.3,43.3,8500
2012-04-26,43.14,43.3101,43.14,43.29,9400
2012-04-27,43.21,43.38,42.99,43.31,6100
2012-04-30,43.38,43.52,43.284,43.44,14000
2012-05-01,43.16,43.5,43.16,43.338,15900
2012-05-02,43.99,43.99,43.77,43.88,4100
2012-05-03,43.83,43.949,43.8,43.85,9400
2012-05-04,43.9,44.39,43.8,44.306,10700
2012-05-07,44.71,44.786,44.5371,44.58,14000
2012-05-08,44.8,45.09,44.73,44.8615,23000
2012-05-09,45.35,45.649,45.2001,45.39,14400
2012-05-10,45.66,45.98,45.07,45.419,11300
2012-05-11,45.7,45.779,45.27,45.56,19000
2012-05-14,46.0,46.3499,46.0,46.2,28200
2012-05-15,46.48,47.1,46.26,47.02,45000
2012-05-16,47.08,47.13,46.54,46.87,33300
2012-05-17,47.0,47.3892,46.91,47.244,48400
2012-05-18,47.03,47.0992,46.4,46.67,32900
2012-05-21,46.78,47.08,46.14,46.141,42300
2012-05-22,46.6,47.4799,46.46,47.3,26900
2012-05-23,47.5,48.25,47.3,47.8665,64000
2012-05-24,47.89,48.438,47.8,48.32,49800
2012-05-25,48.58,48.71,48.2001,48.5699,38100
2012-05-29,48.3,48.99,48.15,48.6704,53700
2012-05-30,49.31,49.66,49.014,49.56,36700
2012-05-31,49.6,49.9892,49.5,49.71,35300
2012-06-01,49.63,49.68,48.99,49.23,57000
2012-06-04,48.76,48.9,48.42,48.51,64200
2012-06-05,48.99,49.37,48.801,48.84,34700
2012-06-06,48.53,48.94,47.79,47.914,76900
2012-06-07,47.45,48.12,43.22,48.09,279300
2012-06-08,48.92,49.0,48.2,48.58,17800
2012-06-11,47.78,48.7399,47.78,48.7399,27300
2012-06-12,48.73,48.95,48.44,48.46,83900
2012-06-13,48.49,48.49,47.73,48.06,10700
2012-06-14,47.78,48.23,47.6,47.624,23500
2012-06-15,47.68,47.84,47.0,47.3489,39100
2012-06-18,47.61,48.0899,47.61,47.9999,8800
2012-06-19,47.6,47.6,46.551,47.114,42100
2012-06-20,46.77,47.3,46.76,47.3,6500
2012-06-21,47.265,48.36,47.24,48.1699,47700
2012-06-22,47.98,48.32,47.9259,47.99,8900
2012-06-25,48.61,48.789,48.46,48.46,13800
2012-06-26,48.67,48.99,48.5,48.6282,6100
2012-06-27,48.41,49.0,48.41,48.78,34700
2012-06-28,49.0,49.27,48.88,48.92,50900
2012-06-29,47.07,47.36,47.0,47.25,75300
2012-07-02,47.51,47.92,47.51,47.82,24800
2012-07-03,47.82,47.8901,47.511,47.6,4600
2012-07-05,49.11,49.604,48.46,49.1905,19100
2012-07-06,49.95,50.3299,49.6,50.204,21000
2012-07-09,50.57,50.57,49.82,49.96,35800
2012-07-10,50.08,50.6,50.08,50.38,33900
2012-07-11,50.59,50.805,50.1905,50.49,38100
2012-07-12,50.93,51.17,50.04,50.84,126100
2012-07-13,51.15,51.15,50.35,50.56,213300
2012-07-16,50.46,50.89,50.21,50.256,85700
2012-07-17,50.24,50.98,50.1514,50.16,11400
2012-07-18,50.3401,50.59,50.2656,50.2656,6500
2012-07-19,50.67,50.75,50.27,50.34,12200
2012-07-20,51.05,51.38,51.05,51.3,17500
2012-07-23,51.73,51.98,51.42,51.49,20600
2012-07-24,51.86,52.25,51.7,52.02,24000
2012-07-25,51.4,51.6482,51.28,51.32,20400
2012-07-26,50.0,50.3299,49.89,50.2282,35200
2012-07-27,49.66,50.12,49.26,49.93,59700
2012-07-30,50.28,50.71,49.75,50.65,21000
2012-07-31,50.23,50.23,49.8101,49.9965,9100
2012-08-01,50.02,50.63,49.9925,50.61,3800
2012-08-02,50.76,51.49,50.664,51.0,20000
2012-08-03,50.0,50.12,49.0939,49.43,13300
2012-08-06,49.22,49.27,48.58,49.19,32700
2012-08-07,48.53,49.11,48.53,49.11,25700
2012-08-08,49.6612,49.68,49.42,49.4601,4100
2012-08-09,50.14,50.18,49.86,50.09,5100
2012-08-10,50.46,50.46,49.7989,49.96,10400
2012-08-13,49.38,49.72,49.19,49.7,3900
2012-08-14,49.7,49.78,49.55,49.78,2000
2012-08-15,50.16,50.219,50.11,50.2,5300
2012-08-16,49.62,49.86,49.36,49.56,6900
2012-08-17,49.24,50.0,49.11,49.72,7900
2012-08-20,49.81,49.94,49.2,49.7,5600
2012-08-21,48.61,49.84,48.43,48.56,33200
2012-08-22,48.42,49.02,48.08,48.116,9400
2012-08-23,48.0,48.0,47.66,47.79,14900
2012-08-24,48.53,48.86,47.73,48.06,5400
2012-08-27,48.05,48.33,48.01,48.32,9000
2012-08-28,47.91,47.91,47.7389,47.83,4300
2012-08-29,47.83,48.1899,47.792,48.1899,6600
2012-08-30,47.8384,48.33,47.8384,48.15,3900
2012-08-31,47.5,48.38,47.18,47.75,12200
2012-09-04,47.71,47.88,47.63,47.83,6300
2012-09-05,47.7,47.7,47.2001,47.6,5400
2012-09-06,47.49,47.57,47.16,47.19,18700
2012-09-07,46.49,46.49,45.9,45.98,31900
2012-09-10,46.04,46.23,45.91,46.23,13800
2012-09-11,45.93,45.93,45.441,45.57,10000
2012-09-12,45.13,45.42,45.01,45.31,24100
2012-09-13,45.3,45.34,44.5,44.64,30500
2012-09-14,43.73,43.82,43.27,43.63,78400
2012-09-17,43.38,43.8983,42.79,43.87,16100
2012-09-18,43.87,44.65,43.87,44.34,16200
2012-09-19,44.41,44.63,43.82,44.15,7000
2012-09-20,45.11,45.11,44.67,44.67,24000
2012-09-21,44.61,44.62,44.2,44.57,21700
2012-09-24,45.02,45.195,44.94,45.04,7000
2012-09-25,44.94,45.17,44.72,45.17,6100
2012-09-26,45.88,45.88,45.18,45.591,5200
2012-09-27,45.34,45.69,45.05,45.16,13000
2012-09-28,45.1,45.63,45.1,45.6,11100
2012-10-01,45.05,45.35,44.78,45.25,2800
2012-10-02,44.82,45.13,44.8,45.13,16800
2012-10-03,45.13,45.32,45.0724,45.31,2800
2012-10-04,44.75,44.75,44.35,44.4,4600
2012-10-05,44.02,44.72,43.9,44.15,17800
2012-10-08,44.53,44.71,44.48,44.61,800
2012-10-09,44.58,45.45,44.58,45.3,3700
2012-10-10,45.03,45.3,45.03,45.19,1200
2012-10-11,45.0,45.15,44.47,45.04,2500
2012-10-12,44.75,44.8683,44.72,44.83,800
2012-10-15,44.38,45.0099,44.38,44.89,71600
2012-10-16,44.35,44.35,44.0117,44.24,34100
2012-10-17,43.85,43.85,43.0618,43.66,11700
2012-10-18,43.49,43.9,43.49,43.83,6000
2012-10-19,43.99,44.37,43.99,44.22,4500
2012-10-22,43.9,44.201,43.7901,43.88,7000
2012-10-23,44.43,45.28,44.43,44.55,3200
2012-10-24,44.42,44.81,44.315,44.81,2500
2012-10-25,44.79,44.79,44.58,44.6818,3200
2012-10-26,44.9,44.98,44.31,44.89,2900
2012-10-31,44.47,44.6,44.2838,44.41,6800
2012-11-01,44.54,44.81,44.31,44.81,4700
2012-11-02,44.92,45.89,44.92,45.88,11400
2012-11-05,46.52,46.52,45.81,45.81,9300
2012-11-06,45.2,45.7199,45.2,45.7199,15500
2012-11-07,45.87,46.12,45.69,45.986,8500
2012-11-08,46.38,46.55,46.13,46.4938,8400
2012-11-09,46.52,46.55,46.11,46.45,6500
2012-11-12,46.1,46.518,46.06,46.488,4600
2012-11-13,46.64,46.64,46.24,46.5,69700
2012-11-14,46.34,46.4,46.0115,46.23,12600
2012-11-15,45.87,46.09,45.79,46.09,6200
2012-11-16,46.01,46.47,46.01,46.2,3200
2012-11-19,45.87,45.87,45.62,45.7993,22100
2012-11-20,45.79,45.8,45.65,45.71,3900
2012-11-21,45.59,45.682,45.51,45.5701,3900
2012-11-23,44.96,44.96,44.21,44.76,7700
2012-11-26,44.7,44.7,44.51,44.55,5400
2012-11-27,44.638,45.01,44.6,44.88,3700
2012-11-28,44.95,45.08,44.863,44.88,3000
2012-11-29,43.99,44.68,43.99,44.466,7400
2012-11-30,44.31,44.3985,44.19,44.35,41800
2012-12-03,43.77,44.3185,43.72,43.8501,9000
2012-12-04,43.59,43.72,43.51,43.58,39200
2012-12-05,43.95,43.99,43.54,43.74,21100
2012-12-06,44.09,44.61,44.09,44.44,16100
2012-12-07,44.74,45.13,44.49,44.77,23700
2012-12-10,44.46,44.79,44.39,44.68,19600
2012-12-11,44.41,46.0,43.95,44.27,25100
2012-12-12,44.0,44.01,43.01,43.9,22600
2012-12-13,43.7,43.899,43.59,43.766,14700
2012-12-14,43.68,43.72,43.058,43.2,6200
2012-12-17,42.75,43.24,42.74,43.2,34800
2012-12-18,43.1,43.14,42.631,42.672,10700
2012-12-19,42.03,42.6985,42.03,42.6,10300
2012-12-20,42.17,42.69,42.17,42.601,10100
2012-12-21,43.0,43.179,42.9201,43.09,2800
2012-12-24,42.75,43.08,42.75,42.98,3000
2012-12-26,42.7,42.816,42.28,42.69,6400
2012-12-27,42.25,42.751,42.25,42.7321,8900
2012-12-28,42.81,42.81,42.481,42.7101,11200
2012-12-31,42.99,43.24,42.7,43.15,15100
2013-01-02,42.75,43.25,42.4,43.14,13800
2013-01-03,43.23,44.1199,43.23,44.1199,7000
2013-01-04,43.54,44.05,43.54,43.85,2900
2013-01-07,43.9,43.9,43.5,43.5,11600
2013-01-08,43.2,43.899,43.2,43.72,6600
2013-01-09,43.75,43.98,43.62,43.89,6500
2013-01-10,42.88,43.216,42.261,42.445,9000
2013-01-11,42.06,42.06,41.631,42.02,14400
2013-01-14,41.63,41.88,41.5,41.68,11200
2013-01-15,41.77,42.4,41.77,42.07,9600
2013-01-16,42.11,42.36,42.11,42.13,3900
2013-01-17,41.5475,41.9998,41.406,41.62,4400
2013-01-18,42.15,42.3,42.06,42.19,85700
2013-01-22,42.01,42.27,42.01,42.065,3100
2013-01-23,42.13,42.768,41.916,42.12,5100
2013-01-24,41.49,41.822,41.49,41.819,3600
2013-01-25,41.22,41.22,41.0,41.131,7200
2013-01-28,41.21,41.33,40.0,40.0,18700
2013-01-29,40.81,41.16,40.81,41.058,14300
2013-01-30,40.31,40.6,40.31,40.49,10600
2013-01-31,40.45,40.45,40.31,40.37,4800
2013-02-01,39.92,41.074,39.66,39.91,13100
2013-02-04,40.22,40.85,40.22,40.744,5000
2013-02-05,40.99,41.08,40.4605,40.73,3300
2013-02-06,40.62,40.77,40.6,40.67,8000
2013-02-07,41.33,41.6,41.12,41.56,10000
2013-02-08,41.5,41.8795,41.5,41.879,9900
2013-02-11,41.86,41.86,41.2,41.2,4300
2013-02-12,41.1652,41.369,41.1101,41.2,3600
2013-02-13,41.101,41.298,41.101,41.298,5300
2013-02-14,41.8,42.02,41.761,41.86,3800
2013-02-15,41.7301,41.9399,41.72,41.72,3500
2013-02-19,41.7,41.75,41.5855,41.6,1700
2013-02-20,41.5856,42.43,41.5856,42.2,3500
2013-02-21,42.77,43.0,42.628,42.81,10200
2013-02-22,43.0,43.36,42.7921,42.821,7400
2013-02-25,42.06,43.59,42.05,43.59,16300
2013-02-26,43.8,43.8,43.5599,43.7299,17400
2013-02-27,43.59,43.59,43.07,43.07,4200
2013-02-28,43.28,43.86,43.28,43.58,6200
2013-03-01,44.1,44.34,43.22,44.089,14900
2013-03-04,44.31,44.3199,43.9,43.911,50400
2013-03-05,43.98,44.1,43.85,43.969,11600
2013-03-06,44.09,44.2199,44.05,44.199,1200
2013-03-07,43.3,43.69,43.21,43.26,2900
2013-03-08,43.6,44.378,43.6,43.97,5100
2013-03-11,43.97,44.369,43.7901,43.7901,2800
2013-03-12,43.78,44.0099,43.78,43.862,2500
2013-03-13,44.25,44.57,44.25,44.38,3400
2013-03-14,44.17,44.34,43.93,44.1745,4700
2013-03-15,43.79,43.8,43.52,43.6135,6200
2013-03-18,43.89,44.63,43.89,44.63,6600
2013-03-19,44.51,45.17,44.34,45.0,10400
2013-03-20,44.59,44.6,44.36,44.5,4700
2013-03-21,44.65,44.82,44.56,44.72,5600
2013-03-22,44.66,44.6699,44.14,44.314,7300
2013-03-25,44.77,45.1718,44.77,45.04,4700
2013-03-26,45.1999,45.31,45.098,45.15,4000
2013-03-27,45.67,45.91,45.5176,45.82,14900
2013-03-28,45.9,45.9,45.2749,45.2749,8700
2013-04-01,45.75,45.75,42.61,45.12,10700
2013-04-02,45.221,45.4999,45.221,45.352,1100
2013-04-03,45.13,45.29,45.05,45.13,3300
2013-04-04,45.43,45.43,44.39,44.45,9700
2013-04-05,44.6,44.6,43.751,43.91,8400
2013-04-08,43.85,43.985,43.821,43.985,2900
2013-04-09,43.89,43.91,43.26,43.42,7400
2013-04-10,43.32,43.76,43.2781,43.4901,2500
2013-04-11,43.2501,43.327,43.08,43.327,1100
2013-04-12,43.664,43.664,43.454,43.454,300
2013-04-15,43.29,43.9,43.29,43.9,5400
2013-04-16,43.4399,43.44,42.72,42.77,10100
2013-04-17,43.208,43.99,43.208,43.9899,5200
2013-04-18,43.5999,43.86,43.26,43.542,5900
2013-04-19,43.2,43.3501,43.2,43.3501,200
2013-04-22,43.65,43.65,43.49,43.501,2000
2013-04-23,44.182,44.29,44.08,44.08,2900
2013-04-24,44.1,44.2534,43.79,43.791,6800
2013-04-25,44.0,44.09,43.8,43.96,17300
2013-04-26,44.11,44.11,43.72,43.77,4200
2013-04-29,43.45,43.45,43.26,43.26,1400
2013-04-30,43.28,43.28,42.846,43.06,10200
2013-05-01,42.77,42.94,42.361,42.94,3400
2013-05-02,43.496,43.6,43.39,43.5739,4400
2013-05-03,43.11,43.34,43.11,43.34,1000
2013-05-06,43.03,43.55,43.03,43.36,3600
2013-05-07,43.4499,43.45,43.4,43.4,1800
2013-05-08,42.68,42.9799,42.68,42.958,1600
2013-05-09,42.98,43.9599,42.98,43.84,5100
2013-05-10,43.91,44.25,43.85,44.02,3600
2013-05-13,43.901,44.2799,43.9,44.1,4000
2013-05-14,44.065,44.4599,44.05,44.4027,12300
2013-05-15,44.8,45.0599,44.72,44.72,5000
2013-05-16,44.8,45.0,44.52,44.63,3700
2013-05-17,45.45,45.45,45.11,45.26,2700
2013-05-20,45.2,45.2,44.61,44.77,10100
2013-05-21,44.7801,44.859,44.6,44.7,3600
2013-05-22,44.2,45.092,44.2,44.75,7100
2013-05-23,45.5,45.5,44.35,44.3974,2200
2013-05-24,44.509,44.53,44.3056,44.428,1100
2013-05-28,44.5156,44.92,44.5156,44.91,1400
2013-05-29,44.76,44.76,44.02,44.4237,2200
2013-05-30,44.19,44.19,43.5701,43.6156,5400
2013-05-31,44.05,44.132,43.9,44.03,2700
2013-06-03,43.88,43.88,43.07,43.07,3100
2013-06-04,43.46,43.46,43.4,43.4,400
2013-06-05,43.31,43.43,43.28,43.28,2700
2013-06-06,43.07,43.26,42.2,42.4,2000
2013-06-07,42.64,42.67,42.3,42.51,9500
2013-06-10,42.71,42.85,42.23,42.34,8500
2013-06-11,42.0201,42.24,41.658,41.658,6700
2013-06-12,41.8882,41.92,41.6,41.861,24300
2013-06-13,41.72,41.91,41.41,41.41,17900
2013-06-14,41.79,41.79,41.55,41.552,4900
2013-06-17,41.46,41.816,41.3,41.34,5100
2013-06-18,41.34,41.49,41.14,41.34,12000
2013-06-19,41.18,42.1,41.18,42.1,2200
2013-06-20,43.1,43.1,41.877,42.361,5200
2013-06-21,43.32,43.32,42.78,42.83,5000
2013-06-24,42.74,42.978,42.692,42.692,700
2013-06-25,43.46,43.48,43.44,43.48,3000
2013-06-26,43.82,44.0,43.72,43.72,800
2013-06-27,43.76,43.782,43.506,43.506,800
2013-06-28,43.5504,43.773,43.5504,43.74,3100
2013-07-01,43.64,43.85,43.5,43.55,34300
2013-07-02,43.8,44.1999,43.758,44.1999,3900
2013-07-03,44.33,44.33,43.67,43.67,4300
2013-07-05,44.5,45.0,44.5,44.9899,16100
2013-07-08,45.99,45.99,44.59,44.74,13900
2013-07-09,44.74,45.54,44.74,45.52,2600
2013-07-10,45.21,45.264,44.91,44.988,1800
2013-07-11,43.53,43.71,43.45,43.551,6000
2013-07-12,43.43,43.5799,43.36,43.5799,2600
2013-07-15,43.451,43.65,43.22,43.23,9700
2013-07-16,42.882,43.23,42.51,42.63,35400
2013-07-17,42.42,43.18,42.42,43.129,3000
2013-07-18,43.4,43.41,43.1,43.1204,1000
2013-07-19,42.89,42.89,42.89,42.89,200
2013-07-22,42.77,42.77,42.5,42.65,3100
2013-07-23,42.37,42.69,42.27,42.51,9500
2013-07-24,42.25,42.659,42.181,42.659,15500
2013-07-25,42.3,42.39,41.8167,42.0,8200
2013-07-26,42.1399,42.14,41.83,41.83,3500
2013-07-29,41.87,42.18,41.87,41.93,8800
2013-07-30,42.0,42.24,41.972,42.24,1400
2013-07-31,42.13,42.13,41.75,41.97,5100
2013-08-01,42.41,42.6,42.151,42.47,2800
2013-08-02,42.17,42.17,41.79,42.028,9700
2013-08-05,41.33,42.2,41.33,42.2,400
2013-08-06,41.83,42.03,41.13,41.93,20500
2013-08-07,41.83,41.83,41.441,41.49,5400
2013-08-08,41.56,41.57,41.081,41.38,6600
2013-08-09,41.38,41.63,41.38,41.62,800
2013-08-12,41.38,41.99,41.38,41.88,13500
2013-08-13,42.12,42.12,42.1,42.104,5000
2013-08-14,42.23,42.23,41.95,42.2,2500
2013-08-15,42.04,42.34,41.19,41.38,9700
2013-08-16,41.49,41.728,41.1701,41.728,1200
2013-08-19,41.16,41.572,41.16,41.455,3500
2013-08-20,40.8,41.1299,40.65,40.76,20900
2013-08-21,41.2499,41.35,41.2,41.2,6400
2013-08-22,41.45,41.569,41.45,41.569,600
2013-08-23,41.25,41.25,40.951,41.0262,1700
2013-08-26,40.95,41.439,40.95,41.254,2200
2013-08-27,41.06,41.09,40.98,41.05,6000
2013-08-28,40.69,41.46,40.69,41.23,7500
2013-08-29,41.83,42.16,41.83,41.94,1900
2013-08-30,42.24,42.5,41.98,42.0001,4600
2013-09-03,43.8,43.8,42.3201,42.3201,2300
2013-09-04,42.1,42.11,42.1,42.11,1000
2013-09-05,42.8,42.87,42.6627,42.68,900
2013-09-06,42.29,42.41,42.24,42.4,7200
2013-09-09,42.54,42.54,41.67,41.67,2700
2013-09-10,43.04,43.04,41.5801,41.64,5800
2013-09-11,41.75,41.8656,41.45,41.45,1100
2013-09-12,41.62,41.852,41.33,41.42,4800
2013-09-13,41.26,41.7,41.06,41.41,1200
2013-09-16,40.37,41.29,40.37,41.18,4800
2013-09-17,40.921,41.387,40.921,41.28,300
2013-09-18,41.6399,41.6399,40.17,40.25,2500
2013-09-19,39.86,40.38,39.84,40.03,9100
2013-09-20,40.48,40.48,40.05,40.2799,900
2013-09-23,40.17,40.4899,40.17,40.3,7300
2013-09-24,40.0,41.04,40.0,40.39,6400
2013-09-25,40.85,40.85,40.2,40.2,7200
2013-09-26,40.0,40.5,40.0,40.331,3100
2013-09-27,40.0,40.429,40.0,40.12,5000
2013-09-30,40.04,40.23,40.04,40.05,10600
2013-10-01,40.0,40.12,39.72,40.02,1100
2013-10-02,40.0199,40.0199,39.71,39.71,5000
2013-10-03,39.71,39.71,39.5,39.5,1300
2013-10-04,39.78,40.2,39.78,40.014,2300
2013-10-07,40.0,40.0,39.73,39.74,7000
2013-10-08,39.7,39.835,39.7,39.83,1600
2013-10-09,40.14,40.1501,40.14,40.1501,900
2013-10-10,40.061,40.2897,40.04,40.2897,1100
2013-10-11,39.97,40.0,39.81,40.0,10900
2013-10-14,39.887,39.9999,39.887,39.9999,300
2013-10-15,40.59,40.59,40.04,40.171,3300
2013-10-16,40.35,40.357,40.1,40.25,2400
2013-10-17,39.58,39.58,39.23,39.48,14300
2013-10-18,39.17,39.37,39.17,39.37,6900
2013-10-21,39.299,39.3499,39.11,39.17,3400
2013-10-22,38.59,38.738,38.47,38.54,8800
2013-10-23,38.64,38.738,38.48,38.49,5900
2013-10-24,38.32,38.5799,38.32,38.492,7200
2013-10-25,38.66,38.66,38.45,38.45,800
2013-10-28,38.41,38.69,38.41,38.66,6300
2013-10-29,38.69,38.86,38.54,38.84,3700
2013-10-30,38.9199,39.1,38.78,38.89,3000
2013-10-31,39.35,39.7699,39.35,39.63,2500
2013-11-01,40.25,40.25,40.1501,40.25,2100
2013-11-04,40.345,40.345,40.17,40.18,4000
2013-11-05,40.4,40.4,40.231,40.231,4100
2013-11-06,40.1,40.294,40.06,40.294,7700
2013-11-07,41.14,41.14,40.741,40.836,1900
2013-11-08,41.13,41.4,41.09,41.38,4100
2013-11-11,40.93,41.0,40.85,41.0,500
2013-11-12,40.81,40.81,40.5501,40.6223,700
2013-11-13,40.8101,41.02,40.54,40.54,24800
2013-11-14,40.52,40.8199,40.52,40.8199,700
2013-11-15,40.55,40.64,40.32,40.5452,1400
2013-11-18,40.04,40.47,40.03,40.47,1700
2013-11-19,40.3799,40.3799,40.132,40.132,300
2013-11-20,40.907,40.907,40.907,40.907,200
2013-11-21,40.78,40.78,40.5501,40.6,2300
2013-11-22,40.19,40.23,39.93,39.96,4600
2013-11-25,40.17,40.4183,40.17,40.25,1400
2013-11-26,40.14,40.14,39.86,39.86,2900
2013-11-27,39.89,39.89,39.89,39.89,200
2013-11-29,39.36,39.61,39.36,39.61,500
2013-12-02,40.116,40.116,40.116,40.116,200
2013-12-03,39.676,39.71,39.676,39.7,3500
2013-12-04,39.7,39.7,39.7,39.7,0
2013-12-05,39.54,39.55,39.13,39.13,6400
2013-12-06,39.01,39.4299,39.0,39.0,1200
2013-12-09,38.781,38.843,38.71,38.843,1400
2013-12-10,38.522,38.75,38.47,38.67,3800
2013-12-11,38.7,38.7,38.55,38.55,800
2013-12-12,38.6,38.959,38.581,38.7001,1100
2013-12-13,38.86,38.95,38.8,38.9,6300
2013-12-16,39.28,39.28,38.5401,38.6125,4600
2013-12-17,38.65,39.0199,38.56,38.606,3700
2013-12-18,38.61,39.49,38.61,39.02,25900
2013-12-19,39.141,39.485,39.141,39.29,800
2013-12-20,39.18,39.25,39.101,39.13,6700
2013-12-23,39.08,39.08,38.92,38.95,2200
2013-12-24,39.091,39.126,39.09,39.126,1200
2013-12-26,39.078,39.116,38.9,39.02,18800
2013-12-27,38.3,38.9599,38.3,38.892,2600
2013-12-30,38.49,38.5945,38.3,38.37,3900
2013-12-31,38.47,38.6,38.3801,38.45,7400
2014-01-02,39.17,39.344,39.03,39.1,1600
2014-01-03,39.48,39.671,39.41,39.64,7600
2014-01-06,39.55,39.55,39.26,39.3,1500
2014-01-07,39.3,39.77,39.3,39.77,45900
2014-01-08,39.63,39.95,39.45,39.93,6000
2014-01-09,40.0,40.0,39.64,39.78,1100
2014-01-10,39.2001,39.409,39.0501,39.338,1300
2014-01-13,39.0801,39.0801,39.0801,39.0801,100
2014-01-14,39.38,39.38,39.0,39.06,2000
2014-01-15,39.8899,39.8899,39.414,39.805,1800
2014-01-16,39.7,39.7,39.4601,39.67,500
2014-01-17,39.56,40.229,39.56,39.892,6200
2014-01-21,39.83,40.0,39.7,39.75,10300
2014-01-22,39.8,40.0764,39.67,40.0764,1400
2014-01-23,39.2,39.2,38.94,39.088,2600
2014-01-24,39.0,39.199,38.9804,38.9804,2400
2014-01-27,39.01,39.31,39.01,39.062,500
2014-01-28,39.23,39.23,39.05,39.05,900
2014-01-29,38.96,39.3,38.96,39.13,15400
2014-01-30,39.54,39.898,39.54,39.75,1500
2014-01-31,40.26,40.2603,40.06,40.2603,5900
2014-02-03,40.11,40.1599,39.88,40.1599,1100
2014-02-04,39.8901,40.25,39.8901,40.1,1300
2014-02-05,39.39,39.9849,39.39,39.9849,600
2014-02-06,39.46,39.55,39.27,39.48,4300
2014-02-07,39.42,39.42,39.27,39.27,3300
2014-02-10,39.26,39.42,39.204,39.42,2000
2014-02-11,39.42,39.42,39.42,39.42,0
2014-02-12,39.66,39.66,39.41,39.44,1000
2014-02-13,39.0,39.09,39.0,39.09,800
2014-02-14,38.92,39.09,38.81,39.09,2200
2014-02-18,38.74,38.74,38.554,38.73,2000
2014-02-19,38.555,38.66,38.55,38.63,1600
2014-02-20,38.62,38.62,38.62,38.62,800
2014-02-21,38.621,38.756,38.621,38.756,700
2014-02-24,38.75,38.75,38.621,38.67,1200
2014-02-25,38.62,38.68,38.62,38.68,1700
2014-02-26,38.79,39.14,38.7401,39.14,500
2014-02-27,38.67,38.734,38.66,38.734,2500
2014-02-28,38.45,38.45,38.06,38.33,31000
2014-03-03,38.38,40.05,38.342,38.94,59000
2014-03-04,38.495,38.71,38.495,38.71,1100
2014-03-05,38.805,38.805,38.49,38.56,5900
2014-03-06,38.02,38.25,37.86,38.054,5400
2014-03-07,37.768,38.0399,37.7401,37.7601,600
2014-03-10,37.76,37.76,37.731,37.7526,1000
2014-03-11,37.891,37.9,37.81,37.8201,2000
2014-03-12,37.85,37.85,37.57,37.6,3000
2014-03-13,37.5,38.032,37.4,38.032,3300
2014-03-14,37.61,37.8,37.5515,37.57,8500
2014-03-17,37.6,37.649,37.3692,37.434,3200
2014-03-18,37.584,37.94,37.51,37.69,22100
2014-03-19,37.75,37.75,37.75,37.75,400
2014-03-20,38.261,38.378,38.1901,38.378,3100
2014-03-21,38.5199,38.52,38.5019,38.502,4100
2014-03-24,38.35,38.56,38.221,38.221,1100
2014-03-25,38.35,38.35,37.88,38.15,2500
2014-03-26,38.12,38.251,38.12,38.178,5100
2014-03-27,38.34,38.583,38.34,38.42,3800
2014-03-28,38.376,38.4382,38.35,38.41,1200
2014-03-31,38.34,38.34,38.2517,38.2517,700
2014-04-01,38.17,38.288,38.0301,38.288,3100
2014-04-02,38.3,38.44,38.2326,38.24,700
2014-04-03,38.54,38.8396,38.49,38.49,4100
2014-04-04,38.63,38.698,38.63,38.698,1100
2014-04-07,37.3477,38.3934,37.3477,38.38,800
2014-04-08,38.06,38.3467,38.06,38.3467,500
2014-04-09,38.23,38.23,37.6801,37.69,1900
2014-04-10,37.64,37.74,37.64,37.66,1200
2014-04-11,37.42,37.76,37.42,37.53,2900
2014-04-14,38.0,38.0904,37.89,38.0,4800
2014-04-15,38.1,38.14,37.91,38.0948,8400
2014-04-16,37.85,37.89,37.83,37.83,2500
2014-04-17,37.95,38.04,37.88,38.04,2300
2014-04-21,37.99,38.036,37.99,38.036,200
2014-04-22,38.09,38.288,38.09,38.288,1000
2014-04-23,38.04,38.1,37.95,38.05,2800
2014-04-24,38.15,38.15,38.15,38.15,600
2014-04-25,38.0,38.1399,37.855,37.94,10600
2014-04-28,37.66,38.02,37.66,37.93,11300
2014-04-29,37.861,38.169,37.861,38.005,400
2014-04-30,37.6738,37.71,37.6738,37.71,400
2014-05-01,37.935,37.935,37.688,37.688,1000
2014-05-02,37.89,38.0,37.66,37.66,1600
2014-05-05,37.669,37.67,37.54,37.54,1600
2014-05-06,37.54,37.54,37.54,37.54,0
2014-05-07,37.48,37.5972,37.38,37.4501,8400
2014-05-08,37.79,37.841,37.75,37.841,5700
2014-05-09,38.526,38.526,38.22,38.26,3000
2014-05-12,38.51,38.5399,38.2199,38.45,800
2014-05-13,38.5001,38.7,38.5001,38.6133,2900
2014-05-14,38.9,38.9,38.6,38.65,7000
2014-05-15,38.52,38.554,38.52,38.554,500
2014-05-16,38.5329,38.9399,38.4701,38.9399,2400
2014-05-19,38.25,38.76,38.25,38.76,1300
2014-05-20,38.77,38.876,38.66,38.6601,2800
2014-05-21,38.7,39.008,38.7,39.008,2700
2014-05-22,39.02,39.19,39.02,39.19,1800
2014-05-23,39.2,39.2,39.05,39.05,12100
2014-05-27,39.1571,39.2,39.096,39.096,700
2014-05-28,39.24,39.57,39.15,39.57,13300
2014-05-29,39.4,39.47,39.2201,39.2201,21600
2014-05-30,39.2498,39.25,39.111,39.2,1900
2014-06-02,39.32,39.489,39.32,39.489,1600
2014-06-03,39.29,39.299,39.1,39.1,2800
2014-06-04,39.172,39.38,39.172,39.32,4200
2014-06-05,39.5,39.55,38.861,39.1966,7700
2014-06-06,39.22,39.29,38.94,39.29,10600
2014-06-09,39.29,39.43,38.8073,39.1701,2300
2014-06-10,39.55,39.72,39.47,39.495,8100
2014-06-11,39.61,39.8,39.6,39.74,2500
2014-06-12,39.63,39.71,39.448,39.69,3400
2014-06-13,39.4701,39.72,39.4701,39.65,6000
2014-06-16,39.65,39.65,39.384,39.394,1500
2014-06-17,39.45,39.55,39.45,39.49,2200
2014-06-18,39.62,39.62,39.62,39.62,100
2014-06-19,39.34,39.36,39.31,39.32,2800
2014-06-20,39.59,39.64,39.348,39.4868,3800
2014-06-23,39.29,39.478,39.242,39.292,1400
2014-06-24,39.14,39.25,39.027,39.12,1000
2014-06-25,39.21,39.21,39.076,39.076,700
2014-06-26,39.4599,39.4599,39.244,39.244,600
2014-06-27,39.22,39.22,39.22,39.22,200
2014-06-30,39.0,39.0,38.76,38.8,2400
2014-07-01,38.72,38.9399,38.631,38.9,3200
2014-07-02,39.16,39.16,38.8101,39.04,1900
2014-07-03,39.08,39.3699,39.08,39.14,4300
2014-07-07,39.65,39.65,39.21,39.324,3900
2014-07-08,39.39,39.39,39.108,39.34,2100
2014-07-09,39.38,39.38,39.38,39.38,200
2014-07-10,39.07,39.38,39.07,39.38,7400
2014-07-11,39.38,39.38,39.1,39.118,1400
2014-07-14,38.99,39.3499,38.99,39.09,14000
2014-07-15,39.13,39.45,39.13,39.3,4500
2014-07-16,39.7,39.7,39.5553,39.57,2900
2014-07-17,39.57,39.88,39.54,39.88,1200
2014-07-18,39.87,39.87,39.87,39.87,500
2014-07-21,39.88,39.89,39.65,39.65,11800
2014-07-22,40.0,40.223,39.935,39.935,1400
2014-07-23,40.1,40.1,40.0405,40.1,15400
2014-07-24,40.1,40.1,39.931,40.0728,1400
2014-07-25,40.12,40.381,40.12,40.2,5100
2014-07-28,40.33,40.362,40.14,40.3,4000
2014-07-29,40.229,40.557,40.229,40.557,6000
2014-07-30,40.73,40.73,40.61,40.61,1800
2014-07-31,40.69,40.75,40.5491,40.5491,3800
2014-08-01,40.42,40.47,40.23,40.45,3200
2014-08-04,40.45,40.54,40.237,40.31,2100
2014-08-05,40.745,40.81,40.52,40.5212,3000
2014-08-06,40.808,40.808,40.808,40.808,300
2014-08-07,40.808,40.808,40.808,40.808,0
2014-08-08,40.6,40.62,40.26,40.287,4500
2014-08-11,40.5,40.7,40.5,40.678,2600
2014-08-12,40.748,40.748,40.674,40.674,700
2014-08-13,40.38,40.77,40.38,40.77,1900
2014-08-14,40.34,40.7399,40.34,40.54,39400
2014-08-15,40.69,40.7799,40.69,40.698,1000
2014-08-18,40.57,40.63,40.47,40.58,2300
2014-08-19,40.83,41.01,40.7801,41.01,1000
2014-08-20,41.0,41.373,41.0,41.1301,3100
2014-08-21,41.5,41.5,41.14,41.28,3600
2014-08-22,41.13,41.6499,41.13,41.649,2500
2014-08-25,41.71,41.7899,41.64,41.64,1300
2014-08-26,41.72,41.9899,41.61,41.95,4100
2014-08-27,42.11,42.11,41.68,41.75,3400
2014-08-28,41.0,41.92,41.0,41.92,700
2014-08-29,42.08,42.25,42.08,42.1501,2400
2014-09-02,42.37,42.47,42.35,42.4,4900
2014-09-03,42.35,42.35,42.02,42.31,4000
2014-09-04,43.04,43.55,42.7,43.45,19800
2014-09-05,43.27,43.7,43.14,43.54,99400
2014-09-08,43.71,43.95,43.37,43.95,14600
2014-09-09,44.25,44.25,43.5401,43.5401,4700
2014-09-10,43.98,43.98,43.78,43.81,9400
2014-09-11,44.06,44.06,43.65,43.85,5600
2014-09-12,43.9,43.9,43.3701,43.5,5700
2014-09-15,43.54,43.75,43.5001,43.6101,3600
2014-09-16,43.61,43.61,43.355,43.457,2000
2014-09-17,43.27,44.05,43.27,43.95,8400
2014-09-18,43.91,43.98,43.5737,43.66,4200
2014-09-19,44.31,44.43,44.1881,44.2,3100
2014-09-22,44.35,44.47,44.15,44.2001,5401
2014-09-23,43.8,44.17,43.01,44.114,4131
2014-09-24,44.5,44.78,44.34,44.78,40235
2014-09-25,44.9,45.39,44.9,44.9986,17453
2014-09-26,45.42,45.54,45.18,45.42,41411
2014-09-29,45.28,45.47,45.12,45.17,6157
2014-09-30,45.92,45.99,45.66,45.8408,21539
2014-10-01,45.26,46.137,45.26,45.93,30502
2014-10-02,43.665,45.87,43.66,45.61,12228
2014-10-03,45.67,46.7799,45.67,46.623,18220
2014-10-06,46.6,46.6,45.41,45.65,12922
2014-10-07,45.45,45.87,45.4301,45.4925,8841
2014-10-08,45.506,45.59,44.73,45.199,9564
2014-10-09,44.94,45.925,44.94,45.17,23446
2014-10-10,45.37,45.99,45.37,45.9,14915
2014-10-13,45.59,45.59,45.2,45.36,6125
2014-10-14,45.33,45.69,45.25,45.4,6870
2014-10-15,45.2,46.32,44.18,44.59,30673
2014-10-16,44.555,44.89,44.11,44.34,4805
2014-10-17,44.51,44.87,44.51,44.55,2326
2014-10-20,44.78,44.78,44.35,44.35,1000
2014-10-21,45.15,45.33,44.66,45.05,21073
2014-10-22,45.14,45.7099,45.14,45.537,1424
2014-10-23,45.94,45.94,45.62,45.75,16986
2014-10-24,45.53,45.63,45.401,45.585,4755
2014-10-27,45.84,45.84,45.07,45.11,3866
2014-10-28,44.99,45.13,44.99,45.04,3357
2014-10-29,45.0,46.0,44.59,45.395,4843
2014-10-30,46.09,46.09,45.59,45.7779,11124
2014-10-31,46.5,46.7,46.22,46.44,16411
2014-11-03,46.92,47.0,46.71,46.92,23287
2014-11-04,46.86,46.86,46.11,46.495,4935
2014-11-05,46.9,46.99,46.6371,46.806,11885
2014-11-06,47.06,48.94,47.06,47.76,63679
2014-11-07,46.25,47.44,46.25,46.9801,8368
2014-11-10,46.76,47.3799,46.76,47.33,2039
2014-11-11,46.963,47.03,46.77,46.7801,4905
2014-11-12,47.22,47.233,47.03,47.229,2601
2014-11-13,47.93,47.93,46.7001,46.8566,2599
2014-11-14,47.4799,47.4799,46.333,46.6,11044
2014-11-17,46.74,47.17,46.74,46.9,21194
2014-11-18,46.6,46.64,46.2901,46.529,8896
2014-11-19,46.6,46.6,46.1,46.191,1141
2014-11-20,46.489,46.489,46.489,46.489,458
2014-11-21,47.47,47.59,47.06,47.5286,14605
2014-11-24,47.37,47.57,47.16,47.3,8021
2014-11-25,47.2099,47.2099,46.76,46.94,1829
2014-11-26,46.76,46.76,46.4201,46.43,3611
2014-11-28,46.73,46.89,46.73,46.89,407
2014-12-01,46.97,46.97,46.56,46.94,4928
2014-12-02,47.19,47.5699,47.09,47.4201,5139
2014-12-03,48.194,48.28,48.0,48.23,16854
2014-12-04,48.26,48.26,47.13,47.859,7067
2014-12-05,48.37,48.407,48.17,48.3,4914
2014-12-08,48.4271,48.4271,47.8679,48.2099,1603
2014-12-09,47.34,47.687,47.06,47.68,9997
2014-12-10,47.72,47.72,47.01,47.0201,7417
2014-12-11,47.29,47.54,47.2401,47.33,3380
2014-12-12,46.86,47.04,46.631,46.89,9907
2014-12-15,46.91,47.13,46.91,47.12,9027
2014-12-16,46.26,46.85,46.26,46.6,10713
2014-12-17,46.63,48.1099,46.63,47.4001,5733
2014-12-18,48.03,48.4537,48.03,48.15,4576
2014-12-19,48.097,48.9,48.0,48.41,17620
2014-12-22,48.53,48.7999,48.38,48.5,7741
2014-12-23,48.9,49.27,48.79,49.23,15372
2014-12-24,49.34,49.34,48.59,48.8801,146884
2014-12-26,49.01,49.29,48.88,48.99,7671
2014-12-29,49.11,49.5,48.88,49.37,10919
2014-12-30,49.62,49.65,48.98,49.3,4212
2014-12-31,49.24,49.9899,49.24,49.76,2250
2015-01-02,50.46,50.809,50.02,50.67,34299
2015-01-05,51.39,51.45,51.0,51.04,41046
2015-01-06,51.56,51.7499,51.104,51.65,16871
2015-01-07,52.19,52.475,51.81,52.21,12724
2015-01-08,52.62,52.84,52.2335,52.65,24844
2015-01-09,52.64,52.9,52.1,52.2299,21635
2015-01-12,52.26,52.4412,52.0,52.27,12842
2015-01-13,52.9,53.01,52.34,52.8181,10254
2015-01-14,52.31,52.78,52.31,52.743,11796
2015-01-15,53.53,54.45,53.53,54.22,50489
2015-01-16,54.94,55.5092,54.33,54.39,112300
2015-01-20,54.77,54.97,54.251,54.6,28889
2015-01-21,54.24,54.648,53.64,54.3318,76525
2015-01-22,55.4,56.91,55.092,56.51,38916
2015-01-23,57.7,58.35,56.809,57.9001,33597
2015-01-26,57.72,57.7699,57.13,57.34,19818
2015-01-27,56.75,56.8799,55.71,56.4,47363
2015-01-28,56.63,57.12,55.003,56.95,18958
2015-01-29,57.07,57.2165,56.45,56.96,9704
2015-01-30,57.0,57.4299,56.92,57.09,5883
2015-02-02,57.11,57.11,56.4,56.51,31097
2015-02-03,55.54,56.08,54.641,55.02,33628
2015-02-04,55.49,56.025,55.49,55.91,14705
2015-02-05,56.03,56.03,54.97,55.1,17330
2015-02-06,56.44,56.999,56.35,56.86,33738
2015-02-09,57.0,57.02,56.5101,56.53,10179
2015-02-10,56.68,57.129,56.6,56.7,9151
2015-02-11,56.71,57.22,56.71,57.22,4881
2015-02-12,56.64,56.64,55.5601,56.1,9485
2015-02-13,55.78,55.9609,55.54,55.92,24284
2015-02-17,55.57,56.4799,55.57,55.78,18337
2015-02-18,56.18,56.55,55.8,55.8,15273
2015-02-19,56.0101,56.3699,56.0101,56.3,1013
2015-02-20,57.05,57.21,55.825,56.2,7467
2015-02-23,56.48,56.67,56.2,56.67,13589
2015-02-24,56.7,56.7,56.291,56.45,3636
2015-02-25,56.4,56.574,56.17,56.26,12349
2015-02-26,56.99,58.09,56.99,58.09,19775
2015-02-27,58.09,58.2399,57.61,58.18,8894
2015-03-02,58.08,58.18,57.8,58.02,6486
2015-03-03,58.0,58.208,58.0,58.208,3837
2015-03-04,58.53,59.4999,58.53,59.3,19633
2015-03-05,59.99,60.36,59.55,60.086,32538
2015-03-06,61.27,61.9899,61.27,61.69,33096
2015-03-09,61.92,62.1,61.61,61.96,40413
2015-03-10,63.15,63.89,62.69,63.77,45819
2015-03-11,65.11,66.01,64.82,65.71,65424
2015-03-12,64.99,65.14,64.31,64.5854,25990
2015-03-13,65.49,66.84,65.49,66.49,47474
2015-03-16,65.55,65.55,64.42,65.37,62245
2015-03-17,64.76,65.1899,64.39,65.17,17197
2015-03-18,65.14,65.14,61.44,62.0,72386
2015-03-19,63.5,64.5,63.5,64.0,23777
2015-03-20,62.11,62.9799,61.401,62.18,28659
2015-03-23,60.73,61.37,60.2935,60.38,53092
2015-03-24,60.51,61.17,60.49,60.66,11444
2015-03-25,60.2501,60.51,59.91,60.2901,10448
2015-03-26,60.07,61.55,60.07,61.11,23903
2015-03-27,61.21,61.685,60.7,61.2,6837
2015-03-30,61.7,62.2699,61.59,62.0,4722
2015-03-31,62.7,63.3099,62.7,62.93,14967
2015-04-01,62.65,63.19,62.4101,62.83,33575
2015-04-02,61.71,61.71,61.06,61.36,11256
2015-04-06,60.08,60.98,59.41,60.5041,31587
2015-04-07,61.6,62.1491,61.3277,62.1,7971
2015-04-08,61.69,62.55,60.76,62.0,25065
2015-04-09,62.95,64.2299,62.95,63.9262,5545
2015-04-10,64.27,64.68,64.22,64.68,14367
2015-04-13,64.8,65.06,64.58,64.71,14686
2015-04-14,64.04,64.1399,63.44,63.9899,8073
2015-04-15,64.03,64.95,63.411,63.716,11623
2015-04-16,63.09,63.3149,62.0,62.43,22551
2015-04-17,62.45,62.46,61.755,61.8,6132
2015-04-20,62.53,62.9,62.36,62.69,31309
2015-04-21,63.769,63.769,62.33,62.6,11039
2015-04-22,62.89,62.91,62.69,62.84,3500
2015-04-23,62.25,62.25,61.431,61.66,4277
2015-04-24,61.64,61.762,61.09,61.09,8121
2015-04-27,61.08,61.7,60.612,61.0042,5093
2015-04-28,60.64,60.918,59.81,59.88,9926
2015-04-29,59.29,59.33,57.73,58.8158,66925
2015-04-30,58.11,58.3728,57.01,57.53,32373
2015-05-01,57.02,57.737,56.7,57.35,20933
2015-05-04,57.84,58.36,57.71,58.15,7889
2015-05-05,58.31,58.48,57.25,57.52,19345
2015-05-06,57.0,57.0,55.69,55.87,9300
2015-05-07,56.46,57.0,56.401,56.7799,9134
2015-05-08,57.43,57.43,56.89,57.14,2683
2015-05-11,57.95,58.42,57.71,57.87,15100
2015-05-12,57.4499,57.45,56.7406,57.45,6226
2015-05-13,55.96,56.1673,55.62,56.15,8084
2015-05-14,55.04,55.85,55.04,55.4,6234
2015-05-15,55.6601,55.85,54.5601,54.9,14636
2015-05-18,55.87,56.365,55.3,56.06,12352
2015-05-19,57.75,58.19,57.6701,57.9599,16653
2015-05-20,58.47,58.5599,57.821,57.821,6550
2015-05-21,58.22,58.29,57.9101,58.07,6637
2015-05-22,58.681,59.5,58.681,59.48,35151
2015-05-26,60.0,61.9,60.0,61.65,27228
2015-05-27,61.99,61.99,60.1,60.7199,34326
2015-05-28,60.7,61.01,59.85,60.03,9819
2015-05-29,59.82,59.82,59.41,59.4201,3567
2015-06-01,59.656,60.8499,59.656,60.4,2581
2015-06-02,57.9,58.1252,57.33,57.55,8067
2015-06-03,57.05,57.5,56.3,56.57,17683
2015-06-04,56.5,56.79,56.0,56.71,16452
2015-06-05,56.731,58.33,56.731,57.81,10708
2015-06-08,57.35,57.35,56.16,56.35,9502
2015-06-09,57.2,57.2,56.31,56.36,3211
2015-06-10,56.324,56.324,55.8401,55.8401,4631
2015-06-11,56.6176,57.0199,56.1501,56.1501,901
2015-06-12,56.9072,56.9072,56.34,56.42,1715
2015-06-15,56.63,56.63,55.08,56.32,3340
2015-06-16,56.49,56.9936,56.49,56.65,6492
2015-06-17,56.46,56.78,55.795,55.795,1698
2015-06-18,55.65,55.69,54.79,55.69,1948
2015-06-19,55.6,55.6,55.6,55.6,358
2015-06-22,55.4,55.7307,54.82,55.39,11470
2015-06-23,57.14,57.71,56.94,57.02,6397
2015-06-24,57.35,57.76,56.88,57.0,4856
2015-06-25,57.4799,57.4799,56.8701,57.1,3515
2015-06-26,57.54,57.96,57.49,57.84,9105
2015-06-29,57.71,58.38,56.31,56.31,15016
2015-06-30,56.66,57.907,56.66,57.907,4456
2015-07-01,57.772,58.86,57.772,58.84,3180
2015-07-02,58.63,58.63,57.541,58.3,10558
2015-07-06,59.99,59.99,58.45,58.626,5385
2015-07-07,59.49,60.0,58.71,58.71,18163
2015-07-08,59.19,59.19,58.76,58.76,1051
2015-07-09,58.88,59.6,58.46,58.89,7456
2015-07-10,57.05,58.18,56.67,57.61,6921
2015-07-13,58.99,59.13,58.34,59.0899,3901
2015-07-14,58.8,59.25,58.771,59.25,1676
2015-07-15,59.3,60.0,59.3,59.83,3051
2015-07-16,60.59,62.0,59.94,60.2,12765
2015-07-17,61.38,61.38,60.0,61.2,2165
2015-07-20,61.17,61.17,60.76,61.1499,4199
2015-07-21,61.0,61.0,59.08,59.8,11068
2015-07-22,60.08,60.9699,59.84,60.41,2122
2015-07-23,59.05,59.05,59.0,59.0,969
2015-07-24,59.29,59.45,59.0801,59.45,1554
2015-07-27,56.51,58.55,56.51,58.55,1406
2015-07-28,58.73,58.73,58.3801,58.67,3578
2015-07-29,58.4,59.37,57.95,59.04,3483
2015-07-30,60.0,60.205,59.69,59.9,3835
2015-07-31,57.99,58.51,57.99,58.51,267
2015-08-03,58.98,59.77,58.98,59.5432,13352
2015-08-04,59.799,60.325,59.799,60.325,8074
2015-08-05,60.392,60.98,60.1,60.3,4073
2015-08-06,60.25,60.25,59.48,59.48,1724
2015-08-07,60.3,60.55,59.59,59.6061,1529
2015-08-10,59.73,59.73,58.36,59.58,1741
2015-08-11,58.94,59.0,58.323,59.0,2434
2015-08-12,56.98,57.66,56.65,57.28,8350
2015-08-13,57.7371,58.999,57.32,57.75,8436
2015-08-14,57.2,57.56,57.17,57.56,2054
2015-08-17,57.5,58.8,57.5,58.8,31898
2015-08-18,58.25,58.3,58.23,58.3,1075
2015-08-19,58.06,58.06,58.0111,58.0111,1240
2015-08-20,56.85,57.79,56.7537,57.79,7156
2015-08-21,55.67,56.03,55.0,55.0,7626
2015-08-24,55.0,58.95,49.11,53.36,24772
2015-08-25,53.4,55.0,53.4,54.95,4697
2015-08-26,55.0,55.48,54.4401,54.4401,2160
2015-08-27,56.9,56.9,56.0,56.19,3950
2015-08-28,55.21,57.192,55.21,56.83,3901
2015-08-31,55.69,57.1,55.62,56.8,2375
2015-09-01,55.48,56.04,55.48,56.04,1733
2015-09-02,56.25,56.71,55.8801,56.25,2388
2015-09-03,57.79,58.08,57.0,57.1501,15204
2015-09-04,57.15,57.9368,56.81,57.2,8123
2015-09-08,57.25,57.25,56.4,56.4,1839
2015-09-09,57.38,57.4999,56.78,57.4999,2317
2015-09-10,56.91,56.91,55.639,56.18,2351
2015-09-11,55.58,55.59,55.41,55.519,1766
2015-09-14,55.5,55.6,55.5,55.6,913
2015-09-15,55.34,56.071,55.34,56.071,491
2015-09-16,55.71,56.08,55.35,56.07,1888
2015-09-17,55.2467,55.75,54.001,54.6,1443
2015-09-18,54.61,55.49,54.512,55.49,5890
2015-09-21,56.4,57.03,56.4,56.88,5806
2015-09-22,57.08,57.7399,57.08,57.69,4028
2015-09-23,57.18,57.45,56.49,57.07,2004
2015-09-24,55.62,56.28,55.4201,56.28,5316
2015-09-25,57.2,57.2,56.57,56.595,5711
2015-09-28,56.49,56.49,56.1937,56.1937,544
2015-09-29,56.0,56.01,55.94,55.96,1388
2015-09-30,56.57,56.9,56.57,56.9,3118
2015-10-01,57.08,57.08,56.4135,56.8,23627
2015-10-02,55.56,56.25,55.41,56.25,8095
2015-10-05,56.4,57.152,56.4,56.68,42426
2015-10-06,56.0,56.13,55.556,55.9211,10855
2015-10-07,56.16,56.16,55.85,56.06,3981
2015-10-08,55.844,55.9838,55.45,55.45,694
2015-10-09,54.8,55.9626,54.78,54.801,7749
2015-10-12,54.77,54.771,54.4868,54.4868,3594
2015-10-13,54.51,54.51,54.51,54.51,277
2015-10-14,54.16,54.16,53.57,53.61,5763
2015-10-15,54.59,54.8,54.12,54.2964,4197
2015-10-16,54.7936,54.7936,54.7936,54.7936,200
2015-10-19,55.4899,55.57,55.058,55.4561,3074
2015-10-20,55.18,55.43,55.18,55.2,528
2015-10-21,55.2,55.2,55.2,55.2,15
2015-10-22,56.64,57.36,56.54,57.23,8282
2015-10-23,57.83,58.915,57.83,58.4,11646
2015-10-26,58.4,58.55,57.8699,58.03,13207
2015-10-27,58.1,58.1,57.984,57.984,1146
2015-10-28,57.9,59.642,57.66,59.5,6319
2015-10-29,59.5,59.5,58.7854,58.7854,6359
2015-10-30,57.764,58.869,57.76,58.869,17347
2015-11-02,58.1499,58.52,58.1499,58.3889,16136
2015-11-03,58.9,59.5,58.87,59.22,4576
2015-11-04,60.0,60.4999,59.79,60.14,9892
2015-11-05,59.87,60.21,59.64,59.64,25933
2015-11-06,61.37,61.547,60.91,60.91,14420
2015-11-09,61.34,61.75,61.122,61.3685,3134
2015-11-10,61.6,64.38,61.6,62.2,21001
2015-11-11,61.93,61.93,61.69,61.75,3527
2015-11-12,61.26,61.5,60.7401,60.8,9777
2015-11-13,61.73,62.0,61.0601,61.27,5938
2015-11-16,62.25,62.3499,61.9475,62.3499,3615
2015-11-17,62.59,63.055,62.4,62.9,4634
2015-11-18,63.1,63.13,62.25,62.88,4802
2015-11-19,62.0,62.01,61.46,61.8949,14499
2015-11-20,62.32,62.6773,62.28,62.6773,4074
2015-11-23,63.23,63.2804,62.526,63.1399,7403
2015-11-24,63.0,63.0,62.5011,62.85,1455
2015-11-25,63.15,63.5,62.99,63.07,2603
2015-11-27,63.48,63.9699,63.4,63.4,2136
2015-11-30,63.95,63.99,63.4896,63.89,2875
2015-12-01,63.3439,63.3439,62.8,63.23,2215
2015-12-02,63.99,63.99,63.25,63.25,3917
2015-12-03,61.99,61.99,58.4601,59.095,28963
2015-12-04,59.05,60.52,58.59,60.18,12971
2015-12-07,60.67,60.88,59.72,59.85,15813
2015-12-08,59.5322,60.0,59.5,59.556,1660
2015-12-09,59.07,59.07,58.0,58.58,3492
2015-12-10,58.544200000000004,59.31,58.544200000000004,59.31,1308
2015-12-11,58.5,58.535,58.2,58.31,2380
2015-12-14,58.18,58.25,57.9,58.1,1532
2015-12-15,58.52,59.57,58.52,59.25,19224
2015-12-16,59.088,59.32,58.488,59.32,2523
2015-12-17,60.0,60.88,60.0,60.3,13693
2015-12-18,60.3,60.3,60.3,60.3,350
2015-12-21,59.5,59.5,58.085,59.05,6975
2015-12-22,58.45,58.9465,58.39,58.9465,7542
2015-12-23,59.1101,59.575,59.1101,59.4,1631
2015-12-24,58.58,58.66,58.58,58.66,225
2015-12-28,58.5895,58.5895,58.17,58.2,2827
2015-12-29,59.0,59.73,58.83,58.95,6089
2015-12-30,59.15,59.15,59.065,59.15,737
2015-12-31,59.457,59.7,59.365,59.7,2054
2016-01-04,59.66,60.5,59.66,60.4304,2604
2016-01-05,60.83,61.65,60.83,61.213,10416
2016-01-06,61.1317,61.2,60.804,61.02,6950
2016-01-07,60.3889,60.39,58.84,59.0105,8646
2016-01-08,59.53,59.53,59.0871,59.5,2272
2016-01-11,59.86,59.86,59.32,59.6596,4382
2016-01-12,59.86,60.36,59.6701,59.6701,798
2016-01-13,59.9,59.9,59.4301,59.643299999999996,1297
2016-01-14,59.51,60.0,59.16,59.62,5764
2016-01-15,58.82,59.0668,58.53,59.0,3000
2016-01-19,59.67,59.67,58.75,58.89,3130
2016-01-20,58.98,59.552,58.98,59.22,2414
2016-01-21,60.23,60.445,59.57,59.811,4143
2016-01-22,59.92,60.52,59.68,60.51,4698
2016-01-25,59.6561,60.8575,59.6561,60.8575,580
2016-01-26,60.0,60.169,59.63,59.63,3295
2016-01-27,59.52,59.9999,59.433,59.5186,2006
2016-01-28,58.52,59.08,58.52,58.83,2492
2016-01-29,59.88,60.04,59.88,60.0,704
2016-02-01,59.9,59.9,59.39,59.49,766
2016-02-02,59.49,59.49,59.49,59.49,98
2016-02-03,58.57,58.57,57.25,57.25,6136
2016-02-04,56.08,56.9199,55.7554,55.7554,2981
2016-02-05,56.434,56.5,56.162,56.5,1490
2016-02-08,56.79,56.79,55.9111,56.16,5734
2016-02-09,55.0,55.118,54.55,55.118,1249
2016-02-10,55.85,55.955,55.17,55.17,7138
2016-02-11,54.5601,54.966,54.26,54.47,1112
2016-02-12,55.55,55.9297,55.34,55.34,2276
2016-02-16,56.73,56.91,55.93,56.51,4872
2016-02-17,57.0,57.0,56.45,56.52,3595
2016-02-18,57.8,57.8,57.365,57.365,459
2016-02-19,56.72,56.7964,56.72,56.75,6074
2016-02-22,57.7,58.247,57.53,57.53,5105
2016-02-23,57.67,57.67,57.65,57.65,541
2016-02-24,57.9486,58.07,57.63,57.79,6368
2016-02-25,57.502,57.502,57.502,57.502,642
2016-02-26,58.635,59.34,58.33,58.67,4339
2016-02-29,59.98,59.98,59.2425,59.2425,6965
2016-03-01,59.76,59.899,59.76,59.86,402
2016-03-02,59.67,60.11,59.51,59.64,3124
2016-03-03,58.95,59.19,58.936,58.936,9688
2016-03-04,58.35,58.35,58.23,58.23,501
2016-03-07,57.78,57.78,57.77,57.77,994
2016-03-08,58.0315,58.0315,58.0315,58.0315,260
2016-03-09,58.7399,58.74,57.64,58.0,3976
2016-03-10,57.1,57.1,55.44,56.2149,6347
2016-03-11,56.2507,56.2507,56.2507,56.2507,534
2016-03-14,57.518,57.518,56.69,57.1,13780
2016-03-15,57.0,57.0,56.51,56.68,3410
2016-03-16,55.51,56.23,55.51,56.23,616
2016-03-17,55.41,55.41,54.62,54.65,1806
2016-03-18,54.74,55.3599,54.73,54.9863,2326
2016-03-21,55.04,55.3,55.0,55.3,1625
2016-03-22,55.7,55.97,55.7,55.97,696
2016-03-23,56.14,56.3632,55.91,56.08,7847
2016-03-24,56.05,56.36,55.945,56.25,2929
2016-03-28,56.25,56.25,56.25,56.25,61
2016-03-29,55.79,55.79,55.44,55.44,644
2016-03-30,54.6,54.6,54.24,54.5488,1355
2016-03-31,53.96,54.05,53.88,53.9814,3288
2016-04-01,54.2695,54.2695,53.8,54.03,1775
2016-04-04,53.78,54.01,53.77,53.8,1080
2016-04-05,53.8196,53.8196,53.8196,53.8196,580
2016-04-06,54.0999,54.4,53.655,53.655,20670
2016-04-07,54.1099,54.1099,54.1099,54.1099,362
2016-04-08,54.04,54.04,53.6801,53.84,1155
2016-04-11,53.56,53.975,53.3993,53.72,61003
2016-04-12,53.9,53.9,53.89,53.9,10865
2016-04-13,54.47,55.1599,54.47,54.845,7141
2016-04-14,55.2,55.39,55.1,55.25,2279
2016-04-15,55.15,55.15,54.76,54.83,1747
2016-04-18,54.57,54.865,54.49,54.865,15899
2016-04-19,54.08,54.2,53.93,54.07,7302
2016-04-20,54.13,54.9488,54.13,54.9488,668
2016-04-21,54.99,54.99,54.99,54.99,185
2016-04-22,55.18,55.26,55.18,55.26,1093
2016-04-25,55.21,55.84,54.98,55.14,8455
2016-04-26,55.14,55.14,55.14,55.14,96
2016-04-27,54.515,55.04,54.515,55.04,792
2016-04-28,54.44,54.7,54.44,54.56,936
2016-04-29,53.98,53.98,53.2172,53.3705,2374
2016-05-02,52.99,52.99,52.6,52.7,9358
2016-05-03,52.61,52.73,52.57,52.73,2488
2016-05-04,52.994,52.994,52.994,52.994,411
2016-05-05,52.994,52.994,52.994,52.994,103
2016-05-06,53.71,53.9001,53.5499,53.57,2376
2016-05-09,53.85,54.0,53.8,54.0,1000
2016-05-10,53.9,53.9,53.88,53.88,335
2016-05-11,53.385,53.385,53.385,53.385,260
2016-05-12,53.74,54.02,53.63,53.92,15263
2016-05-13,54.55,54.889,54.55,54.776,2800
2016-05-16,54.5999,54.7401,54.5999,54.7401,651
2016-05-17,54.3661,54.8,54.3661,54.62,850
2016-05-18,55.5,55.5,55.5,55.5,681
2016-05-19,55.73,55.815,55.6652,55.8,13539
2016-05-20,55.39,55.5301,55.39,55.5301,768
2016-05-23,55.81,55.83,55.81,55.83,738
2016-05-24,56.21,56.97,56.21,56.97,2692
2016-05-25,56.53,56.53,56.22,56.24,2180
2016-05-26,56.24,56.24,56.24,56.24,83
2016-05-27,56.54,56.65,56.54,56.65,1239
2016-05-31,56.19,56.5,56.05,56.45,2436
2016-06-01,56.0201,56.41,55.8721,55.8721,11021
2016-06-02,56.0356,56.4001,56.0356,56.2899,2219
2016-06-03,54.74,54.8,54.3101,54.3901,6091
2016-06-06,54.27,54.27,53.99,54.2,15691
2016-06-07,54.1716,54.48,54.1716,54.25,9680
2016-06-08,53.7688,53.7688,53.7688,53.7688,252
2016-06-09,54.45,54.566,54.45,54.4601,1235
2016-06-10,54.75,55.45,54.75,55.27,2246
2016-06-13,55.1,55.1,54.7569,54.7569,570
2016-06-14,54.7569,54.7569,54.7569,54.7569,95
2016-06-15,55.55,55.55,55.39,55.4101,1058
2016-06-16,55.87,56.32,55.87,56.31,13871
2016-06-17,56.31,56.31,56.31,56.31,176
2016-06-20,54.25,55.3,53.95,55.05,26573
2016-06-21,54.81,55.25,54.81,55.14,4126
2016-06-22,54.82,55.275,54.6201,54.65,10179
2016-06-23,53.89,54.81,53.87,53.87,9740
2016-06-24,59.0,59.0,56.287,56.85,9180
2016-06-27,57.96,58.4989,57.23,58.199,27984
2016-06-28,57.039,57.94,57.039,57.4936,2339
2016-06-29,56.91,57.24,56.723,56.988,2040
2016-06-30,56.746,57.5,56.7063,57.5,2507
2016-07-01,56.51,57.1,56.1501,56.38,5556
2016-07-05,56.25,57.33,56.2,57.1397,8927
2016-07-06,57.29,57.5099,56.675,57.03,5409
2016-07-07,56.96,56.96,56.96,56.96,415
2016-07-08,57.6999,57.93,57.45,57.5,1521
2016-07-11,57.5,57.85,57.3301,57.5144,4220
2016-07-12,57.32,57.45,56.8624,57.45,2176
2016-07-13,57.182,57.182,57.182,57.182,171
2016-07-14,56.5201,56.85,56.5201,56.7,773
2016-07-15,56.89,57.3426,56.345,56.345,5797
2016-07-18,57.55,57.6,57.05,57.05,7334
2016-07-19,57.8799,57.8799,54.75,54.75,5100
2016-07-20,54.93,57.8495,54.086,56.9,9037
2016-07-21,57.84,58.0,53.9691,57.6,6848
2016-07-22,58.0,58.3,55.611,55.611,1332
2016-07-25,58.24,58.24,57.95,57.99,1946
2016-07-26,57.93,58.15,57.93,58.08,2067
2016-07-27,58.22,58.5,57.6,57.7,7182
2016-07-28,57.11,57.7,57.08,57.267,3208
2016-07-29,56.16,56.5,56.16,56.5,580
2016-08-01,56.39,56.39,56.0,56.1,16854
2016-08-02,55.6535,55.6535,55.46,55.46,670
2016-08-03,55.46,55.46,55.46,55.46,24
2016-08-04,55.46,55.46,55.46,55.46,191
2016-08-05,55.46,55.46,55.46,55.46,25
2016-08-08,57.08,57.25,57.035,57.07,2292
2016-08-09,56.72,56.85,56.72,56.85,499
2016-08-10,56.1,56.6704,56.1,56.6704,1046
2016-08-11,56.6704,56.6704,56.6704,56.6704,0
2016-08-12,55.94,56.38,55.94,56.24,1771
2016-08-15,56.24,56.24,56.24,56.24,37
2016-08-16,55.524,55.524,55.524,55.524,212
2016-08-17,55.524,55.524,55.524,55.524,100
2016-08-18,55.524,55.524,55.524,55.524,3
2016-08-19,54.5,54.978,54.4501,54.4501,828
2016-08-22,54.674,54.86,54.54,54.58,880
2016-08-23,54.395,54.395,54.395,54.395,301
2016-08-24,54.395,54.395,54.395,54.395,20
2016-08-25,55.053,55.053,55.053,55.053,505
2016-08-26,55.053,55.053,55.053,55.053,5
2016-08-29,55.053,55.053,55.053,55.053,0
2016-08-30,55.053,55.053,55.053,55.053,2
2016-08-31,56.712,56.712,56.712,56.712,200
2016-09-01,56.712,56.712,56.712,56.712,165
2016-09-02,56.712,56.712,56.712,56.712,11
2016-09-06,56.8,56.8,55.19,55.804,17592
2016-09-07,55.804,55.804,55.804,55.804,117
2016-09-08,55.59,55.6045,55.43,55.43,1817
2016-09-09,55.58,55.79,55.51,55.79,542
2016-09-12,55.79,55.79,55.59,55.59,427
2016-09-13,55.495,55.59,55.495,55.59,358
2016-09-14,55.3813,55.55,55.25,55.25,1634
2016-09-15,55.3,55.326,55.3,55.326,16918
2016-09-16,56.1801,56.22,56.03,56.2,2717
2016-09-19,56.2721,56.2721,56.2721,56.2721,282
2016-09-20,56.25,56.3626,56.22,56.3626,910
2016-09-21,56.25,56.29,55.65,55.65,1669
2016-09-22,55.65,55.65,55.65,55.65,0
2016-09-23,55.65,55.65,55.3,55.3,1290
2016-09-26,55.0,55.17,54.98,55.14,2270
2016-09-27,55.48,55.9719,55.48,55.67,606
2016-09-28,55.67,55.67,55.67,55.67,107
2016-09-29,55.67,55.67,55.67,55.67,0
2016-09-30,55.67,55.67,55.67,55.67,96
2016-10-03,56.199,56.199,55.72,55.9938,5249
2016-10-04,56.45,56.58,55.91,56.1546,8826
2016-10-05,56.1989,56.2,55.68,55.68,1144
2016-10-06,56.07,56.494,56.07,56.494,3014
2016-10-07,56.494,56.494,56.494,56.494,25
2016-10-10,56.494,56.494,56.494,56.494,10
2016-10-11,57.4,57.51,57.4,57.51,476
2016-10-12,57.84,57.84,57.76,57.76,384
2016-10-13,57.6178,58.35,57.51,57.5101,18014
2016-10-14,58.04,58.075,58.04,58.045,2724
2016-10-17,58.2,58.2,57.96,57.96,1658
2016-10-18,58.276,58.31,58.09,58.16,8743
2016-10-19,58.44,58.68,58.4,58.48,1667
2016-10-20,58.56,58.99,58.56,58.976,2151
2016-10-21,59.4,59.64,59.38,59.64,7400
2016-10-24,59.8623,59.987,59.41,59.53,3109
2016-10-25,59.86,59.86,59.3,59.4,1155
2016-10-26,58.81,59.11,58.81,59.11,1034
2016-10-27,59.11,59.11,59.11,59.11,297
2016-10-28,58.94,58.94,58.8001,58.8001,569
2016-10-31,58.58,58.73,58.58,58.636,18297
2016-11-01,57.74,57.74,57.74,57.74,132
2016-11-02,57.336,57.336,56.87,57.1483,2854
2016-11-03,57.2,57.2,57.2,57.2,272
2016-11-04,56.72,56.862,56.72,56.862,2305
2016-11-07,57.22,58.29,57.22,57.68,4450
2016-11-08,57.908,58.53,57.77,58.52,5425
2016-11-09,58.38,58.77,58.28,58.77,5779
2016-11-10,59.5,59.5,59.224,59.32,3361
2016-11-11,59.5,60.5,58.79,59.69,9081
2016-11-14,61.2733,61.839,61.0,61.0,1769
2016-11-15,61.0,61.79,61.0,61.35,3172
2016-11-16,62.0,62.0,61.8437,61.8437,1847
2016-11-17,62.24,62.47,61.72,62.46,7877
2016-11-18,63.25,63.4999,62.7,63.49,7854
2016-11-21,62.99,63.1095,62.5,63.05,4682
2016-11-22,63.23,63.6,62.49,62.49,1120
2016-11-23,63.949,63.949,63.29,63.29,6481
2016-11-25,63.235,63.61,63.235,63.3253,3041
2016-11-28,64.0,64.0,63.0493,63.0493,1281
2016-11-29,63.1,63.1,62.14,62.35,28613
2016-11-30,62.7728,63.2989,62.7728,63.2989,2969
2016-12-01,63.7,63.7,62.13,62.39,4468
2016-12-02,62.4001,62.94,62.4,62.5101,6001
2016-12-05,62.01,62.01,60.6301,60.77,12078
2016-12-06,61.344,61.8378,61.344,61.37,557
2016-12-07,61.061,61.1999,60.91,61.0,888
2016-12-08,62.37,62.68,62.248,62.53,5430
2016-12-09,63.31,64.35,63.31,63.43,7071
2016-12-12,62.6138,62.97,62.3,62.3,4306
2016-12-13,62.36,63.3,62.2532,63.3,1195
2016-12-14,63.25,64.1,62.01,64.1,1571
2016-12-15,65.72,65.72,64.65,65.08,7181
2016-12-16,64.64,65.61,64.55,64.55,1264
2016-12-19,64.6904,65.21,64.6904,65.21,682
2016-12-20,65.72,65.7904,65.31,65.32,10274
2016-12-21,65.4,65.515,64.97,65.14,9359
2016-12-22,64.582,65.67,64.582,64.9,1966
2016-12-23,64.65,64.65,64.44,64.63,3353
2016-12-27,64.7,64.7,64.7,64.7,300
2016-12-28,65.0,65.5,63.58,65.5,4803
2016-12-29,64.0,65.0,61.681,65.0,4631
2016-12-30,65.0,65.0,65.0,65.0,6
2017-01-03,64.8,65.66,64.49,64.85,57193
2017-01-04,64.42,65.2447,64.27,64.58,9916
2017-01-05,64.57,64.57,62.68,63.09,7487
2017-01-06,63.74,64.08,63.74,64.08,1175
2017-01-09,63.64,63.85,63.5753,63.85,605
2017-01-10,63.1,63.5,63.1,63.335,1245
2017-01-11,65.3148,65.3148,65.3148,65.3148,140
2017-01-12,62.2,62.5,62.2,62.5,1531
2017-01-13,62.4424,62.4424,62.4424,62.4424,316
2017-01-17,61.403,61.403,61.4008,61.4008,321
2017-01-18,62.0,62.15,61.88,61.98,3040
2017-01-19,63.52,63.53,62.4,62.4,4962
2017-01-20,62.28,62.28,62.174,62.174,578
2017-01-23,61.1001,61.6,61.1001,61.6,1035
2017-01-24,61.06,61.33,60.9,61.31,2538
2017-01-25,61.265,61.3413,61.1747,61.3026,1141
2017-01-26,61.75,61.99,61.56,61.61,1368
2017-01-27,61.9,62.2,61.6,61.67,2655
2017-01-30,62.2222,62.2222,61.734,61.734,601
2017-01-31,61.0,61.0,61.0,61.0,192
2017-02-01,61.0,61.0,61.0,61.0,342
2017-02-02,60.56,62.21,60.5,60.5,1106
2017-02-03,60.5,60.5,60.5,60.5,122
2017-02-06,61.88,61.88,61.88,61.88,100
2017-02-07,61.67,61.67,61.4,61.52,1713
2017-02-08,61.29,61.93,56.39,56.39,2997
2017-02-09,61.0,62.4,59.0,62.24,9234
2017-02-10,62.91,62.93,62.32,62.44,3032
2017-02-13,62.65,63.25,62.65,62.91,2647
2017-02-14,63.4,63.46,63.27,63.27,1770
2017-02-15,63.7,63.7,63.28,63.28,282
2017-02-16,62.21,62.3,62.21,62.3,271
2017-02-17,62.46,62.46,62.37,62.37,345
2017-02-21,62.1,62.31,62.1,62.31,284
2017-02-22,64.0,64.19,63.61,63.68,1046
2017-02-23,63.56,63.56,63.56,63.56,394
2017-02-24,63.3,63.3,63.3,63.3,940
2017-02-27,62.68,63.1,62.68,63.1,859
2017-02-28,62.88,62.88,62.71,62.71,220
2017-03-01,64.01,64.01,63.43,63.69,1214
2017-03-02,64.13,64.22,64.13,64.22,1533
2017-03-03,63.8,63.8,63.8,63.8,300
2017-03-06,63.3,63.55,63.06,63.19,1800
2017-03-07,63.2,63.4,63.2,63.4,420
2017-03-08,63.47,63.61,63.47,63.61,842
2017-03-09,61.73,63.5,61.73,62.25,1563
2017-03-10,62.0,62.7,61.6,61.6,1021
2017-03-13,58.2,62.0,58.2,61.52,8343
2017-03-14,62.45,62.74,62.44,62.74,3064
2017-03-15,63.0,63.0,62.75,62.75,411
2017-03-16,61.66,61.66,61.36,61.55,2766
2017-03-17,61.22,61.39,61.22,61.39,629
2017-03-20,61.26,61.33,61.08,61.33,523
2017-03-21,60.59,60.92,60.5,60.57,3386
2017-03-22,60.79,60.79,60.61,60.61,320
2017-03-23,60.61,60.61,60.61,60.61,66
2017-03-24,60.75,60.75,60.75,60.75,381
2017-03-27,59.51,60.01,59.46,59.91,4477
2017-03-28,59.85,59.85,59.85,59.85,369
2017-03-29,61.29,61.34,61.09,61.09,1143
2017-03-30,61.34,61.84,61.34,61.84,972
2017-03-31,62.01,62.31,61.97,62.31,703
2017-04-03,62.21,62.5,62.21,62.44,1485
2017-04-04,62.28,62.28,62.28,62.28,100
2017-04-05,62.04,62.27,60.75,61.9,1546
2017-04-06,62.5,62.5,62.5,62.5,118
2017-04-07,62.62,63.25,62.62,63.11,3431
2017-04-10,62.99,63.29,62.99,63.2,416
2017-04-11,62.97,63.1,62.97,63.08,1300
2017-04-12,62.84,63.12,62.83,63.12,2043
2017-04-13,63.12,63.12,63.12,63.12,40
2017-04-17,62.44,62.51,62.28,62.36,660
2017-04-18,62.36,62.36,62.36,62.36,0
2017-04-19,62.36,62.36,62.36,62.36,0
2017-04-20,61.1,61.61,61.07,61.61,10607
2017-04-21,62.06,62.34,61.89,61.89,840
2017-04-24,60.2,60.62,60.2,60.39,1231
2017-04-25,60.0,60.0,58.96,59.09,1316
2017-04-26,59.56,59.79,59.56,59.79,974
2017-04-27,59.79,59.79,59.79,59.79,182
2017-04-28,59.79,59.79,59.79,59.79,0
2017-05-01,59.52,59.52,59.31,59.31,378
2017-05-02,59.66,59.66,59.66,59.66,148
2017-05-03,59.66,59.66,59.66,59.66,70
2017-05-04,59.66,59.66,59.66,59.66,165
2017-05-05,58.79,59.02,58.79,59.02,397
2017-05-08,59.66,59.66,59.66,59.66,263
2017-05-09,59.75,59.75,56.14,59.73,2474
2017-05-10,60.1,60.1,59.93,59.93,2206
2017-05-11,60.02,60.02,59.98,59.98,1372
2017-05-12,59.58,59.58,59.56,59.56,450
2017-05-15,58.72,58.85,58.72,58.79,1233
2017-05-16,57.93,58.13,55.71,55.71,5956
2017-05-17,57.25,57.25,47.09,47.09,1428
2017-05-18,57.25,57.25,57.25,57.25,1967
2017-05-19,56.75,56.75,56.75,56.75,563
2017-05-22,55.79,56.03,55.78,56.03,855
2017-05-23,54.41,55.92,53.03,55.92,4546
2017-05-24,56.59,56.59,56.23,56.32,666
2017-05-25,56.36,56.36,56.12,56.18,921
2017-05-26,56.18,56.18,56.18,56.18,90
2017-05-30,53.87,56.43,53.87,56.43,10302
2017-05-31,56.35,56.35,55.95,56.09,759
2017-06-01,56.16,56.22,56.16,56.22,300
2017-06-02,56.22,56.22,56.22,56.22,25
2017-06-05,55.67,56.18,54.0,54.0,494
2017-06-06,54.0,54.0,54.0,54.0,0
2017-06-07,55.98,56.15,55.85,56.0,1064
2017-06-08,56.0,56.0,56.0,56.0,0
2017-06-09,56.65,56.65,56.49,56.49,578
2017-06-12,56.3,56.42,56.3,56.42,1721
2017-06-13,56.28,56.51,56.28,56.5,646
2017-06-14,56.03,56.03,55.66,55.9,1415
2017-06-15,56.7,57.0,55.82,57.0,2216
2017-06-16,56.42,56.83,56.42,56.78,1196
2017-06-19,56.85,56.85,56.85,56.85,336
2017-06-20,56.85,56.85,56.85,56.85,26
2017-06-21,57.18,57.46,57.18,57.46,759
2017-06-22,56.86,57.13,54.21,56.94,607
2017-06-23,56.38,56.42,56.38,56.42,1574
2017-06-26,56.42,56.42,56.42,56.42,38
2017-06-27,56.42,56.42,56.42,56.42,50
2017-06-28,56.42,56.42,56.42,56.42,68
2017-06-29,54.48,54.48,54.0,54.15,5650
2017-06-30,54.15,54.15,54.15,54.15,0
2017-07-03,54.15,54.15,54.15,54.15,0
2017-07-05,55.21,55.21,55.21,55.21,125
2017-07-07,55.21,55.21,55.21,55.21,12
2017-07-10,54.6,54.6,53.85,54.12,700
2017-07-11,54.12,54.12,54.12,54.12,26
2017-07-12,54.13,54.18,54.13,54.13,530
2017-07-13,54.13,54.13,54.13,54.13,99
2017-07-14,53.84,54.12,53.84,53.86,470
2017-07-17,54.02,54.02,53.84,53.84,1129
2017-07-18,53.12,53.12,52.9343,52.9343,910
2017-07-19,52.93,52.93,52.93,52.93,37
2017-07-20,51.92,52.27,49.29,49.29,1111
2017-07-21,49.29,49.29,49.29,49.29,325
2017-07-24,50.0,50.0,50.0,50.0,375
2017-07-25,51.99,52.08,50.1,52.04,3768
2017-07-26,52.24,52.24,51.01,52.15,721
2017-07-27,52.03,52.03,52.03,52.03,195
2017-07-28,51.18,51.19,50.24,50.96,3245
2017-07-31,50.63,50.63,50.63,50.63,120
2017-08-01,50.34,50.5,50.34,50.5,600
2017-08-02,50.19,50.19,50.19,50.19,775
2017-08-03,50.19,50.19,50.19,50.19,0
2017-08-04,48.57,51.86,48.57,50.76,3553
2017-08-07,50.76,50.76,50.76,50.76,21
2017-08-08,50.76,50.76,50.76,50.76,0
2017-08-09,50.76,50.76,50.76,50.76,71
2017-08-10,51.75,51.75,49.34,49.34,600
2017-08-11,50.5,51.48,50.5,51.46,880
2017-08-14,50.0,50.72,48.85,48.85,778
2017-08-15,51.68,51.68,51.68,51.68,200
2017-08-16,51.68,51.68,51.68,51.68,106
2017-08-17,51.47,51.47,51.47,51.47,101
2017-08-18,51.43,51.43,51.08,51.08,301
2017-08-21,51.15,51.15,51.15,51.15,201
2017-08-22,51.65,51.65,51.06,51.06,674
2017-08-23,51.06,51.06,51.06,51.06,0
2017-08-24,51.12,51.12,50.94,50.94,348
2017-08-25,50.78,50.78,50.78,50.78,130
2017-08-28,50.7,50.7,49.34,49.34,742
2017-08-29,49.1386,49.1386,48.8,48.8,1550
2017-08-30,50.37,50.37,50.33,50.33,700
2017-08-31,50.21,50.25,50.21,50.25,3000
2017-09-01,50.24,50.28,50.2,50.24,900
2017-09-05,50.0,50.0,50.0,50.0,100
2017-09-06,50.0,50.0,50.0,50.0,1
2017-09-07,49.0,49.0,49.0,49.0,540
2017-09-08,48.95,48.95,48.95,48.95,100
2017-09-11,48.7,49.68,48.7,49.68,545
2017-09-12,49.7,49.7,49.7,49.7,100
2017-09-13,49.82,50.29,49.75,50.0,7756
2017-09-14,50.0,50.14,50.0,50.14,675
2017-09-15,50.135,50.135,50.135,50.135,157
2017-09-18,50.14,50.14,50.14,50.14,0
2017-09-19,48.9,48.9,48.32,48.32,1380
2017-09-20,48.66,49.95,48.33,49.85,2500
2017-09-21,48.32,50.17,48.32,50.17,327
2017-09-22,48.82,49.86,48.82,49.86,3077
2017-09-25,50.17,50.17,50.15,50.16,1210
2017-09-26,50.16,50.16,50.16,50.16,300
2017-09-27,50.16,50.16,50.16,50.16,200
2017-09-28,50.16,50.16,50.16,50.16,0
2017-09-29,49.54,50.85,48.41,50.59,8908
